global_step,event,episode_return,episode_length,alpha,hover_reward_value,replay_size,critic_loss,actor_loss,logp
177,episode_end,150.82817719848464,177,0.010000000000000005,200.0,,,,
257,episode_end,-50.00038964784569,80,0.010000000000000005,200.0,,,,
352,episode_end,-136.1615563943635,95,0.010000000000000005,200.0,,,,
493,episode_end,-189.20877564296717,141,0.010000000000000005,200.0,,,,
579,episode_end,-315.36977122634664,86,0.010000000000000005,200.0,,,,
696,episode_end,-331.4889061836175,117,0.010000000000000005,200.0,,,,
813,episode_end,-119.60413159154945,117,0.010000000000000005,200.0,,,,
955,episode_end,-226.1765363335376,142,0.010000000000000005,200.0,,,,
1000,train_step,,,0.010000000000000005,200.0,1000,,,
1043,episode_end,-380.75647670372484,88,0.010000000000000005,200.0,,,,
1232,episode_end,-147.39421555195702,189,0.010000000000000005,200.0,,,,
1300,episode_end,-186.9987060876075,68,0.010000000000000005,200.0,,,,
1423,episode_end,-97.27378967780459,123,0.010000000000000005,200.0,,,,
1510,episode_end,-433.18053848497823,87,0.010000000000000005,200.0,,,,
1618,episode_end,-471.9284550677826,108,0.010000000000000005,200.0,,,,
1721,episode_end,-244.48209913744125,103,0.010000000000000005,200.0,,,,
1829,episode_end,-397.42675761896703,108,0.010000000000000005,200.0,,,,
1904,episode_end,-87.93580513483562,75,0.010000000000000005,200.0,,,,
2000,train_step,,,0.010000000000000005,200.0,2000,,,
2027,episode_end,-435.4570832970201,123,0.010000000000000005,200.0,,,,
2146,episode_end,-107.02935952337288,119,0.010000000000000005,200.0,,,,
2259,episode_end,-211.33844007729024,113,0.010000000000000005,200.0,,,,
2353,episode_end,-222.51402540423402,94,0.010000000000000005,200.0,,,,
2435,episode_end,-550.577070082499,82,0.010000000000000005,200.0,,,,
2526,episode_end,-319.5207613878159,91,0.010000000000000005,200.0,,,,
2700,episode_end,-242.19094288147997,174,0.010000000000000005,200.0,,,,
2787,episode_end,110.22618522484075,87,0.010000000000000005,200.0,,,,
2949,episode_end,-280.62212108977144,162,0.010000000000000005,200.0,,,,
3000,train_step,,,0.010000000000000005,200.0,3000,,,
3027,episode_end,-173.2120906349924,78,0.010000000000000005,200.0,,,,
3117,episode_end,-308.00332981836647,90,0.010000000000000005,200.0,,,,
3306,episode_end,106.13884111069021,189,0.010000000000000005,200.0,,,,
3393,episode_end,-214.7002169753859,87,0.010000000000000005,200.0,,,,
3554,episode_end,-350.7129919856129,161,0.010000000000000005,200.0,,,,
3657,episode_end,-422.1669386498283,103,0.010000000000000005,200.0,,,,
3775,episode_end,-405.0896277478315,118,0.010000000000000005,200.0,,,,
3875,episode_end,-255.94365353333586,100,0.010000000000000005,200.0,,,,
3980,episode_end,-116.86089932200349,105,0.010000000000000005,200.0,,,,
4000,train_step,,,0.010000000000000005,200.0,4000,,,
4120,episode_end,-167.05791642474833,140,0.010000000000000005,200.0,,,,
4246,episode_end,-505.7718188445703,126,0.010000000000000005,200.0,,,,
4356,episode_end,-298.6856343343028,110,0.010000000000000005,200.0,,,,
4446,episode_end,-312.9888742289771,90,0.010000000000000005,200.0,,,,
4559,episode_end,-229.826708859,113,0.010000000000000005,200.0,,,,
4757,episode_end,-106.60536029937879,198,0.010000000000000005,200.0,,,,
4896,episode_end,-58.970854465706054,139,0.010000000000000005,200.0,,,,
4974,episode_end,-77.17640134824485,78,0.010000000000000005,200.0,,,,
5000,train_step,,,0.010000000000000005,200.0,5000,,,
5056,episode_end,-218.47710223807638,82,0.010000000000000005,200.0,,,,
5132,episode_end,-179.2273232427946,76,0.010000000000000005,200.0,,,,
5257,episode_end,-163.8739977701469,125,0.010000000000000005,200.0,,,,
5421,episode_end,-110.21182771528939,164,0.010000000000000005,200.0,,,,
5533,episode_end,-256.5919037278446,112,0.010000000000000005,200.0,,,,
5624,episode_end,-333.33914894815337,91,0.010000000000000005,200.0,,,,
5710,episode_end,173.58255423495865,86,0.010000000000000005,200.0,,,,
5804,episode_end,-263.24539981920077,94,0.010000000000000005,200.0,,,,
5890,episode_end,-139.25233175645548,86,0.010000000000000005,200.0,,,,
5972,episode_end,-331.9750849650736,82,0.010000000000000005,200.0,,,,
6000,train_step,,,0.010000000000000005,200.0,6000,,,
6114,episode_end,-315.30699241404443,142,0.010000000000000005,200.0,,,,
6231,episode_end,-177.5117095871022,117,0.010000000000000005,200.0,,,,
6399,episode_end,-403.4756015615515,168,0.010000000000000005,200.0,,,,
6475,episode_end,-23.255321232935913,76,0.010000000000000005,200.0,,,,
6583,episode_end,-286.9698355855259,108,0.010000000000000005,200.0,,,,
6762,episode_end,-345.8396531013335,179,0.010000000000000005,200.0,,,,
6841,episode_end,-73.02085947432633,79,0.010000000000000005,200.0,,,,
6929,episode_end,-168.9289771651916,88,0.010000000000000005,200.0,,,,
7000,train_step,,,0.010000000000000005,200.0,7000,,,
7019,episode_end,-315.94203813550814,90,0.010000000000000005,200.0,,,,
7104,episode_end,-319.18175028156656,85,0.010000000000000005,200.0,,,,
7217,episode_end,-177.90097200147005,113,0.010000000000000005,200.0,,,,
7360,episode_end,-202.85282324347645,143,0.010000000000000005,200.0,,,,
7534,episode_end,-166.21225480718073,174,0.010000000000000005,200.0,,,,
7647,episode_end,9.945441822700516,113,0.010000000000000005,200.0,,,,
7750,episode_end,-250.67905275241176,103,0.010000000000000005,200.0,,,,
7872,episode_end,-169.35099845320366,122,0.010000000000000005,200.0,,,,
7953,episode_end,-242.84967604284773,81,0.010000000000000005,200.0,,,,
8000,train_step,,,0.010000000000000005,200.0,8000,,,
8071,episode_end,-264.0583986720004,118,0.010000000000000005,200.0,,,,
8181,episode_end,-254.2380035483928,110,0.010000000000000005,200.0,,,,
8361,episode_end,-63.96112626850061,180,0.010000000000000005,200.0,,,,
8465,episode_end,-409.5418351135526,104,0.010000000000000005,200.0,,,,
8539,episode_end,51.226809303341014,74,0.010000000000000005,200.0,,,,
8648,episode_end,-259.71782729695116,109,0.010000000000000005,200.0,,,,
8759,episode_end,-364.5587605984821,111,0.010000000000000005,200.0,,,,
8850,episode_end,-74.68815974936996,91,0.010000000000000005,200.0,,,,
8932,episode_end,-110.75577652797413,82,0.010000000000000005,200.0,,,,
9000,train_step,,,0.010000000000000005,200.0,9000,,,
9019,episode_end,-204.44308758896287,87,0.010000000000000005,200.0,,,,
9150,episode_end,-55.91103784449827,131,0.010000000000000005,200.0,,,,
9269,episode_end,-175.48949256948606,119,0.010000000000000005,200.0,,,,
9375,episode_end,-227.78966441484135,106,0.010000000000000005,200.0,,,,
9501,episode_end,-246.09360499467192,126,0.010000000000000005,200.0,,,,
9624,episode_end,-412.4456995613631,123,0.010000000000000005,200.0,,,,
9699,episode_end,-244.07294922380942,75,0.010000000000000005,200.0,,,,
9792,episode_end,112.95450018047146,93,0.010000000000000005,200.0,,,,
9954,episode_end,-186.87701789796122,162,0.010000000000000005,200.0,,,,
10000,train_step,,,0.010000000000000005,200.0,10000,97.11192321777344,0.09838534146547318,-1.3589913845062256
10090,episode_end,-268.2522347518527,136,0.010000000000000005,200.0,,,,
10159,episode_end,-135.20999739014664,69,0.010000000000000005,200.0,,,,
10222,episode_end,-120.23698557277407,63,0.010000000000000005,200.0,,,,
10291,episode_end,-89.01758950547898,69,0.010000000000000005,200.0,,,,
10396,episode_end,-225.5174734360984,105,0.010000000000000005,200.0,,,,
10491,episode_end,-95.77095755209865,95,0.010000000000000005,200.0,,,,
10632,episode_end,-162.9534403596956,141,0.010000000000000005,200.0,,,,
10771,episode_end,-67.38373332952403,139,0.010000000000000005,200.0,,,,
11000,train_step,,,0.010000000000000005,200.0,11000,110.73821258544922,4.240835189819336,4.325314521789551
11279,episode_end,-320.9982779603368,508,0.010000000000000005,200.0,,,,
11565,episode_end,13.889037252668757,286,0.010000000000000005,200.0,,,,
11999,episode_end,67.1904005973708,434,0.010000000000000005,200.0,,,,
12000,train_step,,,0.010000000000000005,200.0,12000,58.73469161987305,2.813096284866333,7.048215866088867
12227,episode_end,108.93222110256667,228,0.010000000000000005,200.0,,,,
12655,episode_end,-146.76904752634698,428,0.010000000000000005,200.0,,,,
13000,train_step,,,0.010000000000000005,200.0,13000,55.129188537597656,1.364846110343933,7.251046180725098
13380,episode_end,5.2832168706901115,725,0.010000000000000005,200.0,,,,
13596,episode_end,-31.97827026126977,216,0.010000000000000005,200.0,,,,
13757,episode_end,-36.10670584601189,161,0.010000000000000005,200.0,,,,
13926,episode_end,9.839449935127035,169,0.010000000000000005,200.0,,,,
14000,train_step,,,0.010000000000000005,200.0,14000,18.529664993286133,-4.263254165649414,6.616508960723877
14170,episode_end,187.62155340061094,244,0.010000000000000005,200.0,,,,
14469,episode_end,142.36336989163848,299,0.010000000000000005,200.0,,,,
14806,episode_end,147.55198045975624,337,0.010000000000000005,200.0,,,,
15000,train_step,,,0.010000000000000005,200.0,15000,155.68310546875,-3.4832847118377686,7.525228023529053
15185,episode_end,142.44709957788368,379,0.010000000000000005,200.0,,,,
15343,episode_end,13.855019114094773,158,0.010000000000000005,200.0,,,,
15474,episode_end,16.781563626402843,131,0.010000000000000005,200.0,,,,
15855,episode_end,207.75157740617635,381,0.010000000000000005,200.0,,,,
16000,train_step,,,0.010000000000000005,200.0,16000,17.06396484375,-11.56232738494873,5.729480743408203
16196,episode_end,176.5947902002198,341,0.010000000000000005,200.0,,,,
16698,episode_end,157.27341622766966,502,0.010000000000000005,200.0,,,,
16855,episode_end,162.25769602903114,157,0.010000000000000005,200.0,,,,
17000,train_step,,,0.010000000000000005,200.0,17000,43.39501953125,-13.660178184509277,5.825216293334961
17027,episode_end,269.34308507141657,172,0.010000000000000005,200.0,,,,
17193,episode_end,182.3176191489531,166,0.010000000000000005,200.0,,,,
17369,episode_end,-54.07183529090195,176,0.010000000000000005,200.0,,,,
17779,episode_end,-563.278241050571,410,0.010000000000000005,200.0,,,,
18000,train_step,,,0.010000000000000005,200.0,18000,32.527381896972656,-14.897928237915039,5.78004264831543
18171,episode_end,-280.7825453066435,392,0.010000000000000005,200.0,,,,
18260,episode_end,-271.7840667443588,89,0.010000000000000005,200.0,,,,
18374,episode_end,-281.99315836583685,114,0.010000000000000005,200.0,,,,
18455,episode_end,74.65136247841886,81,0.010000000000000005,200.0,,,,
18522,episode_end,-119.35059019606771,67,0.010000000000000005,200.0,,,,
18600,episode_end,133.17986003478387,78,0.010000000000000005,200.0,,,,
18666,episode_end,-176.6232338806692,66,0.010000000000000005,200.0,,,,
18740,episode_end,126.67385320174347,74,0.010000000000000005,200.0,,,,
18808,episode_end,-206.83972592161223,68,0.010000000000000005,200.0,,,,
19000,train_step,,,0.010000000000000005,200.0,19000,32.80418395996094,-14.840261459350586,5.97813606262207
19093,episode_end,-208.9801401317182,285,0.010000000000000005,200.0,,,,
19182,episode_end,-180.29453939104883,89,0.010000000000000005,200.0,,,,
19449,episode_end,-223.12952860583812,267,0.010000000000000005,200.0,,,,
19545,episode_end,-61.27492818699944,96,0.010000000000000005,200.0,,,,
19614,episode_end,-109.92191053413733,69,0.010000000000000005,200.0,,,,
19960,episode_end,-71.36360698865417,346,0.010000000000000005,200.0,,,,
20000,train_step,,,0.010000000000000005,200.0,20000,14.73259162902832,-23.126014709472656,6.410051345825195
20204,episode_end,-163.3322043260238,244,0.010000000000000005,200.0,,,,
20462,episode_end,-105.06000217181847,258,0.010000000000000005,200.0,,,,
20683,episode_end,-204.6843619719075,221,0.010000000000000005,200.0,,,,
20821,episode_end,195.8498775618807,138,0.010000000000000005,200.0,,,,
20948,episode_end,5.246352907266939,127,0.010000000000000005,200.0,,,,
21000,train_step,,,0.010000000000000005,200.0,21000,618.505615234375,-28.857402801513672,5.775728225708008
21164,episode_end,-126.83463607098683,216,0.010000000000000005,200.0,,,,
21282,episode_end,1.131407790794654,118,0.010000000000000005,200.0,,,,
21755,episode_end,-93.05089358632769,473,0.010000000000000005,200.0,,,,
21843,episode_end,48.02210075376138,88,0.010000000000000005,200.0,,,,
22000,train_step,,,0.010000000000000005,200.0,22000,331.5050354003906,-25.27679443359375,6.124171733856201
22137,episode_end,-176.00899184888925,294,0.010000000000000005,200.0,,,,
22333,episode_end,-41.631404700366076,196,0.010000000000000005,200.0,,,,
23000,train_step,,,0.010000000000000005,200.0,23000,22.334367752075195,-30.215736389160156,6.072532653808594
23115,episode_end,-43.910329022706556,782,0.010000000000000005,200.0,,,,
23243,episode_end,213.17517181095735,128,0.010000000000000005,200.0,,,,
23340,episode_end,193.37760242427998,97,0.010000000000000005,200.0,,,,
23417,episode_end,214.56422193326398,77,0.010000000000000005,200.0,,,,
23549,episode_end,9.59724057108707,132,0.010000000000000005,200.0,,,,
23666,episode_end,7.707397361358275,117,0.010000000000000005,200.0,,,,
23775,episode_end,22.78409856256002,109,0.010000000000000005,200.0,,,,
23888,episode_end,37.216294749897884,113,0.010000000000000005,200.0,,,,
24000,train_step,,,0.010000000000000005,200.0,24000,53.1773567199707,-37.240135192871094,6.624000549316406
24044,episode_end,-2.3874998504912526,156,0.010000000000000005,200.0,,,,
24149,episode_end,46.098641174136674,105,0.010000000000000005,200.0,,,,
24278,episode_end,25.01057096726339,129,0.010000000000000005,200.0,,,,
24577,episode_end,-28.353708009327363,299,0.010000000000000005,200.0,,,,
24999,episode_end,195.07574564352797,422,0.010000000000000005,200.0,,,,
25000,train_step,,,0.010000000000000005,200.0,25000,49.96968078613281,-37.68223190307617,6.143497467041016
25165,episode_end,-53.12484176847518,166,0.010000000000000005,200.0,,,,
25374,episode_end,-51.27124845098459,209,0.010000000000000005,200.0,,,,
25448,episode_end,171.07242218691215,74,0.010000000000000005,200.0,,,,
25588,episode_end,-13.068318887353243,140,0.010000000000000005,200.0,,,,
25857,episode_end,-90.77020640583095,269,0.010000000000000005,200.0,,,,
25975,episode_end,155.50735582478265,118,0.010000000000000005,200.0,,,,
26000,train_step,,,0.010000000000000005,200.0,26000,62.11223602294922,-41.79278564453125,6.0061140060424805
26282,episode_end,-46.1230039671988,307,0.010000000000000005,200.0,,,,
26708,episode_end,-57.480384514090424,426,0.010000000000000005,200.0,,,,
26868,episode_end,-24.499062067076935,160,0.010000000000000005,200.0,,,,
27000,train_step,,,0.010000000000000005,200.0,27000,888.3692626953125,-48.66319274902344,6.219226837158203
27183,episode_end,-88.6280672862812,315,0.010000000000000005,200.0,,,,
27290,episode_end,142.78502223249038,107,0.010000000000000005,200.0,,,,
27590,episode_end,192.00570418616917,300,0.010000000000000005,200.0,,,,
27720,episode_end,22.504192097025907,130,0.010000000000000005,200.0,,,,
27846,episode_end,-31.202793544272993,126,0.010000000000000005,200.0,,,,
27968,episode_end,-0.10263226972811879,122,0.010000000000000005,200.0,,,,
28000,train_step,,,0.010000000000000005,200.0,28000,349.8594055175781,-54.942543029785156,6.288559913635254
28085,episode_end,-16.767036369386147,117,0.010000000000000005,200.0,,,,
28174,episode_end,192.70088647035038,89,0.010000000000000005,200.0,,,,
28311,episode_end,-25.939681814938055,137,0.010000000000000005,200.0,,,,
28474,episode_end,-17.47084866857594,163,0.010000000000000005,200.0,,,,
28747,episode_end,223.54954787772976,273,0.010000000000000005,200.0,,,,
29000,train_step,,,0.010000000000000005,200.0,29000,131.40093994140625,-55.900508880615234,6.373627662658691
29010,episode_end,242.680271737615,263,0.010000000000000005,200.0,,,,
29237,episode_end,45.2289887245137,227,0.010000000000000005,200.0,,,,
29351,episode_end,-14.075978746962534,114,0.010000000000000005,200.0,,,,
29585,episode_end,-41.74342157369584,234,0.010000000000000005,200.0,,,,
30000,train_step,,,0.010000000000000005,200.0,30000,59.05742645263672,-63.68455505371094,5.949601650238037
30179,episode_end,-42.96828337334565,594,0.010000000000000005,200.0,,,,
30456,episode_end,-15.728834692842838,277,0.010000000000000005,200.0,,,,
30837,episode_end,-146.07779404380798,381,0.010000000000000005,200.0,,,,
30970,episode_end,-24.201739212081407,133,0.010000000000000005,200.0,,,,
31000,train_step,,,0.010000000000000005,200.0,31000,318.4183349609375,-57.90199279785156,6.358623504638672
31208,episode_end,-24.89789851479098,238,0.010000000000000005,200.0,,,,
32000,train_step,,,0.010000000000000005,200.0,32000,13.126116752624512,-53.64753723144531,5.837851524353027
32137,episode_end,122.0835118238203,929,0.010000000000000005,200.0,,,,
32498,episode_end,220.56100442207142,361,0.010000000000000005,200.0,,,,
33000,train_step,,,0.010000000000000005,200.0,33000,46.1522102355957,-51.582069396972656,6.235410690307617
33498,episode_end,-28.807954057449233,1000,0.010000000000000005,200.0,,,,
34000,train_step,,,0.010000000000000005,200.0,34000,24.173198699951172,-44.86083221435547,6.15118408203125
34498,episode_end,142.19570876677366,1000,0.010000000000000005,200.0,,,,
35000,train_step,,,0.010000000000000005,200.0,35000,67.16082763671875,-58.075904846191406,6.798468589782715
35498,episode_end,-43.47788598730963,1000,0.010000000000000005,200.0,,,,
36000,train_step,,,0.010000000000000005,200.0,36000,21.83489990234375,-58.763511657714844,6.595147609710693
36498,episode_end,135.2764545648998,1000,0.010000000000000005,200.0,,,,
37000,train_step,,,0.010000000000000005,200.0,37000,19.40694808959961,-67.16753387451172,5.634294033050537
37498,episode_end,-78.74574656771546,1000,0.010000000000000005,200.0,,,,
38000,train_step,,,0.010000000000000005,200.0,38000,27.338735580444336,-61.596153259277344,6.221474647521973
38498,episode_end,160.25044212206637,1000,0.010000000000000005,200.0,,,,
39000,train_step,,,0.010000000000000005,200.0,39000,18.075984954833984,-68.89332580566406,6.015345573425293
39498,episode_end,151.75725427864467,1000,0.010000000000000005,200.0,,,,
40000,train_step,,,0.010000000000000005,200.0,40000,303.7637023925781,-53.17919921875,6.011914253234863
40498,episode_end,-14.664954157356433,1000,0.010000000000000005,200.0,,,,
41000,train_step,,,0.010000000000000005,200.0,41000,27.920181274414062,-57.34607696533203,6.524152755737305
41498,episode_end,-51.047939461356165,1000,0.010000000000000005,200.0,,,,
42000,train_step,,,0.010000000000000005,200.0,42000,265.8165588378906,-52.30678176879883,6.202955722808838
42498,episode_end,128.23746741475318,1000,0.010000000000000005,200.0,,,,
42687,episode_end,-66.57128029675255,189,0.010000000000000005,200.0,,,,
43000,train_step,,,0.010000000000000005,200.0,43000,50.05481719970703,-57.13489532470703,6.667250633239746
43687,episode_end,86.16094601034256,1000,0.010000000000000005,200.0,,,,
44000,train_step,,,0.010000000000000005,200.0,44000,15.19814682006836,-56.62400817871094,6.5016584396362305
44687,episode_end,-76.71304290139688,1000,0.010000000000000005,200.0,,,,
45000,train_step,,,0.010000000000000005,200.0,45000,29.87906837463379,-49.418296813964844,6.011204719543457
45687,episode_end,112.87533749761894,1000,0.010000000000000005,200.0,,,,
46000,train_step,,,0.010000000000000005,200.0,46000,38.087886810302734,-59.1322135925293,5.76560115814209
46687,episode_end,-46.036426293096184,1000,0.010000000000000005,200.0,,,,
47000,train_step,,,0.010000000000000005,200.0,47000,219.50424194335938,-60.056339263916016,6.237212181091309
47687,episode_end,-68.35525012754609,1000,0.010000000000000005,200.0,,,,
48000,train_step,,,0.010000000000000005,200.0,48000,53.568180084228516,-61.98023986816406,6.387118339538574
48687,episode_end,-89.98281334840755,1000,0.010000000000000005,200.0,,,,
48893,episode_end,-62.3272088451706,206,0.010000000000000005,200.0,,,,
49000,train_step,,,0.010000000000000005,200.0,49000,278.22686767578125,-59.03730773925781,5.724948883056641
49893,episode_end,-110.79970466197935,1000,0.010000000000000005,200.0,,,,
49965,episode_end,255.5945454816399,72,0.010000000000000005,200.0,,,,
50000,train_step,,,0.010000000000000005,200.0,50000,14.377420425415039,-62.59757995605469,5.663797378540039
50965,episode_end,102.42940133403593,1000,0.010000000000000005,200.0,,,,
51000,train_step,,,0.010000000000000005,200.0,51000,240.16229248046875,-63.13203430175781,6.274420738220215
51965,episode_end,-64.96489527100852,1000,0.010000000000000005,200.0,,,,
52000,train_step,,,0.010000000000000005,200.0,52000,39.29747772216797,-56.320552825927734,5.819194793701172
52965,episode_end,27.853263575846444,1000,0.010000000000000005,200.0,,,,
53000,train_step,,,0.010000000000000005,200.0,53000,37.556583404541016,-55.890403747558594,6.364139556884766
53219,episode_end,-132.48879848443914,254,0.010000000000000005,200.0,,,,
54000,train_step,,,0.010000000000000005,200.0,54000,229.0030975341797,-60.78759002685547,6.146772861480713
54219,episode_end,90.2834198957742,1000,0.010000000000000005,200.0,,,,
54293,episode_end,173.97541493813281,74,0.010000000000000005,200.0,,,,
54538,episode_end,-111.35610140434335,245,0.010000000000000005,200.0,,,,
54946,episode_end,153.83137909782045,408,0.010000000000000005,200.0,,,,
55000,train_step,,,0.010000000000000005,200.0,55000,14.372232437133789,-53.071205139160156,6.691071510314941
55946,episode_end,-75.86040495586698,1000,0.010000000000000005,200.0,,,,
56000,train_step,,,0.010000000000000005,200.0,56000,66.43855285644531,-62.88003921508789,6.405604362487793
56257,episode_end,410.07535497521656,311,0.010000000000000005,200.0,,,,
56591,episode_end,362.7310919390553,334,0.010000000000000005,200.0,,,,
56799,episode_end,179.12779573096316,208,0.010000000000000005,200.0,,,,
57000,train_step,,,0.010000000000000005,200.0,57000,347.0192565917969,-52.91120147705078,6.744559288024902
57241,episode_end,176.8700689962112,442,0.010000000000000005,200.0,,,,
57418,episode_end,175.6153612051212,177,0.010000000000000005,200.0,,,,
57593,episode_end,-3.294432700255925,175,0.010000000000000005,200.0,,,,
58000,train_step,,,0.010000000000000005,200.0,58000,543.5533447265625,-59.369930267333984,6.700857162475586
58144,episode_end,146.07602145366175,551,0.010000000000000005,200.0,,,,
58238,episode_end,210.37300671256673,94,0.010000000000000005,200.0,,,,
58877,episode_end,126.82659107323764,639,0.010000000000000005,200.0,,,,
59000,train_step,,,0.010000000000000005,200.0,59000,251.23574829101562,-69.03231811523438,6.817136764526367
59355,episode_end,332.5566196410912,478,0.010000000000000005,200.0,,,,
59801,episode_end,59.493570366909495,446,0.010000000000000005,200.0,,,,
60000,train_step,,,0.010000000000000005,200.0,60000,46.756038665771484,-67.1943588256836,6.417496681213379
60547,episode_end,-109.91959769928012,746,0.010000000000000005,200.0,,,,
60837,episode_end,65.19644441054623,290,0.010000000000000005,200.0,,,,
60942,episode_end,219.48898431389603,105,0.010000000000000005,200.0,,,,
61000,train_step,,,0.010000000000000005,200.0,61000,56.788700103759766,-75.10628509521484,6.918370246887207
61349,episode_end,-114.3545304310455,407,0.010000000000000005,200.0,,,,
61684,episode_end,360.5496631342677,335,0.010000000000000005,200.0,,,,
61947,episode_end,150.26042754421894,263,0.010000000000000005,200.0,,,,
62000,train_step,,,0.010000000000000005,200.0,62000,37.75128936767578,-53.20269775390625,6.706749439239502
62367,episode_end,26.391680982442864,420,0.010000000000000005,200.0,,,,
62638,episode_end,141.03866603953276,271,0.010000000000000005,200.0,,,,
63000,train_step,,,0.010000000000000005,200.0,63000,490.83868408203125,-62.035221099853516,6.1151628494262695
63104,episode_end,115.52265586646067,466,0.010000000000000005,200.0,,,,
63378,episode_end,167.88805831138166,274,0.010000000000000005,200.0,,,,
64000,train_step,,,0.010000000000000005,200.0,64000,24.725997924804688,-69.58522033691406,7.286199569702148
64376,episode_end,30.929478542966052,998,0.010000000000000005,200.0,,,,
64487,episode_end,200.0506761814881,111,0.010000000000000005,200.0,,,,
64699,episode_end,139.42357500092209,212,0.010000000000000005,200.0,,,,
65000,train_step,,,0.010000000000000005,200.0,65000,20.98345947265625,-54.24981689453125,6.823227882385254
65200,episode_end,354.4880347998948,501,0.010000000000000005,200.0,,,,
65548,episode_end,131.10779649946184,348,0.010000000000000005,200.0,,,,
65735,episode_end,187.74015406931852,187,0.010000000000000005,200.0,,,,
65992,episode_end,84.4494360809901,257,0.010000000000000005,200.0,,,,
66000,train_step,,,0.010000000000000005,200.0,66000,313.901123046875,-59.52790069580078,6.7482452392578125
66305,episode_end,392.46926234986347,313,0.010000000000000005,200.0,,,,
66408,episode_end,208.872731136796,103,0.010000000000000005,200.0,,,,
66530,episode_end,192.86022015146102,122,0.010000000000000005,200.0,,,,
67000,train_step,,,0.010000000000000005,200.0,67000,18.696218490600586,-68.40608215332031,7.152621746063232
67530,episode_end,14.072691521783911,1000,0.010000000000000005,200.0,,,,
67907,episode_end,-17.154356478293835,377,0.010000000000000005,200.0,,,,
68000,train_step,,,0.010000000000000005,200.0,68000,52.42387771606445,-67.23530578613281,7.049994945526123
68907,episode_end,93.57749410017271,1000,0.010000000000000005,200.0,,,,
69000,train_step,,,0.010000000000000005,200.0,69000,64.02058410644531,-68.47123718261719,6.573381423950195
69907,episode_end,192.55308189178453,1000,0.010000000000000005,200.0,,,,
70000,train_step,,,0.010000000000000005,200.0,70000,345.70660400390625,-65.35590362548828,6.686501979827881
70433,episode_end,5.918511278868081,526,0.010000000000000005,200.0,,,,
70851,episode_end,52.6641827121787,418,0.010000000000000005,200.0,,,,
71000,train_step,,,0.010000000000000005,200.0,71000,704.5552368164062,-61.65656661987305,6.033700942993164
71139,episode_end,20.256236344726915,288,0.010000000000000005,200.0,,,,
72000,train_step,,,0.010000000000000005,200.0,72000,45.80483627319336,-74.26249694824219,6.241196155548096
72139,episode_end,119.61017659657769,1000,0.010000000000000005,200.0,,,,
72923,episode_end,153.188106722736,784,0.010000000000000005,200.0,,,,
73000,train_step,,,0.010000000000000005,200.0,73000,57.340553283691406,-61.28325653076172,6.432514190673828
73633,episode_end,-218.74409221219952,710,0.010000000000000005,200.0,,,,
74000,train_step,,,0.010000000000000005,200.0,74000,47.12420654296875,-72.90255737304688,6.362696647644043
74633,episode_end,71.15795811512719,1000,0.010000000000000005,200.0,,,,
75000,train_step,,,0.010000000000000005,200.0,75000,27.384490966796875,-69.0806655883789,6.516626358032227
75633,episode_end,148.43032546752755,1000,0.010000000000000005,200.0,,,,
75954,episode_end,107.23920543554846,321,0.010000000000000005,200.0,,,,
76000,train_step,,,0.010000000000000005,200.0,76000,40.85244369506836,-74.44706726074219,6.3029093742370605
76954,episode_end,111.88579922124362,1000,0.010000000000000005,200.0,,,,
77000,train_step,,,0.010000000000000005,200.0,77000,31.549575805664062,-70.13479614257812,6.323663711547852
77041,episode_end,218.72886696539956,87,0.010000000000000005,200.0,,,,
77310,episode_end,35.930298817274235,269,0.010000000000000005,200.0,,,,
77658,episode_end,350.6675151432531,348,0.010000000000000005,200.0,,,,
78000,train_step,,,0.010000000000000005,200.0,78000,30.495925903320312,-68.28076934814453,6.2183356285095215
78658,episode_end,102.85770886904082,1000,0.010000000000000005,200.0,,,,
78853,episode_end,178.8857044289457,195,0.010000000000000005,200.0,,,,
79000,train_step,,,0.010000000000000005,200.0,79000,20.205917358398438,-64.57000732421875,5.977831840515137
79146,episode_end,74.15365842884603,293,0.010000000000000005,200.0,,,,
79298,episode_end,263.85382171260653,152,0.010000000000000005,200.0,,,,
80000,train_step,,,0.010000000000000005,200.0,80000,29.984355926513672,-72.87908172607422,6.192901611328125
80298,episode_end,88.03822718536115,1000,0.010000000000000005,200.0,,,,
80424,episode_end,221.29600052069839,126,0.010000000000000005,200.0,,,,
81000,train_step,,,0.010000000000000005,200.0,81000,307.50787353515625,-80.57658386230469,6.230891704559326
81424,episode_end,150.15219440842716,1000,0.010000000000000005,200.0,,,,
81624,episode_end,241.93169652983448,200,0.010000000000000005,200.0,,,,
82000,train_step,,,0.010000000000000005,200.0,82000,308.1292724609375,-71.32203674316406,6.3029632568359375
82624,episode_end,125.06713915652956,1000,0.010000000000000005,200.0,,,,
83000,train_step,,,0.010000000000000005,200.0,83000,16.479171752929688,-66.90585327148438,5.897265434265137
83624,episode_end,114.49435660428415,1000,0.010000000000000005,200.0,,,,
83726,episode_end,207.3163579848665,102,0.010000000000000005,200.0,,,,
84000,train_step,,,0.010000000000000005,200.0,84000,74.11660766601562,-68.92398071289062,5.985145568847656
84726,episode_end,164.1645855580055,1000,0.010000000000000005,200.0,,,,
84822,episode_end,242.548473793744,96,0.010000000000000005,200.0,,,,
84959,episode_end,121.32551691061275,137,0.010000000000000005,200.0,,,,
85000,train_step,,,0.010000000000000005,200.0,85000,454.64813232421875,-65.96961975097656,6.283251762390137
85959,episode_end,-87.33677172622376,1000,0.010000000000000005,200.0,,,,
86000,train_step,,,0.010000000000000005,200.0,86000,35.893211364746094,-75.36756134033203,6.373995304107666
86298,episode_end,371.9354603596576,339,0.010000000000000005,200.0,,,,
86429,episode_end,169.71280709286708,131,0.010000000000000005,200.0,,,,
86576,episode_end,-223.502501761083,147,0.010000000000000005,200.0,,,,
86669,episode_end,150.26865988485918,93,0.010000000000000005,200.0,,,,
87000,train_step,,,0.010000000000000005,200.0,87000,75.43318176269531,-58.43793487548828,6.321746826171875
87225,episode_end,81.62621700795557,556,0.010000000000000005,200.0,,,,
87356,episode_end,164.04878261260257,131,0.010000000000000005,200.0,,,,
87488,episode_end,113.11751807997845,132,0.010000000000000005,200.0,,,,
87648,episode_end,213.37318137827214,160,0.010000000000000005,200.0,,,,
87772,episode_end,56.959315236113184,124,0.010000000000000005,200.0,,,,
87909,episode_end,188.52468158788622,137,0.010000000000000005,200.0,,,,
88000,train_step,,,0.010000000000000005,200.0,88000,252.79013061523438,-67.73245239257812,5.885226249694824
88909,episode_end,121.15136614097555,1000,0.010000000000000005,200.0,,,,
89000,train_step,,,0.010000000000000005,200.0,89000,28.512710571289062,-65.26683044433594,5.869687080383301
89046,episode_end,77.5812970770975,137,0.010000000000000005,200.0,,,,
89237,episode_end,14.808198406214544,191,0.010000000000000005,200.0,,,,
89364,episode_end,66.30993161793756,127,0.010000000000000005,200.0,,,,
89492,episode_end,43.00927477463404,128,0.010000000000000005,200.0,,,,
90000,train_step,,,0.010000000000000005,200.0,90000,182.32717895507812,-65.47721862792969,6.145270347595215
90492,episode_end,148.38881128728684,1000,0.010000000000000005,200.0,,,,
90808,episode_end,76.8352766755851,316,0.010000000000000005,200.0,,,,
91000,train_step,,,0.010000000000000005,200.0,91000,21.90884780883789,-66.09388732910156,6.137128829956055
91808,episode_end,102.96753917285567,1000,0.010000000000000005,200.0,,,,
92000,train_step,,,0.010000000000000005,200.0,92000,43.29035949707031,-61.394676208496094,6.201298713684082
92808,episode_end,193.48946840971902,1000,0.010000000000000005,200.0,,,,
92978,episode_end,229.85477919349034,170,0.010000000000000005,200.0,,,,
93000,train_step,,,0.010000000000000005,200.0,93000,41.75486755371094,-68.32572937011719,6.614177703857422
93978,episode_end,184.89235412984874,1000,0.010000000000000005,200.0,,,,
94000,train_step,,,0.010000000000000005,200.0,94000,340.303955078125,-73.3731460571289,6.050037384033203
94099,episode_end,66.74575397027621,121,0.010000000000000005,200.0,,,,
95000,train_step,,,0.010000000000000005,200.0,95000,65.00984954833984,-65.0114974975586,5.6198320388793945
95099,episode_end,130.27012973573983,1000,0.010000000000000005,200.0,,,,
96000,train_step,,,0.010000000000000005,200.0,96000,20.11918067932129,-62.11231231689453,6.118104934692383
96099,episode_end,182.29668829163313,1000,0.010000000000000005,200.0,,,,
97000,train_step,,,0.010000000000000005,200.0,97000,16.094097137451172,-64.81090545654297,5.725216865539551
97099,episode_end,191.360496894793,1000,0.010000000000000005,200.0,,,,
98000,train_step,,,0.010000000000000005,200.0,98000,12.674457550048828,-60.326881408691406,6.030780792236328
98099,episode_end,136.9706834670136,1000,0.010000000000000005,200.0,,,,
99000,train_step,,,0.010000000000000005,200.0,99000,94.06365203857422,-58.99038314819336,6.168844223022461
99099,episode_end,164.40354392942288,1000,0.010000000000000005,200.0,,,,
100000,train_step,,,0.010000000000000005,200.0,100000,31.563175201416016,-64.75932312011719,6.385627269744873
100099,episode_end,199.3600210599307,1000,0.010000000000000005,200.0,,,,
101000,train_step,,,0.010000000000000005,200.0,100000,45.65420150756836,-55.36036682128906,5.855289459228516
101099,episode_end,-37.396736095613825,1000,0.010000000000000005,200.0,,,,
102000,train_step,,,0.010000000000000005,200.0,100000,54.18857955932617,-57.54027557373047,5.907546043395996
102099,episode_end,121.86425693855955,1000,0.010000000000000005,200.0,,,,
103000,train_step,,,0.010000000000000005,200.0,100000,224.88760375976562,-62.00556945800781,5.856492042541504
103099,episode_end,174.3259105824607,1000,0.010000000000000005,200.0,,,,
104000,train_step,,,0.010000000000000005,200.0,100000,248.45339965820312,-63.2003288269043,5.578727722167969
104099,episode_end,184.6033384724237,1000,0.010000000000000005,200.0,,,,
105000,train_step,,,0.010000000000000005,200.0,100000,35.91773986816406,-64.48530578613281,6.013996601104736
105099,episode_end,122.31158406592671,1000,0.010000000000000005,200.0,,,,
106000,train_step,,,0.010000000000000005,200.0,100000,210.11019897460938,-64.15330505371094,5.916388034820557
106099,episode_end,196.43706957403893,1000,0.010000000000000005,200.0,,,,
107000,train_step,,,0.010000000000000005,200.0,100000,28.618892669677734,-55.194271087646484,5.636248588562012
107099,episode_end,133.8925786886742,1000,0.010000000000000005,200.0,,,,
108000,train_step,,,0.010000000000000005,200.0,100000,28.423398971557617,-60.14027404785156,5.094466686248779
108099,episode_end,111.31023813270488,1000,0.010000000000000005,200.0,,,,
109000,train_step,,,0.010000000000000005,200.0,100000,36.37575149536133,-61.77824401855469,5.431605339050293
109099,episode_end,170.76689057180627,1000,0.010000000000000005,200.0,,,,
110000,train_step,,,0.010000000000000005,200.0,100000,18.306140899658203,-57.990657806396484,4.999539852142334
110099,episode_end,161.53608373839182,1000,0.010000000000000005,200.0,,,,
111000,train_step,,,0.010000000000000005,200.0,100000,45.83530807495117,-65.26864624023438,5.653295516967773
111099,episode_end,92.84848639721473,1000,0.010000000000000005,200.0,,,,
112000,train_step,,,0.010000000000000005,200.0,100000,23.8657169342041,-61.324684143066406,5.205811023712158
112099,episode_end,212.52159209292654,1000,0.010000000000000005,200.0,,,,
113000,train_step,,,0.010000000000000005,200.0,100000,52.467376708984375,-59.40202331542969,5.069141387939453
113099,episode_end,153.04181561942144,1000,0.010000000000000005,200.0,,,,
114000,train_step,,,0.010000000000000005,200.0,100000,37.607826232910156,-57.55208969116211,5.446849822998047
114099,episode_end,146.36308568720807,1000,0.010000000000000005,200.0,,,,
115000,train_step,,,0.010000000000000005,200.0,100000,21.4591064453125,-65.3990249633789,4.7915873527526855
115099,episode_end,118.67472847033241,1000,0.010000000000000005,200.0,,,,
116000,train_step,,,0.010000000000000005,200.0,100000,30.82602882385254,-54.947166442871094,5.286463737487793
116099,episode_end,136.1139651998886,1000,0.010000000000000005,200.0,,,,
117000,train_step,,,0.010000000000000005,200.0,100000,44.996925354003906,-61.556888580322266,5.3744964599609375
117099,episode_end,109.42060701818744,1000,0.010000000000000005,200.0,,,,
118000,train_step,,,0.010000000000000005,200.0,100000,25.468379974365234,-56.63679885864258,5.3391618728637695
118099,episode_end,178.4136608562613,1000,0.010000000000000005,200.0,,,,
119000,train_step,,,0.010000000000000005,200.0,100000,42.49944305419922,-50.70203399658203,5.40782356262207
119099,episode_end,157.43618455210614,1000,0.010000000000000005,200.0,,,,
120000,train_step,,,0.010000000000000005,200.0,100000,14.281058311462402,-58.90458679199219,5.174274921417236
120099,episode_end,51.46876367913433,1000,0.010000000000000005,200.0,,,,
121000,train_step,,,0.010000000000000005,200.0,100000,183.01361083984375,-62.667476654052734,5.531368732452393
121099,episode_end,87.21345538959194,1000,0.010000000000000005,200.0,,,,
122000,train_step,,,0.010000000000000005,200.0,100000,12.41186809539795,-52.17401885986328,5.39601993560791
122010,episode_end,359.63594825881466,911,0.010000000000000005,200.0,,,,
123000,train_step,,,0.010000000000000005,200.0,100000,54.91040802001953,-60.001365661621094,5.252423286437988
123010,episode_end,97.64212850760644,1000,0.010000000000000005,200.0,,,,
124000,train_step,,,0.010000000000000005,200.0,100000,19.39645767211914,-63.62964630126953,5.333359718322754
124010,episode_end,111.9424984444826,1000,0.010000000000000005,200.0,,,,
125000,train_step,,,0.010000000000000005,200.0,100000,11.959227561950684,-54.46503448486328,5.680452346801758
125010,episode_end,86.29487430623513,1000,0.010000000000000005,200.0,,,,
126000,train_step,,,0.010000000000000005,200.0,100000,18.323116302490234,-58.291893005371094,5.18214225769043
126010,episode_end,83.84200163415957,1000,0.010000000000000005,200.0,,,,
127000,train_step,,,0.010000000000000005,200.0,100000,16.522216796875,-56.41364288330078,5.409521102905273
127010,episode_end,93.84437108972529,1000,0.010000000000000005,200.0,,,,
128000,train_step,,,0.010000000000000005,200.0,100000,33.870323181152344,-60.22746658325195,5.874763488769531
128010,episode_end,236.0475782823144,1000,0.010000000000000005,200.0,,,,
129000,train_step,,,0.010000000000000005,200.0,100000,16.445587158203125,-56.110313415527344,5.977560043334961
129010,episode_end,86.90557205461384,1000,0.010000000000000005,200.0,,,,
130000,train_step,,,0.010000000000000005,200.0,100000,32.05224609375,-55.1295280456543,5.436227798461914
130010,episode_end,48.200548623371475,1000,0.010000000000000005,200.0,,,,
131000,train_step,,,0.010000000000000005,200.0,100000,336.641357421875,-59.10624313354492,5.788743019104004
131010,episode_end,227.39482994665184,1000,0.010000000000000005,200.0,,,,
131454,episode_end,106.90791071449038,444,0.010000000000000005,200.0,,,,
132000,train_step,,,0.010000000000000005,200.0,100000,102.31536102294922,-55.37725830078125,5.79563045501709
132454,episode_end,231.4564027966992,1000,0.010000000000000005,200.0,,,,
133000,train_step,,,0.010000000000000005,200.0,100000,14.883538246154785,-56.14430236816406,5.7570037841796875
133454,episode_end,109.8209255048075,1000,0.010000000000000005,200.0,,,,
134000,train_step,,,0.010000000000000005,200.0,100000,13.284003257751465,-55.34318923950195,5.952017784118652
134454,episode_end,200.1139551660073,1000,0.010000000000000005,200.0,,,,
135000,train_step,,,0.010000000000000005,200.0,100000,16.658700942993164,-55.406227111816406,6.27236270904541
135454,episode_end,205.75034506191017,1000,0.010000000000000005,200.0,,,,
136000,train_step,,,0.010000000000000005,200.0,100000,28.449970245361328,-58.87635803222656,5.606585502624512
136454,episode_end,110.02819608615195,1000,0.010000000000000005,200.0,,,,
136646,episode_end,436.7360778908163,192,0.010000000000000005,200.0,,,,
137000,train_step,,,0.010000000000000005,200.0,100000,26.145755767822266,-60.564815521240234,5.8062744140625
137646,episode_end,234.03725199874245,1000,0.010000000000000005,200.0,,,,
138000,train_step,,,0.010000000000000005,200.0,100000,45.79554748535156,-56.88497543334961,5.782148361206055
138646,episode_end,277.17538831872207,1000,0.010000000000000005,200.0,,,,
139000,train_step,,,0.010000000000000005,200.0,100000,14.981925964355469,-55.3343391418457,5.91282844543457
139279,episode_end,336.904947093646,633,0.010000000000000005,200.0,,,,
139404,episode_end,188.1107094150978,125,0.010000000000000005,200.0,,,,
140000,train_step,,,0.010000000000000005,200.0,100000,248.13983154296875,-46.34668731689453,5.345330238342285
140404,episode_end,169.46348038393978,1000,0.010000000000000005,200.0,,,,
140531,episode_end,225.56951254921324,127,0.010000000000000005,200.0,,,,
141000,train_step,,,0.010000000000000005,200.0,100000,125.88693237304688,-60.69117736816406,5.242691993713379
141531,episode_end,183.3856613143257,1000,0.010000000000000005,200.0,,,,
141657,episode_end,194.56097604459677,126,0.010000000000000005,200.0,,,,
142000,train_step,,,0.010000000000000005,200.0,100000,88.79000854492188,-53.040401458740234,4.985563278198242
142657,episode_end,254.1861793947561,1000,0.010000000000000005,200.0,,,,
143000,train_step,,,0.010000000000000005,200.0,100000,120.12439727783203,-58.333831787109375,5.110113143920898
143657,episode_end,271.839212922086,1000,0.010000000000000005,200.0,,,,
144000,train_step,,,0.010000000000000005,200.0,100000,22.287578582763672,-45.04290008544922,4.704581260681152
144657,episode_end,292.8949364351738,1000,0.010000000000000005,200.0,,,,
145000,train_step,,,0.010000000000000005,200.0,100000,22.251602172851562,-53.984981536865234,5.03035831451416
145657,episode_end,241.58162458831782,1000,0.010000000000000005,200.0,,,,
146000,train_step,,,0.010000000000000005,200.0,100000,33.559844970703125,-42.522789001464844,5.00193977355957
146113,episode_end,1.7120995422704368,456,0.010000000000000005,200.0,,,,
146753,episode_end,363.62232683489003,640,0.010000000000000005,200.0,,,,
146878,episode_end,103.7032057466966,125,0.010000000000000005,200.0,,,,
147000,train_step,,,0.010000000000000005,200.0,100000,28.060874938964844,-47.78633117675781,4.797386646270752
147878,episode_end,220.7830413780509,1000,0.010000000000000005,200.0,,,,
148000,train_step,,,0.010000000000000005,200.0,100000,142.49502563476562,-49.263885498046875,4.900626182556152
148878,episode_end,-14.276953808131873,1000,0.010000000000000005,200.0,,,,
149000,train_step,,,0.010000000000000005,200.0,100000,9.743200302124023,-45.598506927490234,4.868566513061523
149878,episode_end,165.25799767688508,1000,0.010000000000000005,200.0,,,,
150000,train_step,,,0.010000000000000005,200.0,100000,333.84912109375,-48.984764099121094,4.486264228820801
150878,episode_end,58.45912343956527,1000,0.010000000000000005,200.0,,,,
150965,episode_end,189.6167833796211,87,0.010000000000000005,200.0,,,,
151000,train_step,,,0.010000000000000005,200.0,100000,164.32916259765625,-56.32451629638672,4.878979682922363
151965,episode_end,186.90950570604485,1000,0.010000000000000005,200.0,,,,
152000,train_step,,,0.010000000000000005,200.0,100000,217.00772094726562,-53.45710754394531,4.877206802368164
152339,episode_end,136.1285671496928,374,0.010000000000000005,200.0,,,,
152865,episode_end,406.40133141641763,526,0.010000000000000005,200.0,,,,
153000,train_step,,,0.010000000000000005,200.0,100000,42.192138671875,-49.784568786621094,4.7880330085754395
153481,episode_end,65.8544394751568,616,0.010000000000000005,200.0,,,,
153879,episode_end,-24.21346257652887,398,0.010000000000000005,200.0,,,,
154000,train_step,,,0.010000000000000005,200.0,100000,16.366165161132812,-45.531890869140625,4.878037452697754
154114,episode_end,119.85111332104674,235,0.010000000000000005,200.0,,,,
154378,episode_end,424.2334476555659,264,0.010000000000000005,200.0,,,,
154824,episode_end,81.91847065483628,446,0.010000000000000005,200.0,,,,
155000,train_step,,,0.010000000000000005,200.0,100000,12.74293041229248,-44.3774528503418,4.98337459564209
155824,episode_end,163.5684584652764,1000,0.010000000000000005,200.0,,,,
156000,train_step,,,0.010000000000000005,200.0,100000,315.71978759765625,-46.98305130004883,4.997706890106201
156824,episode_end,112.85476707480069,1000,0.010000000000000005,200.0,,,,
157000,train_step,,,0.010000000000000005,200.0,100000,79.56401062011719,-44.98921203613281,5.128202438354492
157824,episode_end,142.74738678274102,1000,0.010000000000000005,200.0,,,,
158000,train_step,,,0.010000000000000005,200.0,100000,333.197509765625,-47.431373596191406,4.831137657165527
158590,episode_end,35.72140671080149,766,0.010000000000000005,200.0,,,,
158675,episode_end,198.56499556820893,85,0.010000000000000005,200.0,,,,
159000,train_step,,,0.010000000000000005,200.0,100000,13.764135360717773,-43.837799072265625,4.649264812469482
159422,episode_end,390.63781515167057,747,0.010000000000000005,200.0,,,,
160000,train_step,,,0.010000000000000005,200.0,100000,17.45074462890625,-50.426063537597656,4.643030166625977
160422,episode_end,167.27084972024483,1000,0.010000000000000005,200.0,,,,
161000,train_step,,,0.010000000000000005,200.0,100000,59.490116119384766,-49.45537567138672,5.1175642013549805
161010,episode_end,107.54214891737186,588,0.010000000000000005,200.0,,,,
162000,train_step,,,0.010000000000000005,200.0,100000,13.163639068603516,-54.706451416015625,5.070493221282959
162010,episode_end,92.00595244549811,1000,0.010000000000000005,200.0,,,,
162837,episode_end,17.43231816827185,827,0.010000000000000005,200.0,,,,
163000,train_step,,,0.010000000000000005,200.0,100000,166.35183715820312,-52.723628997802734,4.769497871398926
163837,episode_end,257.32902147097747,1000,0.010000000000000005,200.0,,,,
164000,train_step,,,0.010000000000000005,200.0,100000,144.29103088378906,-47.45903015136719,5.095253944396973
164009,episode_end,105.95577250350425,172,0.010000000000000005,200.0,,,,
164440,episode_end,344.5671892249713,431,0.010000000000000005,200.0,,,,
164865,episode_end,413.1738727263957,425,0.010000000000000005,200.0,,,,
165000,train_step,,,0.010000000000000005,200.0,100000,120.46524047851562,-39.070369720458984,4.756275653839111
165139,episode_end,419.03505379782314,274,0.010000000000000005,200.0,,,,
166000,train_step,,,0.010000000000000005,200.0,100000,76.51625061035156,-46.34722137451172,4.812864780426025
166139,episode_end,209.04930270642612,1000,0.010000000000000005,200.0,,,,
167000,train_step,,,0.010000000000000005,200.0,100000,316.1669921875,-42.50695037841797,4.809917449951172
167139,episode_end,255.5668056319025,1000,0.010000000000000005,200.0,,,,
167293,episode_end,-75.1487539948672,154,0.010000000000000005,200.0,,,,
167893,episode_end,-146.44336603941548,600,0.010000000000000005,200.0,,,,
168000,train_step,,,0.010000000000000005,200.0,100000,98.406982421875,-51.099143981933594,4.774415969848633
168893,episode_end,228.7278545980618,1000,0.010000000000000005,200.0,,,,
169000,train_step,,,0.010000000000000005,200.0,100000,32.10064697265625,-40.56681442260742,4.823512554168701
169893,episode_end,203.09941464025178,1000,0.010000000000000005,200.0,,,,
170000,train_step,,,0.010000000000000005,200.0,100000,35.089786529541016,-46.885101318359375,4.68898344039917
170099,episode_end,181.89444385505362,206,0.010000000000000005,200.0,,,,
171000,train_step,,,0.010000000000000005,200.0,100000,190.68603515625,-43.86909866333008,4.758423805236816
171099,episode_end,215.4591129634722,1000,0.010000000000000005,200.0,,,,
171254,episode_end,195.46986392375516,155,0.010000000000000005,200.0,,,,
172000,train_step,,,0.010000000000000005,200.0,100000,122.2039794921875,-47.86928176879883,4.815980911254883
172254,episode_end,140.57382485273357,1000,0.010000000000000005,200.0,,,,
173000,train_step,,,0.010000000000000005,200.0,100000,30.855344772338867,-55.21046447753906,5.087296485900879
173254,episode_end,71.4022087182025,1000,0.010000000000000005,200.0,,,,
173511,episode_end,217.72781374402848,257,0.010000000000000005,200.0,,,,
173663,episode_end,256.126150560392,152,0.010000000000000005,200.0,,,,
174000,train_step,,,0.010000000000000005,200.0,100000,14.524357795715332,-49.7445068359375,4.947173595428467
174644,episode_end,-9.783594894892047,981,0.010000000000000005,200.0,,,,
175000,train_step,,,0.010000000000000005,200.0,100000,177.86798095703125,-49.597618103027344,4.591888904571533
175614,episode_end,-105.3305262540122,970,0.010000000000000005,200.0,,,,
176000,train_step,,,0.010000000000000005,200.0,100000,27.345844268798828,-52.0344123840332,4.761835098266602
176470,episode_end,-40.84104114206601,856,0.010000000000000005,200.0,,,,
177000,train_step,,,0.010000000000000005,200.0,100000,15.272868156433105,-55.140254974365234,4.929286956787109
177470,episode_end,144.79878967257088,1000,0.010000000000000005,200.0,,,,
177553,episode_end,250.84284381757664,83,0.010000000000000005,200.0,,,,
177900,episode_end,70.02759550821492,347,0.010000000000000005,200.0,,,,
178000,train_step,,,0.010000000000000005,200.0,100000,35.416351318359375,-49.140113830566406,5.025235176086426
178900,episode_end,135.3992112238453,1000,0.010000000000000005,200.0,,,,
179000,train_step,,,0.010000000000000005,200.0,100000,16.0314998626709,-57.21737289428711,5.066952705383301
179290,episode_end,54.381517256035465,390,0.010000000000000005,200.0,,,,
180000,train_step,,,0.010000000000000005,200.0,100000,116.55200958251953,-45.179107666015625,4.917369842529297
180290,episode_end,31.019640898559178,1000,0.010000000000000005,200.0,,,,
181000,train_step,,,0.010000000000000005,200.0,100000,111.47370910644531,-54.357391357421875,4.884929656982422
181290,episode_end,135.79923114180855,1000,0.010000000000000005,200.0,,,,
182000,train_step,,,0.010000000000000005,200.0,100000,17.62179946899414,-58.84214782714844,5.235353946685791
182290,episode_end,169.99583346228752,1000,0.010000000000000005,200.0,,,,
183000,train_step,,,0.010000000000000005,200.0,100000,15.687711715698242,-50.32317352294922,4.989927291870117
183290,episode_end,135.80467694238084,1000,0.010000000000000005,200.0,,,,
184000,train_step,,,0.010000000000000005,200.0,100000,18.958309173583984,-55.0911865234375,5.040225028991699
184290,episode_end,82.91300797436622,1000,0.010000000000000005,200.0,,,,
184368,episode_end,215.8056985562356,78,0.010000000000000005,200.0,,,,
184507,episode_end,188.36518517248953,139,0.010000000000000005,200.0,,,,
185000,train_step,,,0.010000000000000005,200.0,100000,37.91130065917969,-50.3374137878418,4.948816299438477
185507,episode_end,149.92013622222396,1000,0.010000000000000005,200.0,,,,
185668,episode_end,160.07280964811173,161,0.010000000000000005,200.0,,,,
186000,train_step,,,0.010000000000000005,200.0,100000,130.2902374267578,-45.94839096069336,4.906026363372803
186668,episode_end,130.5334226704653,1000,0.010000000000000005,200.0,,,,
186848,episode_end,160.38343853010446,180,0.010000000000000005,200.0,,,,
187000,train_step,,,0.010000000000000005,200.0,100000,15.42633056640625,-57.717002868652344,4.7149457931518555
187399,episode_end,154.7175039513186,551,0.010000000000000005,200.0,,,,
187566,episode_end,169.95074184182937,167,0.010000000000000005,200.0,,,,
187980,episode_end,8.052859719865012,414,0.010000000000000005,200.0,,,,
188000,train_step,,,0.010000000000000005,200.0,100000,36.037532806396484,-52.35157012939453,5.077239990234375
188442,episode_end,334.07470904619834,462,0.010000000000000005,200.0,,,,
189000,train_step,,,0.010000000000000005,200.0,100000,25.269149780273438,-47.050350189208984,4.711755752563477
189442,episode_end,176.0725040250317,1000,0.010000000000000005,200.0,,,,
190000,train_step,,,0.010000000000000005,200.0,100000,14.960140228271484,-52.81340789794922,4.9660725593566895
190331,episode_end,-24.476781092182947,889,0.010000000000000005,200.0,,,,
191000,train_step,,,0.010000000000000005,200.0,100000,14.25789737701416,-44.802032470703125,4.734313011169434
191331,episode_end,164.5443982711145,1000,0.010000000000000005,200.0,,,,
192000,train_step,,,0.010000000000000005,200.0,100000,11.913986206054688,-48.52146911621094,5.1177778244018555
192331,episode_end,163.62482210006536,1000,0.010000000000000005,200.0,,,,
193000,train_step,,,0.010000000000000005,200.0,100000,22.278034210205078,-49.22985076904297,4.760824203491211
193331,episode_end,138.29065976629212,1000,0.010000000000000005,200.0,,,,
194000,train_step,,,0.010000000000000005,200.0,100000,137.17381286621094,-49.944183349609375,4.569519996643066
194331,episode_end,123.05008445859832,1000,0.010000000000000005,200.0,,,,
195000,train_step,,,0.010000000000000005,200.0,100000,15.18380355834961,-53.435569763183594,4.7039384841918945
195331,episode_end,99.58825866974315,1000,0.010000000000000005,200.0,,,,
196000,train_step,,,0.010000000000000005,200.0,100000,101.91938018798828,-45.36446762084961,4.616105556488037
196331,episode_end,82.41078281003894,1000,0.010000000000000005,200.0,,,,
197000,train_step,,,0.010000000000000005,200.0,100000,17.235326766967773,-49.606475830078125,5.133088111877441
197331,episode_end,138.3990726659393,1000,0.010000000000000005,200.0,,,,
198000,train_step,,,0.010000000000000005,200.0,100000,10.412915229797363,-58.26062774658203,4.834388732910156
198331,episode_end,154.047753500379,1000,0.010000000000000005,200.0,,,,
199000,train_step,,,0.010000000000000005,200.0,100000,13.888296127319336,-55.463863372802734,4.815004825592041
199331,episode_end,162.91951368318513,1000,0.010000000000000005,200.0,,,,
200000,train_step,,,0.010000000000000005,200.0,100000,19.43704605102539,-58.15293884277344,5.0563788414001465
200331,episode_end,151.8168433366212,1000,0.010000000000000005,200.0,,,,
201000,train_step,,,0.010000000000000005,200.0,100000,174.26205444335938,-56.4959716796875,5.119793891906738
201331,episode_end,108.93904653098689,1000,0.010000000000000005,200.0,,,,
201484,episode_end,19.489789613074535,153,0.010000000000000005,200.0,,,,
202000,train_step,,,0.010000000000000005,200.0,100000,123.25310516357422,-62.708683013916016,4.830033302307129
202484,episode_end,150.22171549337892,1000,0.010000000000000005,200.0,,,,
202613,episode_end,144.74920774346924,129,0.010000000000000005,200.0,,,,
203000,train_step,,,0.010000000000000005,200.0,100000,8.617112159729004,-53.55180358886719,5.162907600402832
203613,episode_end,161.38381466527943,1000,0.010000000000000005,200.0,,,,
204000,train_step,,,0.010000000000000005,200.0,100000,95.62071228027344,-58.467655181884766,5.209896564483643
204613,episode_end,165.73159825977518,1000,0.010000000000000005,200.0,,,,
205000,train_step,,,0.010000000000000005,200.0,100000,340.4189758300781,-59.440086364746094,5.188300132751465
205613,episode_end,210.61195928786418,1000,0.010000000000000005,200.0,,,,
206000,train_step,,,0.010000000000000005,200.0,100000,137.09555053710938,-54.842002868652344,4.875392913818359
206613,episode_end,237.57492071610648,1000,0.010000000000000005,200.0,,,,
207000,train_step,,,0.010000000000000005,200.0,100000,16.312477111816406,-63.11320114135742,5.147238731384277
207098,episode_end,399.37486962443444,485,0.010000000000000005,200.0,,,,
207228,episode_end,-211.51123834641123,130,0.010000000000000005,200.0,,,,
208000,train_step,,,0.010000000000000005,200.0,100000,12.033368110656738,-51.08168029785156,4.693580627441406
208228,episode_end,106.1140171298623,1000,0.010000000000000005,200.0,,,,
208605,episode_end,85.40852532657598,377,0.010000000000000005,200.0,,,,
209000,train_step,,,0.010000000000000005,200.0,100000,26.34573745727539,-57.77820587158203,5.071638107299805
209605,episode_end,182.336321779473,1000,0.010000000000000005,200.0,,,,
210000,train_step,,,0.010000000000000005,200.0,100000,10.194141387939453,-53.05008316040039,4.849077224731445
210605,episode_end,194.1823795300392,1000,0.010000000000000005,200.0,,,,
211000,train_step,,,0.010000000000000005,200.0,100000,42.14750671386719,-55.760581970214844,5.119146347045898
211486,episode_end,335.44580478998046,881,0.010000000000000005,200.0,,,,
211937,episode_end,436.37050198453056,451,0.010000000000000005,200.0,,,,
212000,train_step,,,0.010000000000000005,200.0,100000,10.189210891723633,-56.311824798583984,4.66726541519165
212369,episode_end,208.25378780917515,432,0.010000000000000005,200.0,,,,
212492,episode_end,183.83159719521797,123,0.010000000000000005,200.0,,,,
213000,train_step,,,0.010000000000000005,200.0,100000,15.411565780639648,-54.48603820800781,4.925727844238281
213301,episode_end,404.75717601292763,809,0.010000000000000005,200.0,,,,
213478,episode_end,58.22086362460442,177,0.010000000000000005,200.0,,,,
214000,train_step,,,0.010000000000000005,200.0,100000,236.58111572265625,-54.81548309326172,4.8801727294921875
214478,episode_end,142.07838168645304,1000,0.010000000000000005,200.0,,,,
215000,train_step,,,0.010000000000000005,200.0,100000,38.754173278808594,-53.14630889892578,4.683280944824219
215003,episode_end,410.0123630615549,525,0.010000000000000005,200.0,,,,
216000,train_step,,,0.010000000000000005,200.0,100000,13.589738845825195,-59.56181335449219,4.8490519523620605
216003,episode_end,106.61875114394249,1000,0.010000000000000005,200.0,,,,
217000,train_step,,,0.010000000000000005,200.0,100000,13.959785461425781,-55.59256362915039,4.958761692047119
217003,episode_end,154.99915038774765,1000,0.010000000000000005,200.0,,,,
217339,episode_end,434.2504972095512,336,0.010000000000000005,200.0,,,,
217492,episode_end,250.76133197372997,153,0.010000000000000005,200.0,,,,
218000,train_step,,,0.010000000000000005,200.0,100000,591.2271118164062,-61.288639068603516,4.8253326416015625
218492,episode_end,99.83450759166243,1000,0.010000000000000005,200.0,,,,
218953,episode_end,393.29350806901766,461,0.010000000000000005,200.0,,,,
219000,train_step,,,0.010000000000000005,200.0,100000,12.78608226776123,-55.88417053222656,4.660104751586914
219953,episode_end,80.9190536515401,1000,0.010000000000000005,200.0,,,,
220000,train_step,,,0.010000000000000005,200.0,100000,18.12252426147461,-67.37432861328125,5.060824394226074
220286,episode_end,414.35247669058924,333,0.010000000000000005,200.0,,,,
220561,episode_end,185.55542656452025,275,0.010000000000000005,200.0,,,,
220809,episode_end,502.01398931472966,248,0.010000000000000005,200.0,,,,
221000,train_step,,,0.010000000000000005,200.0,100000,164.87789916992188,-63.86408233642578,5.130940914154053
221040,episode_end,477.518513114185,231,0.010000000000000005,200.0,,,,
221392,episode_end,403.2121291706672,352,0.010000000000000005,200.0,,,,
221699,episode_end,457.83552463214426,307,0.010000000000000005,200.0,,,,
221953,episode_end,421.999350807929,254,0.010000000000000005,200.0,,,,
222000,train_step,,,0.010000000000000005,200.0,100000,31.969371795654297,-61.876766204833984,5.223536014556885
222151,episode_end,249.5421208860488,198,0.010000000000000005,200.0,,,,
222280,episode_end,207.6000700869369,129,0.010000000000000005,200.0,,,,
222542,episode_end,419.49283911317383,262,0.010000000000000005,200.0,,,,
222649,episode_end,194.65291458251954,107,0.010000000000000005,200.0,,,,
222991,episode_end,97.66088745000701,342,0.010000000000000005,200.0,,,,
223000,train_step,,,0.010000000000000005,200.0,100000,18.16863250732422,-64.72483825683594,5.27654504776001
223145,episode_end,470.1408779147826,154,0.010000000000000005,200.0,,,,
223398,episode_end,476.5044241024172,253,0.010000000000000005,200.0,,,,
223525,episode_end,162.45337886943258,127,0.010000000000000005,200.0,,,,
224000,train_step,,,0.010000000000000005,200.0,100000,165.1878204345703,-67.2253189086914,4.98652458190918
224525,episode_end,169.04909919416923,1000,0.010000000000000005,200.0,,,,
224827,episode_end,495.3175775606681,302,0.010000000000000005,200.0,,,,
225000,train_step,,,0.010000000000000005,200.0,100000,46.26969909667969,-69.3763427734375,5.148838996887207
225827,episode_end,107.73486624811561,1000,0.010000000000000005,200.0,,,,
226000,train_step,,,0.010000000000000005,200.0,100000,15.492122650146484,-71.08819580078125,5.101837158203125
226025,episode_end,450.5953547388146,198,0.010000000000000005,200.0,,,,
226373,episode_end,205.30373822802215,348,0.010000000000000005,200.0,,,,
226786,episode_end,428.8596458015068,413,0.010000000000000005,200.0,,,,
227000,train_step,,,0.010000000000000005,200.0,100000,109.83482360839844,-62.02295684814453,4.778618335723877
227786,episode_end,135.61314158134635,1000,0.010000000000000005,200.0,,,,
228000,train_step,,,0.010000000000000005,200.0,100000,32.20897674560547,-61.684295654296875,4.776580810546875
228156,episode_end,427.74062793058135,370,0.010000000000000005,200.0,,,,
228460,episode_end,483.63734155568295,304,0.010000000000000005,200.0,,,,
228737,episode_end,415.0624861952114,277,0.010000000000000005,200.0,,,,
229000,train_step,,,0.010000000000000005,200.0,100000,190.6251220703125,-66.03282165527344,5.286267280578613
229175,episode_end,-75.67017917899392,438,0.010000000000000005,200.0,,,,
229672,episode_end,388.82962449472336,497,0.010000000000000005,200.0,,,,
230000,train_step,,,0.010000000000000005,200.0,100000,373.50634765625,-65.25424194335938,5.38787841796875
230291,episode_end,410.7178083311975,619,0.010000000000000005,200.0,,,,
230554,episode_end,407.6792999846872,263,0.010000000000000005,200.0,,,,
230807,episode_end,464.8361511696413,253,0.010000000000000005,200.0,,,,
230940,episode_end,225.12989607151354,133,0.010000000000000005,200.0,,,,
231000,train_step,,,0.010000000000000005,200.0,100000,24.62654685974121,-62.76771545410156,4.814179420471191
231940,episode_end,139.17091749303285,1000,0.010000000000000005,200.0,,,,
232000,train_step,,,0.010000000000000005,200.0,100000,17.69721031188965,-66.87972259521484,5.184291839599609
232117,episode_end,469.91899422841607,177,0.010000000000000005,200.0,,,,
232376,episode_end,481.8730308248784,259,0.010000000000000005,200.0,,,,
233000,train_step,,,0.010000000000000005,200.0,100000,98.66465759277344,-65.34523010253906,4.9283881187438965
233376,episode_end,94.35910620307064,1000,0.010000000000000005,200.0,,,,
233732,episode_end,454.61028287728743,356,0.010000000000000005,200.0,,,,
234000,train_step,,,0.010000000000000005,200.0,100000,202.1155242919922,-72.03888702392578,5.24517822265625
234138,episode_end,407.11651309269655,406,0.010000000000000005,200.0,,,,
234613,episode_end,416.17421265773964,475,0.010000000000000005,200.0,,,,
235000,train_step,,,0.010000000000000005,200.0,100000,95.47439575195312,-68.48486328125,4.909583568572998
235127,episode_end,395.71103274431397,514,0.010000000000000005,200.0,,,,
235285,episode_end,498.65398070676474,158,0.010000000000000005,200.0,,,,
235585,episode_end,460.76756784581715,300,0.010000000000000005,200.0,,,,
235824,episode_end,493.46514132422897,239,0.010000000000000005,200.0,,,,
236000,train_step,,,0.010000000000000005,200.0,100000,25.332983016967773,-72.20211791992188,4.956382751464844
236195,episode_end,447.8497213017187,371,0.010000000000000005,200.0,,,,
236785,episode_end,220.6241523927581,590,0.010000000000000005,200.0,,,,
236932,episode_end,491.77304451403245,147,0.010000000000000005,200.0,,,,
237000,train_step,,,0.010000000000000005,200.0,100000,34.41449737548828,-72.80328369140625,5.257194519042969
237184,episode_end,441.7724537565508,252,0.010000000000000005,200.0,,,,
237498,episode_end,442.9507784136399,314,0.010000000000000005,200.0,,,,
237680,episode_end,460.80023874391367,182,0.010000000000000005,200.0,,,,
237942,episode_end,445.3455618086123,262,0.010000000000000005,200.0,,,,
238000,train_step,,,0.010000000000000005,200.0,100000,148.789306640625,-71.95600891113281,5.25367546081543
238144,episode_end,451.2258010343107,202,0.010000000000000005,200.0,,,,
238858,episode_end,436.0664871375752,714,0.010000000000000005,200.0,,,,
239000,train_step,,,0.010000000000000005,200.0,100000,21.45368194580078,-68.22765350341797,5.681268692016602
239082,episode_end,479.75610196925874,224,0.010000000000000005,200.0,,,,
239529,episode_end,426.55679918554966,447,0.010000000000000005,200.0,,,,
239787,episode_end,445.96120790351324,258,0.010000000000000005,200.0,,,,
240000,train_step,,,0.010000000000000005,200.0,100000,17.185718536376953,-70.05511474609375,5.687392711639404
240230,episode_end,232.72641214899687,443,0.010000000000000005,200.0,,,,
240485,episode_end,434.6628162660785,255,0.010000000000000005,200.0,,,,
240755,episode_end,485.4897629585463,270,0.010000000000000005,200.0,,,,
241000,train_step,,,0.010000000000000005,200.0,100000,364.75408935546875,-80.29937744140625,5.918292045593262
241123,episode_end,413.0426011927907,368,0.010000000000000005,200.0,,,,
241668,episode_end,364.81794632929933,545,0.010000000000000005,200.0,,,,
241827,episode_end,239.82285969161836,159,0.010000000000000005,200.0,,,,
242000,train_step,,,0.010000000000000005,200.0,100000,238.00692749023438,-85.98551940917969,5.348399639129639
242210,episode_end,248.001755325139,383,0.010000000000000005,200.0,,,,
242675,episode_end,390.26038124134595,465,0.010000000000000005,200.0,,,,
243000,train_step,,,0.010000000000000005,200.0,100000,57.98883819580078,-78.53246307373047,5.2341508865356445
243313,episode_end,362.0941421767396,638,0.010000000000000005,200.0,,,,
244000,train_step,,,0.010000000000000005,200.0,100000,157.44149780273438,-80.08029174804688,5.617607593536377
244070,episode_end,348.93721516165067,757,0.010000000000000005,200.0,,,,
244637,episode_end,437.049161790505,567,0.010000000000000005,200.0,,,,
244869,episode_end,501.4018924850072,232,0.010000000000000005,200.0,,,,
245000,train_step,,,0.010000000000000005,200.0,100000,26.183666229248047,-81.316162109375,5.827698707580566
245567,episode_end,370.931735805862,698,0.010000000000000005,200.0,,,,
245775,episode_end,494.1993605804413,208,0.010000000000000005,200.0,,,,
246000,train_step,,,0.010000000000000005,200.0,100000,20.264698028564453,-85.22895050048828,5.408273220062256
246698,episode_end,371.83102725975215,923,0.010000000000000005,200.0,,,,
246865,episode_end,457.1114193647703,167,0.010000000000000005,200.0,,,,
247000,train_step,,,0.010000000000000005,200.0,100000,24.28350067138672,-81.78392028808594,5.707371234893799
247049,episode_end,257.5290149225494,184,0.010000000000000005,200.0,,,,
247471,episode_end,397.491702495307,422,0.010000000000000005,200.0,,,,
247750,episode_end,483.2376195690668,279,0.010000000000000005,200.0,,,,
248000,train_step,,,0.010000000000000005,200.0,100000,19.47750473022461,-77.1199951171875,5.698690891265869
248107,episode_end,424.96581791225265,357,0.010000000000000005,200.0,,,,
248656,episode_end,372.89212120533955,549,0.010000000000000005,200.0,,,,
249000,train_step,,,0.010000000000000005,200.0,100000,86.03092956542969,-80.57290649414062,5.855634689331055
249223,episode_end,406.7107300709074,567,0.010000000000000005,200.0,,,,
249400,episode_end,446.6320347875295,177,0.010000000000000005,200.0,,,,
249576,episode_end,242.62974567597223,176,0.010000000000000005,200.0,,,,
250000,train_step,,,0.010000000000000005,200.0,100000,33.725791931152344,-88.05261993408203,5.4941511154174805
250255,episode_end,384.3172837557833,679,0.010000000000000005,200.0,,,,
250803,episode_end,404.59444678022624,548,0.010000000000000005,200.0,,,,
251000,train_step,,,0.010000000000000005,200.0,100000,22.988420486450195,-82.82355499267578,5.5439863204956055
251008,episode_end,419.81878347108153,205,0.010000000000000005,200.0,,,,
251267,episode_end,463.4585972539116,259,0.010000000000000005,200.0,,,,
251504,episode_end,473.0848717049084,237,0.010000000000000005,200.0,,,,
251785,episode_end,449.25775167381164,281,0.010000000000000005,200.0,,,,
252000,train_step,,,0.010000000000000005,200.0,100000,210.17483520507812,-86.22535705566406,5.583181381225586
252035,episode_end,460.15899664103625,250,0.010000000000000005,200.0,,,,
252300,episode_end,478.3433718887287,265,0.010000000000000005,200.0,,,,
252549,episode_end,459.84954993177604,249,0.010000000000000005,200.0,,,,
252770,episode_end,260.52068206062125,221,0.010000000000000005,200.0,,,,
253000,train_step,,,0.010000000000000005,200.0,100000,50.53086471557617,-89.47978210449219,5.927967071533203
253552,episode_end,362.81732418795985,782,0.010000000000000005,200.0,,,,
253704,episode_end,217.50397411305562,152,0.010000000000000005,200.0,,,,
254000,train_step,,,0.010000000000000005,200.0,100000,31.726736068725586,-89.88211059570312,5.537367820739746
254342,episode_end,415.91453190474846,638,0.010000000000000005,200.0,,,,
254957,episode_end,392.12297869409366,615,0.010000000000000005,200.0,,,,
255000,train_step,,,0.010000000000000005,200.0,100000,352.66241455078125,-89.84091186523438,5.869222640991211
255452,episode_end,84.34278012314775,495,0.010000000000000005,200.0,,,,
255802,episode_end,477.41479977722446,350,0.010000000000000005,200.0,,,,
256000,train_step,,,0.010000000000000005,200.0,100000,336.9315185546875,-93.29645538330078,5.932189464569092
256790,episode_end,337.71190482618147,988,0.010000000000000005,200.0,,,,
257000,train_step,,,0.010000000000000005,200.0,100000,22.24677848815918,-92.95005798339844,5.677116870880127
257052,episode_end,478.7815072511975,262,0.010000000000000005,200.0,,,,
257381,episode_end,402.851470034308,329,0.010000000000000005,200.0,,,,
257627,episode_end,463.1917223659178,246,0.010000000000000005,200.0,,,,
257868,episode_end,276.35657752021643,241,0.010000000000000005,200.0,,,,
258000,train_step,,,0.010000000000000005,200.0,100000,22.12462615966797,-92.368896484375,5.477242946624756
258108,episode_end,456.39428993691837,240,0.010000000000000005,200.0,,,,
258553,episode_end,342.5282359473622,445,0.010000000000000005,200.0,,,,
258726,episode_end,465.3871482493604,173,0.010000000000000005,200.0,,,,
259000,train_step,,,0.010000000000000005,200.0,100000,46.997413635253906,-99.97018432617188,6.127597332000732
259476,episode_end,402.4343180970396,750,0.010000000000000005,200.0,,,,
259611,episode_end,235.73185083606324,135,0.010000000000000005,200.0,,,,
259758,episode_end,-17.565736606626075,147,0.010000000000000005,200.0,,,,
259989,episode_end,474.07451302966297,231,0.010000000000000005,200.0,,,,
260000,train_step,,,0.010000000000000005,200.0,100000,81.91495513916016,-100.03955078125,6.148735046386719
260216,episode_end,473.51253516849806,227,0.010000000000000005,200.0,,,,
260423,episode_end,479.94745001013,207,0.010000000000000005,200.0,,,,
260873,episode_end,383.79655268407674,450,0.010000000000000005,200.0,,,,
261000,train_step,,,0.010000000000000005,200.0,100000,331.8175048828125,-102.18899536132812,5.782062530517578
261053,episode_end,426.13794112933385,180,0.010000000000000005,200.0,,,,
261354,episode_end,255.7078381832051,301,0.010000000000000005,200.0,,,,
262000,train_step,,,0.010000000000000005,200.0,100000,65.65618896484375,-97.28713989257812,6.509835243225098
262354,episode_end,139.76716657944016,1000,0.010000000000000005,200.0,,,,
262683,episode_end,459.2504799224115,329,0.010000000000000005,200.0,,,,
263000,train_step,,,0.010000000000000005,200.0,100000,173.10028076171875,-97.8021240234375,6.044335842132568
263020,episode_end,479.41389698275754,337,0.010000000000000005,200.0,,,,
263255,episode_end,468.3516731938315,235,0.010000000000000005,200.0,,,,
263664,episode_end,445.16729903584263,409,0.010000000000000005,200.0,,,,
263977,episode_end,280.21993957204415,313,0.010000000000000005,200.0,,,,
264000,train_step,,,0.010000000000000005,200.0,100000,50.213844299316406,-100.40564727783203,5.727543830871582
264306,episode_end,434.15942974853687,329,0.010000000000000005,200.0,,,,
264639,episode_end,457.44304881852474,333,0.010000000000000005,200.0,,,,
264962,episode_end,484.8762987484905,323,0.010000000000000005,200.0,,,,
265000,train_step,,,0.010000000000000005,200.0,100000,59.42231750488281,-101.63207244873047,5.97021484375
265962,episode_end,220.7715811716195,1000,0.010000000000000005,200.0,,,,
266000,train_step,,,0.010000000000000005,200.0,100000,106.48692321777344,-98.19960021972656,6.059686660766602
266241,episode_end,465.65494363305925,279,0.010000000000000005,200.0,,,,
266413,episode_end,65.49173467107462,172,0.010000000000000005,200.0,,,,
267000,train_step,,,0.010000000000000005,200.0,100000,19.212690353393555,-94.76170349121094,6.472972869873047
267413,episode_end,16.262478884420027,1000,0.010000000000000005,200.0,,,,
268000,train_step,,,0.010000000000000005,200.0,100000,24.207534790039062,-92.57842254638672,5.567436218261719
268228,episode_end,322.6661424071774,815,0.010000000000000005,200.0,,,,
268556,episode_end,417.0404171962806,328,0.010000000000000005,200.0,,,,
269000,train_step,,,0.010000000000000005,200.0,100000,26.899959564208984,-98.803466796875,6.496761322021484
269556,episode_end,75.549933044611,1000,0.010000000000000005,200.0,,,,
269853,episode_end,472.87970637752437,297,0.010000000000000005,200.0,,,,
270000,train_step,,,0.010000000000000005,200.0,100000,16.73275375366211,-96.75141906738281,5.8670454025268555
270281,episode_end,460.57020405732663,428,0.010000000000000005,200.0,,,,
270453,episode_end,254.29536961306889,172,0.010000000000000005,200.0,,,,
270972,episode_end,409.7263065423347,519,0.010000000000000005,200.0,,,,
271000,train_step,,,0.010000000000000005,200.0,100000,17.422645568847656,-98.95484161376953,5.322419166564941
271972,episode_end,161.8008119077703,1000,0.010000000000000005,200.0,,,,
272000,train_step,,,0.010000000000000005,200.0,100000,186.10516357421875,-97.38636779785156,6.02170467376709
272500,episode_end,420.09443943471,528,0.010000000000000005,200.0,,,,
273000,train_step,,,0.010000000000000005,200.0,100000,48.14114761352539,-93.20437622070312,5.983011722564697
273269,episode_end,367.6074472483017,769,0.010000000000000005,200.0,,,,
273587,episode_end,448.0424483417976,318,0.010000000000000005,200.0,,,,
273941,episode_end,469.43509802931175,354,0.010000000000000005,200.0,,,,
274000,train_step,,,0.010000000000000005,200.0,100000,143.55838012695312,-93.87033081054688,5.913503646850586
274621,episode_end,369.6313644328136,680,0.010000000000000005,200.0,,,,
275000,train_step,,,0.010000000000000005,200.0,100000,26.82621955871582,-103.62840270996094,5.973982810974121
275415,episode_end,391.0260418886262,794,0.010000000000000005,200.0,,,,
275610,episode_end,469.43108774948695,195,0.010000000000000005,200.0,,,,
275861,episode_end,446.121192619052,251,0.010000000000000005,200.0,,,,
276000,train_step,,,0.010000000000000005,200.0,100000,33.35306930541992,-99.91084289550781,6.237905025482178
276166,episode_end,494.2049420982949,305,0.010000000000000005,200.0,,,,
276436,episode_end,441.04032616096197,270,0.010000000000000005,200.0,,,,
276733,episode_end,452.37644610987945,297,0.010000000000000005,200.0,,,,
277000,train_step,,,0.010000000000000005,200.0,100000,26.00916862487793,-105.33096313476562,6.143195152282715
277004,episode_end,488.53987235596423,271,0.010000000000000005,200.0,,,,
277230,episode_end,429.0146583123403,226,0.010000000000000005,200.0,,,,
277431,episode_end,481.54641664253006,201,0.010000000000000005,200.0,,,,
277578,episode_end,460.5253446856602,147,0.010000000000000005,200.0,,,,
278000,train_step,,,0.010000000000000005,200.0,100000,17.9144287109375,-107.36322021484375,5.716028213500977
278215,episode_end,424.26285155496834,637,0.010000000000000005,200.0,,,,
278893,episode_end,385.48418154804585,678,0.010000000000000005,200.0,,,,
279000,train_step,,,0.010000000000000005,200.0,100000,353.099853515625,-107.40618896484375,5.738934516906738
279152,episode_end,430.7360979348976,259,0.010000000000000005,200.0,,,,
279399,episode_end,455.1779601065626,247,0.010000000000000005,200.0,,,,
279569,episode_end,443.3326506994055,170,0.010000000000000005,200.0,,,,
279827,episode_end,416.64189016833916,258,0.010000000000000005,200.0,,,,
280000,train_step,,,0.010000000000000005,200.0,100000,75.66987609863281,-104.10853576660156,5.6256513595581055
280124,episode_end,474.85825649531296,297,0.010000000000000005,200.0,,,,
280524,episode_end,452.5656075489616,400,0.010000000000000005,200.0,,,,
280641,episode_end,242.5736684994788,117,0.010000000000000005,200.0,,,,
281000,train_step,,,0.010000000000000005,200.0,100000,55.18852615356445,-100.26634979248047,5.5290327072143555
281155,episode_end,467.3268610730669,514,0.010000000000000005,200.0,,,,
281506,episode_end,465.0996744671989,351,0.010000000000000005,200.0,,,,
281686,episode_end,458.22293152818963,180,0.010000000000000005,200.0,,,,
282000,train_step,,,0.010000000000000005,200.0,100000,22.217756271362305,-96.64851379394531,5.447453498840332
282006,episode_end,459.621364409766,320,0.010000000000000005,200.0,,,,
282144,episode_end,437.23669608892845,138,0.010000000000000005,200.0,,,,
283000,train_step,,,0.010000000000000005,200.0,100000,39.902435302734375,-106.7923583984375,5.627336502075195
283144,episode_end,295.02214153159747,1000,0.010000000000000005,200.0,,,,
283319,episode_end,255.21011399380154,175,0.010000000000000005,200.0,,,,
283577,episode_end,446.2835782362727,258,0.010000000000000005,200.0,,,,
283851,episode_end,443.60092293992363,274,0.010000000000000005,200.0,,,,
284000,train_step,,,0.010000000000000005,200.0,100000,17.046783447265625,-105.2119140625,5.680118083953857
284113,episode_end,460.4398704535856,262,0.010000000000000005,200.0,,,,
284440,episode_end,440.7102552790515,327,0.010000000000000005,200.0,,,,
284913,episode_end,456.9156155039137,473,0.010000000000000005,200.0,,,,
285000,train_step,,,0.010000000000000005,200.0,100000,21.29180145263672,-106.318359375,5.63582181930542
285287,episode_end,436.6408316133313,374,0.010000000000000005,200.0,,,,
285593,episode_end,505.6237812540177,306,0.010000000000000005,200.0,,,,
285944,episode_end,438.4513933937145,351,0.010000000000000005,200.0,,,,
286000,train_step,,,0.010000000000000005,200.0,100000,24.286449432373047,-96.16325378417969,5.981627464294434
286177,episode_end,508.9703917273949,233,0.010000000000000005,200.0,,,,
286591,episode_end,473.1422767754916,414,0.010000000000000005,200.0,,,,
287000,train_step,,,0.010000000000000005,200.0,100000,404.33154296875,-97.80546569824219,5.728253364562988
287321,episode_end,451.4677352649991,730,0.010000000000000005,200.0,,,,
287921,episode_end,407.4766494911838,600,0.010000000000000005,200.0,,,,
288000,train_step,,,0.010000000000000005,200.0,100000,320.1483154296875,-95.8608169555664,5.6219635009765625
288321,episode_end,449.02027192314256,400,0.010000000000000005,200.0,,,,
288551,episode_end,434.9702097633251,230,0.010000000000000005,200.0,,,,
289000,train_step,,,0.010000000000000005,200.0,100000,120.96220397949219,-102.26351928710938,5.751319885253906
289008,episode_end,460.5592533099912,457,0.010000000000000005,200.0,,,,
289412,episode_end,443.8601312221224,404,0.010000000000000005,200.0,,,,
289814,episode_end,435.4306345592657,402,0.010000000000000005,200.0,,,,
290000,train_step,,,0.010000000000000005,200.0,100000,324.98333740234375,-102.67457580566406,5.865318298339844
290349,episode_end,406.016236503335,535,0.010000000000000005,200.0,,,,
290733,episode_end,416.7969975827512,384,0.010000000000000005,200.0,,,,
291000,train_step,,,0.010000000000000005,200.0,100000,41.89090347290039,-93.55658721923828,5.807345867156982
291348,episode_end,420.6797408033729,615,0.010000000000000005,200.0,,,,
291655,episode_end,412.62004920963744,307,0.010000000000000005,200.0,,,,
292000,train_step,,,0.010000000000000005,200.0,100000,81.56787109375,-109.59463500976562,5.686074256896973
292024,episode_end,428.83555434288945,369,0.010000000000000005,200.0,,,,
292558,episode_end,430.6637245996514,534,0.010000000000000005,200.0,,,,
292974,episode_end,445.8926946149702,416,0.010000000000000005,200.0,,,,
293000,train_step,,,0.010000000000000005,200.0,100000,23.12986183166504,-99.34129333496094,5.391000747680664
293305,episode_end,446.34002641701085,331,0.010000000000000005,200.0,,,,
293625,episode_end,481.37045017087155,320,0.010000000000000005,200.0,,,,
293888,episode_end,435.0797713655009,263,0.010000000000000005,200.0,,,,
294000,train_step,,,0.010000000000000005,200.0,100000,108.55355072021484,-101.75044250488281,5.6892595291137695
294100,episode_end,466.30894979371493,212,0.010000000000000005,200.0,,,,
294389,episode_end,468.5344451599005,289,0.010000000000000005,200.0,,,,
294758,episode_end,448.4927835169551,369,0.010000000000000005,200.0,,,,
295000,train_step,,,0.010000000000000005,200.0,100000,63.712913513183594,-103.13645935058594,5.1882734298706055
295199,episode_end,473.8355614944962,441,0.010000000000000005,200.0,,,,
295468,episode_end,467.52897559861765,269,0.010000000000000005,200.0,,,,
295793,episode_end,449.46337924172684,325,0.010000000000000005,200.0,,,,
296000,train_step,,,0.010000000000000005,200.0,100000,95.44328308105469,-98.71244812011719,5.2149176597595215
296095,episode_end,482.57200028943447,302,0.010000000000000005,200.0,,,,
296456,episode_end,482.1824530125779,361,0.010000000000000005,200.0,,,,
296674,episode_end,468.04550832584084,218,0.010000000000000005,200.0,,,,
296948,episode_end,440.7193784344754,274,0.010000000000000005,200.0,,,,
297000,train_step,,,0.010000000000000005,200.0,100000,28.68581771850586,-96.91974639892578,5.474069595336914
297259,episode_end,452.75052840308956,311,0.010000000000000005,200.0,,,,
297565,episode_end,476.2059956828178,306,0.010000000000000005,200.0,,,,
297760,episode_end,481.2462953419703,195,0.010000000000000005,200.0,,,,
298000,train_step,,,0.010000000000000005,200.0,100000,212.21755981445312,-100.48748779296875,5.115394115447998
298044,episode_end,487.7818129056182,284,0.010000000000000005,200.0,,,,
298408,episode_end,453.75815685198097,364,0.010000000000000005,200.0,,,,
298714,episode_end,447.142353436862,306,0.010000000000000005,200.0,,,,
298909,episode_end,446.23181455466295,195,0.010000000000000005,200.0,,,,
299000,train_step,,,0.010000000000000005,200.0,100000,174.7757568359375,-119.69881439208984,5.6004557609558105
299439,episode_end,446.5265993448058,530,0.010000000000000005,200.0,,,,
299628,episode_end,486.2615597915781,189,0.010000000000000005,200.0,,,,
299920,episode_end,497.90106254858654,292,0.010000000000000005,200.0,,,,
300000,train_step,,,0.010000000000000005,200.0,100000,450.4984130859375,-105.38140869140625,5.625861167907715
300920,episode_end,140.58660315660916,1000,0.010000000000000005,-100.0,,,,
301000,train_step,,,0.010000000000000005,-100.0,100000,48.650062561035156,-104.39793395996094,4.884113788604736
301106,episode_end,126.43065691565579,186,0.010000000000000005,-100.0,,,,
301425,episode_end,171.3271131428137,319,0.010000000000000005,-100.0,,,,
301669,episode_end,166.36506501198238,244,0.010000000000000005,-100.0,,,,
301965,episode_end,138.34941175109248,296,0.010000000000000005,-100.0,,,,
302000,train_step,,,0.010000000000000005,-100.0,100000,314.7224426269531,-106.3626480102539,5.099116325378418
302298,episode_end,145.97056761932888,333,0.010000000000000005,-100.0,,,,
302451,episode_end,145.20114418908065,153,0.010000000000000005,-100.0,,,,
302811,episode_end,125.7347558681057,360,0.010000000000000005,-100.0,,,,
303000,train_step,,,0.010000000000000005,-100.0,100000,21.188087463378906,-99.995849609375,5.471216201782227
303164,episode_end,145.07761944483244,353,0.010000000000000005,-100.0,,,,
303514,episode_end,242.71776769014755,350,0.010000000000000005,-100.0,,,,
303849,episode_end,277.1607773989392,335,0.010000000000000005,-100.0,,,,
304000,train_step,,,0.010000000000000005,-100.0,100000,104.96979522705078,-109.91087341308594,5.279305458068848
304324,episode_end,148.3428069357017,475,0.010000000000000005,-100.0,,,,
304490,episode_end,144.62395052064247,166,0.010000000000000005,-100.0,,,,
304720,episode_end,151.38708939249878,230,0.010000000000000005,-100.0,,,,
305000,train_step,,,0.010000000000000005,-100.0,100000,270.3677978515625,-106.65385437011719,5.31626558303833
305088,episode_end,160.8490587180598,368,0.010000000000000005,-100.0,,,,
305577,episode_end,120.7603499982182,489,0.010000000000000005,-100.0,,,,
305985,episode_end,124.63777801035457,408,0.010000000000000005,-100.0,,,,
306000,train_step,,,0.010000000000000005,-100.0,100000,102.83773803710938,-107.98182678222656,5.611752033233643
306310,episode_end,143.06023729365393,325,0.010000000000000005,-100.0,,,,
306511,episode_end,197.41560626751283,201,0.010000000000000005,-100.0,,,,
306660,episode_end,190.34556413044623,149,0.010000000000000005,-100.0,,,,
307000,train_step,,,0.010000000000000005,-100.0,100000,34.731910705566406,-100.59402465820312,5.142451286315918
307131,episode_end,84.56960976264571,471,0.010000000000000005,-100.0,,,,
307537,episode_end,229.82658752635112,406,0.010000000000000005,-100.0,,,,
307883,episode_end,135.89152401901916,346,0.010000000000000005,-100.0,,,,
308000,train_step,,,0.010000000000000005,-100.0,100000,43.96692657470703,-106.25236511230469,5.24276065826416
308336,episode_end,170.91748680564785,453,0.010000000000000005,-100.0,,,,
308589,episode_end,212.79242521203628,253,0.010000000000000005,-100.0,,,,
308822,episode_end,175.70026851208507,233,0.010000000000000005,-100.0,,,,
309000,train_step,,,0.010000000000000005,-100.0,100000,48.689788818359375,-108.53883361816406,5.2074174880981445
309194,episode_end,67.47436456815352,372,0.010000000000000005,-100.0,,,,
309365,episode_end,154.4780559524504,171,0.010000000000000005,-100.0,,,,
309689,episode_end,132.50719375607747,324,0.010000000000000005,-100.0,,,,
309961,episode_end,192.57865335805,272,0.010000000000000005,-100.0,,,,
310000,train_step,,,0.010000000000000005,-100.0,100000,27.167068481445312,-106.32963562011719,5.811261177062988
310273,episode_end,144.02164969439934,312,0.010000000000000005,-100.0,,,,
310636,episode_end,174.60374875666025,363,0.010000000000000005,-100.0,,,,
310865,episode_end,166.27252763302167,229,0.010000000000000005,-100.0,,,,
311000,train_step,,,0.010000000000000005,-100.0,100000,20.39886474609375,-108.87165832519531,5.809985160827637
311076,episode_end,197.61235954365677,211,0.010000000000000005,-100.0,,,,
311348,episode_end,141.719660813105,272,0.010000000000000005,-100.0,,,,
311738,episode_end,153.91845279780904,390,0.010000000000000005,-100.0,,,,
312000,train_step,,,0.010000000000000005,-100.0,100000,53.257225036621094,-99.0780258178711,5.341884136199951
312033,episode_end,131.5991311299423,295,0.010000000000000005,-100.0,,,,
312211,episode_end,101.24968022021567,178,0.010000000000000005,-100.0,,,,
312690,episode_end,85.36172304595182,479,0.010000000000000005,-100.0,,,,
312899,episode_end,170.13202733900889,209,0.010000000000000005,-100.0,,,,
313000,train_step,,,0.010000000000000005,-100.0,100000,17.910655975341797,-111.87940979003906,5.240304470062256
313140,episode_end,146.21345780260395,241,0.010000000000000005,-100.0,,,,
313429,episode_end,171.86640224365402,289,0.010000000000000005,-100.0,,,,
313578,episode_end,159.9060227084726,149,0.010000000000000005,-100.0,,,,
313835,episode_end,150.92528912427832,257,0.010000000000000005,-100.0,,,,
314000,train_step,,,0.010000000000000005,-100.0,100000,25.996118545532227,-110.05612182617188,5.054776191711426
314097,episode_end,166.74660054567894,262,0.010000000000000005,-100.0,,,,
314317,episode_end,175.05608006995308,220,0.010000000000000005,-100.0,,,,
314556,episode_end,179.11774641267505,239,0.010000000000000005,-100.0,,,,
314846,episode_end,169.74409004969138,290,0.010000000000000005,-100.0,,,,
315000,train_step,,,0.010000000000000005,-100.0,100000,116.23619079589844,-102.88684844970703,5.000387668609619
315113,episode_end,174.26574346428632,267,0.010000000000000005,-100.0,,,,
315376,episode_end,138.49218106712618,263,0.010000000000000005,-100.0,,,,
315764,episode_end,173.8553754610453,388,0.010000000000000005,-100.0,,,,
316000,train_step,,,0.010000000000000005,-100.0,100000,33.497337341308594,-115.21257019042969,5.562808990478516
316122,episode_end,150.77532363752937,358,0.010000000000000005,-100.0,,,,
316375,episode_end,144.36717235945974,253,0.010000000000000005,-100.0,,,,
316890,episode_end,129.36381021725222,515,0.010000000000000005,-100.0,,,,
317000,train_step,,,0.010000000000000005,-100.0,100000,56.71380615234375,-102.07331085205078,5.41054105758667
317163,episode_end,138.02939693293771,273,0.010000000000000005,-100.0,,,,
317624,episode_end,125.04725456358437,461,0.010000000000000005,-100.0,,,,
317914,episode_end,206.4756917324152,290,0.010000000000000005,-100.0,,,,
318000,train_step,,,0.010000000000000005,-100.0,100000,167.11474609375,-113.30938720703125,5.33858060836792
318132,episode_end,191.23216170380368,218,0.010000000000000005,-100.0,,,,
318414,episode_end,160.99030455332615,282,0.010000000000000005,-100.0,,,,
318835,episode_end,-306.63626679585275,421,0.010000000000000005,-100.0,,,,
319000,train_step,,,0.010000000000000005,-100.0,100000,26.7416934967041,-106.76434326171875,5.044517517089844
319127,episode_end,195.21043147900406,292,0.010000000000000005,-100.0,,,,
319591,episode_end,104.45359641529312,464,0.010000000000000005,-100.0,,,,
319955,episode_end,143.6057458240977,364,0.010000000000000005,-100.0,,,,
320000,train_step,,,0.010000000000000005,-100.0,100000,363.49700927734375,-108.3768310546875,5.467621803283691
320489,episode_end,107.80245633374736,534,0.010000000000000005,-100.0,,,,
320884,episode_end,173.96035245197612,395,0.010000000000000005,-100.0,,,,
321000,train_step,,,0.010000000000000005,-100.0,100000,188.73980712890625,-108.7018051147461,5.2127766609191895
321090,episode_end,147.5966627169294,206,0.010000000000000005,-100.0,,,,
321277,episode_end,154.3580629515114,187,0.010000000000000005,-100.0,,,,
321544,episode_end,151.95041558129168,267,0.010000000000000005,-100.0,,,,
321792,episode_end,197.80241810615075,248,0.010000000000000005,-100.0,,,,
322000,train_step,,,0.010000000000000005,-100.0,100000,27.391834259033203,-113.68988037109375,5.332218170166016
322084,episode_end,189.12507597816222,292,0.010000000000000005,-100.0,,,,
322256,episode_end,189.78687388217355,172,0.010000000000000005,-100.0,,,,
322415,episode_end,147.23195425962825,159,0.010000000000000005,-100.0,,,,
322564,episode_end,171.3189804854893,149,0.010000000000000005,-100.0,,,,
322801,episode_end,153.44620226266255,237,0.010000000000000005,-100.0,,,,
323000,train_step,,,0.010000000000000005,-100.0,100000,135.2230224609375,-105.95072174072266,5.115163803100586
323136,episode_end,173.80928285625203,335,0.010000000000000005,-100.0,,,,
323463,episode_end,171.3886468143878,327,0.010000000000000005,-100.0,,,,
323675,episode_end,140.60591021800607,212,0.010000000000000005,-100.0,,,,
323815,episode_end,163.38423903839555,140,0.010000000000000005,-100.0,,,,
323972,episode_end,136.94469742868498,157,0.010000000000000005,-100.0,,,,
324000,train_step,,,0.010000000000000005,-100.0,100000,40.397308349609375,-104.98483276367188,5.267144203186035
324187,episode_end,135.55423777647385,215,0.010000000000000005,-100.0,,,,
324493,episode_end,140.46686977865707,306,0.010000000000000005,-100.0,,,,
324760,episode_end,254.50693504137325,267,0.010000000000000005,-100.0,,,,
325000,train_step,,,0.010000000000000005,-100.0,100000,24.95866584777832,-119.01876831054688,5.448164463043213
325075,episode_end,168.448670151008,315,0.010000000000000005,-100.0,,,,
325353,episode_end,176.2849587791872,278,0.010000000000000005,-100.0,,,,
325679,episode_end,161.02205642003645,326,0.010000000000000005,-100.0,,,,
326000,train_step,,,0.010000000000000005,-100.0,100000,594.847412109375,-107.14505004882812,5.331999778747559
326457,episode_end,54.12306718407116,778,0.010000000000000005,-100.0,,,,
326688,episode_end,128.1055193791101,231,0.010000000000000005,-100.0,,,,
326876,episode_end,148.66935424141607,188,0.010000000000000005,-100.0,,,,
327000,train_step,,,0.010000000000000005,-100.0,100000,28.146190643310547,-107.5160903930664,5.138028144836426
327014,episode_end,-70.99471576478899,138,0.010000000000000005,-100.0,,,,
327177,episode_end,-433.0025858406943,163,0.010000000000000005,-100.0,,,,
327324,episode_end,153.90984285517192,147,0.010000000000000005,-100.0,,,,
327879,episode_end,76.23717038495235,555,0.010000000000000005,-100.0,,,,
328000,train_step,,,0.010000000000000005,-100.0,100000,128.22274780273438,-106.62786102294922,5.2821736335754395
328051,episode_end,136.9813594496876,172,0.010000000000000005,-100.0,,,,
328159,episode_end,-65.35200224737447,108,0.010000000000000005,-100.0,,,,
328486,episode_end,98.74909901539147,327,0.010000000000000005,-100.0,,,,
328808,episode_end,155.07342823264062,322,0.010000000000000005,-100.0,,,,
329000,train_step,,,0.010000000000000005,-100.0,100000,108.56573486328125,-107.92514038085938,5.222959518432617
329314,episode_end,134.2377093183279,506,0.010000000000000005,-100.0,,,,
329931,episode_end,75.55732389573764,617,0.010000000000000005,-100.0,,,,
330000,train_step,,,0.010000000000000005,-100.0,100000,356.4169921875,-102.22901916503906,5.230066776275635
330131,episode_end,153.71562246343203,200,0.010000000000000005,-100.0,,,,
330286,episode_end,174.6115621993658,155,0.010000000000000005,-100.0,,,,
331000,train_step,,,0.010000000000000005,-100.0,100000,15.147968292236328,-101.0196304321289,4.897808074951172
331198,episode_end,-5.331808265827007,912,0.010000000000000005,-100.0,,,,
332000,train_step,,,0.010000000000000005,-100.0,100000,29.71978759765625,-107.18862915039062,5.086146354675293
332067,episode_end,16.323364761633627,869,0.010000000000000005,-100.0,,,,
332387,episode_end,117.58300220875682,320,0.010000000000000005,-100.0,,,,
332585,episode_end,-85.02699280506441,198,0.010000000000000005,-100.0,,,,
332802,episode_end,117.42317739500187,217,0.010000000000000005,-100.0,,,,
333000,train_step,,,0.010000000000000005,-100.0,100000,33.06016540527344,-100.275146484375,5.058150291442871
333220,episode_end,114.67632168398625,418,0.010000000000000005,-100.0,,,,
333555,episode_end,150.1581651621717,335,0.010000000000000005,-100.0,,,,
333882,episode_end,160.60567793936315,327,0.010000000000000005,-100.0,,,,
334000,train_step,,,0.010000000000000005,-100.0,100000,49.83782958984375,-96.09024047851562,4.997768878936768
334267,episode_end,139.193626765796,385,0.010000000000000005,-100.0,,,,
334913,episode_end,117.10194460551399,646,0.010000000000000005,-100.0,,,,
335000,train_step,,,0.010000000000000005,-100.0,100000,33.49961853027344,-97.70783996582031,5.484858512878418
335113,episode_end,146.79773904410084,200,0.010000000000000005,-100.0,,,,
335462,episode_end,140.95434287209372,349,0.010000000000000005,-100.0,,,,
335834,episode_end,167.40602463888226,372,0.010000000000000005,-100.0,,,,
336000,train_step,,,0.010000000000000005,-100.0,100000,229.10406494140625,-93.46868896484375,5.436586380004883
336039,episode_end,179.86884061846865,205,0.010000000000000005,-100.0,,,,
336289,episode_end,179.5451197696092,250,0.010000000000000005,-100.0,,,,
336679,episode_end,128.71478103518695,390,0.010000000000000005,-100.0,,,,
337000,train_step,,,0.010000000000000005,-100.0,100000,24.414234161376953,-94.2552719116211,5.4638776779174805
337679,episode_end,-19.188135588034164,1000,0.010000000000000005,-100.0,,,,
338000,train_step,,,0.010000000000000005,-100.0,100000,196.10585021972656,-99.4178466796875,5.863556861877441
338010,episode_end,151.49125434899486,331,0.010000000000000005,-100.0,,,,
338304,episode_end,168.73186635021904,294,0.010000000000000005,-100.0,,,,
338720,episode_end,136.72622754001233,416,0.010000000000000005,-100.0,,,,
339000,train_step,,,0.010000000000000005,-100.0,100000,121.80349731445312,-96.36664581298828,5.375198841094971
339050,episode_end,144.40196235637268,330,0.010000000000000005,-100.0,,,,
339310,episode_end,147.59691603783136,260,0.010000000000000005,-100.0,,,,
339551,episode_end,185.63121634041383,241,0.010000000000000005,-100.0,,,,
339782,episode_end,162.11528505780447,231,0.010000000000000005,-100.0,,,,
340000,train_step,,,0.010000000000000005,-100.0,100000,128.13853454589844,-97.30972290039062,5.597183704376221
340045,episode_end,195.03502067267505,263,0.010000000000000005,-100.0,,,,
340294,episode_end,214.47469439207651,249,0.010000000000000005,-100.0,,,,
340561,episode_end,151.3188549472283,267,0.010000000000000005,-100.0,,,,
341000,train_step,,,0.010000000000000005,-100.0,100000,190.25912475585938,-94.92625427246094,5.53835391998291
341174,episode_end,127.88504039828501,613,0.010000000000000005,-100.0,,,,
341546,episode_end,68.30761517951814,372,0.010000000000000005,-100.0,,,,
341816,episode_end,164.9585612996022,270,0.010000000000000005,-100.0,,,,
342000,train_step,,,0.010000000000000005,-100.0,100000,27.24390411376953,-101.19121551513672,5.449143409729004
342036,episode_end,158.8167596205616,220,0.010000000000000005,-100.0,,,,
342449,episode_end,106.96882636056989,413,0.010000000000000005,-100.0,,,,
342816,episode_end,108.20408980075347,367,0.010000000000000005,-100.0,,,,
343000,train_step,,,0.010000000000000005,-100.0,100000,285.5435791015625,-102.21359252929688,5.557202339172363
343111,episode_end,163.0754647815594,295,0.010000000000000005,-100.0,,,,
343427,episode_end,282.47444446369985,316,0.010000000000000005,-100.0,,,,
343709,episode_end,270.6526329593862,282,0.010000000000000005,-100.0,,,,
344000,train_step,,,0.010000000000000005,-100.0,100000,321.2560119628906,-95.47682189941406,5.6094865798950195
344039,episode_end,172.27338218415062,330,0.010000000000000005,-100.0,,,,
344280,episode_end,144.7105019847935,241,0.010000000000000005,-100.0,,,,
344622,episode_end,80.15449134445468,342,0.010000000000000005,-100.0,,,,
344888,episode_end,282.3836092572101,266,0.010000000000000005,-100.0,,,,
345000,train_step,,,0.010000000000000005,-100.0,100000,391.2431640625,-100.90450286865234,5.723372459411621
345120,episode_end,128.12142397582133,232,0.010000000000000005,-100.0,,,,
345456,episode_end,170.84446719150975,336,0.010000000000000005,-100.0,,,,
345681,episode_end,130.74628955419956,225,0.010000000000000005,-100.0,,,,
345895,episode_end,171.1355524599104,214,0.010000000000000005,-100.0,,,,
346000,train_step,,,0.010000000000000005,-100.0,100000,37.59612274169922,-100.30755615234375,5.3234453201293945
346205,episode_end,175.87011264047004,310,0.010000000000000005,-100.0,,,,
346487,episode_end,165.1455914034994,282,0.010000000000000005,-100.0,,,,
346740,episode_end,160.82162789968712,253,0.010000000000000005,-100.0,,,,
346939,episode_end,149.93706026525112,199,0.010000000000000005,-100.0,,,,
347000,train_step,,,0.010000000000000005,-100.0,100000,97.42765045166016,-96.66997528076172,5.1851630210876465
347218,episode_end,169.46242406361165,279,0.010000000000000005,-100.0,,,,
347582,episode_end,127.27200678676951,364,0.010000000000000005,-100.0,,,,
348000,train_step,,,0.010000000000000005,-100.0,100000,317.44580078125,-96.6673583984375,5.339792251586914
348016,episode_end,166.533417953416,434,0.010000000000000005,-100.0,,,,
348198,episode_end,164.8421668937473,182,0.010000000000000005,-100.0,,,,
348363,episode_end,182.82602017162048,165,0.010000000000000005,-100.0,,,,
348566,episode_end,175.05344227835087,203,0.010000000000000005,-100.0,,,,
349000,train_step,,,0.010000000000000005,-100.0,100000,466.3795166015625,-89.50813293457031,5.418411731719971
349099,episode_end,147.10530997964463,533,0.010000000000000005,-100.0,,,,
349246,episode_end,178.50235373271354,147,0.010000000000000005,-100.0,,,,
349478,episode_end,233.63700211677198,232,0.010000000000000005,-100.0,,,,
350000,train_step,,,0.010000000000000005,-100.0,100000,183.938232421875,-102.79046630859375,5.623265743255615
350095,episode_end,129.38078214815656,617,0.010000000000000005,-100.0,,,,
350438,episode_end,165.52768780162233,343,0.010000000000000005,-100.0,,,,
350885,episode_end,138.6633356752175,447,0.010000000000000005,-100.0,,,,
351000,train_step,,,0.010000000000000005,-100.0,100000,82.20723724365234,-91.98090362548828,5.292282581329346
351069,episode_end,180.05091353637607,184,0.010000000000000005,-100.0,,,,
351402,episode_end,202.26951139313996,333,0.010000000000000005,-100.0,,,,
351626,episode_end,145.29346012743707,224,0.010000000000000005,-100.0,,,,
351872,episode_end,164.21289029705957,246,0.010000000000000005,-100.0,,,,
352000,train_step,,,0.010000000000000005,-100.0,100000,31.56200408935547,-93.99668884277344,5.39805793762207
352133,episode_end,162.79501288955646,261,0.010000000000000005,-100.0,,,,
352431,episode_end,155.269148588824,298,0.010000000000000005,-100.0,,,,
352696,episode_end,132.96973458823928,265,0.010000000000000005,-100.0,,,,
353000,episode_end,171.9826152965358,304,0.010000000000000005,-100.0,,,,
353000,train_step,,,0.010000000000000005,-100.0,100000,35.30018997192383,-90.74451446533203,5.034429550170898
353239,episode_end,124.65950108163784,239,0.010000000000000005,-100.0,,,,
353495,episode_end,254.9700457563201,256,0.010000000000000005,-100.0,,,,
353692,episode_end,157.8217659409668,197,0.010000000000000005,-100.0,,,,
353996,episode_end,174.80078007800773,304,0.010000000000000005,-100.0,,,,
354000,train_step,,,0.010000000000000005,-100.0,100000,40.62397384643555,-91.58507537841797,5.329318046569824
354313,episode_end,147.30041660206814,317,0.010000000000000005,-100.0,,,,
354622,episode_end,199.8344758791464,309,0.010000000000000005,-100.0,,,,
354947,episode_end,189.72164998244165,325,0.010000000000000005,-100.0,,,,
355000,train_step,,,0.010000000000000005,-100.0,100000,49.46410369873047,-96.99630737304688,5.773792743682861
355113,episode_end,170.39022315362715,166,0.010000000000000005,-100.0,,,,
355343,episode_end,187.32074640816896,230,0.010000000000000005,-100.0,,,,
355562,episode_end,182.00149698267182,219,0.010000000000000005,-100.0,,,,
355871,episode_end,189.85479052358255,309,0.010000000000000005,-100.0,,,,
356000,train_step,,,0.010000000000000005,-100.0,100000,48.695098876953125,-100.654296875,5.460665702819824
356185,episode_end,173.06718819791206,314,0.010000000000000005,-100.0,,,,
356503,episode_end,210.3608548857456,318,0.010000000000000005,-100.0,,,,
356665,episode_end,173.89046725633816,162,0.010000000000000005,-100.0,,,,
356844,episode_end,147.7788558516618,179,0.010000000000000005,-100.0,,,,
357000,train_step,,,0.010000000000000005,-100.0,100000,317.208740234375,-94.5412826538086,5.424771308898926
357052,episode_end,136.60072132046358,208,0.010000000000000005,-100.0,,,,
357221,episode_end,-300.41590388610916,169,0.010000000000000005,-100.0,,,,
357582,episode_end,177.26472030852062,361,0.010000000000000005,-100.0,,,,
357885,episode_end,201.56833084115692,303,0.010000000000000005,-100.0,,,,
358000,train_step,,,0.010000000000000005,-100.0,100000,97.9010009765625,-90.44189453125,5.295498847961426
358253,episode_end,79.18117465917719,368,0.010000000000000005,-100.0,,,,
358533,episode_end,119.24740944529972,280,0.010000000000000005,-100.0,,,,
358780,episode_end,186.92437525991602,247,0.010000000000000005,-100.0,,,,
359000,train_step,,,0.010000000000000005,-100.0,100000,97.99894714355469,-99.31123352050781,5.48365592956543
359119,episode_end,128.2534369539067,339,0.010000000000000005,-100.0,,,,
359392,episode_end,210.4114900688681,273,0.010000000000000005,-100.0,,,,
359624,episode_end,180.97473495522678,232,0.010000000000000005,-100.0,,,,
359872,episode_end,179.76087501859973,248,0.010000000000000005,-100.0,,,,
360000,train_step,,,0.010000000000000005,-100.0,100000,275.4681396484375,-93.19131469726562,5.345361709594727
360041,episode_end,-39.65795804331809,169,0.010000000000000005,-100.0,,,,
360286,episode_end,166.50216593106825,245,0.010000000000000005,-100.0,,,,
360589,episode_end,154.99166464623647,303,0.010000000000000005,-100.0,,,,
360851,episode_end,164.7868060441477,262,0.010000000000000005,-100.0,,,,
361000,train_step,,,0.010000000000000005,-100.0,100000,14.350635528564453,-93.69253540039062,5.2486701011657715
361151,episode_end,180.97153500351817,300,0.010000000000000005,-100.0,,,,
361418,episode_end,206.39659526101207,267,0.010000000000000005,-100.0,,,,
361695,episode_end,121.00737374217837,277,0.010000000000000005,-100.0,,,,
361977,episode_end,169.40186942072256,282,0.010000000000000005,-100.0,,,,
362000,train_step,,,0.010000000000000005,-100.0,100000,58.57213592529297,-88.1534423828125,5.26554536819458
362313,episode_end,172.1678703671887,336,0.010000000000000005,-100.0,,,,
362548,episode_end,145.5835629708996,235,0.010000000000000005,-100.0,,,,
362961,episode_end,25.165862364833842,413,0.010000000000000005,-100.0,,,,
363000,train_step,,,0.010000000000000005,-100.0,100000,113.42425537109375,-94.7082748413086,5.691569805145264
363282,episode_end,135.11282965435782,321,0.010000000000000005,-100.0,,,,
363533,episode_end,139.78482197820412,251,0.010000000000000005,-100.0,,,,
363909,episode_end,157.25830631336933,376,0.010000000000000005,-100.0,,,,
364000,train_step,,,0.010000000000000005,-100.0,100000,84.16522216796875,-87.02488708496094,5.381270408630371
364119,episode_end,138.78611421995575,210,0.010000000000000005,-100.0,,,,
364387,episode_end,177.45842774466556,268,0.010000000000000005,-100.0,,,,
364592,episode_end,172.0097101876808,205,0.010000000000000005,-100.0,,,,
364867,episode_end,91.22442890225348,275,0.010000000000000005,-100.0,,,,
365000,train_step,,,0.010000000000000005,-100.0,100000,308.1541748046875,-87.16795349121094,5.489258766174316
365123,episode_end,126.9397248275886,256,0.010000000000000005,-100.0,,,,
365420,episode_end,168.54687922008824,297,0.010000000000000005,-100.0,,,,
365612,episode_end,120.15553493172423,192,0.010000000000000005,-100.0,,,,
365877,episode_end,181.5373349359166,265,0.010000000000000005,-100.0,,,,
366000,train_step,,,0.010000000000000005,-100.0,100000,24.375444412231445,-89.11844635009766,5.3865580558776855
366109,episode_end,196.15369396166463,232,0.010000000000000005,-100.0,,,,
366396,episode_end,164.24065508391732,287,0.010000000000000005,-100.0,,,,
366681,episode_end,160.71155909436254,285,0.010000000000000005,-100.0,,,,
366925,episode_end,156.97101348588905,244,0.010000000000000005,-100.0,,,,
367000,train_step,,,0.010000000000000005,-100.0,100000,86.47276306152344,-91.94627380371094,5.435957908630371
367098,episode_end,165.60056882846925,173,0.010000000000000005,-100.0,,,,
367383,episode_end,165.3926600614624,285,0.010000000000000005,-100.0,,,,
367649,episode_end,128.31944351408708,266,0.010000000000000005,-100.0,,,,
368000,train_step,,,0.010000000000000005,-100.0,100000,22.807762145996094,-87.24177551269531,5.805188179016113
368068,episode_end,157.0333852355446,419,0.010000000000000005,-100.0,,,,
368341,episode_end,177.66420713546205,273,0.010000000000000005,-100.0,,,,
369000,train_step,,,0.010000000000000005,-100.0,100000,64.61196899414062,-89.68180847167969,5.175590515136719
369162,episode_end,58.508989400970904,821,0.010000000000000005,-100.0,,,,
369525,episode_end,117.53210609086732,363,0.010000000000000005,-100.0,,,,
369750,episode_end,121.3561625704173,225,0.010000000000000005,-100.0,,,,
370000,train_step,,,0.010000000000000005,-100.0,100000,142.4782257080078,-86.94459533691406,4.978847503662109
370750,episode_end,-234.68651027146296,1000,0.010000000000000005,-100.0,,,,
370978,episode_end,164.08474466820473,228,0.010000000000000005,-100.0,,,,
371000,train_step,,,0.010000000000000005,-100.0,100000,135.0602569580078,-88.74050903320312,5.226715087890625
371268,episode_end,159.90817241211772,290,0.010000000000000005,-100.0,,,,
371983,episode_end,17.25099911589045,715,0.010000000000000005,-100.0,,,,
372000,train_step,,,0.010000000000000005,-100.0,100000,152.80516052246094,-86.52224731445312,5.741732120513916
372266,episode_end,182.15407686774142,283,0.010000000000000005,-100.0,,,,
372729,episode_end,239.1579258445997,463,0.010000000000000005,-100.0,,,,
373000,train_step,,,0.010000000000000005,-100.0,100000,64.23566436767578,-86.81510925292969,5.414806365966797
373018,episode_end,170.60343887102138,289,0.010000000000000005,-100.0,,,,
373891,episode_end,54.66944165201344,873,0.010000000000000005,-100.0,,,,
374000,train_step,,,0.010000000000000005,-100.0,100000,88.30244445800781,-86.32804870605469,5.646034240722656
374075,episode_end,158.82347568490627,184,0.010000000000000005,-100.0,,,,
374312,episode_end,214.9219646466621,237,0.010000000000000005,-100.0,,,,
374536,episode_end,167.46201619597218,224,0.010000000000000005,-100.0,,,,
375000,train_step,,,0.010000000000000005,-100.0,100000,212.17849731445312,-83.27887725830078,5.789328575134277
375110,episode_end,150.6211437232626,574,0.010000000000000005,-100.0,,,,
375331,episode_end,157.3716354356079,221,0.010000000000000005,-100.0,,,,
376000,train_step,,,0.010000000000000005,-100.0,100000,30.782541275024414,-84.31060028076172,5.58592414855957
376263,episode_end,-20.964915150123844,932,0.010000000000000005,-100.0,,,,
376392,episode_end,-87.20089791415126,129,0.010000000000000005,-100.0,,,,
376580,episode_end,160.45188656528592,188,0.010000000000000005,-100.0,,,,
376805,episode_end,178.47603643352122,225,0.010000000000000005,-100.0,,,,
376944,episode_end,-83.2421894867866,139,0.010000000000000005,-100.0,,,,
377000,train_step,,,0.010000000000000005,-100.0,100000,32.08842086791992,-87.7244873046875,5.710838317871094
377143,episode_end,123.96595287973796,199,0.010000000000000005,-100.0,,,,
377471,episode_end,187.5309800588168,328,0.010000000000000005,-100.0,,,,
378000,train_step,,,0.010000000000000005,-100.0,100000,425.873291015625,-89.0552978515625,5.885027885437012
378251,episode_end,-320.40881951217636,780,0.010000000000000005,-100.0,,,,
378669,episode_end,111.78250465357725,418,0.010000000000000005,-100.0,,,,
379000,train_step,,,0.010000000000000005,-100.0,100000,102.81915283203125,-86.34027099609375,5.7960286140441895
379317,episode_end,101.95217307086982,648,0.010000000000000005,-100.0,,,,
379889,episode_end,237.32853976243985,572,0.010000000000000005,-100.0,,,,
380000,train_step,,,0.010000000000000005,-100.0,100000,83.0945816040039,-84.96343231201172,5.614801406860352
380151,episode_end,142.3662078988854,262,0.010000000000000005,-100.0,,,,
380357,episode_end,186.23184561187398,206,0.010000000000000005,-100.0,,,,
380615,episode_end,154.52391690958314,258,0.010000000000000005,-100.0,,,,
380861,episode_end,151.3478370553615,246,0.010000000000000005,-100.0,,,,
381000,train_step,,,0.010000000000000005,-100.0,100000,68.38448333740234,-87.5366439819336,5.921927452087402
381042,episode_end,178.32894576590317,181,0.010000000000000005,-100.0,,,,
381264,episode_end,156.50547988597964,222,0.010000000000000005,-100.0,,,,
381487,episode_end,187.2845563322436,223,0.010000000000000005,-100.0,,,,
382000,train_step,,,0.010000000000000005,-100.0,100000,87.22673034667969,-86.826416015625,6.179780006408691
382057,episode_end,164.16319644745374,570,0.010000000000000005,-100.0,,,,
382311,episode_end,193.96733360426913,254,0.010000000000000005,-100.0,,,,
382543,episode_end,155.66757184252572,232,0.010000000000000005,-100.0,,,,
382769,episode_end,126.61341821024686,226,0.010000000000000005,-100.0,,,,
383000,train_step,,,0.010000000000000005,-100.0,100000,83.25569915771484,-80.41372680664062,5.83705472946167
383109,episode_end,202.04063702299297,340,0.010000000000000005,-100.0,,,,
383425,episode_end,220.95120668743573,316,0.010000000000000005,-100.0,,,,
383658,episode_end,308.01671595770244,233,0.010000000000000005,-100.0,,,,
383953,episode_end,275.5910033607974,295,0.010000000000000005,-100.0,,,,
384000,train_step,,,0.010000000000000005,-100.0,100000,31.1324520111084,-87.64698028564453,5.703398704528809
384442,episode_end,174.22190407186514,489,0.010000000000000005,-100.0,,,,
385000,train_step,,,0.010000000000000005,-100.0,100000,41.403350830078125,-96.75115966796875,6.129986763000488
385442,episode_end,8.679155243813769,1000,0.010000000000000005,-100.0,,,,
385839,episode_end,249.00092894015685,397,0.010000000000000005,-100.0,,,,
386000,train_step,,,0.010000000000000005,-100.0,100000,66.98782348632812,-90.874755859375,5.980851173400879
386332,episode_end,223.4149572413537,493,0.010000000000000005,-100.0,,,,
386558,episode_end,185.9600015707354,226,0.010000000000000005,-100.0,,,,
386771,episode_end,144.94638080259128,213,0.010000000000000005,-100.0,,,,
387000,train_step,,,0.010000000000000005,-100.0,100000,22.43785858154297,-85.40829467773438,5.579869747161865
387037,episode_end,233.9988981809342,266,0.010000000000000005,-100.0,,,,
387243,episode_end,194.60718238433094,206,0.010000000000000005,-100.0,,,,
387603,episode_end,126.12581094656093,360,0.010000000000000005,-100.0,,,,
387771,episode_end,158.47519198320407,168,0.010000000000000005,-100.0,,,,
388000,train_step,,,0.010000000000000005,-100.0,100000,84.89622497558594,-83.44412994384766,5.779058456420898
388169,episode_end,210.50641237453044,398,0.010000000000000005,-100.0,,,,
388654,episode_end,234.1599509478867,485,0.010000000000000005,-100.0,,,,
388849,episode_end,176.7472071043585,195,0.010000000000000005,-100.0,,,,
389000,train_step,,,0.010000000000000005,-100.0,100000,23.224624633789062,-84.11875915527344,5.627505302429199
389019,episode_end,144.4546486299332,170,0.010000000000000005,-100.0,,,,
389206,episode_end,184.13513568823402,187,0.010000000000000005,-100.0,,,,
389774,episode_end,188.2070654534978,568,0.010000000000000005,-100.0,,,,
390000,train_step,,,0.010000000000000005,-100.0,100000,67.19878387451172,-83.56549072265625,5.84704065322876
390374,episode_end,108.24999725609044,600,0.010000000000000005,-100.0,,,,
390672,episode_end,283.5347912885521,298,0.010000000000000005,-100.0,,,,
390838,episode_end,154.74039733432903,166,0.010000000000000005,-100.0,,,,
390998,episode_end,137.10887856971647,160,0.010000000000000005,-100.0,,,,
391000,train_step,,,0.010000000000000005,-100.0,100000,93.47940063476562,-85.78916931152344,5.787322998046875
391305,episode_end,127.9243561850398,307,0.010000000000000005,-100.0,,,,
391528,episode_end,278.32305926521383,223,0.010000000000000005,-100.0,,,,
391961,episode_end,205.49846614388326,433,0.010000000000000005,-100.0,,,,
392000,train_step,,,0.010000000000000005,-100.0,100000,59.79840087890625,-82.60578155517578,5.619917869567871
392177,episode_end,186.42914919079288,216,0.010000000000000005,-100.0,,,,
393000,train_step,,,0.010000000000000005,-100.0,100000,84.62626647949219,-84.58828735351562,6.027774810791016
393177,episode_end,-155.51734688318146,1000,0.010000000000000005,-100.0,,,,
393387,episode_end,270.5802269510615,210,0.010000000000000005,-100.0,,,,
393715,episode_end,227.54507934570188,328,0.010000000000000005,-100.0,,,,
394000,train_step,,,0.010000000000000005,-100.0,100000,41.11564636230469,-84.8469467163086,5.837015628814697
394052,episode_end,185.2296815256953,337,0.010000000000000005,-100.0,,,,
395000,train_step,,,0.010000000000000005,-100.0,100000,34.35391616821289,-81.43601989746094,5.453317165374756
395052,episode_end,-191.84551137487645,1000,0.010000000000000005,-100.0,,,,
395319,episode_end,152.8058741253017,267,0.010000000000000005,-100.0,,,,
395755,episode_end,116.74499663062736,436,0.010000000000000005,-100.0,,,,
395977,episode_end,251.3869445327865,222,0.010000000000000005,-100.0,,,,
396000,train_step,,,0.010000000000000005,-100.0,100000,22.817270278930664,-81.91503143310547,6.122408866882324
396232,episode_end,215.98818563141072,255,0.010000000000000005,-100.0,,,,
396483,episode_end,158.67465920116962,251,0.010000000000000005,-100.0,,,,
397000,train_step,,,0.010000000000000005,-100.0,100000,21.292373657226562,-83.00186157226562,5.802595615386963
397263,episode_end,85.23797177316145,780,0.010000000000000005,-100.0,,,,
397492,episode_end,174.4906475407393,229,0.010000000000000005,-100.0,,,,
397758,episode_end,145.01427787986822,266,0.010000000000000005,-100.0,,,,
398000,train_step,,,0.010000000000000005,-100.0,100000,38.8648681640625,-81.83647155761719,5.567243576049805
398010,episode_end,195.3169368307336,252,0.010000000000000005,-100.0,,,,
398169,episode_end,151.99326260792526,159,0.010000000000000005,-100.0,,,,
399000,train_step,,,0.010000000000000005,-100.0,100000,56.99675750732422,-79.51374816894531,5.882608413696289
399169,episode_end,-147.89865574218084,1000,0.010000000000000005,-100.0,,,,
399367,episode_end,165.30745419500707,198,0.010000000000000005,-100.0,,,,
399621,episode_end,188.11378675441955,254,0.010000000000000005,-100.0,,,,
399851,episode_end,154.10397291539698,230,0.010000000000000005,-100.0,,,,
400000,train_step,,,0.010000000000000005,-100.0,100000,18.686750411987305,-78.79684448242188,5.628641128540039
400132,episode_end,168.25707945396226,281,0.010000000000000005,-100.0,,,,
400356,episode_end,211.3450592110302,224,0.010000000000000005,-100.0,,,,
400580,episode_end,156.40325893361828,224,0.010000000000000005,-100.0,,,,
400772,episode_end,168.46069158036147,192,0.010000000000000005,-100.0,,,,
400957,episode_end,-41.45686822492206,185,0.010000000000000005,-100.0,,,,
401000,train_step,,,0.010000000000000005,-100.0,100000,20.640045166015625,-81.185302734375,5.640911102294922
401218,episode_end,172.02942828666704,261,0.010000000000000005,-100.0,,,,
401434,episode_end,197.88665201214107,216,0.010000000000000005,-100.0,,,,
401649,episode_end,155.98324099064507,215,0.010000000000000005,-100.0,,,,
401864,episode_end,170.20376606915568,215,0.010000000000000005,-100.0,,,,
402000,train_step,,,0.010000000000000005,-100.0,100000,25.489734649658203,-79.99530792236328,5.548232078552246
402113,episode_end,160.42530980978154,249,0.010000000000000005,-100.0,,,,
402414,episode_end,174.66640507044377,301,0.010000000000000005,-100.0,,,,
402661,episode_end,197.20340584890937,247,0.010000000000000005,-100.0,,,,
402832,episode_end,164.80730396853636,171,0.010000000000000005,-100.0,,,,
403000,train_step,,,0.010000000000000005,-100.0,100000,154.1217803955078,-78.33030700683594,5.923639297485352
403020,episode_end,150.66731612435973,188,0.010000000000000005,-100.0,,,,
403254,episode_end,156.9435629153959,234,0.010000000000000005,-100.0,,,,
403496,episode_end,160.88008141326955,242,0.010000000000000005,-100.0,,,,
403678,episode_end,152.21295499648465,182,0.010000000000000005,-100.0,,,,
404000,episode_end,167.71344863374685,322,0.010000000000000005,-100.0,,,,
404000,train_step,,,0.010000000000000005,-100.0,100000,46.52310562133789,-74.62959289550781,5.39777946472168
404241,episode_end,262.1677288137736,241,0.010000000000000005,-100.0,,,,
404479,episode_end,167.9108791641641,238,0.010000000000000005,-100.0,,,,
404739,episode_end,235.28807719552165,260,0.010000000000000005,-100.0,,,,
405000,train_step,,,0.010000000000000005,-100.0,100000,15.878331184387207,-76.80841064453125,5.340792655944824
405739,episode_end,-130.31220374520998,1000,0.010000000000000005,-100.0,,,,
405980,episode_end,228.00585885831913,241,0.010000000000000005,-100.0,,,,
406000,train_step,,,0.010000000000000005,-100.0,100000,25.107929229736328,-70.98074340820312,5.675731658935547
406167,episode_end,194.22294271669344,187,0.010000000000000005,-100.0,,,,
406500,episode_end,170.40513532981396,333,0.010000000000000005,-100.0,,,,
406821,episode_end,140.08689542778706,321,0.010000000000000005,-100.0,,,,
407000,train_step,,,0.010000000000000005,-100.0,100000,22.148834228515625,-72.9034423828125,5.312623977661133
407096,episode_end,167.1649891669704,275,0.010000000000000005,-100.0,,,,
407311,episode_end,149.74324858510903,215,0.010000000000000005,-100.0,,,,
407580,episode_end,-60.86705265686387,269,0.010000000000000005,-100.0,,,,
407817,episode_end,187.47637714701762,237,0.010000000000000005,-100.0,,,,
408000,train_step,,,0.010000000000000005,-100.0,100000,109.65096282958984,-75.49823760986328,5.684451103210449
408056,episode_end,118.22845324307173,239,0.010000000000000005,-100.0,,,,
408352,episode_end,132.50801709060988,296,0.010000000000000005,-100.0,,,,
408559,episode_end,160.3126495142824,207,0.010000000000000005,-100.0,,,,
408838,episode_end,178.56174266842277,279,0.010000000000000005,-100.0,,,,
409000,train_step,,,0.010000000000000005,-100.0,100000,108.68818664550781,-74.20227813720703,5.400378704071045
409294,episode_end,250.50301738658086,456,0.010000000000000005,-100.0,,,,
409951,episode_end,234.7291584807447,657,0.010000000000000005,-100.0,,,,
410000,train_step,,,0.010000000000000005,-100.0,100000,72.06185150146484,-76.14103698730469,5.782675266265869
410081,episode_end,-36.415741392113446,130,0.010000000000000005,-100.0,,,,
410354,episode_end,216.6336856811212,273,0.010000000000000005,-100.0,,,,
410544,episode_end,203.68197821090442,190,0.010000000000000005,-100.0,,,,
410749,episode_end,206.61605089188154,205,0.010000000000000005,-100.0,,,,
410938,episode_end,194.19524374510843,189,0.010000000000000005,-100.0,,,,
411000,train_step,,,0.010000000000000005,-100.0,100000,82.50570678710938,-71.37373352050781,5.850249290466309
411146,episode_end,229.23308746187993,208,0.010000000000000005,-100.0,,,,
411373,episode_end,227.25622093838535,227,0.010000000000000005,-100.0,,,,
411656,episode_end,259.33335403972353,283,0.010000000000000005,-100.0,,,,
411858,episode_end,142.82338179035787,202,0.010000000000000005,-100.0,,,,
412000,train_step,,,0.010000000000000005,-100.0,100000,65.8806381225586,-69.99292755126953,5.759504795074463
412155,episode_end,143.5044186037058,297,0.010000000000000005,-100.0,,,,
412418,episode_end,227.97575078892754,263,0.010000000000000005,-100.0,,,,
412721,episode_end,272.90605773563914,303,0.010000000000000005,-100.0,,,,
413000,train_step,,,0.010000000000000005,-100.0,100000,12.600414276123047,-71.77594757080078,5.753164768218994
413048,episode_end,201.32356869205253,327,0.010000000000000005,-100.0,,,,
413593,episode_end,205.89660441113193,545,0.010000000000000005,-100.0,,,,
414000,train_step,,,0.010000000000000005,-100.0,100000,112.149169921875,-72.8547592163086,5.752756118774414
414372,episode_end,232.68747036128812,779,0.010000000000000005,-100.0,,,,
414701,episode_end,180.13932765187252,329,0.010000000000000005,-100.0,,,,
414937,episode_end,189.97208322631315,236,0.010000000000000005,-100.0,,,,
415000,train_step,,,0.010000000000000005,-100.0,100000,153.7792205810547,-71.75740814208984,5.743877410888672
415937,episode_end,-104.13368327140466,1000,0.010000000000000005,-100.0,,,,
416000,train_step,,,0.010000000000000005,-100.0,100000,75.63241577148438,-68.5279541015625,5.796764850616455
416937,episode_end,-135.70288980535534,1000,0.010000000000000005,-100.0,,,,
417000,train_step,,,0.010000000000000005,-100.0,100000,108.91830444335938,-67.14729309082031,5.975732803344727
417260,episode_end,291.8239581830105,323,0.010000000000000005,-100.0,,,,
418000,train_step,,,0.010000000000000005,-100.0,100000,17.06553077697754,-67.92767333984375,5.783456802368164
418260,episode_end,-116.3710838550272,1000,0.010000000000000005,-100.0,,,,
419000,train_step,,,0.010000000000000005,-100.0,100000,16.063396453857422,-65.73066711425781,5.332669258117676
419260,episode_end,-95.94615333383858,1000,0.010000000000000005,-100.0,,,,
419769,episode_end,110.01107514012787,509,0.010000000000000005,-100.0,,,,
419857,episode_end,20.16885450020429,88,0.010000000000000005,-100.0,,,,
420000,train_step,,,0.010000000000000005,-100.0,100000,16.930007934570312,-68.89595031738281,5.4754958152771
420075,episode_end,138.32897243604037,218,0.010000000000000005,-100.0,,,,
420289,episode_end,203.8639363470368,214,0.010000000000000005,-100.0,,,,
420977,episode_end,189.91411898409498,688,0.010000000000000005,-100.0,,,,
421000,train_step,,,0.010000000000000005,-100.0,100000,303.2434997558594,-66.83352661132812,5.714237213134766
421176,episode_end,184.24561326501026,199,0.010000000000000005,-100.0,,,,
421455,episode_end,183.51675745895966,279,0.010000000000000005,-100.0,,,,
421645,episode_end,152.4437448953642,190,0.010000000000000005,-100.0,,,,
421982,episode_end,163.4327247488215,337,0.010000000000000005,-100.0,,,,
422000,train_step,,,0.010000000000000005,-100.0,100000,23.620525360107422,-65.48483276367188,5.575044631958008
422249,episode_end,159.8475488616308,267,0.010000000000000005,-100.0,,,,
422426,episode_end,148.35903136298447,177,0.010000000000000005,-100.0,,,,
422596,episode_end,152.26217444156762,170,0.010000000000000005,-100.0,,,,
422836,episode_end,283.8836891366598,240,0.010000000000000005,-100.0,,,,
423000,train_step,,,0.010000000000000005,-100.0,100000,38.530269622802734,-66.67340087890625,5.8256096839904785
423108,episode_end,250.82632182595518,272,0.010000000000000005,-100.0,,,,
423273,episode_end,234.77248573804138,165,0.010000000000000005,-100.0,,,,
423421,episode_end,165.64477116583643,148,0.010000000000000005,-100.0,,,,
423618,episode_end,139.63713022459825,197,0.010000000000000005,-100.0,,,,
423927,episode_end,225.51287148078774,309,0.010000000000000005,-100.0,,,,
424000,train_step,,,0.010000000000000005,-100.0,100000,38.098731994628906,-66.44102478027344,5.742069244384766
424214,episode_end,281.4578350064716,287,0.010000000000000005,-100.0,,,,
424522,episode_end,293.55487168309253,308,0.010000000000000005,-100.0,,,,
424789,episode_end,254.31569484781838,267,0.010000000000000005,-100.0,,,,
425000,train_step,,,0.010000000000000005,-100.0,100000,18.715322494506836,-67.54389953613281,5.668032169342041
425087,episode_end,139.60438280816618,298,0.010000000000000005,-100.0,,,,
425356,episode_end,242.81876510845905,269,0.010000000000000005,-100.0,,,,
426000,train_step,,,0.010000000000000005,-100.0,100000,16.58489990234375,-64.621826171875,5.4543304443359375
426033,episode_end,155.58044035998165,677,0.010000000000000005,-100.0,,,,
426395,episode_end,192.30817396507518,362,0.010000000000000005,-100.0,,,,
426961,episode_end,113.04633844098383,566,0.010000000000000005,-100.0,,,,
427000,train_step,,,0.010000000000000005,-100.0,100000,55.78430938720703,-67.88667297363281,5.383358478546143
427592,episode_end,218.69225158720602,631,0.010000000000000005,-100.0,,,,
427822,episode_end,202.69214303663918,230,0.010000000000000005,-100.0,,,,
428000,train_step,,,0.010000000000000005,-100.0,100000,47.255287170410156,-61.86196517944336,5.505738735198975
428466,episode_end,59.10087279305573,644,0.010000000000000005,-100.0,,,,
428740,episode_end,256.66902443741003,274,0.010000000000000005,-100.0,,,,
428935,episode_end,321.2353729457889,195,0.010000000000000005,-100.0,,,,
429000,train_step,,,0.010000000000000005,-100.0,100000,46.867881774902344,-68.79711151123047,5.604220390319824
429072,episode_end,289.18699534324674,137,0.010000000000000005,-100.0,,,,
429388,episode_end,278.0622701209465,316,0.010000000000000005,-100.0,,,,
429531,episode_end,278.7154311001004,143,0.010000000000000005,-100.0,,,,
430000,train_step,,,0.010000000000000005,-100.0,100000,41.438255310058594,-66.04022216796875,5.501506805419922
430261,episode_end,195.0030127764013,730,0.010000000000000005,-100.0,,,,
430466,episode_end,199.84292534231489,205,0.010000000000000005,-100.0,,,,
430677,episode_end,207.68151380538842,211,0.010000000000000005,-100.0,,,,
430853,episode_end,239.4023308611995,176,0.010000000000000005,-100.0,,,,
431000,train_step,,,0.010000000000000005,-100.0,100000,90.22419738769531,-64.68578338623047,5.671648025512695
431168,episode_end,275.830527758165,315,0.010000000000000005,-100.0,,,,
431402,episode_end,121.30750401307576,234,0.010000000000000005,-100.0,,,,
431628,episode_end,240.47899851792823,226,0.010000000000000005,-100.0,,,,
431809,episode_end,286.00718111533297,181,0.010000000000000005,-100.0,,,,
432000,train_step,,,0.010000000000000005,-100.0,100000,21.811708450317383,-68.38353729248047,5.402464866638184
432039,episode_end,265.07415193362164,230,0.010000000000000005,-100.0,,,,
433000,train_step,,,0.010000000000000005,-100.0,100000,16.415355682373047,-67.00927734375,5.474728584289551
433039,episode_end,-103.57014729197456,1000,0.010000000000000005,-100.0,,,,
433215,episode_end,171.417068618987,176,0.010000000000000005,-100.0,,,,
433411,episode_end,176.09778434644738,196,0.010000000000000005,-100.0,,,,
433733,episode_end,194.2094883255608,322,0.010000000000000005,-100.0,,,,
433962,episode_end,198.88711715104694,229,0.010000000000000005,-100.0,,,,
434000,train_step,,,0.010000000000000005,-100.0,100000,15.88279914855957,-69.73136138916016,5.888970851898193
434227,episode_end,183.55021265624723,265,0.010000000000000005,-100.0,,,,
434423,episode_end,188.8204194211055,196,0.010000000000000005,-100.0,,,,
434624,episode_end,307.9755344693535,201,0.010000000000000005,-100.0,,,,
434864,episode_end,250.49976636595,240,0.010000000000000005,-100.0,,,,
435000,train_step,,,0.010000000000000005,-100.0,100000,136.02267456054688,-68.16630554199219,5.56293249130249
435054,episode_end,162.20759022600942,190,0.010000000000000005,-100.0,,,,
435326,episode_end,123.20030611648608,272,0.010000000000000005,-100.0,,,,
435526,episode_end,-90.55348287991288,200,0.010000000000000005,-100.0,,,,
435748,episode_end,272.7745990260505,222,0.010000000000000005,-100.0,,,,
436000,train_step,,,0.010000000000000005,-100.0,100000,94.74790954589844,-68.6451644897461,5.84547233581543
436022,episode_end,157.1469693801489,274,0.010000000000000005,-100.0,,,,
436258,episode_end,272.6731175199111,236,0.010000000000000005,-100.0,,,,
436646,episode_end,257.86034697713603,388,0.010000000000000005,-100.0,,,,
436871,episode_end,193.34149004437063,225,0.010000000000000005,-100.0,,,,
437000,train_step,,,0.010000000000000005,-100.0,100000,18.88161849975586,-69.240234375,5.56779670715332
437082,episode_end,180.9084120194426,211,0.010000000000000005,-100.0,,,,
437260,episode_end,275.69101682338777,178,0.010000000000000005,-100.0,,,,
437485,episode_end,306.6734437470056,225,0.010000000000000005,-100.0,,,,
437976,episode_end,110.71761745877112,491,0.010000000000000005,-100.0,,,,
438000,train_step,,,0.010000000000000005,-100.0,100000,23.72620391845703,-69.09418487548828,5.5648345947265625
438204,episode_end,293.128847094816,228,0.010000000000000005,-100.0,,,,
438432,episode_end,285.73975222854324,228,0.010000000000000005,-100.0,,,,
438644,episode_end,297.0440928797824,212,0.010000000000000005,-100.0,,,,
438842,episode_end,260.9907901502572,198,0.010000000000000005,-100.0,,,,
439000,train_step,,,0.010000000000000005,-100.0,100000,89.00816345214844,-68.3155288696289,5.261976718902588
439052,episode_end,159.74957339309304,210,0.010000000000000005,-100.0,,,,
439317,episode_end,299.1040665745009,265,0.010000000000000005,-100.0,,,,
439551,episode_end,277.1618657970912,234,0.010000000000000005,-100.0,,,,
439832,episode_end,297.216201257217,281,0.010000000000000005,-100.0,,,,
440000,train_step,,,0.010000000000000005,-100.0,100000,57.02696990966797,-67.82748413085938,5.263517379760742
440107,episode_end,183.48911584905065,275,0.010000000000000005,-100.0,,,,
440562,episode_end,84.61084649533407,455,0.010000000000000005,-100.0,,,,
441000,train_step,,,0.010000000000000005,-100.0,100000,77.69198608398438,-67.28052520751953,5.369672775268555
441004,episode_end,138.34576723534397,442,0.010000000000000005,-100.0,,,,
441341,episode_end,191.25710935681815,337,0.010000000000000005,-100.0,,,,
441489,episode_end,165.01781513443424,148,0.010000000000000005,-100.0,,,,
441755,episode_end,291.2787340900291,266,0.010000000000000005,-100.0,,,,
442000,train_step,,,0.010000000000000005,-100.0,100000,18.786842346191406,-68.29182434082031,5.273754119873047
442219,episode_end,179.80286593433448,464,0.010000000000000005,-100.0,,,,
442467,episode_end,306.21630750046677,248,0.010000000000000005,-100.0,,,,
442727,episode_end,264.9466865823716,260,0.010000000000000005,-100.0,,,,
443000,train_step,,,0.010000000000000005,-100.0,100000,26.633808135986328,-64.09171295166016,5.449546813964844
443065,episode_end,155.4566205685405,338,0.010000000000000005,-100.0,,,,
443368,episode_end,292.7626455519475,303,0.010000000000000005,-100.0,,,,
443554,episode_end,292.77688870458417,186,0.010000000000000005,-100.0,,,,
443648,episode_end,-88.13366258080967,94,0.010000000000000005,-100.0,,,,
444000,train_step,,,0.010000000000000005,-100.0,100000,22.142532348632812,-66.63577270507812,5.310217380523682
444234,episode_end,187.07574456941757,586,0.010000000000000005,-100.0,,,,
444463,episode_end,272.3624321477762,229,0.010000000000000005,-100.0,,,,
444652,episode_end,270.78704322077914,189,0.010000000000000005,-100.0,,,,
444860,episode_end,302.61442706248806,208,0.010000000000000005,-100.0,,,,
445000,train_step,,,0.010000000000000005,-100.0,100000,85.90464782714844,-69.4844970703125,4.971654415130615
445066,episode_end,252.5531456599014,206,0.010000000000000005,-100.0,,,,
445203,episode_end,158.95304115717022,137,0.010000000000000005,-100.0,,,,
445401,episode_end,309.67694847422104,198,0.010000000000000005,-100.0,,,,
445662,episode_end,161.57527365487596,261,0.010000000000000005,-100.0,,,,
445874,episode_end,305.5709509509885,212,0.010000000000000005,-100.0,,,,
446000,train_step,,,0.010000000000000005,-100.0,100000,79.21145629882812,-68.4217758178711,5.3627543449401855
446086,episode_end,176.47285268764858,212,0.010000000000000005,-100.0,,,,
446258,episode_end,246.65706247699933,172,0.010000000000000005,-100.0,,,,
446448,episode_end,299.73347671764304,190,0.010000000000000005,-100.0,,,,
446667,episode_end,277.5909556261237,219,0.010000000000000005,-100.0,,,,
446888,episode_end,268.6546263607202,221,0.010000000000000005,-100.0,,,,
447000,train_step,,,0.010000000000000005,-100.0,100000,12.98321533203125,-67.59423828125,5.149744033813477
447088,episode_end,276.04465044515666,200,0.010000000000000005,-100.0,,,,
447327,episode_end,161.10767802111474,239,0.010000000000000005,-100.0,,,,
447528,episode_end,284.70425447934485,201,0.010000000000000005,-100.0,,,,
447781,episode_end,255.08799275543555,253,0.010000000000000005,-100.0,,,,
447982,episode_end,309.2789963757368,201,0.010000000000000005,-100.0,,,,
448000,train_step,,,0.010000000000000005,-100.0,100000,13.860435485839844,-66.1963882446289,5.1216301918029785
448982,episode_end,-10.619281863302055,1000,0.010000000000000005,-100.0,,,,
449000,train_step,,,0.010000000000000005,-100.0,100000,28.857986450195312,-70.52336883544922,5.358320236206055
449391,episode_end,246.16505716299028,409,0.010000000000000005,-100.0,,,,
449644,episode_end,263.6997090121229,253,0.010000000000000005,-100.0,,,,
449754,episode_end,-374.83793746414506,110,0.010000000000000005,-100.0,,,,
450000,train_step,,,0.010000000000000005,-100.0,100000,90.00161743164062,-70.39494323730469,5.40938663482666
450052,episode_end,152.00866364788845,298,0.010000000000000005,-100.0,,,,
450597,episode_end,114.74859379833322,545,0.010000000000000005,-100.0,,,,
451000,train_step,,,0.010000000000000005,-100.0,100000,16.3133602142334,-63.511878967285156,5.617215156555176
451018,episode_end,188.60779530309554,421,0.010000000000000005,-100.0,,,,
451362,episode_end,-483.2264671870603,344,0.010000000000000005,-100.0,,,,
451791,episode_end,121.72533443259678,429,0.010000000000000005,-100.0,,,,
452000,train_step,,,0.010000000000000005,-100.0,100000,63.60957336425781,-70.62127685546875,5.676321506500244
452122,episode_end,225.0768324690969,331,0.010000000000000005,-100.0,,,,
452545,episode_end,272.78517225461974,423,0.010000000000000005,-100.0,,,,
453000,train_step,,,0.010000000000000005,-100.0,100000,14.099699020385742,-67.93087768554688,5.14858341217041
453043,episode_end,205.15370075734313,498,0.010000000000000005,-100.0,,,,
453262,episode_end,274.28287316958915,219,0.010000000000000005,-100.0,,,,
453603,episode_end,226.42626925319274,341,0.010000000000000005,-100.0,,,,
454000,train_step,,,0.010000000000000005,-100.0,100000,34.84379577636719,-67.7000503540039,5.320916175842285
454058,episode_end,199.85464336727028,455,0.010000000000000005,-100.0,,,,
454421,episode_end,226.5855047850155,363,0.010000000000000005,-100.0,,,,
454642,episode_end,266.1377884609474,221,0.010000000000000005,-100.0,,,,
454810,episode_end,289.0239001591491,168,0.010000000000000005,-100.0,,,,
455000,train_step,,,0.010000000000000005,-100.0,100000,110.90969848632812,-65.40152740478516,5.565489768981934
455810,episode_end,-75.88415385685008,1000,0.010000000000000005,-100.0,,,,
456000,train_step,,,0.010000000000000005,-100.0,100000,22.44803810119629,-64.7701187133789,5.126357555389404
456810,episode_end,-91.04714656215751,1000,0.010000000000000005,-100.0,,,,
457000,train_step,,,0.010000000000000005,-100.0,100000,33.00593948364258,-66.4556655883789,5.800199508666992
457168,episode_end,212.3504290045791,358,0.010000000000000005,-100.0,,,,
458000,train_step,,,0.010000000000000005,-100.0,100000,21.995254516601562,-70.6689682006836,5.462428092956543
458168,episode_end,-96.01682123085793,1000,0.010000000000000005,-100.0,,,,
459000,train_step,,,0.010000000000000005,-100.0,100000,46.261871337890625,-67.69149780273438,5.430441379547119
459168,episode_end,-90.51883966601126,1000,0.010000000000000005,-100.0,,,,
460000,train_step,,,0.010000000000000005,-100.0,100000,17.165828704833984,-65.40216064453125,5.808548927307129
460168,episode_end,-52.02175792243018,1000,0.010000000000000005,-100.0,,,,
461000,train_step,,,0.010000000000000005,-100.0,100000,18.77250862121582,-65.68632507324219,5.916651725769043
461168,episode_end,-119.50137370022141,1000,0.010000000000000005,-100.0,,,,
462000,train_step,,,0.010000000000000005,-100.0,100000,75.95327758789062,-65.87767028808594,5.631124496459961
462168,episode_end,-140.84635188927763,1000,0.010000000000000005,-100.0,,,,
463000,train_step,,,0.010000000000000005,-100.0,100000,31.14282989501953,-69.12633514404297,6.127760887145996
463168,episode_end,-127.75055431078736,1000,0.010000000000000005,-100.0,,,,
464000,train_step,,,0.010000000000000005,-100.0,100000,45.74126052856445,-65.3933334350586,6.03830099105835
464168,episode_end,-74.06891679481443,1000,0.010000000000000005,-100.0,,,,
465000,train_step,,,0.010000000000000005,-100.0,100000,21.432838439941406,-70.72245788574219,6.088091850280762
465168,episode_end,-90.81148161065036,1000,0.010000000000000005,-100.0,,,,
466000,train_step,,,0.010000000000000005,-100.0,100000,25.36039161682129,-72.44075012207031,5.691137313842773
466168,episode_end,-80.98299156216872,1000,0.010000000000000005,-100.0,,,,
467000,train_step,,,0.010000000000000005,-100.0,100000,13.187488555908203,-72.37350463867188,6.234796524047852
467168,episode_end,-106.39692366996428,1000,0.010000000000000005,-100.0,,,,
468000,train_step,,,0.010000000000000005,-100.0,100000,85.014404296875,-71.4222640991211,6.252340316772461
468168,episode_end,-39.05691895413344,1000,0.010000000000000005,-100.0,,,,
469000,train_step,,,0.010000000000000005,-100.0,100000,21.00799560546875,-71.56333923339844,6.453761577606201
469168,episode_end,-98.31895980462876,1000,0.010000000000000005,-100.0,,,,
469702,episode_end,218.22533525205432,534,0.010000000000000005,-100.0,,,,
470000,train_step,,,0.010000000000000005,-100.0,100000,16.428503036499023,-71.77676391601562,5.838343620300293
470702,episode_end,-101.48019069458879,1000,0.010000000000000005,-100.0,,,,
471000,train_step,,,0.010000000000000005,-100.0,100000,19.596019744873047,-74.50373840332031,6.674389839172363
471702,episode_end,-77.60061445486565,1000,0.010000000000000005,-100.0,,,,
472000,train_step,,,0.010000000000000005,-100.0,100000,16.956371307373047,-72.13082122802734,6.689874172210693
472702,episode_end,-124.48020991591285,1000,0.010000000000000005,-100.0,,,,
473000,train_step,,,0.010000000000000005,-100.0,100000,26.34589958190918,-74.97407531738281,6.412566184997559
473702,episode_end,-102.64405550384174,1000,0.010000000000000005,-100.0,,,,
473949,episode_end,-24.96461451882044,247,0.010000000000000005,-100.0,,,,
474000,train_step,,,0.010000000000000005,-100.0,100000,70.14251708984375,-75.4346694946289,6.543334007263184
474246,episode_end,-299.7498490143285,297,0.010000000000000005,-100.0,,,,
475000,train_step,,,0.010000000000000005,-100.0,100000,23.101327896118164,-76.36245727539062,6.356900691986084
475246,episode_end,-86.32233291549221,1000,0.010000000000000005,-100.0,,,,
476000,train_step,,,0.010000000000000005,-100.0,100000,139.43832397460938,-74.86001586914062,7.722028732299805
476246,episode_end,-82.54682028313917,1000,0.010000000000000005,-100.0,,,,
476377,episode_end,-23.795177710056947,131,0.010000000000000005,-100.0,,,,
477000,train_step,,,0.010000000000000005,-100.0,100000,30.84433364868164,-81.92660522460938,7.5993170738220215
477377,episode_end,-53.93151828333774,1000,0.010000000000000005,-100.0,,,,
478000,train_step,,,0.010000000000000005,-100.0,100000,84.06513977050781,-83.97248840332031,7.166926383972168
478377,episode_end,-19.07108102223396,1000,0.010000000000000005,-100.0,,,,
479000,train_step,,,0.010000000000000005,-100.0,100000,10.774316787719727,-84.18222045898438,6.856293678283691
479312,episode_end,-124.02003353534622,935,0.010000000000000005,-100.0,,,,
479633,episode_end,168.7420012780541,321,0.010000000000000005,-100.0,,,,
480000,train_step,,,0.010000000000000005,-100.0,100000,23.819896697998047,-82.75382995605469,7.011157035827637
480633,episode_end,-84.03016684596743,1000,0.010000000000000005,-100.0,,,,
481000,train_step,,,0.010000000000000005,-100.0,100000,21.44357681274414,-84.42716979980469,7.18340539932251
481633,episode_end,-104.18993826128357,1000,0.010000000000000005,-100.0,,,,
482000,train_step,,,0.010000000000000005,-100.0,100000,18.349517822265625,-83.96743774414062,6.878207206726074
482633,episode_end,-77.55109276340005,1000,0.010000000000000005,-100.0,,,,
483000,train_step,,,0.010000000000000005,-100.0,100000,25.551231384277344,-87.23646545410156,7.17094087600708
483633,episode_end,-82.90209058429873,1000,0.010000000000000005,-100.0,,,,
484000,train_step,,,0.010000000000000005,-100.0,100000,21.939685821533203,-82.72053527832031,6.7500410079956055
484633,episode_end,-98.83393580230329,1000,0.010000000000000005,-100.0,,,,
484887,episode_end,-35.2537152356621,254,0.010000000000000005,-100.0,,,,
485000,train_step,,,0.010000000000000005,-100.0,100000,22.159765243530273,-85.82020568847656,7.0918779373168945
485887,episode_end,-94.96893485631337,1000,0.010000000000000005,-100.0,,,,
486000,train_step,,,0.010000000000000005,-100.0,100000,7.624689102172852,-88.05461120605469,6.225527286529541
486887,episode_end,-84.04386044391447,1000,0.010000000000000005,-100.0,,,,
487000,train_step,,,0.010000000000000005,-100.0,100000,10.773460388183594,-86.84004974365234,6.7916259765625
487887,episode_end,-90.16274394678818,1000,0.010000000000000005,-100.0,,,,
488000,train_step,,,0.010000000000000005,-100.0,100000,8.924320220947266,-85.99102783203125,6.651634693145752
488005,episode_end,-9.867254499413633,118,0.010000000000000005,-100.0,,,,
489000,train_step,,,0.010000000000000005,-100.0,100000,14.620061874389648,-85.38336181640625,7.3852643966674805
489005,episode_end,-48.13348859697669,1000,0.010000000000000005,-100.0,,,,
489131,episode_end,11.890297717070567,126,0.010000000000000005,-100.0,,,,
490000,train_step,,,0.010000000000000005,-100.0,100000,85.78082275390625,-81.9695053100586,6.412424087524414
490131,episode_end,-67.94012402864607,1000,0.010000000000000005,-100.0,,,,
490575,episode_end,159.09163586646167,444,0.010000000000000005,-100.0,,,,
491000,train_step,,,0.010000000000000005,-100.0,100000,94.16140747070312,-80.95765686035156,6.4090142250061035
491154,episode_end,208.47303749404585,579,0.010000000000000005,-100.0,,,,
492000,train_step,,,0.010000000000000005,-100.0,100000,28.308666229248047,-84.7935562133789,7.537149429321289
492154,episode_end,-41.983050939158076,1000,0.010000000000000005,-100.0,,,,
493000,train_step,,,0.010000000000000005,-100.0,100000,60.627689361572266,-85.08403778076172,7.209572792053223
493154,episode_end,-35.30499360117625,1000,0.010000000000000005,-100.0,,,,
493464,episode_end,199.24884806342794,310,0.010000000000000005,-100.0,,,,
494000,train_step,,,0.010000000000000005,-100.0,100000,10.97553539276123,-83.4619140625,7.285887718200684
494464,episode_end,-51.63948140897181,1000,0.010000000000000005,-100.0,,,,
495000,train_step,,,0.010000000000000005,-100.0,100000,39.09569549560547,-86.60234069824219,6.599745273590088
495464,episode_end,-82.85945989674093,1000,0.010000000000000005,-100.0,,,,
496000,train_step,,,0.010000000000000005,-100.0,100000,10.085737228393555,-84.32662963867188,6.956759929656982
496464,episode_end,-69.51082556818926,1000,0.010000000000000005,-100.0,,,,
497000,train_step,,,0.010000000000000005,-100.0,100000,10.635492324829102,-84.26077270507812,7.017635345458984
497464,episode_end,-34.00240444201406,1000,0.010000000000000005,-100.0,,,,
498000,train_step,,,0.010000000000000005,-100.0,100000,20.531938552856445,-82.98675537109375,6.336871147155762
498464,episode_end,-50.91974918612973,1000,0.010000000000000005,-100.0,,,,
498641,episode_end,-2.74768682790652,177,0.010000000000000005,-100.0,,,,
499000,train_step,,,0.010000000000000005,-100.0,100000,14.743901252746582,-82.57911682128906,6.2246198654174805
499641,episode_end,-54.40868707768167,1000,0.010000000000000005,-100.0,,,,
500000,train_step,,,0.010000000000000005,-100.0,100000,49.3498420715332,-83.50912475585938,6.557526111602783
500641,episode_end,-145.8682524370506,1000,0.010000000000000005,-100.0,,,,
500830,episode_end,-7.922633605288482,189,0.010000000000000005,-100.0,,,,
501000,train_step,,,0.010000000000000005,-100.0,100000,44.8872184753418,-81.44669342041016,6.670517921447754
501124,episode_end,236.81794259262182,294,0.010000000000000005,-100.0,,,,
501521,episode_end,150.59514376634593,397,0.010000000000000005,-100.0,,,,
502000,train_step,,,0.010000000000000005,-100.0,100000,9.165124893188477,-83.59302520751953,6.210129737854004
502055,episode_end,-74.32131878876595,534,0.010000000000000005,-100.0,,,,
502409,episode_end,-11.005050788701965,354,0.010000000000000005,-100.0,,,,
503000,train_step,,,0.010000000000000005,-100.0,100000,17.819822311401367,-82.4371337890625,7.101174354553223
503409,episode_end,-83.611039243599,1000,0.010000000000000005,-100.0,,,,
503615,episode_end,-4.985480121112715,206,0.010000000000000005,-100.0,,,,
504000,train_step,,,0.010000000000000005,-100.0,100000,9.840240478515625,-80.52322387695312,6.844388008117676
504615,episode_end,-61.125816236891374,1000,0.010000000000000005,-100.0,,,,
505000,train_step,,,0.010000000000000005,-100.0,100000,11.674795150756836,-80.8397216796875,6.478372097015381
505615,episode_end,-73.16305226087427,1000,0.010000000000000005,-100.0,,,,
505843,episode_end,-130.01225639504764,228,0.010000000000000005,-100.0,,,,
506000,train_step,,,0.010000000000000005,-100.0,100000,18.749958038330078,-77.61687469482422,6.805846214294434
506843,episode_end,-112.0281643743515,1000,0.010000000000000005,-100.0,,,,
507000,train_step,,,0.010000000000000005,-100.0,100000,13.887802124023438,-79.18510437011719,6.829072952270508
507843,episode_end,-54.4709341173808,1000,0.010000000000000005,-100.0,,,,
508000,train_step,,,0.010000000000000005,-100.0,100000,52.894142150878906,-79.53298950195312,6.586215972900391
508843,episode_end,-61.28316658990477,1000,0.010000000000000005,-100.0,,,,
509000,train_step,,,0.010000000000000005,-100.0,100000,16.651498794555664,-81.0958023071289,6.598670959472656
509843,episode_end,-93.78307786741955,1000,0.010000000000000005,-100.0,,,,
510000,train_step,,,0.010000000000000005,-100.0,100000,8.314499855041504,-80.89434051513672,6.378093719482422
510031,episode_end,-237.894236216125,188,0.010000000000000005,-100.0,,,,
511000,train_step,,,0.010000000000000005,-100.0,100000,10.669893264770508,-80.46754455566406,6.633669853210449
511031,episode_end,-92.85850870261041,1000,0.010000000000000005,-100.0,,,,
512000,train_step,,,0.010000000000000005,-100.0,100000,25.169170379638672,-83.2085952758789,6.8850812911987305
512031,episode_end,-57.341939655476914,1000,0.010000000000000005,-100.0,,,,
512194,episode_end,-217.8914635421343,163,0.010000000000000005,-100.0,,,,
512353,episode_end,-172.35285121534974,159,0.010000000000000005,-100.0,,,,
512479,episode_end,-326.4886780642683,126,0.010000000000000005,-100.0,,,,
512619,episode_end,-156.7372601205898,140,0.010000000000000005,-100.0,,,,
513000,train_step,,,0.010000000000000005,-100.0,100000,88.58949279785156,-82.00289154052734,6.506849765777588
513619,episode_end,-114.98417204771357,1000,0.010000000000000005,-100.0,,,,
514000,train_step,,,0.010000000000000005,-100.0,100000,18.32347297668457,-79.72737121582031,6.791355133056641
514189,episode_end,92.75895606544972,570,0.010000000000000005,-100.0,,,,
514317,episode_end,-232.1926433202127,128,0.010000000000000005,-100.0,,,,
515000,train_step,,,0.010000000000000005,-100.0,100000,11.434491157531738,-79.63336181640625,6.110743999481201
515317,episode_end,-78.49068611753914,1000,0.010000000000000005,-100.0,,,,
515805,episode_end,-198.92620524126698,488,0.010000000000000005,-100.0,,,,
515932,episode_end,-180.96719530609838,127,0.010000000000000005,-100.0,,,,
516000,train_step,,,0.010000000000000005,-100.0,100000,11.132801055908203,-80.98824310302734,5.845691204071045
516932,episode_end,-132.21113023153558,1000,0.010000000000000005,-100.0,,,,
517000,train_step,,,0.010000000000000005,-100.0,100000,7.30759859085083,-78.4703140258789,6.457393169403076
517558,episode_end,-298.0031066661836,626,0.010000000000000005,-100.0,,,,
518000,train_step,,,0.010000000000000005,-100.0,100000,12.4669828414917,-76.050537109375,6.0485334396362305
518558,episode_end,76.06954193568484,1000,0.010000000000000005,-100.0,,,,
519000,train_step,,,0.010000000000000005,-100.0,100000,9.07895278930664,-78.06181335449219,5.938670635223389
519558,episode_end,-103.5012619323569,1000,0.010000000000000005,-100.0,,,,
520000,train_step,,,0.010000000000000005,-100.0,100000,14.168115615844727,-78.22920227050781,5.8354387283325195
520558,episode_end,-95.95378502366226,1000,0.010000000000000005,-100.0,,,,
520839,episode_end,154.83829268604507,281,0.010000000000000005,-100.0,,,,
521000,train_step,,,0.010000000000000005,-100.0,100000,80.24772644042969,-75.44680786132812,6.087192058563232
521200,episode_end,221.72241431204827,361,0.010000000000000005,-100.0,,,,
521792,episode_end,213.36508472161802,592,0.010000000000000005,-100.0,,,,
522000,train_step,,,0.010000000000000005,-100.0,100000,13.270790100097656,-76.18698120117188,5.766563415527344
522792,episode_end,-94.90102248360596,1000,0.010000000000000005,-100.0,,,,
523000,train_step,,,0.010000000000000005,-100.0,100000,11.728984832763672,-72.30450439453125,5.920825004577637
523792,episode_end,-88.86305573736979,1000,0.010000000000000005,-100.0,,,,
524000,train_step,,,0.010000000000000005,-100.0,100000,7.427309036254883,-74.25138854980469,6.245109558105469
524792,episode_end,-52.13995732074558,1000,0.010000000000000005,-100.0,,,,
525000,train_step,,,0.010000000000000005,-100.0,100000,19.099929809570312,-76.37709045410156,6.649256706237793
525792,episode_end,-127.17848133868007,1000,0.010000000000000005,-100.0,,,,
525989,episode_end,299.43189234682484,197,0.010000000000000005,-100.0,,,,
526000,train_step,,,0.010000000000000005,-100.0,100000,10.97667121887207,-77.54191589355469,6.3397393226623535
526989,episode_end,-118.24684138078966,1000,0.010000000000000005,-100.0,,,,
527000,train_step,,,0.010000000000000005,-100.0,100000,81.77616882324219,-77.57565307617188,6.106513023376465
527214,episode_end,265.7432042182239,225,0.010000000000000005,-100.0,,,,
528000,train_step,,,0.010000000000000005,-100.0,100000,7.631648540496826,-78.04676818847656,6.696844100952148
528214,episode_end,-53.104361027796614,1000,0.010000000000000005,-100.0,,,,
528412,episode_end,283.0521254858818,198,0.010000000000000005,-100.0,,,,
529000,train_step,,,0.010000000000000005,-100.0,100000,8.087007522583008,-77.33394622802734,6.1178975105285645
529412,episode_end,-56.989930040005746,1000,0.010000000000000005,-100.0,,,,
529515,episode_end,-81.08134039223368,103,0.010000000000000005,-100.0,,,,
529659,episode_end,-25.901225176704543,144,0.010000000000000005,-100.0,,,,
529955,episode_end,263.78559371087033,296,0.010000000000000005,-100.0,,,,
530000,train_step,,,0.010000000000000005,-100.0,100000,13.955304145812988,-78.24221801757812,6.196632385253906
530480,episode_end,190.34391051225424,525,0.010000000000000005,-100.0,,,,
530663,episode_end,280.23093927651223,183,0.010000000000000005,-100.0,,,,
531000,train_step,,,0.010000000000000005,-100.0,100000,76.72540283203125,-76.7744140625,6.118512153625488
531179,episode_end,214.40379863140168,516,0.010000000000000005,-100.0,,,,
531729,episode_end,195.23570049241295,550,0.010000000000000005,-100.0,,,,
532000,train_step,,,0.010000000000000005,-100.0,100000,14.56443977355957,-75.79095458984375,6.172536849975586
532046,episode_end,285.53381348615676,317,0.010000000000000005,-100.0,,,,
532387,episode_end,226.5200041182771,341,0.010000000000000005,-100.0,,,,
532818,episode_end,224.73999760167743,431,0.010000000000000005,-100.0,,,,
533000,train_step,,,0.010000000000000005,-100.0,100000,12.118534088134766,-81.400634765625,6.420568466186523
533018,episode_end,230.18363282688046,200,0.010000000000000005,-100.0,,,,
533253,episode_end,294.50673661732867,235,0.010000000000000005,-100.0,,,,
533498,episode_end,272.7389258296528,245,0.010000000000000005,-100.0,,,,
533753,episode_end,281.46085626959524,255,0.010000000000000005,-100.0,,,,
533957,episode_end,240.1464822680183,204,0.010000000000000005,-100.0,,,,
534000,train_step,,,0.010000000000000005,-100.0,100000,18.90447998046875,-80.66260528564453,6.555825233459473
534708,episode_end,76.00659360960185,751,0.010000000000000005,-100.0,,,,
534968,episode_end,289.7277218219992,260,0.010000000000000005,-100.0,,,,
535000,train_step,,,0.010000000000000005,-100.0,100000,9.662477493286133,-81.48233795166016,6.403013706207275
535855,episode_end,193.09173170037022,887,0.010000000000000005,-100.0,,,,
536000,train_step,,,0.010000000000000005,-100.0,100000,15.970121383666992,-78.22171783447266,6.628351211547852
536219,episode_end,223.2149171691387,364,0.010000000000000005,-100.0,,,,
536516,episode_end,281.1503442842712,297,0.010000000000000005,-100.0,,,,
537000,train_step,,,0.010000000000000005,-100.0,100000,109.25452423095703,-78.32414245605469,5.957380294799805
537516,episode_end,-70.2599473718672,1000,0.010000000000000005,-100.0,,,,
538000,train_step,,,0.010000000000000005,-100.0,100000,11.822261810302734,-77.06035614013672,5.501002788543701
538516,episode_end,-97.73973891132002,1000,0.010000000000000005,-100.0,,,,
538802,episode_end,298.14627823322894,286,0.010000000000000005,-100.0,,,,
539000,train_step,,,0.010000000000000005,-100.0,100000,7.741024971008301,-75.11477661132812,5.740516185760498
539088,episode_end,227.22962198792504,286,0.010000000000000005,-100.0,,,,
539393,episode_end,252.23742475987783,305,0.010000000000000005,-100.0,,,,
539640,episode_end,246.9591513455525,247,0.010000000000000005,-100.0,,,,
540000,train_step,,,0.010000000000000005,-100.0,100000,18.80904769897461,-74.45765686035156,5.789879322052002
540640,episode_end,-112.19969829775061,1000,0.010000000000000005,-100.0,,,,
541000,train_step,,,0.010000000000000005,-100.0,100000,7.6281328201293945,-76.32310485839844,5.841981887817383
541117,episode_end,220.9341875897108,477,0.010000000000000005,-100.0,,,,
542000,train_step,,,0.010000000000000005,-100.0,100000,12.314559936523438,-73.52511596679688,6.104417324066162
542036,episode_end,128.39089613430966,919,0.010000000000000005,-100.0,,,,
542341,episode_end,246.67651699622465,305,0.010000000000000005,-100.0,,,,
542636,episode_end,261.983669168848,295,0.010000000000000005,-100.0,,,,
542990,episode_end,161.1121257721342,354,0.010000000000000005,-100.0,,,,
543000,train_step,,,0.010000000000000005,-100.0,100000,45.381195068359375,-73.38246154785156,5.914493560791016
543197,episode_end,274.92296711534635,207,0.010000000000000005,-100.0,,,,
544000,train_step,,,0.010000000000000005,-100.0,100000,74.94670104980469,-74.43181610107422,6.277472972869873
544197,episode_end,-85.30452161775307,1000,0.010000000000000005,-100.0,,,,
544454,episode_end,295.40880183105764,257,0.010000000000000005,-100.0,,,,
545000,train_step,,,0.010000000000000005,-100.0,100000,9.568147659301758,-72.97111511230469,5.579316139221191
545454,episode_end,-109.60661327514603,1000,0.010000000000000005,-100.0,,,,
546000,train_step,,,0.010000000000000005,-100.0,100000,7.774211883544922,-71.35314178466797,5.816835880279541
546454,episode_end,-77.72382134175464,1000,0.010000000000000005,-100.0,,,,
546825,episode_end,248.8516201311716,371,0.010000000000000005,-100.0,,,,
547000,train_step,,,0.010000000000000005,-100.0,100000,19.926847457885742,-65.46040344238281,5.459691047668457
547825,episode_end,-109.84312660500498,1000,0.010000000000000005,-100.0,,,,
548000,train_step,,,0.010000000000000005,-100.0,100000,9.706134796142578,-65.87174224853516,5.402531623840332
548100,episode_end,281.33667806405526,275,0.010000000000000005,-100.0,,,,
548388,episode_end,240.22006942089857,288,0.010000000000000005,-100.0,,,,
549000,train_step,,,0.010000000000000005,-100.0,100000,10.479690551757812,-67.23934936523438,5.860597610473633
549388,episode_end,-104.82227749496322,1000,0.010000000000000005,-100.0,,,,
549777,episode_end,266.90318368362557,389,0.010000000000000005,-100.0,,,,
550000,train_step,,,0.010000000000000005,-100.0,100000,13.282115936279297,-64.20982360839844,5.726469993591309
550113,episode_end,202.165205309986,336,0.010000000000000005,-100.0,,,,
551000,train_step,,,0.010000000000000005,-100.0,100000,6.5692243576049805,-59.002593994140625,5.295531272888184
551113,episode_end,-101.99244341455748,1000,0.010000000000000005,-100.0,,,,
551580,episode_end,281.235829061068,467,0.010000000000000005,-100.0,,,,
552000,train_step,,,0.010000000000000005,-100.0,100000,8.161813735961914,-61.63567352294922,5.01701545715332
552580,episode_end,-97.73702403781674,1000,0.010000000000000005,-100.0,,,,
553000,train_step,,,0.010000000000000005,-100.0,100000,11.869437217712402,-60.84130859375,5.403700828552246
553099,episode_end,278.9000062885856,519,0.010000000000000005,-100.0,,,,
554000,train_step,,,0.010000000000000005,-100.0,100000,16.088645935058594,-60.10640335083008,5.66037654876709
554099,episode_end,-97.90864975645445,1000,0.010000000000000005,-100.0,,,,
555000,train_step,,,0.010000000000000005,-100.0,100000,8.365052223205566,-57.323265075683594,5.128264427185059
555099,episode_end,-38.07488586326933,1000,0.010000000000000005,-100.0,,,,
555292,episode_end,266.53540961260137,193,0.010000000000000005,-100.0,,,,
555822,episode_end,252.74464104758428,530,0.010000000000000005,-100.0,,,,
556000,train_step,,,0.010000000000000005,-100.0,100000,5.379075050354004,-54.88274002075195,5.1776204109191895
556822,episode_end,-52.18596986775478,1000,0.010000000000000005,-100.0,,,,
557000,train_step,,,0.010000000000000005,-100.0,100000,6.487311840057373,-58.279747009277344,5.492203712463379
557822,episode_end,-87.35775996509011,1000,0.010000000000000005,-100.0,,,,
558000,train_step,,,0.010000000000000005,-100.0,100000,5.916973114013672,-56.35181427001953,5.685256004333496
558811,episode_end,-263.9707054685417,989,0.010000000000000005,-100.0,,,,
559000,train_step,,,0.010000000000000005,-100.0,100000,7.338223457336426,-55.09644317626953,5.22381591796875
559127,episode_end,304.74780720728836,316,0.010000000000000005,-100.0,,,,
560000,train_step,,,0.010000000000000005,-100.0,100000,7.860243797302246,-55.47374725341797,5.77802038192749
560127,episode_end,-105.01280276304836,1000,0.010000000000000005,-100.0,,,,
561000,train_step,,,0.010000000000000005,-100.0,100000,5.571598529815674,-52.89581298828125,5.518311023712158
561127,episode_end,-59.289610903818925,1000,0.010000000000000005,-100.0,,,,
562000,train_step,,,0.010000000000000005,-100.0,100000,7.139230728149414,-52.78944396972656,5.805545806884766
562127,episode_end,-78.17264679217504,1000,0.010000000000000005,-100.0,,,,
563000,train_step,,,0.010000000000000005,-100.0,100000,7.21095085144043,-52.3199348449707,6.048583030700684
563127,episode_end,-119.26568981946586,1000,0.010000000000000005,-100.0,,,,
563582,episode_end,263.3827090282424,455,0.010000000000000005,-100.0,,,,
563971,episode_end,257.42460949300107,389,0.010000000000000005,-100.0,,,,
564000,train_step,,,0.010000000000000005,-100.0,100000,7.384676456451416,-52.958003997802734,5.856442928314209
564971,episode_end,-78.77383567041342,1000,0.010000000000000005,-100.0,,,,
565000,train_step,,,0.010000000000000005,-100.0,100000,5.657397270202637,-53.17570114135742,6.365365982055664
565971,episode_end,-120.27422169319871,1000,0.010000000000000005,-100.0,,,,
566000,train_step,,,0.010000000000000005,-100.0,100000,5.868033409118652,-54.28877258300781,5.995841979980469
566971,episode_end,-32.67945498184481,1000,0.010000000000000005,-100.0,,,,
567000,train_step,,,0.010000000000000005,-100.0,100000,10.167712211608887,-56.28709030151367,6.0772504806518555
567971,episode_end,-37.62118528623781,1000,0.010000000000000005,-100.0,,,,
568000,train_step,,,0.010000000000000005,-100.0,100000,11.664154052734375,-56.05315399169922,5.940364837646484
568187,episode_end,275.0171272697204,216,0.010000000000000005,-100.0,,,,
568820,episode_end,132.25153017198315,633,0.010000000000000005,-100.0,,,,
569000,train_step,,,0.010000000000000005,-100.0,100000,5.759566783905029,-55.577728271484375,5.7242841720581055
569058,episode_end,255.40944324761443,238,0.010000000000000005,-100.0,,,,
569338,episode_end,266.61565782825113,280,0.010000000000000005,-100.0,,,,
570000,train_step,,,0.010000000000000005,-100.0,100000,6.22104549407959,-51.77839279174805,5.967389106750488
570338,episode_end,-63.82392454184318,1000,0.010000000000000005,-100.0,,,,
570565,episode_end,-3.6945841759047084,227,0.010000000000000005,-100.0,,,,
571000,train_step,,,0.010000000000000005,-100.0,100000,6.4845123291015625,-54.56809997558594,5.297077655792236
571565,episode_end,27.33749489004267,1000,0.010000000000000005,-100.0,,,,
571752,episode_end,259.7110099505468,187,0.010000000000000005,-100.0,,,,
572000,train_step,,,0.010000000000000005,-100.0,100000,15.86791706085205,-53.93456268310547,5.81081485748291
572167,episode_end,266.8015626053576,415,0.010000000000000005,-100.0,,,,
573000,train_step,,,0.010000000000000005,-100.0,100000,8.78325080871582,-53.31839370727539,5.448472023010254
573167,episode_end,-58.83586313484502,1000,0.010000000000000005,-100.0,,,,
573402,episode_end,291.5950687272897,235,0.010000000000000005,-100.0,,,,
573567,episode_end,144.69997384016,165,0.010000000000000005,-100.0,,,,
573757,episode_end,157.34680983863916,190,0.010000000000000005,-100.0,,,,
574000,train_step,,,0.010000000000000005,-100.0,100000,6.964484214782715,-53.45374298095703,5.717227935791016
574757,episode_end,-46.474551961538815,1000,0.010000000000000005,-100.0,,,,
575000,train_step,,,0.010000000000000005,-100.0,100000,6.099094390869141,-50.803504943847656,5.544677734375
575757,episode_end,-23.156311704206352,1000,0.010000000000000005,-100.0,,,,
575996,episode_end,258.0308218869684,239,0.010000000000000005,-100.0,,,,
576000,train_step,,,0.010000000000000005,-100.0,100000,77.78160095214844,-49.9106330871582,4.796867370605469
576417,episode_end,184.30748043408886,421,0.010000000000000005,-100.0,,,,
576603,episode_end,287.6092109122055,186,0.010000000000000005,-100.0,,,,
577000,train_step,,,0.010000000000000005,-100.0,100000,89.15062713623047,-49.86829376220703,5.140048980712891
577281,episode_end,186.69244329035263,678,0.010000000000000005,-100.0,,,,
577675,episode_end,241.20928514574283,394,0.010000000000000005,-100.0,,,,
577894,episode_end,279.845643675117,219,0.010000000000000005,-100.0,,,,
578000,train_step,,,0.010000000000000005,-100.0,100000,70.28338623046875,-48.475990295410156,5.196409225463867
578682,episode_end,160.35950829517668,788,0.010000000000000005,-100.0,,,,
578833,episode_end,-7.763437709865457,151,0.010000000000000005,-100.0,,,,
579000,train_step,,,0.010000000000000005,-100.0,100000,7.297858238220215,-48.42588806152344,5.365034103393555
579317,episode_end,193.4034189154345,484,0.010000000000000005,-100.0,,,,
579459,episode_end,8.828438920794696,142,0.010000000000000005,-100.0,,,,
579851,episode_end,156.6767926995738,392,0.010000000000000005,-100.0,,,,
580000,train_step,,,0.010000000000000005,-100.0,100000,8.41998291015625,-53.011470794677734,5.885476112365723
580306,episode_end,134.42410072426793,455,0.010000000000000005,-100.0,,,,
580675,episode_end,282.12735355278096,369,0.010000000000000005,-100.0,,,,
581000,train_step,,,0.010000000000000005,-100.0,100000,8.728899955749512,-50.19715118408203,5.378698825836182
581623,episode_end,43.82907502927937,948,0.010000000000000005,-100.0,,,,
581934,episode_end,-33.9468177298547,311,0.010000000000000005,-100.0,,,,
582000,train_step,,,0.010000000000000005,-100.0,100000,11.6321439743042,-49.413360595703125,4.830557823181152
582134,episode_end,265.84719613787837,200,0.010000000000000005,-100.0,,,,
582536,episode_end,219.21848643213437,402,0.010000000000000005,-100.0,,,,
583000,train_step,,,0.010000000000000005,-100.0,100000,17.033519744873047,-49.746849060058594,5.387611389160156
583253,episode_end,-802.0155468160764,717,0.010000000000000005,-100.0,,,,
583759,episode_end,226.34101085376824,506,0.010000000000000005,-100.0,,,,
584000,train_step,,,0.010000000000000005,-100.0,100000,8.520885467529297,-50.28888702392578,4.902336120605469
584143,episode_end,173.3051024112532,384,0.010000000000000005,-100.0,,,,
584551,episode_end,106.78663439747639,408,0.010000000000000005,-100.0,,,,
584688,episode_end,-236.92441021195648,137,0.010000000000000005,-100.0,,,,
584906,episode_end,297.44235023003296,218,0.010000000000000005,-100.0,,,,
585000,train_step,,,0.010000000000000005,-100.0,100000,8.305509567260742,-51.05894470214844,5.277952671051025
585162,episode_end,299.15777915714995,256,0.010000000000000005,-100.0,,,,
585380,episode_end,305.3336728843291,218,0.010000000000000005,-100.0,,,,
585562,episode_end,263.9489162751736,182,0.010000000000000005,-100.0,,,,
585754,episode_end,216.18960368528656,192,0.010000000000000005,-100.0,,,,
585942,episode_end,133.01840847323186,188,0.010000000000000005,-100.0,,,,
586000,train_step,,,0.010000000000000005,-100.0,100000,8.560820579528809,-48.51287841796875,4.767745018005371
586256,episode_end,111.32453529094622,314,0.010000000000000005,-100.0,,,,
586441,episode_end,287.0232107373617,185,0.010000000000000005,-100.0,,,,
587000,train_step,,,0.010000000000000005,-100.0,100000,11.245248794555664,-50.81053161621094,5.0271453857421875
587087,episode_end,-553.6573233363144,646,0.010000000000000005,-100.0,,,,
587410,episode_end,278.828098906214,323,0.010000000000000005,-100.0,,,,
587985,episode_end,127.71491223476548,575,0.010000000000000005,-100.0,,,,
588000,train_step,,,0.010000000000000005,-100.0,100000,13.058507919311523,-48.768367767333984,4.402098655700684
588715,episode_end,220.54626335519913,730,0.010000000000000005,-100.0,,,,
588962,episode_end,243.02852767781974,247,0.010000000000000005,-100.0,,,,
589000,train_step,,,0.010000000000000005,-100.0,100000,7.307827949523926,-49.477935791015625,4.53846549987793
589167,episode_end,287.1093288461017,205,0.010000000000000005,-100.0,,,,
589538,episode_end,272.0175186759238,371,0.010000000000000005,-100.0,,,,
589753,episode_end,261.64393739122,215,0.010000000000000005,-100.0,,,,
590000,train_step,,,0.010000000000000005,-100.0,100000,7.957283973693848,-47.76582336425781,5.043485641479492
590218,episode_end,261.2947375853752,465,0.010000000000000005,-100.0,,,,
590997,episode_end,142.5040663539487,779,0.010000000000000005,-100.0,,,,
591000,train_step,,,0.010000000000000005,-100.0,100000,82.4246597290039,-45.746578216552734,4.686335563659668
591199,episode_end,295.6185371061809,202,0.010000000000000005,-100.0,,,,
591442,episode_end,138.45786248910161,243,0.010000000000000005,-100.0,,,,
591784,episode_end,103.10600892754147,342,0.010000000000000005,-100.0,,,,
592000,train_step,,,0.010000000000000005,-100.0,100000,6.60714864730835,-46.89630126953125,4.913695335388184
592295,episode_end,126.91112676512586,511,0.010000000000000005,-100.0,,,,
592960,episode_end,173.86075828975328,665,0.010000000000000005,-100.0,,,,
593000,train_step,,,0.010000000000000005,-100.0,100000,8.95918083190918,-45.93849182128906,4.608674049377441
593242,episode_end,6.473751804803328,282,0.010000000000000005,-100.0,,,,
593445,episode_end,293.08605200285535,203,0.010000000000000005,-100.0,,,,
593621,episode_end,301.31000956303996,176,0.010000000000000005,-100.0,,,,
594000,train_step,,,0.010000000000000005,-100.0,100000,5.994721412658691,-48.24078369140625,4.681828498840332
594280,episode_end,190.80545808391673,659,0.010000000000000005,-100.0,,,,
595000,train_step,,,0.010000000000000005,-100.0,100000,6.243590354919434,-45.5168571472168,4.424883842468262
595280,episode_end,-122.80820619048507,1000,0.010000000000000005,-100.0,,,,
596000,train_step,,,0.010000000000000005,-100.0,100000,8.379883766174316,-45.94037628173828,4.239426136016846
596280,episode_end,-136.6795822345046,1000,0.010000000000000005,-100.0,,,,
596518,episode_end,295.4663834303817,238,0.010000000000000005,-100.0,,,,
596710,episode_end,22.859910889118595,192,0.010000000000000005,-100.0,,,,
596942,episode_end,258.1472492582622,232,0.010000000000000005,-100.0,,,,
597000,train_step,,,0.010000000000000005,-100.0,100000,290.7137451171875,-46.32897186279297,4.422806739807129
597638,episode_end,174.43756702272486,696,0.010000000000000005,-100.0,,,,
598000,train_step,,,0.010000000000000005,-100.0,100000,9.037553787231445,-45.39068603515625,3.9339609146118164
598638,episode_end,-92.86599502898213,1000,0.010000000000000005,-100.0,,,,
599000,train_step,,,0.010000000000000005,-100.0,100000,134.76699829101562,-44.728118896484375,4.270306587219238
599568,episode_end,28.536034605002143,930,0.010000000000000005,-100.0,,,,
599891,episode_end,-125.25104269712003,323,0.010000000000000005,-100.0,,,,
600000,train_step,,,0.010000000000000005,-100.0,100000,11.127585411071777,-43.07008361816406,4.395664215087891
