global_step,event,episode_return,episode_length,alpha,hover_reward_value,replay_size,critic_loss,actor_loss,logp,alpha_loss
125,episode_end,-165.35255548315624,125,0.2,200.0,,,,,
223,episode_end,-288.6375287746377,98,0.2,200.0,,,,,
333,episode_end,-308.3818928824837,110,0.2,200.0,,,,,
424,episode_end,-336.1052786100313,91,0.2,200.0,,,,,
497,episode_end,-64.53642103844231,73,0.2,200.0,,,,,
588,episode_end,-371.40421603178214,91,0.2,200.0,,,,,
693,episode_end,251.22016600109083,105,0.2,200.0,,,,,
792,episode_end,-290.4466588811495,99,0.2,200.0,,,,,
879,episode_end,-361.7716833356918,87,0.2,200.0,,,,,
959,episode_end,-315.37580166092386,80,0.2,200.0,,,,,
1000,train_step,,,0.2,200.0,1000,,,,
1062,episode_end,-100.28505043297345,103,0.2,200.0,,,,,
1161,episode_end,-60.14993581242273,99,0.2,200.0,,,,,
1254,episode_end,-362.8455778995747,93,0.2,200.0,,,,,
1338,episode_end,139.98131677080272,84,0.2,200.0,,,,,
1422,episode_end,-222.26346705984366,84,0.2,200.0,,,,,
1545,episode_end,-255.7082843614377,123,0.2,200.0,,,,,
1614,episode_end,-155.80392483011462,69,0.2,200.0,,,,,
1732,episode_end,-187.98763117171114,118,0.2,200.0,,,,,
1839,episode_end,-340.5905504523664,107,0.2,200.0,,,,,
1929,episode_end,-433.31917838929263,90,0.2,200.0,,,,,
2000,train_step,,,0.2,200.0,2000,,,,
2086,episode_end,125.15550878884869,157,0.2,200.0,,,,,
2157,episode_end,-209.97625357006984,71,0.2,200.0,,,,,
2280,episode_end,-197.590525254025,123,0.2,200.0,,,,,
2376,episode_end,-296.0365884153158,96,0.2,200.0,,,,,
2451,episode_end,-152.9886321569419,75,0.2,200.0,,,,,
2547,episode_end,-228.16310607167648,96,0.2,200.0,,,,,
2655,episode_end,-389.76720459003457,108,0.2,200.0,,,,,
2778,episode_end,-142.3542337558411,123,0.2,200.0,,,,,
2939,episode_end,-531.2789730018851,161,0.2,200.0,,,,,
3000,train_step,,,0.2,200.0,3000,,,,
3066,episode_end,-235.36118045097953,127,0.2,200.0,,,,,
3189,episode_end,-147.0920091319299,123,0.2,200.0,,,,,
3326,episode_end,-220.68735249446829,137,0.2,200.0,,,,,
3402,episode_end,-155.26519410705268,76,0.2,200.0,,,,,
3494,episode_end,-329.6993213281294,92,0.2,200.0,,,,,
3618,episode_end,-414.70473534978146,124,0.2,200.0,,,,,
3711,episode_end,-211.76827508393336,93,0.2,200.0,,,,,
3867,episode_end,-71.52755180871932,156,0.2,200.0,,,,,
3991,episode_end,-185.45779461204745,124,0.2,200.0,,,,,
4000,train_step,,,0.2,200.0,4000,,,,
4095,episode_end,-109.3025970214719,104,0.2,200.0,,,,,
4198,episode_end,-299.2829114390315,103,0.2,200.0,,,,,
4323,episode_end,-196.31809772083497,125,0.2,200.0,,,,,
4440,episode_end,-252.25589052856284,117,0.2,200.0,,,,,
4584,episode_end,-229.69039273939296,144,0.2,200.0,,,,,
4659,episode_end,-143.82960966722612,75,0.2,200.0,,,,,
4780,episode_end,-216.06196624247815,121,0.2,200.0,,,,,
4915,episode_end,-47.132200152598074,135,0.2,200.0,,,,,
5000,train_step,,,0.2,200.0,5000,,,,
5002,episode_end,-297.29875343035303,87,0.2,200.0,,,,,
5100,episode_end,123.98508057928481,98,0.2,200.0,,,,,
5216,episode_end,-89.75444838567823,116,0.2,200.0,,,,,
5284,episode_end,-178.76705914019544,68,0.2,200.0,,,,,
5358,episode_end,-240.1667085903142,74,0.2,200.0,,,,,
5433,episode_end,143.48305109011676,75,0.2,200.0,,,,,
5531,episode_end,-192.1054973533508,98,0.2,200.0,,,,,
5634,episode_end,-372.7322934473811,103,0.2,200.0,,,,,
5726,episode_end,-395.7354646750937,92,0.2,200.0,,,,,
5872,episode_end,-340.9604973612777,146,0.2,200.0,,,,,
5959,episode_end,-309.6388694376867,87,0.2,200.0,,,,,
6000,train_step,,,0.2,200.0,6000,,,,
6058,episode_end,-195.8301122200886,99,0.2,200.0,,,,,
6219,episode_end,-60.19827976980328,161,0.2,200.0,,,,,
6299,episode_end,-96.71755537581262,80,0.2,200.0,,,,,
6368,episode_end,-239.2993608947637,69,0.2,200.0,,,,,
6464,episode_end,-249.55716416861537,96,0.2,200.0,,,,,
6570,episode_end,86.35274814502492,106,0.2,200.0,,,,,
6663,episode_end,-326.50523277540526,93,0.2,200.0,,,,,
6738,episode_end,-150.42409062122982,75,0.2,200.0,,,,,
6852,episode_end,119.63546547618844,114,0.2,200.0,,,,,
7000,train_step,,,0.2,200.0,7000,,,,
7015,episode_end,-117.95881617601131,163,0.2,200.0,,,,,
7119,episode_end,143.60791914503687,104,0.2,200.0,,,,,
7269,episode_end,-112.78690684999383,150,0.2,200.0,,,,,
7362,episode_end,-337.13758883983485,93,0.2,200.0,,,,,
7477,episode_end,-452.59895477073724,115,0.2,200.0,,,,,
7584,episode_end,-200.71947247487367,107,0.2,200.0,,,,,
7688,episode_end,-224.7966712954569,104,0.2,200.0,,,,,
7776,episode_end,-360.14186756266423,88,0.2,200.0,,,,,
7865,episode_end,-378.06267857015695,89,0.2,200.0,,,,,
7996,episode_end,-246.81856206207027,131,0.2,200.0,,,,,
8000,train_step,,,0.2,200.0,8000,,,,
8124,episode_end,-114.76189495721133,128,0.2,200.0,,,,,
8201,episode_end,190.31932049847813,77,0.2,200.0,,,,,
8362,episode_end,-220.1660340876553,161,0.2,200.0,,,,,
8452,episode_end,-418.8203839344414,90,0.2,200.0,,,,,
8534,episode_end,-87.43946284430581,82,0.2,200.0,,,,,
8642,episode_end,115.45974537322371,108,0.2,200.0,,,,,
8730,episode_end,-336.980182628251,88,0.2,200.0,,,,,
8862,episode_end,-219.41862344370443,132,0.2,200.0,,,,,
8956,episode_end,155.89636161195435,94,0.2,200.0,,,,,
9000,train_step,,,0.2,200.0,9000,,,,
9044,episode_end,-258.7870788631575,88,0.2,200.0,,,,,
9150,episode_end,-485.14635722454915,106,0.2,200.0,,,,,
9245,episode_end,-72.35315056178327,95,0.2,200.0,,,,,
9338,episode_end,-280.5291179426347,93,0.2,200.0,,,,,
9472,episode_end,-13.460646102779947,134,0.2,200.0,,,,,
9592,episode_end,-363.0531350020919,120,0.2,200.0,,,,,
9695,episode_end,-365.5200260365663,103,0.2,200.0,,,,,
9840,episode_end,-562.0033839912874,145,0.2,200.0,,,,,
9927,episode_end,-90.10569944788227,87,0.2,200.0,,,,,
10000,episode_end,-101.63225903307463,73,0.2,200.0,,,,,
10000,train_step,,,0.2,200.0,10000,19.603374481201172,-0.10471230745315552,-1.3164279460906982,-5.337584972381592
10118,episode_end,-330.3254693634203,118,0.193225851952535,200.0,,,,,
10217,episode_end,-205.9843794054022,99,0.18822018009606617,200.0,,,,,
10321,episode_end,-44.45763390415672,104,0.18363453779862363,200.0,,,,,
10686,episode_end,98.16514710893361,365,0.16897195616147803,200.0,,,,,
10913,episode_end,-260.65458623016093,227,0.16094760025725618,200.0,,,,,
11000,train_step,,,0.15806180263025535,200.0,11000,90.75065612792969,6.438488960266113,0.7020222544670105,-2.3944692611694336
11149,episode_end,58.51681161045087,236,0.15331315780159985,200.0,,,,,
11348,episode_end,167.61144305029632,199,0.14742535547368257,200.0,,,,,
11658,episode_end,-202.91487754724596,310,0.13897644426002762,200.0,,,,,
11809,episode_end,-29.275892229897977,151,0.13546983056034687,200.0,,,,,
11985,episode_end,-84.51269924468295,176,0.1315412509393717,200.0,,,,,
12000,train_step,,,0.1312345876053729,200.0,12000,71.74375915527344,4.275051593780518,1.2993521690368652,-1.422853946685791
12419,episode_end,-340.97341251985443,434,0.12213786555910269,200.0,,,,,
12620,episode_end,-268.4687885722133,201,0.1184862893860598,200.0,,,,,
12916,episode_end,-316.6515624310026,296,0.11399472900096805,200.0,,,,,
13000,train_step,,,0.11247679135548198,200.0,13000,115.33024597167969,5.9193115234375,1.9581010341644287,-0.09154960513114929
13408,episode_end,-233.53336755135965,492,0.10755754816127656,200.0,,,,,
13478,episode_end,-331.79907134796804,70,0.10708766180718843,200.0,,,,,
13639,episode_end,-232.0126882846796,161,0.10698035125601248,200.0,,,,,
13870,episode_end,-211.36457436423774,231,0.10848237596797618,200.0,,,,,
13990,episode_end,26.269262909734607,120,0.109382204897043,200.0,,,,,
14000,train_step,,,0.10935841542752436,200.0,14000,13.920952796936035,4.647873878479004,2.01839542388916,0.040711045265197754
14254,episode_end,-270.7865662307337,264,0.11126171782471148,200.0,,,,,
14814,episode_end,-440.08735892765765,560,0.11704217528459136,200.0,,,,,
15000,train_step,,,0.12036676056194999,200.0,15000,20.499643325805664,0.573996901512146,1.7447097301483154,-0.5405035018920898
15204,episode_end,-250.92697795018563,390,0.12084159460773818,200.0,,,,,
16000,train_step,,,0.12949948518568105,200.0,16000,304.8600769042969,3.3698339462280273,2.1237564086914062,0.25296786427497864
16204,episode_end,-101.45510683925356,1000,0.13186943734963552,200.0,,,,,
17000,train_step,,,0.14176397943867028,200.0,17000,44.022216796875,7.731740474700928,2.2282323837280273,0.44587311148643494
17204,episode_end,-11.865990756850287,1000,0.14455164712714683,200.0,,,,,
17361,episode_end,170.90810672279014,157,0.14542316600924238,200.0,,,,,
17505,episode_end,26.315089328237477,144,0.14704975938909784,200.0,,,,,
17763,episode_end,-3.0460203910252517,258,0.1497180953106358,200.0,,,,,
17866,episode_end,5.94307766082737,103,0.1514826310595104,200.0,,,,,
18000,train_step,,,0.1544468291515538,200.0,18000,46.546390533447266,-1.3608410358428955,2.263125419616699,0.49149274826049805
18193,episode_end,-28.753847716188233,327,0.16135638148624784,200.0,,,,,
19000,train_step,,,0.16890809783352656,200.0,19000,415.5174560546875,-1.4810781478881836,1.824002742767334,-0.3129936158657074
19193,episode_end,5.572593059085522,1000,0.1733840469176374,200.0,,,,,
20000,train_step,,,0.18648583758084725,200.0,20000,89.23390197753906,6.376401424407959,1.7549147605895996,-0.4115961194038391
20193,episode_end,154.82359094918,1000,0.18701034626141558,200.0,,,,,
20264,episode_end,-46.494884018214584,71,0.1870618828674561,200.0,,,,,
20689,episode_end,-256.13822630698695,425,0.18176825221016285,200.0,,,,,
20756,episode_end,6.606277731787188,67,0.18215914787656348,200.0,,,,,
20853,episode_end,-31.817638487854225,97,0.18314236099039866,200.0,,,,,
20961,episode_end,193.85296787003654,108,0.18230679368393543,200.0,,,,,
21000,train_step,,,0.1813289971203308,200.0,21000,22.67393684387207,-4.4667439460754395,1.9411484003067017,-0.10048563033342361
21080,episode_end,2.829971821068412,119,0.1805609778096741,200.0,,,,,
21176,episode_end,-1.0263598282660524,96,0.17818690889586886,200.0,,,,,
21310,episode_end,14.868451471635339,134,0.17926490025236916,200.0,,,,,
21424,episode_end,17.624971154970666,114,0.18024787560328653,200.0,,,,,
21574,episode_end,23.685316881256966,150,0.18170899442956154,200.0,,,,,
22000,train_step,,,0.18233841049528174,200.0,22000,674.4192504882812,-3.8745718002319336,2.110804557800293,0.18857714533805847
22001,episode_end,35.21666462289457,427,0.18233814712019414,200.0,,,,,
22080,episode_end,1.9391590658809719,79,0.18444956514217173,200.0,,,,,
22251,episode_end,-22.636872640183157,171,0.18360794174496312,200.0,,,,,
22361,episode_end,28.332041531875575,110,0.18428890684946098,200.0,,,,,
23000,train_step,,,0.17304757094409864,200.0,23000,36.106590270996094,-7.545008659362793,2.0493340492248535,0.08654129505157471
23361,episode_end,241.9468002058828,1000,0.16606922241793695,200.0,,,,,
24000,train_step,,,0.16202265200846158,200.0,24000,63.66990280151367,-4.9930853843688965,1.9634627103805542,-0.06649859249591827
24205,episode_end,-277.3549704544791,844,0.16623110391580379,200.0,,,,,
25000,train_step,,,0.15719870561018104,200.0,25000,375.2209167480469,-16.822935104370117,1.7494535446166992,-0.4635721445083618
25205,episode_end,151.68756279621914,1000,0.1551583067493995,200.0,,,,,
25344,episode_end,24.054024185042607,139,0.15519774046196066,200.0,,,,,
26000,train_step,,,0.16602510917549543,200.0,26000,817.234375,-13.152140617370605,2.0985565185546875,0.17696969211101532
26344,episode_end,181.4728657801955,1000,0.16648418381741695,200.0,,,,,
26941,episode_end,-65.32745391737399,597,0.17446208381797332,200.0,,,,,
27000,train_step,,,0.17415571707879643,200.0,27000,60.39320373535156,-10.139029502868652,1.955536961555481,-0.07771290838718414
27627,episode_end,-265.62393613518884,686,0.17530288766327937,200.0,,,,,
28000,train_step,,,0.17596804288962622,200.0,28000,26.382827758789062,-0.1664116382598877,1.9820563793182373,-0.031176358461380005
28471,episode_end,-243.8427131320942,844,0.17966338897482886,200.0,,,,,
29000,train_step,,,0.17967235154166267,200.0,29000,23.845319747924805,-7.333191394805908,2.0903022289276123,0.15501463413238525
29471,episode_end,108.73560848414446,1000,0.17773228865214977,200.0,,,,,
29605,episode_end,221.75040445493005,134,0.1772793916004096,200.0,,,,,
29749,episode_end,21.14926824858722,144,0.17733155023746444,200.0,,,,,
29864,episode_end,-10.664837287993649,115,0.17980438430958195,200.0,,,,,
30000,train_step,,,0.1809910607995296,200.0,30000,302.79296875,-6.187503814697266,1.9641832113265991,-0.061221882700920105
30255,episode_end,-231.17140170472427,391,0.18123461668131222,200.0,,,,,
30864,episode_end,17.696190689590807,609,0.18223081966618734,200.0,,,,,
31000,train_step,,,0.1847814224124898,200.0,31000,35.56419372558594,-5.8861494064331055,1.9413520097732544,-0.09903201460838318
31525,episode_end,-55.51204725298273,661,0.18468229426908297,200.0,,,,,
31625,episode_end,-166.73601288996787,100,0.18522944473819553,200.0,,,,,
31713,episode_end,-66.58274895017722,88,0.1867341017698023,200.0,,,,,
32000,train_step,,,0.1852350539325668,200.0,32000,66.97830200195312,-7.041354179382324,1.9000812768936157,-0.16847597062587738
32472,episode_end,-254.21728715284516,759,0.18554806064249488,200.0,,,,,
33000,train_step,,,0.18354564563494544,200.0,33000,63.88542175292969,0.5433273315429688,1.9269471168518066,-0.1238459125161171
33220,episode_end,-146.1032864848131,748,0.18299960981960794,200.0,,,,,
33403,episode_end,-118.26636051880871,183,0.1871158006373966,200.0,,,,,
33506,episode_end,189.79417306481372,103,0.1852494482573824,200.0,,,,,
33616,episode_end,199.80700926461452,110,0.18598326803523849,200.0,,,,,
33932,episode_end,50.24313138020071,316,0.1893201449396404,200.0,,,,,
34000,train_step,,,0.1884051447913927,200.0,34000,34.58869934082031,-2.622187852859497,2.202058792114258,0.337268590927124
34932,episode_end,104.14948833879698,1000,0.18999368740432782,200.0,,,,,
35000,train_step,,,0.18987989381624842,200.0,35000,30.794116973876953,-3.7583963871002197,2.0682826042175293,0.11344213783740997
35060,episode_end,8.910840888357257,128,0.18955566538698093,200.0,,,,,
35178,episode_end,12.11066101353316,118,0.18835990301996175,200.0,,,,,
35255,episode_end,233.9264505799527,77,0.18896212115907715,200.0,,,,,
35407,episode_end,49.48954733030291,152,0.18757106958493378,200.0,,,,,
36000,train_step,,,0.19175028107128167,200.0,36000,246.33816528320312,3.857360601425171,2.0972907543182373,0.1606818586587906
36407,episode_end,125.8628937389492,1000,0.18964214910313174,200.0,,,,,
36795,episode_end,-51.244064055642966,388,0.192132373480405,200.0,,,,,
36886,episode_end,17.863035854675374,91,0.1918185443785521,200.0,,,,,
36999,episode_end,180.97084352506016,113,0.19147094187396232,200.0,,,,,
37000,train_step,,,0.19149928779907116,200.0,37000,44.707557678222656,-8.991857528686523,1.9003137350082397,-0.1647685170173645
37138,episode_end,-56.65906728347595,139,0.19131705718871986,200.0,,,,,
37299,episode_end,-33.00307914478218,161,0.19317431976637642,200.0,,,,,
37429,episode_end,-33.53400355599872,130,0.19418766651850636,200.0,,,,,
37571,episode_end,179.5236302595348,142,0.19689449126350342,200.0,,,,,
37695,episode_end,213.48753694248006,124,0.19750040146711598,200.0,,,,,
37824,episode_end,-0.8520363339811894,129,0.19673299607233616,200.0,,,,,
37943,episode_end,224.45953878789055,119,0.1976014206549743,200.0,,,,,
38000,train_step,,,0.19718103957049102,200.0,38000,140.82571411132812,-14.313087463378906,1.8429045677185059,-0.25506556034088135
38106,episode_end,240.5066615037693,163,0.19593647090033797,200.0,,,,,
39000,train_step,,,0.19356465080528296,200.0,39000,69.71661376953125,-6.1697587966918945,2.0049026012420654,0.008050765842199326
39106,episode_end,137.0034114432894,1000,0.19512553048183562,200.0,,,,,
39246,episode_end,60.0849317799771,140,0.19840656402370666,200.0,,,,,
39911,episode_end,-263.6978163204735,665,0.20118437570865175,200.0,,,,,
40000,train_step,,,0.20178245238479464,200.0,40000,30.67957878112793,1.6858879327774048,2.1041605472564697,0.16671568155288696
40028,episode_end,176.86551423486088,117,0.20181236312439108,200.0,,,,,
41000,train_step,,,0.198184699563934,200.0,41000,57.75014114379883,-6.146175384521484,2.0904948711395264,0.14647090435028076
41028,episode_end,93.69034979626511,1000,0.19848160336992152,200.0,,,,,
42000,train_step,,,0.1898911577379882,200.0,42000,45.07807159423828,-1.4579877853393555,1.7380552291870117,-0.4351699948310852
42028,episode_end,176.23958082794147,1000,0.18930089687571283,200.0,,,,,
42148,episode_end,11.135445326258377,120,0.18997848745469112,200.0,,,,,
42317,episode_end,-6.647753380726257,169,0.1896486968348012,200.0,,,,,
42480,episode_end,17.43220372467522,163,0.1893707285580757,200.0,,,,,
42568,episode_end,260.69845316210683,88,0.18979934987916983,200.0,,,,,
42688,episode_end,53.15990630388953,120,0.19053519206543906,200.0,,,,,
43000,train_step,,,0.19575803353468615,200.0,43000,35.795799255371094,-3.593571662902832,1.9745450019836426,-0.041513994336128235
43688,episode_end,-53.627076577646406,1000,0.19385820221173533,200.0,,,,,
44000,train_step,,,0.19757243470064498,200.0,44000,284.21728515625,-9.96852970123291,1.8380706310272217,-0.2625926733016968
44688,episode_end,-25.10969856892744,1000,0.21410309255534823,200.0,,,,,
45000,train_step,,,0.21313450346931345,200.0,45000,61.701271057128906,-1.2407795190811157,2.0796170234680176,0.12307460606098175
45688,episode_end,102.96590218782899,1000,0.2102190710556243,200.0,,,,,
45819,episode_end,213.5383716392526,131,0.2091118081008753,200.0,,,,,
45936,episode_end,146.6822105576342,117,0.21155006505625615,200.0,,,,,
46000,train_step,,,0.21059765103411593,200.0,46000,59.4509162902832,-13.516679763793945,2.023421287536621,0.0364859439432621
46936,episode_end,132.2772203099126,1000,0.20101387971004042,200.0,,,,,
47000,train_step,,,0.20050503949225193,200.0,47000,64.50009155273438,-1.09226393699646,2.1265904903411865,0.2034202218055725
47136,episode_end,21.58963142062717,200,0.20128323004000964,200.0,,,,,
47278,episode_end,182.3626918098372,142,0.20113583162450807,200.0,,,,,
47396,episode_end,241.98404562173062,118,0.2012551713431466,200.0,,,,,
48000,train_step,,,0.19464973329013513,200.0,48000,186.57815551757812,10.347391128540039,2.190312385559082,0.3114563226699829
48396,episode_end,133.85339004266098,1000,0.19635788260616144,200.0,,,,,
49000,train_step,,,0.19104309111555984,200.0,49000,32.55872344970703,-15.457868576049805,2.1249547004699707,0.20683197677135468
49396,episode_end,165.53146224665304,1000,0.1877244077096293,200.0,,,,,
49514,episode_end,220.85868723502278,118,0.18859982243106824,200.0,,,,,
50000,train_step,,,0.18928760731330624,200.0,50000,38.13805389404297,-7.328780174255371,1.8426694869995117,-0.2618746757507324
50514,episode_end,123.0800530493799,1000,0.18595000870829553,200.0,,,,,
50632,episode_end,239.36608115502344,118,0.1838627259358278,200.0,,,,,
50788,episode_end,188.8089755178533,156,0.1807071313791725,200.0,,,,,
50934,episode_end,241.8578697267721,146,0.18074388129561011,200.0,,,,,
51000,train_step,,,0.17905595008777098,200.0,51000,73.2037353515625,-2.164942502975464,1.9462177753448486,-0.092508465051651
51067,episode_end,192.39935521868762,133,0.1789754607896296,200.0,,,,,
51202,episode_end,199.28205800067116,135,0.1788979854947399,200.0,,,,,
51326,episode_end,208.86225528274974,124,0.18204323715196655,200.0,,,,,
51462,episode_end,204.01865082052575,136,0.1801048864434167,200.0,,,,,
51700,episode_end,223.25083188107942,238,0.1762000903936778,200.0,,,,,
51839,episode_end,233.00067458775783,139,0.17574461447716955,200.0,,,,,
51985,episode_end,218.83684439529418,146,0.1754695380182522,200.0,,,,,
52000,train_step,,,0.17518031710201315,200.0,52000,30.557613372802734,3.183940887451172,1.7203477621078491,-0.4871372580528259
52177,episode_end,252.904691032602,192,0.17412784939766568,200.0,,,,,
52318,episode_end,189.0611772480944,141,0.17346745338659483,200.0,,,,,
52447,episode_end,197.96669549259707,129,0.17178252042657494,200.0,,,,,
52554,episode_end,224.72554188037634,107,0.17017699117201723,200.0,,,,,
53000,train_step,,,0.17380175984718713,200.0,53000,331.7890625,-1.0068953037261963,2.020448684692383,0.03578166663646698
53554,episode_end,96.76036555755825,1000,0.1699727152386399,200.0,,,,,
54000,train_step,,,0.1679279200559063,200.0,54000,26.137474060058594,-12.359210014343262,1.9554517269134521,-0.07948397099971771
54554,episode_end,178.29626570054558,1000,0.17015063800048488,200.0,,,,,
55000,train_step,,,0.16804375090410886,200.0,55000,32.539329528808594,6.823173999786377,2.070408344268799,0.12557563185691833
55554,episode_end,207.81290955625875,1000,0.16962963598685438,200.0,,,,,
56000,train_step,,,0.16618161360890485,200.0,56000,47.38174057006836,-2.62227201461792,1.8714964389801025,-0.23062196373939514
56554,episode_end,176.11033039309746,1000,0.15808881475324768,200.0,,,,,
57000,train_step,,,0.16043401522410097,200.0,57000,65.51155853271484,6.348224639892578,2.017932176589966,0.03281329572200775
57554,episode_end,193.76778284549533,1000,0.1599638293516366,200.0,,,,,
58000,train_step,,,0.159193097598964,200.0,58000,143.38916015625,0.12016057968139648,1.9145610332489014,-0.15700602531433105
58554,episode_end,185.48906546769058,1000,0.1600017796419311,200.0,,,,,
59000,train_step,,,0.15985037801004673,200.0,59000,68.82904052734375,-1.264357089996338,2.0142335891723633,0.026097111403942108
59554,episode_end,179.44183952178224,1000,0.16088696778287528,200.0,,,,,
60000,train_step,,,0.1591022946553605,200.0,60000,43.38334655761719,-4.9480180740356445,2.2048628330230713,0.3765803873538971
60554,episode_end,201.68585028779367,1000,0.15625712291161023,200.0,,,,,
61000,train_step,,,0.15833077491966827,200.0,61000,183.92791748046875,-5.3859052658081055,2.2054667472839355,0.3786894679069519
61554,episode_end,141.88696594990128,1000,0.15823523983062351,200.0,,,,,
61712,episode_end,237.94621332768338,158,0.1560439915874879,200.0,,,,,
62000,train_step,,,0.1547765768127786,200.0,62000,30.941444396972656,2.5893664360046387,2.1299335956573486,0.24242621660232544
62712,episode_end,-26.100216237312235,1000,0.14933314634488298,200.0,,,,,
63000,train_step,,,0.1501816413578459,200.0,63000,29.896743774414062,-6.826661586761475,1.9629884958267212,-0.07017037272453308
63712,episode_end,137.84688691271748,1000,0.15537653105134663,200.0,,,,,
64000,train_step,,,0.15594407868270418,200.0,64000,33.3687858581543,3.0097625255584717,2.130160331726074,0.24187177419662476
64712,episode_end,192.18954595567078,1000,0.15857824913454144,200.0,,,,,
65000,train_step,,,0.154693575477049,200.0,65000,183.3311767578125,6.824875831604004,1.8573613166809082,-0.26620781421661377
65712,episode_end,153.8584882478999,1000,0.15244397022146233,200.0,,,,,
66000,train_step,,,0.15132546749134337,200.0,66000,35.49247360229492,-4.511549949645996,2.087599754333496,0.16541673243045807
66712,episode_end,182.75596074090197,1000,0.15272906323642332,200.0,,,,,
67000,train_step,,,0.1561033091304159,200.0,67000,36.901607513427734,-6.80017614364624,2.159166097640991,0.29560914635658264
67712,episode_end,154.34183255842814,1000,0.15665547125059734,200.0,,,,,
67854,episode_end,255.162596202185,142,0.15591387397772688,200.0,,,,,
68000,train_step,,,0.1558114049164916,200.0,68000,250.0918731689453,-5.241118431091309,2.139798164367676,0.25989988446235657
68854,episode_end,214.24868838007,1000,0.15724578876152256,200.0,,,,,
69000,train_step,,,0.157492699456887,200.0,69000,26.124494552612305,-1.101243257522583,1.9291949272155762,-0.13087445497512817
69854,episode_end,-10.275522992503637,1000,0.1521994539539136,200.0,,,,,
70000,train_step,,,0.15043604129781502,200.0,70000,197.29904174804688,3.6064515113830566,2.080040693283081,0.15161456167697906
70854,episode_end,183.41185966084043,1000,0.15226057977535473,200.0,,,,,
71000,train_step,,,0.15230190257948162,200.0,71000,49.330291748046875,-7.062016487121582,2.235665798187256,0.4434968829154968
71854,episode_end,174.55313028599815,1000,0.15116327424909326,200.0,,,,,
72000,train_step,,,0.14974515621535392,200.0,72000,21.242013931274414,8.260050773620605,1.811476230621338,-0.35797274112701416
72854,episode_end,145.77343450353465,1000,0.15061386103432672,200.0,,,,,
73000,episode_end,214.98579540790809,146,0.14989010164427813,200.0,,,,,
73000,train_step,,,0.14989010164427813,200.0,73000,118.80989074707031,-7.330681800842285,1.9825317859649658,-0.03315233439207077
74000,episode_end,146.49261664817408,1000,0.1458456422885029,200.0,,,,,
74000,train_step,,,0.1458456422885029,200.0,74000,51.77008819580078,5.218835830688477,2.1499879360198975,0.2887573838233948
75000,episode_end,165.59317490885343,1000,0.14009761090981174,200.0,,,,,
75000,train_step,,,0.14009761090981174,200.0,75000,214.67501831054688,-4.387538909912109,1.9624345302581787,-0.07383211702108383
75132,episode_end,209.98245779717092,132,0.1378308653761164,200.0,,,,,
76000,train_step,,,0.13723478388023433,200.0,76000,36.477508544921875,0.6667013168334961,1.8445501327514648,-0.30873310565948486
76132,episode_end,142.87496360447753,1000,0.13746569010265144,200.0,,,,,
77000,train_step,,,0.13873626868354105,200.0,77000,48.861228942871094,-4.610648155212402,2.324903964996338,0.6417436599731445
77132,episode_end,163.34470332167157,1000,0.1404425980553646,200.0,,,,,
78000,train_step,,,0.1364990815707844,200.0,78000,27.50956916809082,-5.05217981338501,1.8171741962432861,-0.36408618092536926
78132,episode_end,200.87949702168632,1000,0.13645106656441558,200.0,,,,,
78231,episode_end,157.48172636758125,99,0.13724019883865818,200.0,,,,,
78338,episode_end,26.488841030565155,107,0.1382100374480127,200.0,,,,,
78448,episode_end,-11.737204265182285,110,0.13877728877337975,200.0,,,,,
79000,train_step,,,0.13479788318315133,200.0,79000,26.088274002075195,-5.631628513336182,1.9369323253631592,-0.1263863444328308
79448,episode_end,-12.940985297285902,1000,0.13360851739500237,200.0,,,,,
80000,train_step,,,0.13550095204270965,200.0,80000,26.475902557373047,-3.982203483581543,1.974939227104187,-0.050090860575437546
80448,episode_end,146.31661598595747,1000,0.13124268086825316,200.0,,,,,
80538,episode_end,216.77878532699918,90,0.13079279978696853,200.0,,,,,
80686,episode_end,225.14017721849,148,0.13039405276461488,200.0,,,,,
81000,train_step,,,0.130873158263835,200.0,81000,45.8544921875,-3.583191394805908,2.18228816986084,0.3706872761249542
81686,episode_end,222.90666034837807,1000,0.13285382596679934,200.0,,,,,
82000,train_step,,,0.13522100828959385,200.0,82000,66.19647216796875,0.9453577995300293,2.0929346084594727,0.18594783544540405
82686,episode_end,225.97510233701607,1000,0.13716699156266557,200.0,,,,,
82793,episode_end,122.24137023826663,107,0.13660475981314577,200.0,,,,,
83000,train_step,,,0.13518803734242102,200.0,83000,40.65399169921875,0.8930230140686035,2.0613975524902344,0.1228620857000351
83793,episode_end,147.56316670462442,1000,0.1377509338582371,200.0,,,,,
84000,train_step,,,0.13757934952160703,200.0,84000,275.08935546875,1.9318735599517822,2.335211992263794,0.6649112701416016
84793,episode_end,179.13566827832315,1000,0.1359797111083761,200.0,,,,,
85000,train_step,,,0.1354947501933358,200.0,85000,149.30892944335938,2.473222017288208,2.357374429702759,0.7143282890319824
85793,episode_end,197.54231180165309,1000,0.13271881647084335,200.0,,,,,
86000,train_step,,,0.13193363731682162,200.0,86000,28.03179168701172,-4.555229663848877,1.952933669090271,-0.09533074498176575
86793,episode_end,156.25795131632248,1000,0.13297652209530972,200.0,,,,,
87000,train_step,,,0.12983436118611946,200.0,87000,17.586580276489258,-7.199827194213867,1.7479863166809082,-0.5144851207733154
87793,episode_end,186.21216214218222,1000,0.1357570611733044,200.0,,,,,
87918,episode_end,145.81402835209676,125,0.13601898603015664,200.0,,,,,
88000,train_step,,,0.13386925355107396,200.0,88000,46.56865310668945,-4.394988536834717,1.9647972583770752,-0.07078865170478821
88078,episode_end,210.31354818877628,160,0.13265630911451967,200.0,,,,,
88182,episode_end,174.08577346840644,104,0.13030167441977408,200.0,,,,,
89000,train_step,,,0.12144500893937828,200.0,89000,33.75901794433594,-2.1434991359710693,1.9923198223114014,-0.01619204878807068
89182,episode_end,143.36625403218596,1000,0.12427119617800225,200.0,,,,,
90000,train_step,,,0.12250378840219231,200.0,90000,385.59185791015625,-4.750216960906982,2.0603718757629395,0.12675753235816956
90182,episode_end,5.17198915840643,1000,0.12318671775618896,200.0,,,,,
90378,episode_end,210.06646891368996,196,0.12461863290671689,200.0,,,,,
90493,episode_end,110.75583551821569,115,0.12463242454509167,200.0,,,,,
91000,train_step,,,0.12617152140219495,200.0,91000,148.98472595214844,-6.516265869140625,2.1292972564697266,0.2676602303981781
91493,episode_end,192.96317355873597,1000,0.1227753231329547,200.0,,,,,
92000,train_step,,,0.12431321015571434,200.0,92000,37.07740783691406,1.2210659980773926,1.9736864566802979,-0.054862529039382935
92493,episode_end,223.63113613146166,1000,0.12317693607230487,200.0,,,,,
93000,train_step,,,0.12729472141122183,200.0,93000,81.99378967285156,8.407886505126953,2.2444982528686523,0.5039721131324768
93493,episode_end,182.49494709873832,1000,0.12461268842923524,200.0,,,,,
94000,train_step,,,0.12870628480197194,200.0,94000,35.46435546875,0.34183645248413086,1.808521032333374,-0.3925744891166687
94493,episode_end,183.86723823157016,1000,0.13234673649223472,200.0,,,,,
94636,episode_end,253.22930956057536,143,0.13303837080026434,200.0,,,,,
95000,train_step,,,0.1312230957614803,200.0,95000,49.52000427246094,-2.307637929916382,1.9098091125488281,-0.183164581656456
95636,episode_end,212.19598359941233,1000,0.12800848945215337,200.0,,,,,
96000,train_step,,,0.12821885707488045,200.0,96000,18.705196380615234,-0.4051368236541748,1.9231681823730469,-0.15781378746032715
96636,episode_end,226.44018458319513,1000,0.12734085432013764,200.0,,,,,
96766,episode_end,228.02581721024728,130,0.12694426205069648,200.0,,,,,
97000,train_step,,,0.1293812822942374,200.0,97000,124.75432586669922,-8.372115135192871,2.0499861240386963,0.10222088545560837
97766,episode_end,205.48963844536212,1000,0.1246186482382004,200.0,,,,,
97897,episode_end,194.35633830837781,131,0.12174307497779825,200.0,,,,,
98000,train_step,,,0.12092564185470941,200.0,98000,29.96590232849121,4.259256362915039,2.094121217727661,0.19883841276168823
98010,episode_end,160.34992258769813,113,0.12096720063049515,200.0,,,,,
99000,train_step,,,0.1284368178572285,200.0,99000,95.9783935546875,1.837442398071289,1.7664029598236084,-0.4794151782989502
99010,episode_end,153.72134426075027,1000,0.12830317423619497,200.0,,,,,
100000,train_step,,,0.12326963514646834,200.0,100000,20.57868766784668,-6.133380889892578,1.983154058456421,-0.03526480495929718
100010,episode_end,-17.79720591709704,1000,0.12317853923983547,200.0,,,,,
101000,train_step,,,0.11935531032820978,200.0,100000,142.93142700195312,-4.260079383850098,2.052198648452759,0.11095620691776276
101010,episode_end,214.64469963246046,1000,0.11950552712207838,200.0,,,,,
102000,train_step,,,0.11955058294377686,200.0,100000,308.2048034667969,-3.1679067611694336,1.9816937446594238,-0.03888261318206787
102010,episode_end,195.048100934095,1000,0.11935197452868314,200.0,,,,,
103000,train_step,,,0.11178820074085971,200.0,100000,11.325845718383789,8.492622375488281,1.9006026983261108,-0.21779437363147736
103010,episode_end,200.28003139273244,1000,0.11166062740600206,200.0,,,,,
104000,train_step,,,0.10461045307786712,200.0,100000,28.105148315429688,0.011002540588378906,1.9863991737365723,-0.03070395439863205
104010,episode_end,226.68033055203153,1000,0.10470216367144429,200.0,,,,,
105000,train_step,,,0.10341048258692778,200.0,100000,38.90675735473633,-4.798512935638428,2.0717928409576416,0.16290147602558136
105010,episode_end,210.76025980993654,1000,0.10351909481280368,200.0,,,,,
105167,episode_end,258.40589206040954,157,0.10418081260483078,200.0,,,,,
106000,train_step,,,0.10583028532725053,200.0,100000,82.11090850830078,-5.0257368087768555,2.0824265480041504,0.18512320518493652
106167,episode_end,221.24824861777554,1000,0.10635471966160237,200.0,,,,,
106314,episode_end,203.90262295318485,147,0.1051446847235104,200.0,,,,,
106458,episode_end,195.18906717247864,144,0.10448371985930907,200.0,,,,,
106552,episode_end,130.73507015230908,94,0.10593597472141539,200.0,,,,,
106645,episode_end,138.5182000979678,93,0.1068783764450651,200.0,,,,,
107000,train_step,,,0.10703464632314906,200.0,100000,106.84828186035156,-3.339632987976074,2.0179758071899414,0.040168702602386475
107645,episode_end,167.09096344954227,1000,0.10311741658426732,200.0,,,,,
108000,train_step,,,0.0993987979773701,200.0,100000,116.33544921875,-7.6757354736328125,1.8358333110809326,-0.3789976239204407
108645,episode_end,226.34498090502169,1000,0.09994887793564539,200.0,,,,,
109000,train_step,,,0.09994000585748848,200.0,100000,250.2760467529297,-6.056467056274414,1.9374213218688965,-0.14413048326969147
109645,episode_end,-10.7979146534688,1000,0.09693291772341586,200.0,,,,,
110000,train_step,,,0.09179876920587056,200.0,100000,29.280637741088867,0.42829430103302,1.8048845529556274,-0.46596604585647583
110645,episode_end,125.240236272615,1000,0.09179688961533232,200.0,,,,,
110786,episode_end,193.5641096444362,141,0.09234642854282225,200.0,,,,,
111000,train_step,,,0.09146649083861548,200.0,100000,15.043106079101562,-2.8884713649749756,2.057562828063965,0.13767799735069275
111786,episode_end,123.78859452187133,1000,0.09196340679739362,200.0,,,,,
112000,train_step,,,0.09128752884218612,200.0,100000,12.661767959594727,-1.8302178382873535,1.9123324155807495,-0.20985355973243713
112786,episode_end,207.6128339218385,1000,0.08483936516360814,200.0,,,,,
112925,episode_end,178.01303993175821,139,0.08478443560386338,200.0,,,,,
113000,train_step,,,0.08474643609302114,200.0,100000,16.008312225341797,4.3833327293396,1.8060568571090698,-0.4786694645881653
113925,episode_end,53.874237927433306,1000,0.08399460753404668,200.0,,,,,
114000,train_step,,,0.08457863850202464,200.0,100000,24.023483276367188,0.9987663626670837,2.0081801414489746,0.020205676555633545
114062,episode_end,241.0280110549939,137,0.08411403608921136,200.0,,,,,
115000,train_step,,,0.08333161715751873,200.0,100000,35.221153259277344,5.700163841247559,2.110259771347046,0.2739875018596649
115062,episode_end,178.59315917948012,1000,0.08340672223037164,200.0,,,,,
115251,episode_end,176.70510672445647,189,0.08412335124173546,200.0,,,,,
115422,episode_end,-67.72353463802645,171,0.08462540290735053,200.0,,,,,
115572,episode_end,244.7234089307334,150,0.08416075846220915,200.0,,,,,
116000,train_step,,,0.08440778131355199,200.0,100000,140.88888549804688,-4.140491485595703,2.0461220741271973,0.11401838064193726
116572,episode_end,128.57035403081187,1000,0.08211852291777086,200.0,,,,,
116737,episode_end,248.87497211628164,165,0.08113098624822768,200.0,,,,,
116905,episode_end,103.11857249903727,168,0.07982338998627043,200.0,,,,,
117000,train_step,,,0.07909621289635282,200.0,100000,16.12915802001953,-12.240670204162598,2.0072622299194336,0.01842474937438965
117048,episode_end,151.7319499864086,143,0.07940519617089568,200.0,,,,,
118000,train_step,,,0.0799249044334105,200.0,100000,62.83534240722656,-6.061400413513184,2.253986358642578,0.6417392492294312
118048,episode_end,138.44900851004255,1000,0.07969640508297746,200.0,,,,,
119000,train_step,,,0.0767161066793167,200.0,100000,42.44706344604492,-10.176753997802734,2.113626003265381,0.29175153374671936
119048,episode_end,348.0656203864817,1000,0.07662295694314912,200.0,,,,,
119230,episode_end,223.98034777268782,182,0.07631090542586733,200.0,,,,,
119353,episode_end,193.39485014652269,123,0.07728488401549029,200.0,,,,,
119506,episode_end,157.78028092250844,153,0.07667806890723318,200.0,,,,,
119630,episode_end,184.13540577654476,124,0.07719983634216497,200.0,,,,,
119938,episode_end,470.326223944326,308,0.07685631886406102,200.0,,,,,
120000,train_step,,,0.07657260181072863,200.0,100000,13.153854370117188,-13.315962791442871,2.1619210243225098,0.4160587787628174
120051,episode_end,159.75157160696494,113,0.07667257309791708,200.0,,,,,
121000,train_step,,,0.07426807822017817,200.0,100000,120.56723022460938,-13.143881797790527,1.966027021408081,-0.08833251148462296
121051,episode_end,169.44421110620425,1000,0.07459383205425237,200.0,,,,,
122000,train_step,,,0.07328816990640308,200.0,100000,139.03976440429688,-13.080577850341797,1.9100205898284912,-0.23514807224273682
122051,episode_end,378.9737029262849,1000,0.07266772929237232,200.0,,,,,
123000,train_step,,,0.07776754469001584,200.0,100000,52.299991607666016,-11.755434036254883,2.1118054389953613,0.2855544090270996
123051,episode_end,170.38387656582987,1000,0.0778058916965645,200.0,,,,,
124000,train_step,,,0.07586602738559939,200.0,100000,12.75701904296875,-8.114524841308594,1.9859161376953125,-0.0363193154335022
124051,episode_end,195.34297603907427,1000,0.0755533237704734,200.0,,,,,
124182,episode_end,256.0967256756184,131,0.07615163605961446,200.0,,,,,
124362,episode_end,-45.3901452488456,180,0.07647220376244897,200.0,,,,,
124511,episode_end,3.2467724627257724,149,0.0776712667926233,200.0,,,,,
124663,episode_end,234.81923078177306,152,0.0777133999563976,200.0,,,,,
125000,train_step,,,0.07743922754202688,200.0,100000,79.62733459472656,-16.692264556884766,1.9449076652526855,-0.14094111323356628
125663,episode_end,140.8789161961497,1000,0.07530930036436462,200.0,,,,,
125769,episode_end,166.3246424385951,106,0.07500061796821704,200.0,,,,,
126000,train_step,,,0.0752405810807476,200.0,100000,120.69845581054688,-11.395180702209473,2.005547523498535,0.014351770281791687
126162,episode_end,453.3960998930322,393,0.07548816736061774,200.0,,,,,
126308,episode_end,224.47803263510855,146,0.07641292135272072,200.0,,,,,
127000,train_step,,,0.07979756377884502,200.0,100000,18.901317596435547,-11.340066909790039,1.7124109268188477,-0.7271003723144531
127308,episode_end,-54.10993763848435,1000,0.07998260509351703,200.0,,,,,
127534,episode_end,-49.493815944445714,226,0.08005779712107988,200.0,,,,,
128000,train_step,,,0.08066559998922558,200.0,100000,78.21072387695312,-15.758499145507812,1.9987919330596924,-0.0030411146581172943
128534,episode_end,317.9691859007321,1000,0.08157166999863269,200.0,,,,,
128665,episode_end,-268.3796580265857,131,0.08210151172133355,200.0,,,,,
128852,episode_end,-270.133442597512,187,0.08297692079077329,200.0,,,,,
128981,episode_end,-248.90972341773954,129,0.08300914913015989,200.0,,,,,
129000,train_step,,,0.0831954224976297,200.0,100000,18.435678482055664,-18.877120971679688,1.9493157863616943,-0.12602943181991577
129112,episode_end,-475.9661320807859,131,0.08280001151517469,200.0,,,,,
129256,episode_end,-331.4706451925767,144,0.08428636601489012,200.0,,,,,
130000,train_step,,,0.08048968766861693,200.0,100000,22.111469268798828,-15.225720405578613,2.0608441829681396,0.1533045768737793
130256,episode_end,-57.55286684868003,1000,0.07968870115116151,200.0,,,,,
130458,episode_end,478.0057746036979,202,0.07859310917200896,200.0,,,,,
130615,episode_end,254.93942499706935,157,0.0782668893715917,200.0,,,,,
130812,episode_end,480.80584384501157,197,0.07791993070369897,200.0,,,,,
131000,train_step,,,0.07813646120474588,200.0,100000,46.83195495605469,-24.09735679626465,2.11680006980896,0.2977580726146698
131812,episode_end,210.11719521568995,1000,0.07820279012220485,200.0,,,,,
132000,train_step,,,0.07803287733545858,200.0,100000,108.99699401855469,-15.216348648071289,1.857143521308899,-0.3643735349178314
132033,episode_end,427.1914023070132,221,0.07839687769128513,200.0,,,,,
133000,train_step,,,0.08063099038997983,200.0,100000,43.604347229003906,-16.00645637512207,1.7829047441482544,-0.5466179251670837
133033,episode_end,208.418984797719,1000,0.08111574797530821,200.0,,,,,
133878,episode_end,181.04696608320876,845,0.0807654373746512,200.0,,,,,
134000,train_step,,,0.08040229816723848,200.0,100000,27.043617248535156,-12.83909797668457,1.8603196144104004,-0.35209399461746216
134157,episode_end,-437.59345941855196,279,0.08102873692115131,200.0,,,,,
134617,episode_end,407.9269913666491,460,0.08082928911943671,200.0,,,,,
135000,train_step,,,0.08206732068011768,200.0,100000,153.7154998779297,-16.318431854248047,1.840935468673706,-0.39769548177719116
135081,episode_end,413.2750134920847,464,0.0816196639141622,200.0,,,,,
135519,episode_end,435.75219270160187,438,0.0793799563039292,200.0,,,,,
135729,episode_end,467.36545417043004,210,0.07907507409955955,200.0,,,,,
136000,train_step,,,0.07986855744167115,200.0,100000,93.04304504394531,-20.31202507019043,2.0717530250549316,0.1813463419675827
136380,episode_end,444.8141971073368,651,0.08194337321024728,200.0,,,,,
137000,train_step,,,0.08261190307473028,200.0,100000,41.2889404296875,-18.764015197753906,2.0861101150512695,0.2147238850593567
137380,episode_end,23.33385409409293,1000,0.07953113391463125,200.0,,,,,
137916,episode_end,451.03658369691215,536,0.08220058230271826,200.0,,,,,
138000,train_step,,,0.08201455929141366,200.0,100000,51.47588348388672,-17.033161163330078,2.1055550575256348,0.26397866010665894
138916,episode_end,33.61253856650279,1000,0.08058735789701887,200.0,,,,,
139000,train_step,,,0.08062476645372228,200.0,100000,17.566791534423828,-30.427845001220703,1.9662456512451172,-0.08499163389205933
139287,episode_end,272.4634344668342,371,0.07996002136860839,200.0,,,,,
139843,episode_end,208.46606013108402,556,0.07827896328798865,200.0,,,,,
140000,train_step,,,0.07662799898775932,200.0,100000,12.125822067260742,-28.547931671142578,2.0627636909484863,0.1612272709608078
140239,episode_end,271.1823649754149,396,0.07569164751296291,200.0,,,,,
141000,train_step,,,0.07765809603841067,200.0,100000,132.51251220703125,-30.072307586669922,1.9483587741851807,-0.13196620345115662
141239,episode_end,242.0310270460301,1000,0.0767236851392637,200.0,,,,,
141460,episode_end,493.33211029565814,221,0.07610731961387712,200.0,,,,,
142000,train_step,,,0.07692427850167873,200.0,100000,131.37197875976562,-31.414901733398438,2.0458195209503174,0.11752399802207947
142223,episode_end,380.0149106449432,763,0.07651005068133866,200.0,,,,,
142683,episode_end,435.1555049900133,460,0.07575748083054379,200.0,,,,,
143000,train_step,,,0.07480087197337464,200.0,100000,112.90355682373047,-16.128305435180664,1.4766912460327148,-1.356900930404663
143264,episode_end,408.85921290559315,581,0.07324868598989087,200.0,,,,,
143730,episode_end,441.7033940136476,466,0.07458970454956657,200.0,,,,,
144000,train_step,,,0.07699350556784888,200.0,100000,18.62488555908203,-23.115306854248047,2.0132699012756348,0.034024134278297424
144381,episode_end,437.1016907447287,651,0.0794335349642355,200.0,,,,,
145000,train_step,,,0.08172938465186835,200.0,100000,86.50358581542969,-21.76858901977539,1.6412906646728516,-0.8983306884765625
145164,episode_end,391.06955142464756,783,0.08258024341317863,200.0,,,,,
145402,episode_end,460.57186608783553,238,0.08117956392831994,200.0,,,,,
145721,episode_end,472.21733603329153,319,0.08257949369333703,200.0,,,,,
146000,train_step,,,0.08398445494153944,200.0,100000,21.175466537475586,-39.2374267578125,2.133183002471924,0.3299105763435364
146029,episode_end,441.02233746903295,308,0.08410701129630804,200.0,,,,,
146647,episode_end,443.936510530983,618,0.08620384225148765,200.0,,,,,
147000,train_step,,,0.08477537730982494,200.0,100000,73.7989273071289,-23.097225189208984,2.1110734939575195,0.27410197257995605
147041,episode_end,432.134098658652,394,0.08510076493173227,200.0,,,,,
147316,episode_end,451.7344935009201,275,0.08615647613929264,200.0,,,,,
147891,episode_end,405.42478452605167,575,0.08782039675949514,200.0,,,,,
148000,train_step,,,0.08709767054818594,200.0,100000,102.414794921875,-35.01536560058594,1.874650001525879,-0.30594509840011597
148231,episode_end,474.72939610500396,340,0.08602988582560744,200.0,,,,,
148678,episode_end,411.38001838127866,447,0.08632447512203417,200.0,,,,,
148931,episode_end,475.9974001196422,253,0.087376378532341,200.0,,,,,
149000,train_step,,,0.08649351698071871,200.0,100000,20.445392608642578,-32.651649475097656,1.970299482345581,-0.07269750535488129
149258,episode_end,441.98260614421497,327,0.08599874824875538,200.0,,,,,
149853,episode_end,466.82697678187037,595,0.09092826661597195,200.0,,,,,
150000,train_step,,,0.09234589652173675,200.0,100000,12.803773880004883,-36.12562561035156,1.9062585830688477,-0.22331230342388153
150076,episode_end,467.3681510712477,223,0.09131975911378722,200.0,,,,,
150316,episode_end,454.135801470643,240,0.0916225798584439,200.0,,,,,
151000,train_step,,,0.08979187409891316,200.0,100000,63.592594146728516,-32.094093322753906,1.745971918106079,-0.6122738122940063
151316,episode_end,280.7963727537623,1000,0.08859667549087426,200.0,,,,,
151526,episode_end,252.2904854687947,210,0.09050247557200128,200.0,,,,,
152000,train_step,,,0.09007708313517068,200.0,100000,13.670764923095703,-35.73619079589844,2.24397873878479,0.5872787237167358
152526,episode_end,256.0100131294388,1000,0.09157291074776129,200.0,,,,,
152771,episode_end,462.3701823330403,245,0.09396152811855597,200.0,,,,,
153000,train_step,,,0.09535619751918845,200.0,100000,20.772808074951172,-37.996734619140625,1.9716193675994873,-0.06669827550649643
153141,episode_end,431.74035059873233,370,0.09615774013217081,200.0,,,,,
153317,episode_end,460.7894538228443,176,0.09680564829693361,200.0,,,,,
153665,episode_end,456.1157041898427,348,0.09487879465589366,200.0,,,,,
154000,train_step,,,0.0945019909802806,200.0,100000,95.81607055664062,-42.89646911621094,2.10798978805542,0.25476253032684326
154017,episode_end,481.8482325402082,352,0.09460755889070507,200.0,,,,,
154383,episode_end,471.2731063466382,366,0.09498055342168085,200.0,,,,,
154689,episode_end,447.4050889633695,306,0.09362547954443934,200.0,,,,,
155000,train_step,,,0.09416141833624167,200.0,100000,14.366561889648438,-39.067405700683594,2.2644991874694824,0.6249443888664246
155061,episode_end,418.32230517682154,372,0.09560610498508025,200.0,,,,,
155440,episode_end,448.170179726639,379,0.09741267187559946,200.0,,,,,
155660,episode_end,454.78745233105315,220,0.09488686299119022,200.0,,,,,
155915,episode_end,478.32906992507117,255,0.09475534649795819,200.0,,,,,
156000,train_step,,,0.09551195680713227,200.0,100000,11.631175994873047,-40.813934326171875,1.825404167175293,-0.4100390672683716
156481,episode_end,426.77135251641994,566,0.09829828409934051,200.0,,,,,
156820,episode_end,443.07248775686276,339,0.1001197979506939,200.0,,,,,
157000,train_step,,,0.10075102229902347,200.0,100000,30.95107078552246,-39.21586227416992,1.8458600044250488,-0.353767067193985
157197,episode_end,473.2113876894746,377,0.0995762043582366,200.0,,,,,
157625,episode_end,458.3004432034071,428,0.1044592241582282,200.0,,,,,
157876,episode_end,483.3286211024997,251,0.10663049162772704,200.0,,,,,
158000,train_step,,,0.10683533677964374,200.0,100000,124.64415740966797,-42.88401794433594,2.3030571937561035,0.6777772903442383
158162,episode_end,473.1435067521881,286,0.10920758018605765,200.0,,,,,
158434,episode_end,487.6814679664023,272,0.11336968861230656,200.0,,,,,
158707,episode_end,449.2033926363701,273,0.11374312618653451,200.0,,,,,
158990,episode_end,485.5338334467581,283,0.11567132203828394,200.0,,,,,
159000,train_step,,,0.11589903428813261,200.0,100000,21.66902732849121,-48.048316955566406,2.2607784271240234,0.5619866251945496
159191,episode_end,477.7261801708877,201,0.11898266750746592,200.0,,,,,
159408,episode_end,457.7282869562471,217,0.1213286420658578,200.0,,,,,
159621,episode_end,425.72228159212443,213,0.12183847732745547,200.0,,,,,
159857,episode_end,488.82412385191856,236,0.11985917113526616,200.0,,,,,
160000,train_step,,,0.11806121359662297,200.0,100000,16.9835205078125,-46.44523239135742,2.048372745513916,0.1033506691455841
160110,episode_end,462.44883460484556,253,0.1179256322319849,200.0,,,,,
160287,episode_end,473.14568280132943,177,0.11816427516212233,200.0,,,,,
160554,episode_end,465.768463622371,267,0.12183335473279451,200.0,,,,,
160927,episode_end,481.62217645162684,373,0.12103589065215345,200.0,,,,,
161000,train_step,,,0.12160752636029433,200.0,100000,37.73369598388672,-50.60711669921875,1.8488941192626953,-0.31837356090545654
161171,episode_end,448.0558628033069,244,0.1224374701119917,200.0,,,,,
161456,episode_end,472.3117620584596,285,0.12040991409340872,200.0,,,,,
161736,episode_end,474.06127992534994,280,0.11865271691313746,200.0,,,,,
162000,train_step,,,0.1181209175604325,200.0,100000,72.24952697753906,-52.17898941040039,2.194087266921997,0.4145796298980713
162020,episode_end,437.50060928087817,284,0.118612082855275,200.0,,,,,
162291,episode_end,470.1035700227691,271,0.11736134180633254,200.0,,,,,
162942,episode_end,453.7900710377581,651,0.11431679212762037,200.0,,,,,
163000,train_step,,,0.11469728865986896,200.0,100000,19.63241195678711,-58.97705841064453,2.1335160732269287,0.28912362456321716
163200,episode_end,481.3755232503998,258,0.11505568502842763,200.0,,,,,
163494,episode_end,476.486296910927,294,0.11565594202777059,200.0,,,,,
163696,episode_end,441.8422841109302,202,0.11494141390442869,200.0,,,,,
164000,train_step,,,0.11414734459976528,200.0,100000,35.924617767333984,-56.71955108642578,2.052544116973877,0.11403466016054153
164152,episode_end,476.2339719627461,456,0.11556387148022729,200.0,,,,,
164505,episode_end,461.55612774750404,353,0.11729981942424639,200.0,,,,,
164690,episode_end,458.58443898359104,185,0.11721670676400256,200.0,,,,,
165000,train_step,,,0.11824504864269574,200.0,100000,14.416770935058594,-52.940860748291016,1.8041794300079346,-0.41807612776756287
165003,episode_end,444.9471475175716,313,0.11823065157211089,200.0,,,,,
165238,episode_end,497.02837718879,235,0.1199718106751622,200.0,,,,,
165636,episode_end,442.4729928773359,398,0.11939456671543239,200.0,,,,,
165940,episode_end,464.77195313158467,304,0.12005860198564221,200.0,,,,,
166000,train_step,,,0.12096099694667801,200.0,100000,53.19464111328125,-57.3978271484375,2.1076111793518066,0.22730565071105957
166200,episode_end,479.67333116525697,260,0.1209627800888104,200.0,,,,,
166474,episode_end,452.732532088311,274,0.1214513530127196,200.0,,,,,
166658,episode_end,458.0624578868708,184,0.12133621022139036,200.0,,,,,
166986,episode_end,469.2653715350376,328,0.1197970025021495,200.0,,,,,
167000,train_step,,,0.11970684636422864,200.0,100000,12.985893249511719,-59.34992218017578,1.928271770477295,-0.15225812792778015
167387,episode_end,450.0444792876069,401,0.11974024429741292,200.0,,,,,
167664,episode_end,46.35564574512375,277,0.11970444189765422,200.0,,,,,
167980,episode_end,475.60629007921614,316,0.11881554379366993,200.0,,,,,
168000,train_step,,,0.11807698167220476,200.0,100000,17.617141723632812,-63.615699768066406,1.8434585332870483,-0.3344380259513855
168212,episode_end,453.44698657003363,232,0.1156916873435109,200.0,,,,,
168397,episode_end,469.90371169942205,185,0.11494972534911502,200.0,,,,,
168676,episode_end,472.0852446363562,279,0.11551071600173075,200.0,,,,,
168940,episode_end,447.43449178464357,264,0.11617308973351638,200.0,,,,,
169000,train_step,,,0.11632325912335366,200.0,100000,159.989990234375,-61.450504302978516,2.0711936950683594,0.15316449105739594
169216,episode_end,487.8365911634837,276,0.11668777624328688,200.0,,,,,
169372,episode_end,474.23090138440944,156,0.11773216714624107,200.0,,,,,
169604,episode_end,454.62161372208266,232,0.11855914959811782,200.0,,,,,
169852,episode_end,454.1165425230055,248,0.11635792388906238,200.0,,,,,
170000,train_step,,,0.11800954173969584,200.0,100000,77.39591979980469,-62.42567825317383,1.857694149017334,-0.30410629510879517
170181,episode_end,463.6518080933937,329,0.11971044117275152,200.0,,,,,
170435,episode_end,443.2290402912417,254,0.11803030088681768,200.0,,,,,
170681,episode_end,473.2585961765201,246,0.11657512874486227,200.0,,,,,
171000,train_step,,,0.11506292005608657,200.0,100000,91.98007202148438,-70.32035827636719,1.9293361902236938,-0.15279483795166016
171064,episode_end,261.21374724800455,383,0.11468133854690904,200.0,,,,,
171331,episode_end,439.0960694211113,267,0.11247987974143099,200.0,,,,,
171657,episode_end,259.06433896078215,326,0.11343363889814172,200.0,,,,,
172000,train_step,,,0.11609527553377649,200.0,100000,13.000537872314453,-69.44583129882812,2.3072104454040527,0.6615298986434937
172334,episode_end,251.316915412765,677,0.11621887271459345,200.0,,,,,
172542,episode_end,458.13492740805924,208,0.11679622515936834,200.0,,,,,
172809,episode_end,509.997803788438,267,0.11630239752347267,200.0,,,,,
173000,train_step,,,0.1159694820555581,200.0,100000,14.055599212646484,-63.062355041503906,1.9518537521362305,-0.10372743755578995
173132,episode_end,454.8954238551306,323,0.11572100208027683,200.0,,,,,
173256,episode_end,115.71145700330854,124,0.11570740144541432,200.0,,,,,
173498,episode_end,446.8219225660358,242,0.1167628265447283,200.0,,,,,
173613,episode_end,203.95435025234315,115,0.11884208811132527,200.0,,,,,
173926,episode_end,273.9328898115382,313,0.1181954236211516,200.0,,,,,
174000,train_step,,,0.11878869992911642,200.0,100000,30.06766700744629,-76.47792053222656,1.9883904457092285,-0.024733148515224457
174321,episode_end,449.44020061416944,395,0.11961145949621667,200.0,,,,,
174579,episode_end,464.72568054351683,258,0.11946005674320674,200.0,,,,,
175000,train_step,,,0.1157058392947057,200.0,100000,75.59939575195312,-68.55476379394531,2.123936891555786,0.26729539036750793
175060,episode_end,458.0087741171755,481,0.11626688324182695,200.0,,,,,
175212,episode_end,10.29752361642295,152,0.11547963307699498,200.0,,,,,
175492,episode_end,417.78389969493367,280,0.1179809953144649,200.0,,,,,
175804,episode_end,471.0129020121648,312,0.11354068068023546,200.0,,,,,
176000,train_step,,,0.11425420296499081,200.0,100000,22.17620849609375,-66.27832794189453,2.1645450592041016,0.356952428817749
176121,episode_end,470.5448534148241,317,0.11549623007018794,200.0,,,,,
176249,episode_end,96.12160709516559,128,0.11252063394678939,200.0,,,,,
176511,episode_end,421.9055077035895,262,0.10858533726999547,200.0,,,,,
176766,episode_end,463.3558808499762,255,0.11298014803551767,200.0,,,,,
177000,train_step,,,0.11561749525576755,200.0,100000,19.713973999023438,-69.8414077758789,1.78202223777771,-0.4702798128128052
177084,episode_end,469.09299346958153,318,0.11614065242410221,200.0,,,,,
177302,episode_end,492.14774573580905,218,0.11718647773693756,200.0,,,,,
177627,episode_end,461.90275104000887,325,0.11520874593742511,200.0,,,,,
177875,episode_end,458.86353091841823,248,0.11752086009769198,200.0,,,,,
178000,train_step,,,0.11700291208194777,200.0,100000,17.608774185180664,-76.43949890136719,2.2100119590759277,0.45059213042259216
178173,episode_end,452.0318577569953,298,0.11872561308459417,200.0,,,,,
178457,episode_end,448.34390176144586,284,0.11990769075077821,200.0,,,,,
178745,episode_end,476.78807243919005,288,0.11573764674187134,200.0,,,,,
179000,train_step,,,0.11526620802002623,200.0,100000,12.933489799499512,-70.18010711669922,2.030665397644043,0.06625330448150635
179023,episode_end,437.7604472738903,278,0.11529862818971783,200.0,,,,,
179277,episode_end,463.9140844361521,254,0.11783888560920036,200.0,,,,,
179527,episode_end,474.3079233023496,250,0.12030785326119006,200.0,,,,,
179790,episode_end,468.1763091082704,263,0.11755808890171496,200.0,,,,,
180000,train_step,,,0.1133894220558387,200.0,100000,403.43310546875,-75.87773132324219,2.0309736728668213,0.06742743402719498
180023,episode_end,496.51981390421054,233,0.11282514527449657,200.0,,,,,
180262,episode_end,471.87246133474747,239,0.10895512604842049,200.0,,,,,
180507,episode_end,477.83601463948753,245,0.10813991574915394,200.0,,,,,
180720,episode_end,439.6911815446408,213,0.11021952542680573,200.0,,,,,
180915,episode_end,469.9578986179784,195,0.11032114573324105,200.0,,,,,
181000,train_step,,,0.10888034034570815,200.0,100000,171.0787353515625,-73.46820831298828,2.1206254959106445,0.26748722791671753
181184,episode_end,432.3235529910347,269,0.10907690569645775,200.0,,,,,
181485,episode_end,491.05798701302183,301,0.10776249978806302,200.0,,,,,
181765,episode_end,482.68319778322626,280,0.108842148321272,200.0,,,,,
182000,train_step,,,0.11034982149792637,200.0,100000,119.83749389648438,-72.45570373535156,2.3109447956085205,0.6853530406951904
182062,episode_end,480.43730235657347,297,0.11186260163168131,200.0,,,,,
182280,episode_end,465.8870044187024,218,0.11309422638971528,200.0,,,,,
182531,episode_end,427.404772231246,251,0.11224894761945582,200.0,,,,,
182800,episode_end,482.0386315212451,269,0.10995925829474706,200.0,,,,,
182983,episode_end,494.6608794419802,183,0.10716794092093766,200.0,,,,,
183000,train_step,,,0.1074754079142948,200.0,100000,196.9451904296875,-77.22637939453125,2.223552942276001,0.4986332058906555
183230,episode_end,443.67056594368506,247,0.1081883500862899,200.0,,,,,
183528,episode_end,478.7044861463828,298,0.1040624983433302,200.0,,,,,
183772,episode_end,489.57788599467733,244,0.10490499385231311,200.0,,,,,
184000,train_step,,,0.1058663494168916,200.0,100000,11.481904983520508,-74.69157409667969,1.9223995208740234,-0.17425766587257385
184030,episode_end,471.6436366425778,258,0.10625144329565957,200.0,,,,,
184328,episode_end,483.50631262679497,298,0.10580226271987697,200.0,,,,,
184518,episode_end,473.82692684514217,190,0.10579617380062628,200.0,,,,,
184735,episode_end,498.46171061444403,217,0.10786647588135244,200.0,,,,,
185000,train_step,,,0.10866370511417897,200.0,100000,96.65995025634766,-83.84699249267578,2.0224432945251465,0.049812767654657364
185001,episode_end,437.9548249998318,266,0.10866972046881593,200.0,,,,,
185173,episode_end,428.5684524531367,172,0.10591415667012373,200.0,,,,,
185398,episode_end,464.5286774234039,225,0.1047139169349684,200.0,,,,,
185637,episode_end,481.51086568411864,239,0.1041600278549767,200.0,,,,,
185896,episode_end,484.8940601810116,259,0.10274993992199666,200.0,,,,,
186000,train_step,,,0.10114539481601816,200.0,100000,135.39157104492188,-80.16964721679688,1.8881471157073975,-0.2562766969203949
186195,episode_end,475.05207857736696,299,0.10041384245981669,200.0,,,,,
186384,episode_end,431.1945047445871,189,0.09976364775699649,200.0,,,,,
186568,episode_end,-326.61802657002346,184,0.09939694611482039,200.0,,,,,
186750,episode_end,467.8173475174691,182,0.09968781525203234,200.0,,,,,
186993,episode_end,464.60953676747476,243,0.09705028191936635,200.0,,,,,
187000,train_step,,,0.09704111557644443,200.0,100000,44.04803466796875,-74.38507843017578,1.8838863372802734,-0.27084919810295105
187253,episode_end,466.1698533553019,260,0.0962832194436167,200.0,,,,,
187473,episode_end,467.60690301474585,220,0.0961214684640082,200.0,,,,,
187740,episode_end,492.58153535432797,267,0.09781086014458554,200.0,,,,,
187895,episode_end,434.7738880488037,155,0.09545293197635099,200.0,,,,,
188000,train_step,,,0.09721497790761699,200.0,100000,28.057788848876953,-76.66547393798828,1.9480677843093872,-0.12104526162147522
188096,episode_end,452.5557452918058,201,0.09731995300966141,200.0,,,,,
188382,episode_end,468.99473176520746,286,0.09817025049336228,200.0,,,,,
189000,train_step,,,0.10123269467180399,200.0,100000,44.09683609008789,-86.28521728515625,2.0473527908325195,0.10845423489809036
189210,episode_end,443.7951387530218,828,0.10184183590204655,200.0,,,,,
189463,episode_end,495.81348805649674,253,0.10411300375312002,200.0,,,,,
189806,episode_end,503.3572513634863,343,0.10504421461100817,200.0,,,,,
190000,train_step,,,0.10646095241881968,200.0,100000,175.22842407226562,-83.72734069824219,1.963429570198059,-0.08191700279712677
190059,episode_end,417.5493769898176,253,0.10685715152989586,200.0,,,,,
190320,episode_end,484.52867483818983,261,0.10470781616695993,200.0,,,,,
190623,episode_end,458.18723686739713,303,0.10443865791541554,200.0,,,,,
190858,episode_end,513.7557415881749,235,0.10209176025183885,200.0,,,,,
191000,train_step,,,0.10388884536631526,200.0,100000,43.7950439453125,-81.44971466064453,2.1653549671173096,0.37443533539772034
191094,episode_end,461.80062621368063,236,0.10448534077581081,200.0,,,,,
191365,episode_end,437.90802996417,271,0.10768935242693825,200.0,,,,,
191680,episode_end,427.7001962251369,315,0.11051082530363675,200.0,,,,,
191916,episode_end,509.7293205048227,236,0.10876095072767762,200.0,,,,,
192000,train_step,,,0.10872962368959366,200.0,100000,19.272655487060547,-89.22917938232422,2.0146195888519287,0.03243909776210785
192142,episode_end,487.59914605390975,226,0.11098155981098753,200.0,,,,,
192369,episode_end,448.4916605156222,227,0.11256332548450229,200.0,,,,,
192649,episode_end,470.08061073914075,280,0.11040688988719355,200.0,,,,,
192903,episode_end,496.50212944843537,254,0.11003036264021225,200.0,,,,,
192971,episode_end,111.2360039111125,68,0.1087379641081702,200.0,,,,,
193000,train_step,,,0.10852660910057667,200.0,100000,19.326396942138672,-83.78268432617188,1.9585952758789062,-0.09195007383823395
193213,episode_end,467.8416995202201,242,0.10718850059233491,200.0,,,,,
193348,episode_end,84.57328966912686,135,0.10704572705849379,200.0,,,,,
193577,episode_end,502.99132281109814,229,0.11040442268019753,200.0,,,,,
193785,episode_end,481.7395280832031,208,0.10937065950029462,200.0,,,,,
194000,train_step,,,0.10975174379710693,200.0,100000,223.96693420410156,-88.47773742675781,1.8759870529174805,-0.27401071786880493
194070,episode_end,460.7646300930767,285,0.10844397695503717,200.0,,,,,
194300,episode_end,442.51854444994666,230,0.10528879136748838,200.0,,,,,
194503,episode_end,461.77953519135895,203,0.10604162842561381,200.0,,,,,
194753,episode_end,498.59258953550454,250,0.10400404951633918,200.0,,,,,
194997,episode_end,500.4805334437609,244,0.10329723267435427,200.0,,,,,
195000,train_step,,,0.10332256399246109,200.0,100000,77.47100830078125,-83.88648223876953,2.1145949363708496,0.2601192593574524
195270,episode_end,493.0194241435857,273,0.10239244416634313,200.0,,,,,
195435,episode_end,467.0342611428042,165,0.10432431261730697,200.0,,,,,
195795,episode_end,-3.8273455467053026,360,0.10772676945258117,200.0,,,,,
195909,episode_end,-183.19011083853917,114,0.10820917323960254,200.0,,,,,
196000,train_step,,,0.10890153904336079,200.0,100000,96.16743469238281,-92.18156433105469,2.2041971683502197,0.452768474817276
196220,episode_end,480.5433172570873,311,0.11027231492055041,200.0,,,,,
196451,episode_end,475.93385641283817,231,0.10762815991759007,200.0,,,,,
196709,episode_end,473.36074563267556,258,0.10852887084533376,200.0,,,,,
197000,train_step,,,0.11303499436820418,200.0,100000,20.83542251586914,-88.87428283691406,2.26660418510437,0.5812126398086548
197260,episode_end,446.7927691348929,551,0.11625437039839737,200.0,,,,,
197505,episode_end,450.55392789077115,245,0.1144926445538884,200.0,,,,,
197742,episode_end,474.6152647890728,237,0.11095627572501394,200.0,,,,,
198000,train_step,,,0.10913060398121574,200.0,100000,84.05818176269531,-86.90838623046875,1.8910243511199951,-0.24140404164791107
198011,episode_end,480.2355549621928,269,0.10890411723236573,200.0,,,,,
198233,episode_end,451.29678964391616,222,0.10829087083341013,200.0,,,,,
198442,episode_end,498.35778267168445,209,0.11113202381662302,200.0,,,,,
198683,episode_end,454.05433283665474,241,0.1110614154802263,200.0,,,,,
198936,episode_end,425.884661104029,253,0.10721412042923704,200.0,,,,,
199000,train_step,,,0.10738893662283773,200.0,100000,30.771141052246094,-91.48091125488281,1.9974696636199951,-0.005645867437124252
199225,episode_end,457.26108872844213,289,0.10866901503424538,200.0,,,,,
199452,episode_end,476.86910213328724,227,0.1072983215846859,200.0,,,,,
200000,train_step,,,0.10684436883461415,200.0,100000,85.88310241699219,-91.94637298583984,2.166123628616333,0.3715158700942993
200452,episode_end,336.5748880597637,1000,0.11060645203834324,200.0,,,,,
201000,train_step,,,0.10486730548882668,200.0,100000,115.07300567626953,-80.29342651367188,1.8197801113128662,-0.4064064919948578
201049,episode_end,437.97062602172315,597,0.10454411416933289,200.0,,,,,
201218,episode_end,474.49978794004625,169,0.10708593525274547,200.0,,,,,
201435,episode_end,443.29349090993315,217,0.11078602738840009,200.0,,,,,
201646,episode_end,484.3969176083564,211,0.11221901211550767,200.0,,,,,
201853,episode_end,441.9261437634559,207,0.11320261629252616,200.0,,,,,
202000,train_step,,,0.11276582578499918,200.0,100000,49.227203369140625,-91.66294860839844,2.228053092956543,0.49771273136138916
202172,episode_end,469.87594319054034,319,0.11413362902660049,200.0,,,,,
202446,episode_end,459.2952119668135,274,0.11661301673314224,200.0,,,,,
202657,episode_end,503.38356587038794,211,0.11769520405725958,200.0,,,,,
202876,episode_end,458.4896305643899,219,0.11944598609122041,200.0,,,,,
203000,train_step,,,0.11720006579560745,200.0,100000,42.04058074951172,-90.88275146484375,1.7923798561096191,-0.4451110363006592
203095,episode_end,462.0271083553124,219,0.11503558548321674,200.0,,,,,
203336,episode_end,483.2062845204953,241,0.11284695776746193,200.0,,,,,
203559,episode_end,482.0083672547687,223,0.11198414565080171,200.0,,,,,
203810,episode_end,457.92166393833793,251,0.10903499885851088,200.0,,,,,
204000,train_step,,,0.10734167773239567,200.0,100000,38.097007751464844,-85.6680908203125,2.22322154045105,0.498172402381897
204001,episode_end,509.42258017527314,191,0.10736265226408288,200.0,,,,,
204231,episode_end,474.02808023375724,230,0.1069440218094978,200.0,,,,,
204435,episode_end,473.2864155748025,204,0.10701749152421296,200.0,,,,,
204690,episode_end,454.64553799348266,255,0.10730930033597776,200.0,,,,,
204879,episode_end,444.9888082211894,189,0.10795149307455379,200.0,,,,,
205000,train_step,,,0.10990442106677593,200.0,100000,246.88955688476562,-93.89600372314453,1.6156212091445923,-0.8487638235092163
205125,episode_end,466.99056279210697,246,0.10919237941094569,200.0,,,,,
205261,episode_end,269.83648212201336,136,0.11067946186043306,200.0,,,,,
205572,episode_end,441.24929583048106,311,0.11040005805446568,200.0,,,,,
205789,episode_end,443.8364905720152,217,0.11163868777170337,200.0,,,,,
206000,train_step,,,0.11266895275869056,200.0,100000,48.09612274169922,-87.40872192382812,2.243462085723877,0.5315513014793396
206050,episode_end,469.03762512561514,261,0.11308491342797193,200.0,,,,,
206534,episode_end,419.8509257897941,484,0.10948229523203275,200.0,,,,,
207000,train_step,,,0.10638002934234593,200.0,100000,23.53374481201172,-93.73737335205078,1.800217866897583,-0.4476592540740967
207371,episode_end,461.3010841891673,837,0.10559656223404236,200.0,,,,,
207619,episode_end,469.2716005330853,248,0.10181422688647915,200.0,,,,,
207898,episode_end,485.91052669224155,279,0.10347874199298349,200.0,,,,,
208000,train_step,,,0.10436417138710284,200.0,100000,29.55795669555664,-88.0430908203125,2.153541326522827,0.3469833433628082
208102,episode_end,485.0694442384396,204,0.10460129040049394,200.0,,,,,
208389,episode_end,472.55847965405343,287,0.1067921834945375,200.0,,,,,
208619,episode_end,436.92747654476744,230,0.10973714058154739,200.0,,,,,
208941,episode_end,477.21992126471156,322,0.11009802836146988,200.0,,,,,
209000,train_step,,,0.10882160467739363,200.0,100000,40.728572845458984,-94.28475952148438,1.9565390348434448,-0.09639851748943329
209189,episode_end,447.97574227786845,248,0.10922355621740584,200.0,,,,,
209428,episode_end,459.36768873958636,239,0.10883755593210223,200.0,,,,,
209685,episode_end,451.05429327281183,257,0.10877659587293688,200.0,,,,,
209897,episode_end,480.2839651107663,212,0.10812849242568787,200.0,,,,,
210000,train_step,,,0.10724568859221624,200.0,100000,54.27813720703125,-93.82202911376953,1.861626386642456,-0.30893757939338684
210153,episode_end,469.0123497455307,256,0.10592348423670571,200.0,,,,,
210377,episode_end,456.66052195728724,224,0.10618844692760074,200.0,,,,,
210585,episode_end,479.87792102921395,208,0.10658027272744311,200.0,,,,,
210848,episode_end,462.847256531716,263,0.11051418624650267,200.0,,,,,
211000,train_step,,,0.11248314428756834,200.0,100000,144.210693359375,-99.168701171875,2.0815534591674805,0.1781907081604004
211077,episode_end,483.5495851326854,229,0.1134595840462044,200.0,,,,,
211305,episode_end,481.1639011851204,228,0.11509043983896668,200.0,,,,,
211580,episode_end,473.9794335865676,275,0.11086806705747258,200.0,,,,,
211765,episode_end,480.8915455679294,185,0.10895634581719435,200.0,,,,,
211993,episode_end,456.1091625066678,228,0.1083611635312306,200.0,,,,,
212000,train_step,,,0.10813030097557888,200.0,100000,30.377281188964844,-95.17115783691406,1.619458556175232,-0.8464833498001099
212485,episode_end,457.808639461914,492,0.10695033247507903,200.0,,,,,
212691,episode_end,466.0217960333117,206,0.10898779705520246,200.0,,,,,
212882,episode_end,463.45567609159986,191,0.11087442537685585,200.0,,,,,
213000,train_step,,,0.1115321108561091,200.0,100000,126.68580627441406,-97.21896362304688,1.853894829750061,-0.32047322392463684
213055,episode_end,471.491090524034,173,0.11165498298667982,200.0,,,,,
213290,episode_end,512.9486643552381,235,0.1111105633677183,200.0,,,,,
213543,episode_end,484.8101673235185,253,0.11307253922955555,200.0,,,,,
213780,episode_end,488.22678975587786,237,0.11269350205073751,200.0,,,,,
213960,episode_end,466.1049826020422,180,0.1097719642786177,200.0,,,,,
214000,train_step,,,0.10976934319855713,200.0,100000,37.17243957519531,-98.79550170898438,1.8180606365203857,-0.40197205543518066
214217,episode_end,477.0821286862363,257,0.10747628186501916,200.0,,,,,
214416,episode_end,455.83816012184013,199,0.10558309220758245,200.0,,,,,
214824,episode_end,466.4162678520531,408,0.10579867676803015,200.0,,,,,
215000,train_step,,,0.10924880878636385,200.0,100000,14.185848236083984,-94.74908447265625,1.7585985660552979,-0.5344933271408081
215012,episode_end,473.41814671999043,188,0.10922561634685388,200.0,,,,,
215239,episode_end,451.28307340384515,227,0.10990733376042248,200.0,,,,,
215458,episode_end,454.9963541693597,219,0.1083958111957934,200.0,,,,,
215699,episode_end,428.14306606238597,241,0.10820757930697426,200.0,,,,,
216000,train_step,,,0.10966095952142658,200.0,100000,36.877967834472656,-90.95418548583984,2.070667266845703,0.15620005130767822
216013,episode_end,454.9997766772616,314,0.1099019580599557,200.0,,,,,
216170,episode_end,478.21365504364496,157,0.10749700954569028,200.0,,,,,
216436,episode_end,436.4914163783507,266,0.11003354685552945,200.0,,,,,
216563,episode_end,33.92801389729476,127,0.11266005408128822,200.0,,,,,
216825,episode_end,468.54381997474036,262,0.11303489020867938,200.0,,,,,
217000,train_step,,,0.1101773861153584,200.0,100000,24.010805130004883,-110.9798583984375,1.8322333097457886,-0.3700370490550995
217072,episode_end,445.7158906817163,247,0.11072250322358393,200.0,,,,,
217359,episode_end,446.3593351004458,287,0.1086116748974876,200.0,,,,,
217593,episode_end,464.89270635576383,234,0.10783428926424447,200.0,,,,,
217930,episode_end,462.4539833665936,337,0.1059872978280584,200.0,,,,,
218000,train_step,,,0.1058160740063504,200.0,100000,12.333112716674805,-108.83026123046875,2.085054874420166,0.19103796780109406
218166,episode_end,464.5212329774888,236,0.10421403390088865,200.0,,,,,
218373,episode_end,445.580285164532,207,0.10370305624392659,200.0,,,,,
218681,episode_end,431.2161270349784,308,0.10788637066139695,200.0,,,,,
218922,episode_end,438.1811082756178,241,0.10624743081709756,200.0,,,,,
219000,train_step,,,0.1045350264956325,200.0,100000,33.706077575683594,-108.98739624023438,1.9704080820083618,-0.06682567298412323
219129,episode_end,437.4519595378929,207,0.10212146702837656,200.0,,,,,
219334,episode_end,452.8604021231677,205,0.10071237603126208,200.0,,,,,
219596,episode_end,481.6929968679395,262,0.10098429324539629,200.0,,,,,
220000,train_step,,,0.09882388217869434,200.0,100000,102.92229461669922,-100.51145935058594,1.9584441184997559,-0.09617769718170166
220226,episode_end,480.4296240546462,630,0.09930444254990707,200.0,,,,,
220438,episode_end,489.3549252451915,212,0.09934468093902811,200.0,,,,,
220665,episode_end,433.90864565517995,227,0.09841691806384827,200.0,,,,,
220970,episode_end,474.8464011697838,305,0.10211362411056135,200.0,,,,,
221000,train_step,,,0.10245938504177309,200.0,100000,16.8330135345459,-99.54469299316406,1.9626034498214722,-0.08520010113716125
221226,episode_end,447.59386656424743,256,0.10413272516323649,200.0,,,,,
221444,episode_end,454.3967665443375,218,0.10346072520341211,200.0,,,,,
221680,episode_end,429.34523099307415,236,0.10297174575768414,200.0,,,,,
222000,train_step,,,0.10342477047515092,200.0,100000,310.88323974609375,-107.02483367919922,2.061373233795166,0.13925065100193024
222556,episode_end,453.01572465809346,876,0.11003116153393887,200.0,,,,,
222848,episode_end,444.16159275183776,292,0.11023287282088484,200.0,,,,,
223000,train_step,,,0.1095213669869646,200.0,100000,27.11664581298828,-100.01704406738281,2.059056282043457,0.1306111216545105
223059,episode_end,448.1622557405003,211,0.10867908277147044,200.0,,,,,
223310,episode_end,475.52786777809297,251,0.10559473202310846,200.0,,,,,
223538,episode_end,478.7327287830991,228,0.10357574787296352,200.0,,,,,
224000,train_step,,,0.10441817420339122,200.0,100000,78.76396179199219,-107.2760009765625,1.9270703792572021,-0.16477367281913757
224191,episode_end,416.9316272092258,653,0.10212090516885906,200.0,,,,,
224460,episode_end,423.5524382358729,269,0.10409566943358435,200.0,,,,,
224721,episode_end,479.53716188705783,261,0.09933091068317652,200.0,,,,,
224992,episode_end,489.2315116710471,271,0.10114128576715524,200.0,,,,,
225000,train_step,,,0.10119361439279738,200.0,100000,16.244714736938477,-103.40946960449219,1.8875019550323486,-0.25770121812820435
225407,episode_end,490.52071749672876,415,0.1032334122445941,200.0,,,,,
225664,episode_end,452.4470947071954,257,0.10493004322220836,200.0,,,,,
225961,episode_end,448.97757879864565,297,0.10505586530437319,200.0,,,,,
226000,train_step,,,0.10481747205429034,200.0,100000,35.887847900390625,-101.2031021118164,1.883601427078247,-0.262541264295578
226165,episode_end,505.50858250546594,204,0.10250696572145042,200.0,,,,,
226400,episode_end,459.2483425661475,235,0.10422289989511321,200.0,,,,,
226845,episode_end,480.1364642586753,445,0.10314378024671372,200.0,,,,,
227000,train_step,,,0.10194781493075782,200.0,100000,26.224613189697266,-94.61276245117188,2.191938877105713,0.4382529556751251
227099,episode_end,471.2791959974951,254,0.10197336131903074,200.0,,,,,
227616,episode_end,428.31901986844247,517,0.10063965444023384,200.0,,,,,
227850,episode_end,430.251743150634,234,0.10273728285583382,200.0,,,,,
228000,train_step,,,0.1020918536192293,200.0,100000,35.882110595703125,-103.6600570678711,1.8253324031829834,-0.3985710144042969
228124,episode_end,433.2060733165751,274,0.10229776211146534,200.0,,,,,
228365,episode_end,440.0602571828419,241,0.10101643785618869,200.0,,,,,
228581,episode_end,493.1429124248312,216,0.0982626647670392,200.0,,,,,
228835,episode_end,463.07923172623157,254,0.09791513245083858,200.0,,,,,
228980,episode_end,242.38800767027806,145,0.09767292960357522,200.0,,,,,
229000,train_step,,,0.09782863887415114,200.0,100000,161.76669311523438,-97.86334228515625,1.816755771636963,-0.4259585738182068
229209,episode_end,496.1305346252786,229,0.0950333369300323,200.0,,,,,
229415,episode_end,475.49895782139043,206,0.09314641100991664,200.0,,,,,
229597,episode_end,488.3072295517302,182,0.0923558966877799,200.0,,,,,
229797,episode_end,469.4909821965218,200,0.0937366912920939,200.0,,,,,
230000,train_step,,,0.09489451645209385,200.0,100000,9.238992691040039,-99.38387298583984,2.073547840118408,0.1732044219970703
230062,episode_end,467.33842839513204,265,0.09569332136575569,200.0,,,,,
230403,episode_end,470.3876127223259,341,0.09546317699488042,200.0,,,,,
230637,episode_end,470.0553815741633,234,0.09565272289816151,200.0,,,,,
231000,train_step,,,0.09586626288425754,200.0,100000,46.93220520019531,-104.23030090332031,1.8178844451904297,-0.4270246624946594
231637,episode_end,363.17834957045,1000,0.09516072346583807,200.0,,,,,
232000,train_step,,,0.09553091629173102,200.0,100000,19.01788330078125,-107.37578582763672,2.1985065937042236,0.4661540389060974
232023,episode_end,470.8249999973691,386,0.09597701637523921,200.0,,,,,
232295,episode_end,444.78711234076604,272,0.09725427660300717,200.0,,,,,
232599,episode_end,427.1960515986026,304,0.09784247105619188,200.0,,,,,
232855,episode_end,493.2159571664643,256,0.09748221353650466,200.0,,,,,
233000,train_step,,,0.09895277050243338,200.0,100000,48.06874084472656,-106.43219757080078,2.0736584663391113,0.17038023471832275
233121,episode_end,476.06172759681493,266,0.09791500338843946,200.0,,,,,
233380,episode_end,473.1865344491399,259,0.09897060320820761,200.0,,,,,
233683,episode_end,476.06701711781176,303,0.09839769785877384,200.0,,,,,
233956,episode_end,446.98384674431134,273,0.09876148368841146,200.0,,,,,
234000,train_step,,,0.09860210885881725,200.0,100000,52.75325012207031,-106.77227783203125,2.1130123138427734,0.2618110775947571
234202,episode_end,473.97647154281105,246,0.09959478938900206,200.0,,,,,
234534,episode_end,480.6851665710875,332,0.09906081458613013,200.0,,,,,
235000,train_step,,,0.09378486488640585,200.0,100000,22.09274673461914,-103.00001525878906,2.1299288272857666,0.30750954151153564
235035,episode_end,426.35835746233386,501,0.09334016527562967,200.0,,,,,
235303,episode_end,454.7986789218232,268,0.09183846520939523,200.0,,,,,
235547,episode_end,471.17121514524615,244,0.09018622190087813,200.0,,,,,
235793,episode_end,465.9893940612889,246,0.0897848905196112,200.0,,,,,
236000,train_step,,,0.09032469603984143,200.0,100000,15.630875587463379,-100.55299377441406,1.8625600337982178,-0.3304530680179596
236084,episode_end,-225.52315268919048,291,0.09078875372804154,200.0,,,,,
236320,episode_end,436.12747405006553,236,0.09053880415004024,200.0,,,,,
236512,episode_end,470.8294337384158,192,0.08793118841653148,200.0,,,,,
236696,episode_end,-180.9467442390144,184,0.08872112132980253,200.0,,,,,
237000,train_step,,,0.0911589827531531,200.0,100000,81.59137725830078,-101.6380844116211,1.9704784154891968,-0.07070845365524292
237327,episode_end,-33.57614253574616,631,0.09420113758383179,200.0,,,,,
237578,episode_end,444.42917501329106,251,0.09199600366159627,200.0,,,,,
237804,episode_end,458.4760807231994,226,0.09344901025730644,200.0,,,,,
238000,train_step,,,0.09385137286820298,200.0,100000,57.347679138183594,-102.38832092285156,2.0257577896118164,0.06094401702284813
238201,episode_end,382.588032519332,397,0.09423688266737527,200.0,,,,,
238629,episode_end,472.3592860490644,428,0.09585798273810474,200.0,,,,,
238990,episode_end,449.3257202004937,361,0.09576897256099301,200.0,,,,,
239000,train_step,,,0.09563889443305561,200.0,100000,58.48813247680664,-107.2451171875,1.966551423072815,-0.07850988209247589
239272,episode_end,450.15888702738323,282,0.09341839752428752,200.0,,,,,
239683,episode_end,393.2378243387295,411,0.09388372038693628,200.0,,,,,
240000,train_step,,,0.09380259357722708,200.0,100000,39.495361328125,-101.73270416259766,2.0215320587158203,0.05095689743757248
240091,episode_end,456.20776703484046,408,0.09376004542560253,200.0,,,,,
240467,episode_end,404.8281286037744,376,0.0922958871578159,200.0,,,,,
240764,episode_end,476.3561244892674,297,0.09113582494694204,200.0,,,,,
240935,episode_end,474.6999621280487,171,0.0906959023259691,200.0,,,,,
241000,train_step,,,0.09010502179705442,200.0,100000,125.13572692871094,-108.71044921875,2.009976863861084,0.024012330919504166
241190,episode_end,476.1215646721976,255,0.09113850624187946,200.0,,,,,
241542,episode_end,411.8748605635232,352,0.09244599520171304,200.0,,,,,
241770,episode_end,451.8314174642433,228,0.09099682373149151,200.0,,,,,
242000,train_step,,,0.08997448997933005,200.0,100000,180.27386474609375,-106.62110137939453,1.9012258052825928,-0.23787102103233337
242285,episode_end,484.14661377522503,515,0.08994514211624405,200.0,,,,,
242598,episode_end,410.38215450850913,313,0.09130476686436001,200.0,,,,,
242821,episode_end,467.9862082749575,223,0.09043067935953451,200.0,,,,,
243000,train_step,,,0.09187319501929968,200.0,100000,259.42938232421875,-116.76492309570312,2.061622381210327,0.14711421728134155
243092,episode_end,488.53928712245136,271,0.09293831649775856,200.0,,,,,
243337,episode_end,469.3702509170302,245,0.0955217605658393,200.0,,,,,
243822,episode_end,446.1633665029302,485,0.0969023143316785,200.0,,,,,
244000,train_step,,,0.09735091030576586,200.0,100000,79.51170349121094,-104.95581817626953,1.9505127668380737,-0.11527709662914276
244006,episode_end,454.89123064589944,184,0.09731722372545304,200.0,,,,,
244535,episode_end,465.61230792782993,529,0.09732814708855454,200.0,,,,,
244762,episode_end,478.85197570604373,227,0.09632974241424633,200.0,,,,,
244989,episode_end,472.4773733182909,227,0.0955783160428621,200.0,,,,,
245000,train_step,,,0.09551188402573725,200.0,100000,9.299639701843262,-98.69725799560547,2.0018465518951416,0.004336588084697723
245392,episode_end,389.60967470901386,403,0.09116413550703484,200.0,,,,,
245715,episode_end,456.17743550027376,323,0.09174346468133565,200.0,,,,,
245899,episode_end,461.67775119870333,184,0.09165502141630942,200.0,,,,,
246000,train_step,,,0.09183059761301872,200.0,100000,55.018577575683594,-105.07180786132812,2.309976577758789,0.7401649951934814
246096,episode_end,275.4475410144017,197,0.09220636697829437,200.0,,,,,
246411,episode_end,449.8376180957937,315,0.09193980910901263,200.0,,,,,
246618,episode_end,478.24239728990926,207,0.09327763626825913,200.0,,,,,
246835,episode_end,466.5001916099283,217,0.09251575608985009,200.0,,,,,
247000,train_step,,,0.09164483512732942,200.0,100000,115.79898071289062,-106.86805725097656,1.9622821807861328,-0.09013967216014862
247083,episode_end,462.46111040327014,248,0.09113066655186379,200.0,,,,,
247272,episode_end,431.43549899126464,189,0.090846625523462,200.0,,,,,
247502,episode_end,458.411471880246,230,0.08948582246514682,200.0,,,,,
247730,episode_end,443.67163607635996,228,0.0895937494507223,200.0,,,,,
248000,train_step,,,0.08933880046914894,200.0,100000,13.371739387512207,-97.75127410888672,1.7317891120910645,-0.6478148102760315
248015,episode_end,436.242602423577,285,0.08918728958195796,200.0,,,,,
248334,episode_end,469.5211099725731,319,0.0889421364846624,200.0,,,,,
248585,episode_end,455.21502219552104,251,0.08631329480201823,200.0,,,,,
248839,episode_end,479.1643295656902,254,0.08602751914022315,200.0,,,,,
249000,train_step,,,0.08441086300181282,200.0,100000,15.852865219116211,-108.92744445800781,1.8910572528839111,-0.26931318640708923
249107,episode_end,454.30146774064093,268,0.08453408033515003,200.0,,,,,
249339,episode_end,465.8122708822671,232,0.08458700296140548,200.0,,,,,
249574,episode_end,481.3171047121387,235,0.08311822951095474,200.0,,,,,
249768,episode_end,434.1297040395408,194,0.0812004157093068,200.0,,,,,
249947,episode_end,459.0037342016942,179,0.08135159867312966,200.0,,,,,
250000,train_step,,,0.08179872074525414,200.0,100000,109.83940124511719,-111.99034118652344,1.9842419624328613,-0.039450183510780334
250180,episode_end,498.85056248016633,233,0.08234438274732145,200.0,,,,,
250305,episode_end,179.08166475799726,125,0.08431760192114454,200.0,,,,,
251000,train_step,,,0.08577398579668949,200.0,100000,11.693461418151855,-104.27320861816406,2.0593934059143066,0.14587275683879852
251305,episode_end,201.88526389896074,1000,0.08918444090519298,200.0,,,,,
251641,episode_end,483.7815478615073,336,0.08949573763279113,200.0,,,,,
251851,episode_end,454.7742789872932,210,0.09144999768750423,200.0,,,,,
252000,train_step,,,0.09127438668522567,200.0,100000,60.769203186035156,-103.14562225341797,2.1709909439086914,0.409332811832428
252118,episode_end,479.50123399136197,267,0.09068063327680322,200.0,,,,,
252285,episode_end,443.87165101812894,167,0.08977309258060948,200.0,,,,,
252469,episode_end,481.14443154053595,184,0.0876738422091855,200.0,,,,,
252735,episode_end,495.9742318766838,266,0.08772276398596757,200.0,,,,,
253000,train_step,,,0.08787793045439413,200.0,100000,26.626501083374023,-102.32763671875,2.0065228939056396,0.015862390398979187
253424,episode_end,463.31197583594496,689,0.08842103186954846,200.0,,,,,
253779,episode_end,435.49526841002677,355,0.08663192874570892,200.0,,,,,
253970,episode_end,465.47183703460837,191,0.08772445627694626,200.0,,,,,
254000,train_step,,,0.08760772327675415,200.0,100000,31.704919815063477,-109.7906494140625,2.024451971054077,0.059537701308727264
254198,episode_end,488.16638612762665,228,0.08683771612970172,200.0,,,,,
254367,episode_end,453.92451002177387,169,0.08865490389464432,200.0,,,,,
254580,episode_end,499.3648537811297,213,0.09126789216881223,200.0,,,,,
254815,episode_end,481.6930394153562,235,0.09257225610700827,200.0,,,,,
254974,episode_end,448.57911128262157,159,0.09216418059833317,200.0,,,,,
255000,train_step,,,0.09204377554443058,200.0,100000,155.06094360351562,-107.51232147216797,1.9016392230987549,-0.23463886976242065
255191,episode_end,497.61418528575695,217,0.09130199627145698,200.0,,,,,
255400,episode_end,469.88450785935913,209,0.09228259759403859,200.0,,,,,
255596,episode_end,495.8884302378333,196,0.09215123480751873,200.0,,,,,
255785,episode_end,483.5969945472802,189,0.089883422736916,200.0,,,,,
256000,train_step,,,0.08903941040722241,200.0,100000,75.30738830566406,-105.89508056640625,2.0466480255126953,0.11282611638307571
256018,episode_end,490.9643762721701,233,0.08908195844319047,200.0,,,,,
256212,episode_end,467.6663309204938,194,0.08911910634772961,200.0,,,,,
256425,episode_end,467.358413335042,213,0.08959507675218989,200.0,,,,,
256697,episode_end,475.5505626568176,272,0.09130605812296155,200.0,,,,,
256882,episode_end,440.32577340221627,185,0.09069914030175993,200.0,,,,,
257000,train_step,,,0.09072202214903854,200.0,100000,129.88882446289062,-106.97679138183594,2.1980113983154297,0.4752187430858612
257136,episode_end,466.1595061587654,254,0.09294076750880047,200.0,,,,,
257364,episode_end,467.60895963301704,228,0.09456813350893215,200.0,,,,,
258000,train_step,,,0.09323889746847572,200.0,100000,22.659482955932617,-110.98835754394531,2.0364749431610107,0.0865401029586792
258029,episode_end,455.2792150005182,665,0.09355681380366566,200.0,,,,,
258224,episode_end,472.05729164769815,195,0.09316995118809533,200.0,,,,,
258389,episode_end,474.465092373571,165,0.09116378186722518,200.0,,,,,
258577,episode_end,437.9212919027943,188,0.0915549125417949,200.0,,,,,
258738,episode_end,441.69512620087954,161,0.09171125514143123,200.0,,,,,
258974,episode_end,494.25522131460946,236,0.0902540724762692,200.0,,,,,
259000,train_step,,,0.09046470487628326,200.0,100000,38.69635009765625,-105.42027282714844,2.1001129150390625,0.24055102467536926
259181,episode_end,466.0780406007598,207,0.09058012996420825,200.0,,,,,
259417,episode_end,458.5551029898126,236,0.09110637032014207,200.0,,,,,
259626,episode_end,479.97768967771935,209,0.09197487275583395,200.0,,,,,
259836,episode_end,431.2916430407883,210,0.09335567223368965,200.0,,,,,
260000,train_step,,,0.09334603102715024,200.0,100000,14.101927757263184,-116.81238555908203,1.89834725856781,-0.2410636842250824
260089,episode_end,466.7059774020357,253,0.09248593619621136,200.0,,,,,
260431,episode_end,487.7267006300452,342,0.09013658549584905,200.0,,,,,
260676,episode_end,456.7206472404945,245,0.08926645718392955,200.0,,,,,
260916,episode_end,503.10928855687655,240,0.08920786465523188,200.0,,,,,
261000,train_step,,,0.0897418051036202,200.0,100000,18.906599044799805,-110.78886413574219,2.2433955669403076,0.5867824554443359
261146,episode_end,478.69333517406864,230,0.09022036332809613,200.0,,,,,
261385,episode_end,450.76058073720117,239,0.09256273060094923,200.0,,,,,
261584,episode_end,447.3684108613723,199,0.09136601716620715,200.0,,,,,
261817,episode_end,475.8733997000073,233,0.0895491616996205,200.0,,,,,
262000,train_step,,,0.0887286674281263,200.0,100000,31.04718017578125,-106.9957046508789,2.2252001762390137,0.5454733371734619
262037,episode_end,453.19662875395056,220,0.0891794729762808,200.0,,,,,
262270,episode_end,490.69019647336125,233,0.0898140791083591,200.0,,,,,
262517,episode_end,451.4513421246923,247,0.09402809134620267,200.0,,,,,
263000,train_step,,,0.0970366767617428,200.0,100000,47.750709533691406,-106.24493408203125,1.8866195678710938,-0.264478862285614
263517,episode_end,336.2963697430824,1000,0.09446297775879445,200.0,,,,,
263750,episode_end,490.66515443708323,233,0.09401325145589433,200.0,,,,,
263986,episode_end,435.2009877516947,236,0.09428333779664215,200.0,,,,,
264000,train_step,,,0.09435625484593631,200.0,100000,61.031944274902344,-113.77471923828125,2.2005300521850586,0.4733870029449463
264262,episode_end,498.1495347169366,276,0.09344544170614727,200.0,,,,,
265000,train_step,,,0.09220803209704435,200.0,100000,26.16791343688965,-104.0799789428711,2.420008897781372,1.001178503036499
265085,episode_end,241.44863629424037,823,0.09260630090866635,200.0,,,,,
265350,episode_end,456.04127900218253,265,0.09385652913336597,200.0,,,,,
265671,episode_end,438.294595954323,321,0.09343263857878846,200.0,,,,,
265832,episode_end,450.10455557038046,161,0.09252576773630529,200.0,,,,,
266000,train_step,,,0.09101990402832182,200.0,100000,32.65786361694336,-106.12316131591797,2.0916874408721924,0.21974524855613708
266052,episode_end,442.29897299343287,220,0.09127171629114487,200.0,,,,,
266211,episode_end,474.3140946820832,159,0.09016316931256071,200.0,,,,,
266420,episode_end,447.30145777281865,209,0.09273224500688582,200.0,,,,,
266590,episode_end,455.79846258955286,170,0.09464016065457022,200.0,,,,,
266943,episode_end,442.6902389579609,353,0.09690125667581666,200.0,,,,,
267000,train_step,,,0.09696293642352717,200.0,100000,75.94734954833984,-105.85298156738281,1.7679145336151123,-0.5415539741516113
267185,episode_end,417.7455637823614,242,0.09669220549235001,200.0,,,,,
267407,episode_end,471.2279768126481,222,0.09596480449778373,200.0,,,,,
267662,episode_end,487.5783024766269,255,0.09486725288927547,200.0,,,,,
268000,train_step,,,0.09337947176260539,200.0,100000,80.64710998535156,-107.01734924316406,1.9279214143753052,-0.17090418934822083
268186,episode_end,448.41444198968804,524,0.09436949368406367,200.0,,,,,
268424,episode_end,463.9970562951708,238,0.09446275795896353,200.0,,,,,
269000,train_step,,,0.09300792810880243,200.0,100000,85.07878112792969,-111.44745635986328,1.966198205947876,-0.0802818238735199
269020,episode_end,239.32898736528253,596,0.09279209930708852,200.0,,,,,
269258,episode_end,464.0050755696578,238,0.0914041967405845,200.0,,,,,
269624,episode_end,461.85125142220295,366,0.09078685538579512,200.0,,,,,
269818,episode_end,464.60127758075635,194,0.0912711889870577,200.0,,,,,
270000,train_step,,,0.09238318550250815,200.0,100000,9.5989408493042,-113.53179931640625,1.9672493934631348,-0.07800572365522385
270117,episode_end,479.7967252341658,299,0.09268141306297648,200.0,,,,,
270421,episode_end,449.6764265386594,304,0.09307197842043116,200.0,,,,,
270817,episode_end,454.7215404813347,396,0.10046866680422718,200.0,,,,,
271000,train_step,,,0.09845189812328121,200.0,100000,60.37786102294922,-104.47645568847656,2.1098592281341553,0.25467449426651
271817,episode_end,352.42549726917485,1000,0.10057675905979377,200.0,,,,,
272000,train_step,,,0.09912194456619138,200.0,100000,19.920597076416016,-106.58785247802734,1.9734978675842285,-0.061257503926754
272157,episode_end,484.28165897205486,340,0.09778859014475001,200.0,,,,,
272516,episode_end,442.49739178355884,359,0.09742906007098397,200.0,,,,,
272760,episode_end,491.5442032256139,244,0.0980844153241895,200.0,,,,,
273000,train_step,,,0.10012466960615793,200.0,100000,155.37954711914062,-105.09181213378906,2.2189762592315674,0.5039383172988892
273008,episode_end,490.90985249003415,248,0.10029310905544085,200.0,,,,,
273222,episode_end,244.15516847010906,214,0.1022598038299199,200.0,,,,,
273518,episode_end,248.22426797942276,296,0.09878514966268531,200.0,,,,,
273739,episode_end,484.50338454823884,221,0.09504569637850531,200.0,,,,,
273991,episode_end,490.74847315772917,252,0.0947880715760996,200.0,,,,,
274000,train_step,,,0.09469809641833707,200.0,100000,11.723030090332031,-100.46334838867188,1.9908696413040161,-0.02152077853679657
274220,episode_end,466.92530564296317,229,0.09619268933902429,200.0,,,,,
274473,episode_end,499.6238278057595,253,0.09542897520570162,200.0,,,,,
274705,episode_end,490.86271687791776,232,0.0929789653460832,200.0,,,,,
275000,episode_end,442.4795315429944,295,0.09209652476142126,200.0,,,,,
275000,train_step,,,0.09209652476142126,200.0,100000,274.68206787109375,-109.30489349365234,2.199887275695801,0.47671520709991455
275191,episode_end,456.4735909015593,191,0.09061016455812763,200.0,,,,,
275450,episode_end,471.60211434132293,259,0.09094248617554992,200.0,,,,,
275650,episode_end,466.71583467686577,200,0.0910571933086772,200.0,,,,,
275876,episode_end,471.3992248101494,226,0.09077729093454127,200.0,,,,,
276000,train_step,,,0.09044608916243274,200.0,100000,12.336410522460938,-105.4180679321289,1.9622529745101929,-0.09070616215467453
276108,episode_end,496.8323922311073,232,0.09074275770272926,200.0,,,,,
276331,episode_end,464.0313674353632,223,0.09089359358080541,200.0,,,,,
276527,episode_end,455.6257882479251,196,0.08985140819702718,200.0,,,,,
276781,episode_end,476.6836423406964,254,0.0882900280573639,200.0,,,,,
277000,train_step,,,0.08885386167699343,200.0,100000,35.80295181274414,-110.7357177734375,2.1751582622528076,0.42401638627052307
277055,episode_end,490.7642854563643,274,0.08896862271632094,200.0,,,,,
277243,episode_end,451.7569955842122,188,0.09022364079100291,200.0,,,,,
277452,episode_end,483.04731375058344,209,0.09137477848510661,200.0,,,,,
277669,episode_end,443.38778903927164,217,0.09104499176590852,200.0,,,,,
277920,episode_end,451.72439831474145,251,0.09160660620819765,200.0,,,,,
278000,train_step,,,0.09201637338304898,200.0,100000,83.21527099609375,-119.32754516601562,2.14906644821167,0.3556413948535919
278127,episode_end,467.4900725026085,207,0.09114173420840474,200.0,,,,,
278311,episode_end,459.10048553212437,184,0.09135603497810142,200.0,,,,,
278487,episode_end,460.07066491292915,176,0.09127311752365513,200.0,,,,,
278710,episode_end,450.5803355239156,223,0.0914279203587611,200.0,,,,,
279000,train_step,,,0.09271440949305478,200.0,100000,62.081993103027344,-121.30277252197266,1.8810248374938965,-0.2829504609107971
279076,episode_end,432.35706438872,366,0.09226888691602066,200.0,,,,,
279338,episode_end,498.3688405412816,262,0.09121571393645313,200.0,,,,,
279533,episode_end,466.52031422061776,195,0.091808027139577,200.0,,,,,
279771,episode_end,483.91480974901634,238,0.0929054098476167,200.0,,,,,
279958,episode_end,451.7023587420189,187,0.09240198124932227,200.0,,,,,
280000,train_step,,,0.0922219382734,200.0,100000,21.13485336303711,-91.83843994140625,1.8801261186599731,-0.2857261896133423
280172,episode_end,467.62954855564897,214,0.09163809550727917,200.0,,,,,
280366,episode_end,454.8237161777085,194,0.09159285947485044,200.0,,,,,
280626,episode_end,479.67630679174744,260,0.09243506457641901,200.0,,,,,
280822,episode_end,475.74946927055305,196,0.09289159076261769,200.0,,,,,
281000,train_step,,,0.09123772441767847,200.0,100000,68.30606842041016,-111.62777709960938,2.077561855316162,0.18570494651794434
281069,episode_end,461.0217806123034,247,0.09131051866202439,200.0,,,,,
281312,episode_end,468.43513835073423,243,0.09119213903720011,200.0,,,,,
281566,episode_end,472.37068919285963,254,0.0913117882280462,200.0,,,,,
281812,episode_end,435.6314288483106,246,0.0928364862781076,200.0,,,,,
282000,train_step,,,0.09203429968478279,200.0,100000,47.00449752807617,-111.53419494628906,2.1390843391418457,0.33179885149002075
282209,episode_end,509.26194177835913,397,0.09252051190556722,200.0,,,,,
282456,episode_end,469.40717921152776,247,0.09057246085430615,200.0,,,,,
282690,episode_end,476.41349814895284,234,0.08991380472375243,200.0,,,,,
282932,episode_end,446.80018634090635,242,0.08960483896126699,200.0,,,,,
283000,train_step,,,0.08996146270046876,200.0,100000,44.9338264465332,-103.38603973388672,1.9310858249664307,-0.16597126424312592
283212,episode_end,490.8471988944327,280,0.09094879278289238,200.0,,,,,
283406,episode_end,466.9710962684869,194,0.09053055440123357,200.0,,,,,
283616,episode_end,445.75521512292966,210,0.08932799297963313,200.0,,,,,
283829,episode_end,475.11983676514,213,0.09045271839449537,200.0,,,,,
284000,train_step,,,0.09079342119670969,200.0,100000,29.31453514099121,-112.72290802001953,2.0566229820251465,0.13584855198860168
284017,episode_end,460.76087346714405,188,0.090952346377172,200.0,,,,,
284248,episode_end,465.1401175811606,231,0.09240548241180445,200.0,,,,,
284478,episode_end,466.8422437756519,230,0.09236122925070667,200.0,,,,,
284689,episode_end,496.02076990217336,211,0.09329156928674523,200.0,,,,,
284910,episode_end,455.69037500472314,221,0.09196429726026414,200.0,,,,,
285000,train_step,,,0.09151595972419163,200.0,100000,81.19441223144531,-106.58104705810547,2.1210174560546875,0.28938236832618713
285222,episode_end,483.18672919246484,312,0.09122362700221137,200.0,,,,,
285439,episode_end,445.41244749219715,217,0.09113667626969763,200.0,,,,,
285668,episode_end,497.7749944196684,229,0.0891727604559765,200.0,,,,,
285871,episode_end,496.0206860029458,203,0.08766132906461818,200.0,,,,,
286000,train_step,,,0.08692717493828922,200.0,100000,49.35175323486328,-115.93937683105469,2.1996617317199707,0.4877105951309204
286035,episode_end,476.9148397051878,164,0.0868488220736597,200.0,,,,,
286298,episode_end,488.3404556195245,263,0.08680968484216363,200.0,,,,,
286560,episode_end,485.55596189648594,262,0.08845252635166458,200.0,,,,,
286811,episode_end,484.65098909288355,251,0.08690958659626488,200.0,,,,,
286990,episode_end,453.4327455054298,179,0.08786761699805656,200.0,,,,,
287000,train_step,,,0.08801196793565312,200.0,100000,13.95280647277832,-111.01456451416016,1.8827074766159058,-0.2850540280342102
287168,episode_end,434.6163302974841,178,0.08668192519361753,200.0,,,,,
287379,episode_end,484.0445361377538,211,0.08647314900275917,200.0,,,,,
287584,episode_end,484.6655377999512,205,0.08609719198718185,200.0,,,,,
287744,episode_end,469.61060743039576,160,0.08396390996929225,200.0,,,,,
287930,episode_end,469.42005607376217,186,0.08203978649568777,200.0,,,,,
288000,train_step,,,0.08219482702241418,200.0,100000,65.90484619140625,-117.29009246826172,1.8269306421279907,-0.4324418306350708
288151,episode_end,477.16065668875734,221,0.08175512504116063,200.0,,,,,
288362,episode_end,456.55382179392114,211,0.08185469557313277,200.0,,,,,
288539,episode_end,462.5904939665066,177,0.08051405109838963,200.0,,,,,
288753,episode_end,444.01146396843944,214,0.08074492338388217,200.0,,,,,
288965,episode_end,454.1369322626927,212,0.08030189560280163,200.0,,,,,
289000,train_step,,,0.0805308080464107,200.0,100000,37.698158264160156,-110.27021789550781,2.105543613433838,0.2658768892288208
289153,episode_end,448.4068908207851,188,0.08051373884250483,200.0,,,,,
289331,episode_end,446.3065075578472,178,0.08065246617510935,200.0,,,,,
289517,episode_end,442.15820705655153,186,0.08109049421460486,200.0,,,,,
289751,episode_end,466.46000349499957,234,0.08115846554366869,200.0,,,,,
289955,episode_end,507.20219700443704,204,0.07903409113497502,200.0,,,,,
290000,train_step,,,0.07866321763197454,200.0,100000,50.22734069824219,-115.6717300415039,1.9607794284820557,-0.09972119331359863
290204,episode_end,492.7798243818859,249,0.07760030852341487,200.0,,,,,
290374,episode_end,456.6788886305276,170,0.07681889438517128,200.0,,,,,
291000,train_step,,,0.0794456002260429,200.0,100000,10.82553482055664,-106.610107421875,1.8490828275680542,-0.38222524523735046
291115,episode_end,464.21429692988767,741,0.07875207761633511,200.0,,,,,
291350,episode_end,464.9268581171697,235,0.07813144224840582,200.0,,,,,
291560,episode_end,448.2721865929545,210,0.07843436945418705,200.0,,,,,
291761,episode_end,477.9521277029012,201,0.07970453821863523,200.0,,,,,
291942,episode_end,459.15550965786315,181,0.07716612745078037,200.0,,,,,
292000,train_step,,,0.07714512602170609,200.0,100000,35.34474563598633,-107.30732727050781,2.034210205078125,0.08764898777008057
292171,episode_end,481.9121771105904,229,0.07804065707321153,200.0,,,,,
292370,episode_end,488.98430137949265,199,0.0771467212709292,200.0,,,,,
292553,episode_end,458.95436323235464,183,0.07783989544425733,200.0,,,,,
292797,episode_end,488.4380687147831,244,0.078214950654836,200.0,,,,,
293000,train_step,,,0.07941674647508155,200.0,100000,50.70412826538086,-116.28846740722656,2.11267352104187,0.28540730476379395
293026,episode_end,482.94778682142066,229,0.07955947492807369,200.0,,,,,
293258,episode_end,466.2898234466269,232,0.0788685713709936,200.0,,,,,
293452,episode_end,466.3112366385849,194,0.07888144594904914,200.0,,,,,
293633,episode_end,447.5998868558529,181,0.07897122179815555,200.0,,,,,
293848,episode_end,485.3285746811366,215,0.077166661966464,200.0,,,,,
294000,train_step,,,0.07786791871060508,200.0,100000,143.1380615234375,-119.07795715332031,1.793853998184204,-0.5262374877929688
294078,episode_end,486.43320162304656,230,0.07738101137099242,200.0,,,,,
294280,episode_end,478.0531479535656,202,0.0764206424554958,200.0,,,,,
294540,episode_end,508.80161747578,260,0.07593118896551344,200.0,,,,,
294737,episode_end,477.96899238977625,197,0.0761322700962386,200.0,,,,,
295000,train_step,,,0.07670287119551077,200.0,100000,16.505767822265625,-111.82750701904297,1.8913902044296265,-0.2788900136947632
295048,episode_end,474.56585200771264,311,0.07675242807969226,200.0,,,,,
295258,episode_end,484.76343654184427,210,0.07531650008711059,200.0,,,,,
295540,episode_end,490.8293581636098,282,0.07348697062119124,200.0,,,,,
295717,episode_end,472.2438614702867,177,0.07372345495128872,200.0,,,,,
295930,episode_end,497.16052257299464,213,0.07362717012917497,200.0,,,,,
296000,train_step,,,0.07372306060467475,200.0,100000,173.00897216796875,-115.18216705322266,2.057166814804077,0.14905869960784912
296003,episode_end,-1.4840095055874087,73,0.07377149378040558,200.0,,,,,
296163,episode_end,497.20965016979056,160,0.0747916596102224,200.0,,,,,
296467,episode_end,470.0291905684446,304,0.07292946288946578,200.0,,,,,
296708,episode_end,490.4186613870116,241,0.07300141854575984,200.0,,,,,
296906,episode_end,461.8103763659996,198,0.07268154992857713,200.0,,,,,
297000,train_step,,,0.07421443261754693,200.0,100000,67.51131439208984,-109.57628631591797,2.298421859741211,0.7761344313621521
297092,episode_end,493.5941069553694,186,0.07446964946006784,200.0,,,,,
297501,episode_end,448.7645372848571,409,0.07792272132049213,200.0,,,,,
297690,episode_end,446.167023403202,189,0.08088195254688699,200.0,,,,,
297927,episode_end,473.47545150545994,237,0.07955482177920321,200.0,,,,,
298000,train_step,,,0.07951752841513555,200.0,100000,50.94587707519531,-127.00911712646484,2.033231019973755,0.08413314074277878
298137,episode_end,504.8543705171181,210,0.0793096810522082,200.0,,,,,
298370,episode_end,495.144863403823,233,0.07955845659060648,200.0,,,,,
298570,episode_end,511.1049898497419,200,0.07867408014684887,200.0,,,,,
298752,episode_end,488.69440533865554,182,0.07754203141407032,200.0,,,,,
298947,episode_end,447.6599290719019,195,0.07872473994272149,200.0,,,,,
299000,train_step,,,0.07878859421017173,200.0,100000,19.80862808227539,-116.52154541015625,2.1823816299438477,0.46342936158180237
299131,episode_end,466.41055353911855,184,0.07924805629206945,200.0,,,,,
299338,episode_end,449.9382700928839,207,0.0794189899090441,200.0,,,,,
299527,episode_end,468.81239773908123,189,0.08171916950910109,200.0,,,,,
300000,train_step,,,0.08430123303989087,200.0,100000,7.30819845199585,-110.62373352050781,2.2585391998291016,0.6394599676132202
300094,episode_end,412.33984091098677,567,0.08514189717014777,-100.0,,,,,
300313,episode_end,170.14122417343333,219,0.08574438466835707,-100.0,,,,,
300512,episode_end,184.1477629303493,199,0.08729292066800391,-100.0,,,,,
300724,episode_end,174.29300112356202,212,0.08668503968113589,-100.0,,,,,
300945,episode_end,186.87420630641836,221,0.08565116435034166,-100.0,,,,,
301000,train_step,,,0.08600952689305441,-100.0,100000,48.18024444580078,-119.14720153808594,1.9979890584945679,-0.004933394491672516
301179,episode_end,160.39558492898078,234,0.08591593726964718,-100.0,,,,,
301352,episode_end,184.028651782142,173,0.08347478868968547,-100.0,,,,,
301531,episode_end,175.45654380619362,179,0.08157064852984877,-100.0,,,,,
301659,episode_end,-86.05392393615911,128,0.08085490561674878,-100.0,,,,,
301857,episode_end,141.19980398634215,198,0.07940373780380372,-100.0,,,,,
302000,train_step,,,0.07947352453013613,-100.0,100000,23.529085159301758,-115.044189453125,2.0863046646118164,0.2185518741607666
302078,episode_end,176.88206442391765,221,0.07931091667638959,-100.0,,,,,
302269,episode_end,164.24506955515972,191,0.07907151743297282,-100.0,,,,,
302474,episode_end,150.58022589362702,205,0.08055210266981301,-100.0,,,,,
302695,episode_end,137.3662748139575,221,0.08121496887220134,-100.0,,,,,
302934,episode_end,206.69064593136153,239,0.08073276569661203,-100.0,,,,,
303000,train_step,,,0.08137714725983695,-100.0,100000,16.54261589050293,-119.10025787353516,2.031567096710205,0.07919162511825562
303132,episode_end,151.82430579635022,198,0.08319312982177567,-100.0,,,,,
303335,episode_end,176.074345257289,203,0.08386540092095936,-100.0,,,,,
303515,episode_end,142.35819293738427,180,0.08532006769438967,-100.0,,,,,
304000,train_step,,,0.08683970217724298,-100.0,100000,32.78671646118164,-112.45126342773438,2.0066051483154297,0.016141384840011597
304197,episode_end,174.31420524482434,682,0.08647434206769315,-100.0,,,,,
304391,episode_end,188.88869524799446,194,0.08720814083469054,-100.0,,,,,
304572,episode_end,162.85725049885906,181,0.08553060466577436,-100.0,,,,,
304752,episode_end,208.78513657384858,180,0.08591525549650492,-100.0,,,,,
304927,episode_end,163.83120578497807,175,0.08552337499340795,-100.0,,,,,
305000,train_step,,,0.08484518502271896,-100.0,100000,61.171260833740234,-110.42205810546875,2.2367773056030273,0.5841125249862671
305154,episode_end,166.81633411291187,227,0.08550235124712259,-100.0,,,,,
305398,episode_end,194.17547141088983,244,0.08776478921583393,-100.0,,,,,
305624,episode_end,152.01152973177375,226,0.08843456295814844,-100.0,,,,,
305799,episode_end,154.49023476169535,175,0.08814473523142136,-100.0,,,,,
306000,train_step,,,0.08667699043494083,-100.0,100000,101.75465393066406,-122.76129150390625,1.8061587810516357,-0.47405147552490234
306013,episode_end,170.21822035932513,214,0.08649736752293674,-100.0,,,,,
306257,episode_end,191.03598083387138,244,0.08705279177255039,-100.0,,,,,
306551,episode_end,169.65784001398873,294,0.08870802033308109,-100.0,,,,,
306887,episode_end,168.06079803174504,336,0.09230249191619513,-100.0,,,,,
307000,train_step,,,0.09210909814189629,-100.0,100000,26.43270492553711,-114.37162017822266,2.0458760261535645,0.10940420627593994
307112,episode_end,163.43122596207473,225,0.09053483572683463,-100.0,,,,,
307313,episode_end,155.6286386264848,201,0.091593378633056,-100.0,,,,,
307518,episode_end,153.79119923126942,205,0.09037453252459766,-100.0,,,,,
307709,episode_end,153.9274281901906,191,0.09164661828050676,-100.0,,,,,
307891,episode_end,140.7980304393331,182,0.09175329555021464,-100.0,,,,,
308000,train_step,,,0.09257452192699354,-100.0,100000,14.959418296813965,-114.8853759765625,1.8584160804748535,-0.3369329571723938
308100,episode_end,193.346620921407,209,0.09242986022242786,-100.0,,,,,
308387,episode_end,182.33063412479908,287,0.09581625739225892,-100.0,,,,,
308570,episode_end,146.93990757108315,183,0.09760413350410704,-100.0,,,,,
308952,episode_end,284.2163380522968,382,0.10078765691099209,-100.0,,,,,
309000,train_step,,,0.10164533926018379,-100.0,100000,27.526708602905273,-124.54293823242188,2.1024038791656494,0.23412230610847473
309310,episode_end,198.08141082238916,358,0.09916432756621013,-100.0,,,,,
309511,episode_end,163.28520849990085,201,0.09788311809473026,-100.0,,,,,
309726,episode_end,175.6897746320068,215,0.10024984961464194,-100.0,,,,,
309925,episode_end,183.41705370308605,199,0.10094990742337775,-100.0,,,,,
310000,train_step,,,0.10063829721809948,-100.0,100000,20.079208374023438,-110.33027648925781,2.0389251708984375,0.08938057720661163
310130,episode_end,200.89318795199793,205,0.10018569192779672,-100.0,,,,,
310344,episode_end,155.00973728205616,214,0.09853996771858699,-100.0,,,,,
310547,episode_end,172.53162177709626,203,0.10076488054724592,-100.0,,,,,
310820,episode_end,195.06016244023903,273,0.10216756131321435,-100.0,,,,,
311000,train_step,,,0.10133377608567833,-100.0,100000,104.46129608154297,-111.4778823852539,1.7844386100769043,-0.49349212646484375
311055,episode_end,180.17744474526978,235,0.10059711324615081,-100.0,,,,,
311281,episode_end,178.82687135505702,226,0.10018769788157957,-100.0,,,,,
311565,episode_end,168.55035100089322,284,0.09868753267366355,-100.0,,,,,
311846,episode_end,182.90601971918434,281,0.10042417221249579,-100.0,,,,,
312000,train_step,,,0.10412733499651712,-100.0,100000,32.720916748046875,-117.298583984375,2.264688014984131,0.598761796951294
312073,episode_end,168.28452130986125,227,0.10505676328985111,-100.0,,,,,
312313,episode_end,158.81995961666792,240,0.10620222379359602,-100.0,,,,,
312569,episode_end,266.4707846754046,256,0.10571929169546221,-100.0,,,,,
312830,episode_end,155.99991649201974,261,0.10406119417678633,-100.0,,,,,
313000,train_step,,,0.10601032470393564,-100.0,100000,577.1883544921875,-107.8060073852539,2.3119068145751953,0.6999870538711548
313080,episode_end,179.801227422339,250,0.10576280196578157,-100.0,,,,,
313293,episode_end,154.44914151022795,213,0.10226199143149291,-100.0,,,,,
313509,episode_end,197.63682191001593,216,0.10192547856960256,-100.0,,,,,
313722,episode_end,183.66445090437225,213,0.10486641516000639,-100.0,,,,,
313948,episode_end,157.6634695337878,226,0.10564501656968497,-100.0,,,,,
314000,train_step,,,0.1044838646065545,-100.0,100000,14.715876579284668,-110.76847839355469,2.000640869140625,0.0014475882053375244
314146,episode_end,207.98925679705246,198,0.10243083197076129,-100.0,,,,,
314352,episode_end,157.3152619705143,206,0.10273097254805141,-100.0,,,,,
314669,episode_end,186.60626813480744,317,0.10152079987883054,-100.0,,,,,
314881,episode_end,193.49117792838445,212,0.10199507478171271,-100.0,,,,,
315000,train_step,,,0.10284192751238057,-100.0,100000,66.56298828125,-112.59205627441406,1.940446376800537,-0.1354585886001587
315111,episode_end,201.2802665591488,230,0.10215859111141404,-100.0,,,,,
315325,episode_end,124.56563483908782,214,0.1011744411573032,-100.0,,,,,
315568,episode_end,156.67162344309594,243,0.10263426883248507,-100.0,,,,,
315731,episode_end,188.76056040775626,163,0.10234100894680838,-100.0,,,,,
315989,episode_end,179.24962420856298,258,0.10383243873344743,-100.0,,,,,
316000,train_step,,,0.10396368473989294,-100.0,100000,21.549793243408203,-121.00943756103516,1.9379870891571045,-0.1403791904449463
316182,episode_end,175.9438253695813,193,0.10538014160524936,-100.0,,,,,
316365,episode_end,173.58627447932798,183,0.10326411832514357,-100.0,,,,,
316569,episode_end,174.9747611641499,204,0.10411427562891201,-100.0,,,,,
316754,episode_end,175.75021064056858,185,0.10604639308164196,-100.0,,,,,
316967,episode_end,190.63872184053417,213,0.10505738979785287,-100.0,,,,,
317000,train_step,,,0.10558923211474901,-100.0,100000,459.59771728515625,-116.47865295410156,2.0521559715270996,0.11725741624832153
317223,episode_end,177.28924517291424,256,0.10447862923785,-100.0,,,,,
317491,episode_end,166.14459120479736,268,0.10115606941960563,-100.0,,,,,
317756,episode_end,170.25628048449238,265,0.10265997201104993,-100.0,,,,,
317947,episode_end,194.63480225023494,191,0.10383387196584157,-100.0,,,,,
318000,train_step,,,0.10382280484346616,-100.0,100000,106.92668151855469,-111.3422622680664,1.7077054977416992,-0.6620672941207886
318166,episode_end,197.93905333921663,219,0.10512665934144552,-100.0,,,,,
318380,episode_end,184.61207790705822,214,0.10660585080581464,-100.0,,,,,
318591,episode_end,170.57435678942267,211,0.1047936388204513,-100.0,,,,,
318802,episode_end,162.62075110676557,211,0.10434564609470684,-100.0,,,,,
319000,train_step,,,0.106448283179741,-100.0,100000,267.251220703125,-114.35054016113281,2.322453022003174,0.7223256826400757
319017,episode_end,196.16235936060144,215,0.10667622004070784,-100.0,,,,,
319218,episode_end,136.5639644518161,201,0.10675496212020769,-100.0,,,,,
319421,episode_end,188.41565242015997,203,0.10671938509669376,-100.0,,,,,
319610,episode_end,197.3450330211373,189,0.10844528212500343,-100.0,,,,,
319806,episode_end,186.80141989927415,196,0.10910050642889599,-100.0,,,,,
320000,train_step,,,0.1111164084539289,-100.0,100000,26.931110382080078,-114.43711853027344,1.8639041185379028,-0.2990265488624573
320039,episode_end,172.3289534618051,233,0.1103690452968014,-100.0,,,,,
320291,episode_end,160.44827454913238,252,0.10934185785349025,-100.0,,,,,
320532,episode_end,191.86524699998478,241,0.10612553842632945,-100.0,,,,,
320757,episode_end,259.87145243976113,225,0.10819749512902725,-100.0,,,,,
320971,episode_end,125.86845516348728,214,0.1143047538315165,-100.0,,,,,
321000,train_step,,,0.11421193189769731,-100.0,100000,31.594619750976562,-112.5648193359375,1.9491353034973145,-0.11036118865013123
321231,episode_end,170.63977708305373,260,0.11436592890592144,-100.0,,,,,
321478,episode_end,180.9382488012797,247,0.11220465528834454,-100.0,,,,,
321672,episode_end,151.27358038776757,194,0.11037182875627685,-100.0,,,,,
321912,episode_end,199.97984041625392,240,0.10902155181344106,-100.0,,,,,
322000,train_step,,,0.10835075741585559,-100.0,100000,264.15740966796875,-123.01292419433594,2.037905216217041,0.08423943817615509
322170,episode_end,165.43285245688622,258,0.10792372854708569,-100.0,,,,,
322371,episode_end,157.02467655395924,201,0.11154268956563565,-100.0,,,,,
322627,episode_end,157.7399567735471,256,0.11092181872838952,-100.0,,,,,
322813,episode_end,196.7660242830137,186,0.11002539414145347,-100.0,,,,,
323000,train_step,,,0.10721530315545723,-100.0,100000,43.97438430786133,-107.07481384277344,2.0560035705566406,0.12505117058753967
323012,episode_end,146.6698459187896,199,0.10714778109190291,-100.0,,,,,
323207,episode_end,140.743171810203,195,0.10483409007417197,-100.0,,,,,
323486,episode_end,267.93854719659544,279,0.10505945370470499,-100.0,,,,,
323695,episode_end,218.8682199667761,209,0.10431914365792386,-100.0,,,,,
323882,episode_end,144.63254621465413,187,0.10499096698548557,-100.0,,,,,
324000,train_step,,,0.10500698238427496,-100.0,100000,60.37749481201172,-112.11622619628906,2.1391830444335938,0.3136807084083557
324066,episode_end,182.85130920046333,184,0.10610912041094762,-100.0,,,,,
324237,episode_end,197.7658157797186,171,0.10872769442233929,-100.0,,,,,
324417,episode_end,191.13761239092267,180,0.1106399488867745,-100.0,,,,,
324646,episode_end,168.19863419376063,229,0.11238665873869949,-100.0,,,,,
324839,episode_end,155.14753149349997,193,0.11329421353027952,-100.0,,,,,
325000,train_step,,,0.11271773477833974,-100.0,100000,10.248062133789062,-119.88809204101562,1.6693698167800903,-0.7217220664024353
325026,episode_end,181.67534975507994,187,0.11221903436667205,-100.0,,,,,
325222,episode_end,132.93887228607798,196,0.10928742801795034,-100.0,,,,,
325415,episode_end,172.0157177942781,193,0.10858679240840197,-100.0,,,,,
325598,episode_end,193.01628839168112,183,0.10876969499422856,-100.0,,,,,
325763,episode_end,198.14572706075393,165,0.10882730417280184,-100.0,,,,,
326000,train_step,,,0.10749135089417965,-100.0,100000,497.80133056640625,-120.50880432128906,1.9905309677124023,-0.021119356155395508
326051,episode_end,186.96188390343568,288,0.10743025120696971,-100.0,,,,,
326241,episode_end,197.37103839825653,190,0.1085958108281975,-100.0,,,,,
326410,episode_end,173.37209741850972,169,0.11193614283276945,-100.0,,,,,
326621,episode_end,176.92741245522865,211,0.11320158762174534,-100.0,,,,,
326819,episode_end,201.0448716445564,198,0.1150091232088685,-100.0,,,,,
327000,train_step,,,0.1128123206522941,-100.0,100000,124.54655456542969,-111.16819763183594,2.128539562225342,0.2804771363735199
327012,episode_end,167.14320683874845,193,0.11296986691431361,-100.0,,,,,
327197,episode_end,170.8565182327543,185,0.11422350037493113,-100.0,,,,,
327499,episode_end,205.55866460529936,302,0.11049737549066921,-100.0,,,,,
327707,episode_end,206.61277314057168,208,0.10816974218788752,-100.0,,,,,
327901,episode_end,129.5125294143157,194,0.10816134956533276,-100.0,,,,,
328000,train_step,,,0.10839290847154738,-100.0,100000,67.02586364746094,-121.13282775878906,2.1683506965637207,0.37407365441322327
328099,episode_end,179.15829473883275,198,0.11052500278068056,-100.0,,,,,
328302,episode_end,180.69457962029682,203,0.11346297539931761,-100.0,,,,,
328545,episode_end,163.18070653235958,243,0.11643279150251164,-100.0,,,,,
328806,episode_end,182.4371166475001,261,0.11368750612801194,-100.0,,,,,
329000,train_step,,,0.11033393788774537,-100.0,100000,35.44275665283203,-122.63806915283203,1.7781155109405518,-0.4890872836112976
329030,episode_end,192.16815258867697,224,0.10934804699174981,-100.0,,,,,
329226,episode_end,158.31534541566552,196,0.10714239873024296,-100.0,,,,,
329431,episode_end,157.02450153247878,205,0.10470368213876585,-100.0,,,,,
329635,episode_end,181.9392300424622,204,0.10130574225716046,-100.0,,,,,
329827,episode_end,209.7761678458259,192,0.10320300498140432,-100.0,,,,,
330000,train_step,,,0.10471948328184916,-100.0,100000,521.1276245117188,-116.84126281738281,1.974013328552246,-0.05863849073648453
330090,episode_end,201.6514605923741,263,0.10532406459841422,-100.0,,,,,
330262,episode_end,186.75153261103793,172,0.107665258547257,-100.0,,,,,
330506,episode_end,195.12671184293148,244,0.11051541104475869,-100.0,,,,,
330778,episode_end,181.78562785247428,272,0.10936455940603151,-100.0,,,,,
330970,episode_end,167.53811503148404,192,0.11053779478575548,-100.0,,,,,
331000,train_step,,,0.11030138818674542,-100.0,100000,118.26872253417969,-122.46359252929688,2.1677565574645996,0.36982595920562744
331191,episode_end,195.54131292361083,221,0.10971426546041049,-100.0,,,,,
331396,episode_end,192.6565468566287,205,0.10788671331263948,-100.0,,,,,
332000,train_step,,,0.1068529273596261,-100.0,100000,98.65071868896484,-120.06426239013672,2.0017752647399902,0.003970205783843994
332093,episode_end,174.8677060064455,697,0.10612584629236305,-100.0,,,,,
332323,episode_end,169.70423225403434,230,0.10683988435819355,-100.0,,,,,
332502,episode_end,137.19677552083579,179,0.10690117503343798,-100.0,,,,,
332722,episode_end,160.38223051581988,220,0.10786801050780415,-100.0,,,,,
332919,episode_end,190.8695560197034,197,0.10497141540110896,-100.0,,,,,
333000,train_step,,,0.10487006085398738,-100.0,100000,43.812076568603516,-124.52764892578125,1.9079190492630005,-0.20764578878879547
333110,episode_end,-167.55362980700755,191,0.1041208546640657,-100.0,,,,,
333314,episode_end,161.4942904949517,204,0.10575193700944392,-100.0,,,,,
333530,episode_end,178.80189435742847,216,0.10663184904158791,-100.0,,,,,
333685,episode_end,174.76955898362598,155,0.1076667176241245,-100.0,,,,,
333876,episode_end,189.92041905927744,191,0.10833169565463974,-100.0,,,,,
334000,train_step,,,0.10924470513804663,-100.0,100000,48.412139892578125,-112.70806884765625,2.1616649627685547,0.35795238614082336
334101,episode_end,169.9381292272287,225,0.11004447687633678,-100.0,,,,,
334312,episode_end,-106.79245719245682,211,0.11126339196956267,-100.0,,,,,
334542,episode_end,182.36377248653247,230,0.10989859347965,-100.0,,,,,
334703,episode_end,173.17956656941448,161,0.10800244266714414,-100.0,,,,,
334870,episode_end,158.86066616304095,167,0.10737418090652324,-100.0,,,,,
335000,train_step,,,0.10651632769232812,-100.0,100000,421.03338623046875,-120.47669982910156,1.8944109678268433,-0.2364620864391327
335153,episode_end,188.17981903003874,283,0.10644518215246428,-100.0,,,,,
335530,episode_end,155.42150262041696,377,0.1082468978127056,-100.0,,,,,
335732,episode_end,196.42057292543018,202,0.11202248666002076,-100.0,,,,,
335944,episode_end,176.34150325846002,212,0.11309404569416995,-100.0,,,,,
336000,train_step,,,0.11257943488560758,-100.0,100000,292.23675537109375,-113.53106689453125,2.197901725769043,0.43223652243614197
336183,episode_end,152.34582111901267,239,0.11360020382903684,-100.0,,,,,
336399,episode_end,161.1475800380843,216,0.11391306656144472,-100.0,,,,,
336563,episode_end,185.13486852064793,164,0.11315375182516536,-100.0,,,,,
336712,episode_end,186.2489728159044,149,0.11496439884380429,-100.0,,,,,
336906,episode_end,144.65889746428118,194,0.11824456984182391,-100.0,,,,,
337000,train_step,,,0.11855300548316468,-100.0,100000,21.263080596923828,-110.53266143798828,1.8847880363464355,-0.2456774264574051
337162,episode_end,183.06358606420235,256,0.11669982866878098,-100.0,,,,,
337444,episode_end,173.93555338859815,282,0.11877484805913474,-100.0,,,,,
337685,episode_end,172.78989045177602,241,0.12097048440476717,-100.0,,,,,
337858,episode_end,144.8124839827081,173,0.12014783978719816,-100.0,,,,,
338000,train_step,,,0.11983290727277228,-100.0,100000,37.31573486328125,-118.85255432128906,2.293102264404297,0.6218618750572205
338145,episode_end,188.62881209785195,287,0.11852770854996686,-100.0,,,,,
338334,episode_end,166.73892159379716,189,0.11676066547596435,-100.0,,,,,
338536,episode_end,288.5303330251712,202,0.11321115753113295,-100.0,,,,,
338735,episode_end,148.74594749911614,199,0.1138396094947331,-100.0,,,,,
338923,episode_end,154.90550249669602,188,0.11612561235861715,-100.0,,,,,
339000,train_step,,,0.1180258379279508,-100.0,100000,108.54800415039062,-111.85020446777344,1.9873392581939697,-0.027054376900196075
339142,episode_end,159.85276237478908,219,0.11849569713045752,-100.0,,,,,
339296,episode_end,153.095472063201,154,0.11741733521365326,-100.0,,,,,
339454,episode_end,178.12139445803035,158,0.11806511809801416,-100.0,,,,,
339651,episode_end,160.0328425807046,197,0.1159442177227409,-100.0,,,,,
339897,episode_end,197.1983508859687,246,0.11468787420098293,-100.0,,,,,
340000,train_step,,,0.11525739374894364,-100.0,100000,164.17691040039062,-112.32588195800781,2.1063742637634277,0.22983112931251526
340140,episode_end,140.92864576049146,243,0.1184809321181343,-100.0,,,,,
340361,episode_end,140.3008477673571,221,0.11898549445823756,-100.0,,,,,
340512,episode_end,175.61014428443343,151,0.11863160578654089,-100.0,,,,,
340807,episode_end,178.6042665915694,295,0.11620361175840856,-100.0,,,,,
341000,train_step,,,0.11697725098636472,-100.0,100000,16.7158145904541,-111.09918212890625,2.2347054481506348,0.5036250352859497
341388,episode_end,184.66011652342206,581,0.11844665946261207,-100.0,,,,,
341605,episode_end,125.68707905138925,217,0.11967503197876643,-100.0,,,,,
341852,episode_end,184.48619257583738,247,0.11916338772702763,-100.0,,,,,
341939,episode_end,2.3279910541336477,87,0.1186038737709122,-100.0,,,,,
342000,train_step,,,0.11896488658925843,-100.0,100000,29.485614776611328,-103.33369445800781,2.10422420501709,0.22188544273376465
342166,episode_end,187.1647522572169,227,0.11856223607509495,-100.0,,,,,
342359,episode_end,187.16879287137363,193,0.1176823191532756,-100.0,,,,,
342538,episode_end,149.4955124493003,179,0.11732412995852205,-100.0,,,,,
342719,episode_end,146.6324807946547,181,0.11605657653536869,-100.0,,,,,
342875,episode_end,156.70795415733488,156,0.11577580954415241,-100.0,,,,,
342965,episode_end,-80.25722273149755,90,0.11558451963243727,-100.0,,,,,
343000,train_step,,,0.1157119662418503,-100.0,100000,304.7886962890625,-113.53634643554688,1.975152850151062,-0.05358676612377167
343167,episode_end,166.02449840239834,202,0.11588988023445493,-100.0,,,,,
343333,episode_end,168.69150574928878,166,0.11580964762531391,-100.0,,,,,
343577,episode_end,185.50293998067184,244,0.1155108564004598,-100.0,,,,,
343941,episode_end,189.68618379926275,364,0.11631744913948451,-100.0,,,,,
344000,train_step,,,0.11558706867472113,-100.0,100000,45.79801940917969,-105.80224609375,2.058317184448242,0.12583279609680176
344024,episode_end,-66.82450146496024,83,0.11505259801212998,-100.0,,,,,
344256,episode_end,194.3917737854581,232,0.11481034112667733,-100.0,,,,,
344464,episode_end,169.00572613232157,208,0.11569671216090394,-100.0,,,,,
344554,episode_end,-3.5294227058620606,90,0.11675879067753013,-100.0,,,,,
344632,episode_end,21.592831240321033,78,0.11675296435971622,-100.0,,,,,
344740,episode_end,-162.87306093342943,108,0.11656134951819293,-100.0,,,,,
344969,episode_end,185.18543284461327,229,0.11742211988422512,-100.0,,,,,
345000,train_step,,,0.11763837219004696,-100.0,100000,111.82054901123047,-113.19606018066406,2.045604705810547,0.09760062396526337
345364,episode_end,-206.47804536682287,395,0.11715544973902596,-100.0,,,,,
345530,episode_end,179.7495365125045,166,0.11557030156359652,-100.0,,,,,
345688,episode_end,160.83720031974934,158,0.11635197881367554,-100.0,,,,,
345938,episode_end,137.01284400053817,250,0.11458130059889043,-100.0,,,,,
346000,train_step,,,0.11467477471566148,-100.0,100000,205.7119140625,-106.39215087890625,1.9611259698867798,-0.08418771624565125
346213,episode_end,176.40681149831738,275,0.11271640997599981,-100.0,,,,,
347000,train_step,,,0.10765481486363802,-100.0,100000,214.73764038085938,-108.06268310546875,2.0163607597351074,0.03646518290042877
347213,episode_end,19.8644610243626,1000,0.10666986382711885,-100.0,,,,,
347433,episode_end,152.354461416644,220,0.10428499511424968,-100.0,,,,,
347644,episode_end,144.69325072494135,211,0.10348374861566514,-100.0,,,,,
347837,episode_end,182.6783904031384,193,0.10186296067983876,-100.0,,,,,
348000,train_step,,,0.10307646560730432,-100.0,100000,441.07958984375,-105.1276626586914,1.996174693107605,-0.008691973984241486
348306,episode_end,144.4300707553868,469,0.10268449767335397,-100.0,,,,,
348530,episode_end,198.53359554224528,224,0.10198178377342362,-100.0,,,,,
348723,episode_end,191.53966476692472,193,0.10267801518437643,-100.0,,,,,
348963,episode_end,169.67248241719113,240,0.1044058181139056,-100.0,,,,,
349000,train_step,,,0.10466473001028209,-100.0,100000,23.443675994873047,-104.00921630859375,1.8147621154785156,-0.41808056831359863
349126,episode_end,168.13041771217505,163,0.10375570375867722,-100.0,,,,,
349288,episode_end,165.01367920971097,162,0.10564276339002773,-100.0,,,,,
349492,episode_end,166.63980924079004,204,0.10493111998754824,-100.0,,,,,
349714,episode_end,160.18929859298964,222,0.10467341802708385,-100.0,,,,,
349911,episode_end,154.34324595615155,197,0.10507031310783915,-100.0,,,,,
350000,train_step,,,0.1047863138414041,-100.0,100000,660.717041015625,-104.41357421875,2.0214385986328125,0.04836194962263107
350101,episode_end,170.8260412914988,190,0.1062661273582432,-100.0,,,,,
350329,episode_end,179.54801151458165,228,0.1069745522348522,-100.0,,,,,
350496,episode_end,152.23291431930272,167,0.10751895339267227,-100.0,,,,,
350664,episode_end,155.2636807499213,168,0.10909395970404628,-100.0,,,,,
350789,episode_end,-112.14285377095543,125,0.11097414293346426,-100.0,,,,,
351000,train_step,,,0.10880151980907875,-100.0,100000,17.57172203063965,-102.6043930053711,1.8206260204315186,-0.39789265394210815
351029,episode_end,201.78797067285046,240,0.10853840432806158,-100.0,,,,,
351298,episode_end,164.90058021829037,269,0.1108240784155978,-100.0,,,,,
351577,episode_end,195.77999377885948,279,0.11086128158729165,-100.0,,,,,
351801,episode_end,182.12698278244693,224,0.10965786302674019,-100.0,,,,,
352000,train_step,,,0.10868845558957736,-100.0,100000,55.56297302246094,-104.49809265136719,2.0753211975097656,0.1671583652496338
352203,episode_end,209.64990196322123,402,0.11053796921446916,-100.0,,,,,
352515,episode_end,201.34200037693785,312,0.11197835482550418,-100.0,,,,,
352721,episode_end,163.78138844260033,206,0.11318180645897512,-100.0,,,,,
352932,episode_end,180.3776434925736,211,0.11614145837719644,-100.0,,,,,
353000,train_step,,,0.11690938094926916,-100.0,100000,147.66036987304688,-102.61124420166016,1.9325401782989502,-0.14479300379753113
353109,episode_end,152.04994590695617,177,0.11666866225126918,-100.0,,,,,
353291,episode_end,182.07922502272268,182,0.11796776931755751,-100.0,,,,,
353521,episode_end,173.32377626800275,230,0.11821863084298846,-100.0,,,,,
353723,episode_end,197.59759415284663,202,0.1168853670810099,-100.0,,,,,
353984,episode_end,178.40875296357572,261,0.11811855252672955,-100.0,,,,,
354000,train_step,,,0.11769521861346144,-100.0,100000,97.32920837402344,-107.16366577148438,2.0445549488067627,0.0953323245048523
354188,episode_end,197.64582690330715,204,0.11763986878559791,-100.0,,,,,
354443,episode_end,202.01568392462679,255,0.11846360184153273,-100.0,,,,,
354653,episode_end,181.5371710833941,210,0.11645687064558113,-100.0,,,,,
354825,episode_end,159.35846702140503,172,0.11568941673387352,-100.0,,,,,
354982,episode_end,150.55878368982965,157,0.11692326454965724,-100.0,,,,,
355000,train_step,,,0.11697778274371975,-100.0,100000,131.8410186767578,-101.70182800292969,2.0971245765686035,0.20840731263160706
355190,episode_end,199.9654467890511,208,0.11587831935009173,-100.0,,,,,
355389,episode_end,169.5812302271991,199,0.1176003177119555,-100.0,,,,,
355573,episode_end,158.35817900595885,184,0.11933167615173386,-100.0,,,,,
355794,episode_end,172.7657053056668,221,0.12302868273789519,-100.0,,,,,
355982,episode_end,150.61005197718993,188,0.12208008915940012,-100.0,,,,,
356000,train_step,,,0.12203252002815032,-100.0,100000,25.829015731811523,-104.67876434326172,2.2784252166748047,0.5856584310531616
356200,episode_end,160.58067946192247,218,0.12286671630376739,-100.0,,,,,
356382,episode_end,149.31473381074375,182,0.12149284668230323,-100.0,,,,,
356578,episode_end,161.99843627829512,196,0.12043856767611442,-100.0,,,,,
356756,episode_end,163.2970195720433,178,0.11998685016066254,-100.0,,,,,
357000,train_step,,,0.12020310910399783,-100.0,100000,105.08175659179688,-103.35212707519531,2.185703992843628,0.3934275209903717
357017,episode_end,191.84759107813784,261,0.12065888334668204,-100.0,,,,,
357270,episode_end,180.94698575297548,253,0.12268337455845293,-100.0,,,,,
357471,episode_end,184.05263017770972,201,0.12251004893573021,-100.0,,,,,
357647,episode_end,178.86425011692884,176,0.12204075956977686,-100.0,,,,,
357839,episode_end,170.33836058226103,192,0.11984943449220278,-100.0,,,,,
357997,episode_end,161.37786192464557,158,0.1207271586108846,-100.0,,,,,
358000,train_step,,,0.12075882565350546,-100.0,100000,27.724475860595703,-103.37361145019531,2.0503227710723877,0.10638037323951721
358188,episode_end,177.07076869192005,191,0.12023203343070735,-100.0,,,,,
358406,episode_end,185.65299506215132,218,0.12105656181036513,-100.0,,,,,
358624,episode_end,191.00819735997993,218,0.12099502983485437,-100.0,,,,,
358787,episode_end,181.25827763607253,163,0.12275074524703578,-100.0,,,,,
359000,train_step,,,0.12287452364109452,-100.0,100000,93.59535217285156,-100.63497161865234,2.1686549186706543,0.3536003828048706
359059,episode_end,129.73363831304542,272,0.12259851770403396,-100.0,,,,,
359287,episode_end,184.29324032314645,228,0.12177187678639076,-100.0,,,,,
359516,episode_end,210.45575439583007,229,0.12147703952115496,-100.0,,,,,
359714,episode_end,186.25149149561247,198,0.12167770870010901,-100.0,,,,,
359959,episode_end,190.39835734336322,245,0.11950354240352802,-100.0,,,,,
360000,train_step,,,0.11984314110777994,-100.0,100000,87.21725463867188,-105.44400787353516,2.0375990867614746,0.07976920902729034
360155,episode_end,185.01892337028485,196,0.11843370010811997,-100.0,,,,,
360323,episode_end,190.36242220076386,168,0.11723068130201439,-100.0,,,,,
360580,episode_end,173.7595616472349,257,0.11957501504202314,-100.0,,,,,
360835,episode_end,188.66337561038551,255,0.12384362791993435,-100.0,,,,,
361000,train_step,,,0.1249759900277286,-100.0,100000,447.5239562988281,-105.20674896240234,1.859606385231018,-0.29196739196777344
361122,episode_end,190.95368820518047,287,0.12421784203248104,-100.0,,,,,
361362,episode_end,171.85215036837934,240,0.12334412701126236,-100.0,,,,,
361572,episode_end,181.42409156691957,210,0.1229784846076964,-100.0,,,,,
361839,episode_end,191.1272168692755,267,0.1260658591654386,-100.0,,,,,
362000,train_step,,,0.1252002676681169,-100.0,100000,98.42671203613281,-101.74168395996094,2.0772085189819336,0.16042731702327728
362138,episode_end,157.44542875087865,299,0.12476487957907245,-100.0,,,,,
362376,episode_end,181.21060497871946,238,0.12386726817179206,-100.0,,,,,
362605,episode_end,140.58310599288245,229,0.12320840906781266,-100.0,,,,,
363000,train_step,,,0.12547077560325953,-100.0,100000,63.70288848876953,-101.97975158691406,2.1927106380462646,0.40000611543655396
363002,episode_end,-410.9279067737973,397,0.12552832173205256,-100.0,,,,,
363227,episode_end,201.12711316260132,225,0.12571505564770583,-100.0,,,,,
363601,episode_end,-400.92896092400997,374,0.12151351327725345,-100.0,,,,,
364000,train_step,,,0.12018939145971794,-100.0,100000,15.211609840393066,-98.73472595214844,2.238306760787964,0.5048972964286804
364099,episode_end,211.19454262818596,498,0.12119825692070121,-100.0,,,,,
364600,episode_end,229.18243039204043,501,0.12766316657095872,-100.0,,,,,
364789,episode_end,170.561742888823,189,0.131670690691315,-100.0,,,,,
364986,episode_end,181.00514888113116,197,0.13598139090205896,-100.0,,,,,
365000,train_step,,,0.13588133666118707,-100.0,100000,80.06251525878906,-95.96630096435547,1.9010981321334839,-0.19740530848503113
365191,episode_end,201.4777591702611,205,0.1385623367804016,-100.0,,,,,
365400,episode_end,166.87869772885327,209,0.13892850213450145,-100.0,,,,,
365593,episode_end,153.1661528692694,193,0.1360243357418854,-100.0,,,,,
365903,episode_end,156.5914068136222,310,0.13556077489005935,-100.0,,,,,
365996,episode_end,-149.4874242512386,93,0.13390615612440018,-100.0,,,,,
366000,train_step,,,0.13383274551665592,-100.0,100000,249.42845153808594,-105.88575744628906,1.8172292709350586,-0.3675819933414459
366208,episode_end,169.41742294961261,212,0.1346038752094588,-100.0,,,,,
366388,episode_end,143.8154699375744,180,0.13211536215154954,-100.0,,,,,
366690,episode_end,163.30762596030786,302,0.13638408065000135,-100.0,,,,,
366846,episode_end,169.3243111994397,156,0.1396524663908307,-100.0,,,,,
367000,train_step,,,0.14188072534425403,-100.0,100000,120.42868041992188,-102.49130249023438,2.060323715209961,0.11779844760894775
367017,episode_end,157.35337638720915,171,0.14193123623707365,-100.0,,,,,
367183,episode_end,177.9102999325196,166,0.14207702384940812,-100.0,,,,,
367349,episode_end,151.8998435562607,166,0.14423363444411316,-100.0,,,,,
367711,episode_end,171.65888130788827,362,0.1462002693089155,-100.0,,,,,
367887,episode_end,192.0905941551412,176,0.14815070382328396,-100.0,,,,,
368000,train_step,,,0.14701674552991972,-100.0,100000,142.76718139648438,-98.98631286621094,1.9179468154907227,-0.15731319785118103
368123,episode_end,141.5688471888953,236,0.1468319220253449,-100.0,,,,,
368324,episode_end,197.17115056486114,201,0.1461463065964942,-100.0,,,,,
368529,episode_end,174.0373050107065,205,0.14276698026044313,-100.0,,,,,
368749,episode_end,185.45538943087973,220,0.13922616541398578,-100.0,,,,,
368952,episode_end,221.13650968505573,203,0.13505018217822898,-100.0,,,,,
369000,train_step,,,0.1345223053228616,-100.0,100000,113.09233093261719,-102.68350982666016,2.029341220855713,0.05885889381170273
369155,episode_end,160.8181180551451,203,0.13438874998360034,-100.0,,,,,
369361,episode_end,194.44931604732096,206,0.13798340407244103,-100.0,,,,,
369540,episode_end,166.45830256515842,179,0.13797230479947406,-100.0,,,,,
369757,episode_end,175.14025231092907,217,0.14497541283287696,-100.0,,,,,
369990,episode_end,201.19655619197317,233,0.14548810651944605,-100.0,,,,,
370000,train_step,,,0.14524316090251704,-100.0,100000,287.7669677734375,-100.92706298828125,1.6528680324554443,-0.6697376370429993
370187,episode_end,156.6221202204141,197,0.1409983841616879,-100.0,,,,,
370380,episode_end,158.09020846676046,193,0.13723965639750557,-100.0,,,,,
370573,episode_end,140.43445269441395,193,0.14047512821920924,-100.0,,,,,
370742,episode_end,184.75762913850477,169,0.13856584774662994,-100.0,,,,,
370972,episode_end,179.8672678704712,230,0.138525527662066,-100.0,,,,,
371000,train_step,,,0.13829255687743197,-100.0,100000,167.90521240234375,-101.27452087402344,1.9782564640045166,-0.043017253279685974
371190,episode_end,185.30950320613516,218,0.1368087617185306,-100.0,,,,,
371436,episode_end,205.4837757645236,246,0.13382199524581176,-100.0,,,,,
371624,episode_end,148.1912601951259,188,0.13742689779265702,-100.0,,,,,
371830,episode_end,174.89206566821377,206,0.13853333814021504,-100.0,,,,,
372000,train_step,,,0.13994014649310796,-100.0,100000,21.503740310668945,-98.88645935058594,1.9766793251037598,-0.045860983431339264
372020,episode_end,158.01845723094885,190,0.13993434617488557,-100.0,,,,,
372215,episode_end,160.39628981950378,195,0.1390815317006828,-100.0,,,,,
372403,episode_end,177.07974841486399,188,0.14066614261471186,-100.0,,,,,
372650,episode_end,188.07515914802758,247,0.1416229330011874,-100.0,,,,,
372839,episode_end,156.03724130082276,189,0.1450081895030415,-100.0,,,,,
373000,train_step,,,0.14522427272633925,-100.0,100000,406.15789794921875,-107.30262756347656,2.061089038848877,0.11786949634552002
373008,episode_end,183.2113910085307,169,0.14566006157331202,-100.0,,,,,
373201,episode_end,156.44450134383786,193,0.14710224604012906,-100.0,,,,,
373395,episode_end,158.70652000782206,194,0.14453424356686712,-100.0,,,,,
373594,episode_end,149.8648633994876,199,0.14043478874029627,-100.0,,,,,
373816,episode_end,174.4518314172027,222,0.1387332960472472,-100.0,,,,,
374000,train_step,,,0.14484650165285093,-100.0,100000,502.13201904296875,-106.53046417236328,2.285122871398926,0.5508804321289062
374033,episode_end,176.2491073407876,217,0.14679743036026716,-100.0,,,,,
374252,episode_end,219.20911775014042,219,0.1512487655049937,-100.0,,,,,
374434,episode_end,142.1697801264727,182,0.15330693783880645,-100.0,,,,,
374636,episode_end,172.3535147318512,202,0.15503075383766476,-100.0,,,,,
374833,episode_end,165.3669949612994,197,0.1568926210609804,-100.0,,,,,
375000,train_step,,,0.1553264885347539,-100.0,100000,29.84819793701172,-98.97035217285156,1.9726672172546387,-0.050899773836135864
375041,episode_end,197.07804527771896,208,0.15476291538910522,-100.0,,,,,
375235,episode_end,168.27497644795108,194,0.14967979281329966,-100.0,,,,,
375423,episode_end,186.6752191356512,188,0.14359484340912584,-100.0,,,,,
375624,episode_end,187.8444370886615,201,0.1361975972374493,-100.0,,,,,
375856,episode_end,200.65400844278128,232,0.1324102168519526,-100.0,,,,,
376000,train_step,,,0.1320155945967886,-100.0,100000,229.2203826904297,-98.26704406738281,1.952588677406311,-0.09600037336349487
376053,episode_end,190.88602622136096,197,0.13307188618918256,-100.0,,,,,
376303,episode_end,201.2835482381961,250,0.135220929775873,-100.0,,,,,
376514,episode_end,188.47662597460405,211,0.1360065241837983,-100.0,,,,,
376851,episode_end,176.722896612844,337,0.13515986043716874,-100.0,,,,,
377000,train_step,,,0.13216604823940564,-100.0,100000,274.0340881347656,-99.0115737915039,1.8385043144226074,-0.3268182873725891
377058,episode_end,167.3536535980958,207,0.13169144634854002,-100.0,,,,,
377236,episode_end,159.8156557489484,178,0.13087431387830278,-100.0,,,,,
377407,episode_end,189.19716777979795,171,0.1299390158535192,-100.0,,,,,
377572,episode_end,159.18392099151612,165,0.129404809816724,-100.0,,,,,
377771,episode_end,166.98375438852165,199,0.13118102756199723,-100.0,,,,,
377967,episode_end,185.274869158537,196,0.12859205433437124,-100.0,,,,,
378000,train_step,,,0.12822394728975423,-100.0,100000,17.240129470825195,-96.82740020751953,1.9892934560775757,-0.021991141140460968
378172,episode_end,185.96113876349006,205,0.12720925812161626,-100.0,,,,,
378390,episode_end,198.31786285080346,218,0.12353756873259139,-100.0,,,,,
378607,episode_end,194.46473874398748,217,0.1222028653813432,-100.0,,,,,
378796,episode_end,158.77541271543274,189,0.12696388311131307,-100.0,,,,,
379000,train_step,,,0.12662695529988766,-100.0,100000,129.6938018798828,-102.53697967529297,2.104679822921753,0.2163221389055252
379037,episode_end,185.70982876245984,241,0.12711024095372778,-100.0,,,,,
379233,episode_end,182.66280237598482,196,0.12527897333712124,-100.0,,,,,
379389,episode_end,186.0766834820483,156,0.12386187708736698,-100.0,,,,,
379556,episode_end,190.20432102790892,167,0.12516430919700608,-100.0,,,,,
379810,episode_end,178.987933694488,254,0.121987683011192,-100.0,,,,,
380000,train_step,,,0.12029500314883462,-100.0,100000,151.69229125976562,-97.40495300292969,2.2257087230682373,0.47800785303115845
380012,episode_end,172.32262717267216,202,0.12033670748425475,-100.0,,,,,
380202,episode_end,186.13231413305112,190,0.12371361304815334,-100.0,,,,,
380374,episode_end,162.0796519262329,172,0.12331536687853462,-100.0,,,,,
380603,episode_end,203.1641868261378,229,0.12410242372559736,-100.0,,,,,
380822,episode_end,170.5307067837914,219,0.12182413360174782,-100.0,,,,,
380988,episode_end,161.17414635295427,166,0.12344915936458345,-100.0,,,,,
381000,train_step,,,0.12356143768598023,-100.0,100000,27.65445327758789,-99.11639404296875,2.170941114425659,0.35744088888168335
381185,episode_end,161.730791034196,197,0.1223596277549,-100.0,,,,,
381388,episode_end,180.896568070189,203,0.12276110704493089,-100.0,,,,,
381547,episode_end,155.59694972334316,159,0.12177998894746807,-100.0,,,,,
381741,episode_end,155.8591440711689,194,0.11944296336177428,-100.0,,,,,
381924,episode_end,166.75387862272115,183,0.11923668647242089,-100.0,,,,,
382000,train_step,,,0.11919047095184246,-100.0,100000,149.64083862304688,-95.94072723388672,1.8174827098846436,-0.38822025060653687
382135,episode_end,211.01019474383494,211,0.11960394749319372,-100.0,,,,,
382365,episode_end,219.59939602115983,230,0.11687766780135289,-100.0,,,,,
382572,episode_end,188.64316411933572,207,0.11410415434391918,-100.0,,,,,
382738,episode_end,-6.402495574341486,166,0.11121221373588754,-100.0,,,,,
382955,episode_end,197.4236021321016,217,0.11324215225841805,-100.0,,,,,
383000,train_step,,,0.11373464953906975,-100.0,100000,161.46710205078125,-98.58401489257812,2.025681495666504,0.055828776210546494
383191,episode_end,160.0012064036903,236,0.11541504860209136,-100.0,,,,,
383363,episode_end,144.58948713371618,172,0.11676833052926051,-100.0,,,,,
383571,episode_end,208.78849778616413,208,0.11410855160266156,-100.0,,,,,
383789,episode_end,177.51827529886805,218,0.11721982559631747,-100.0,,,,,
384000,train_step,,,0.11510057077671154,-100.0,100000,19.067153930664062,-100.79731750488281,1.8197765350341797,-0.3896336853504181
384015,episode_end,147.613068398774,226,0.11515147390924649,-100.0,,,,,
384242,episode_end,158.448267834357,227,0.11656025358145905,-100.0,,,,,
384456,episode_end,196.36976562945324,214,0.11799239933296148,-100.0,,,,,
384678,episode_end,206.6129850924248,222,0.11652136547757125,-100.0,,,,,
384921,episode_end,152.80993272789294,243,0.11631418762045867,-100.0,,,,,
385000,train_step,,,0.1169289793145857,-100.0,100000,83.51360321044922,-96.05998229980469,2.2247848510742188,0.4824308454990387
385119,episode_end,187.07022546237667,198,0.11779942130185368,-100.0,,,,,
385420,episode_end,164.53975894094503,301,0.11886271347361473,-100.0,,,,,
385650,episode_end,186.85177091963936,230,0.11773742818266998,-100.0,,,,,
386000,train_step,,,0.1177793136136678,-100.0,100000,87.73518371582031,-93.07926940917969,1.7864952087402344,-0.45667433738708496
386154,episode_end,139.58230804121587,504,0.11792655703225179,-100.0,,,,,
386428,episode_end,159.97395752610996,274,0.11938886060919886,-100.0,,,,,
386641,episode_end,188.83141998405057,213,0.11982244221242186,-100.0,,,,,
386861,episode_end,203.13700357741158,220,0.1234723403488901,-100.0,,,,,
387000,train_step,,,0.12474166511245,-100.0,100000,20.05254364013672,-96.44808197021484,1.9406846761703491,-0.1234653890132904
387155,episode_end,159.8247912763863,294,0.12441763993539608,-100.0,,,,,
387368,episode_end,211.01989203192335,213,0.12284471125760553,-100.0,,,,,
387979,episode_end,159.79398912410238,611,0.11984034106873885,-100.0,,,,,
388000,train_step,,,0.12047127853940169,-100.0,100000,209.1344757080078,-92.4642333984375,2.2880797386169434,0.6096757054328918
388303,episode_end,130.96550279414552,324,0.12153066596123752,-100.0,,,,,
388529,episode_end,198.55077170354198,226,0.12435440527345702,-100.0,,,,,
388734,episode_end,186.08555355034815,205,0.1251353144633057,-100.0,,,,,
388948,episode_end,182.03812427545168,214,0.1233572048559595,-100.0,,,,,
389000,train_step,,,0.12314329241507437,-100.0,100000,109.57012939453125,-87.68511962890625,1.6298034191131592,-0.7753423452377319
389241,episode_end,109.96889923077421,293,0.11920872765672216,-100.0,,,,,
389506,episode_end,159.40629431239984,265,0.1171236290188829,-100.0,,,,,
389705,episode_end,171.72635642099556,199,0.1149254071428108,-100.0,,,,,
389906,episode_end,184.81337809705303,201,0.11593358342232778,-100.0,,,,,
390000,train_step,,,0.11538444813933622,-100.0,100000,160.08004760742188,-88.84158325195312,2.1540660858154297,0.3327038884162903
390133,episode_end,168.48437971898716,227,0.11559082660609683,-100.0,,,,,
390349,episode_end,185.21308659863496,216,0.11580771777319014,-100.0,,,,,
390618,episode_end,144.76992821388058,269,0.11661166984130472,-100.0,,,,,
390829,episode_end,146.75382000547225,211,0.11904947512979734,-100.0,,,,,
391000,train_step,,,0.12015288532184504,-100.0,100000,22.74795913696289,-90.20851135253906,2.13400936126709,0.2839644253253937
391084,episode_end,195.31915354676102,255,0.12035987058064448,-100.0,,,,,
391349,episode_end,213.58619523242868,265,0.11794729983545632,-100.0,,,,,
391562,episode_end,202.70404370891623,213,0.11878403042097394,-100.0,,,,,
391780,episode_end,191.82588250913108,218,0.11573349086942092,-100.0,,,,,
391961,episode_end,170.57509795657558,181,0.11445434643335471,-100.0,,,,,
392000,train_step,,,0.11351226405642868,-100.0,100000,47.817840576171875,-89.35482788085938,1.8315362930297852,-0.36655086278915405
392187,episode_end,173.42992053778147,226,0.1125668147388485,-100.0,,,,,
392414,episode_end,195.2403990192504,227,0.11496425702598233,-100.0,,,,,
392629,episode_end,194.7202037229422,215,0.11451036247437005,-100.0,,,,,
392878,episode_end,143.53616285741805,249,0.11410592953141255,-100.0,,,,,
393000,train_step,,,0.11235821675439049,-100.0,100000,158.89956665039062,-85.19087219238281,2.255815267562866,0.5592286586761475
393072,episode_end,206.58320382311365,194,0.11230441188556592,-100.0,,,,,
393342,episode_end,203.34589799801267,270,0.11374177252067212,-100.0,,,,,
393560,episode_end,140.5360775659604,218,0.11391696007555051,-100.0,,,,,
393781,episode_end,161.7233600673954,221,0.11562765240460317,-100.0,,,,,
394000,train_step,,,0.11764316898135013,-100.0,100000,36.20466613769531,-86.16226196289062,1.971869945526123,-0.060200825333595276
394024,episode_end,197.7602574173656,243,0.11813364877167716,-100.0,,,,,
394229,episode_end,173.4440393979284,205,0.12121457119012409,-100.0,,,,,
394413,episode_end,182.18926801551981,184,0.12164000447613799,-100.0,,,,,
394614,episode_end,175.3068911191337,201,0.12130313977291907,-100.0,,,,,
394813,episode_end,183.67041022231433,199,0.12210774805091071,-100.0,,,,,
395000,train_step,,,0.12353560302979802,-100.0,100000,27.463172912597656,-86.3070068359375,2.0580437183380127,0.12138259410858154
395020,episode_end,306.07932863814426,207,0.12344676226407728,-100.0,,,,,
395292,episode_end,205.65659170924835,272,0.12325660981460426,-100.0,,,,,
395559,episode_end,184.63473546979998,267,0.11842350336110968,-100.0,,,,,
395869,episode_end,160.69223963896656,310,0.11398207146724423,-100.0,,,,,
396000,train_step,,,0.11282713383987601,-100.0,100000,49.89710998535156,-82.37355041503906,1.9460891485214233,-0.11762791872024536
396038,episode_end,179.6059850291851,169,0.11289970232600065,-100.0,,,,,
396233,episode_end,172.3319451520386,195,0.1124533590239978,-100.0,,,,,
396423,episode_end,301.0105324110239,190,0.11243729189725737,-100.0,,,,,
396625,episode_end,205.72259956678676,202,0.11389753242193028,-100.0,,,,,
397000,train_step,,,0.11659562537848277,-100.0,100000,82.3203125,-85.01819610595703,2.042057991027832,0.09038436412811279
397075,episode_end,-173.45536112478294,450,0.11672603658484665,-100.0,,,,,
397265,episode_end,179.41391786171826,190,0.11698651715660692,-100.0,,,,,
397455,episode_end,189.67312968711775,190,0.11657665967216106,-100.0,,,,,
398000,train_step,,,0.11304767139820215,-100.0,100000,22.920759201049805,-81.79828643798828,2.004641532897949,0.010118640959262848
398173,episode_end,99.61759910561891,718,0.11542657146903862,-100.0,,,,,
398433,episode_end,180.69771836888782,260,0.11481977851542584,-100.0,,,,,
398625,episode_end,188.52820719404988,192,0.11472144217866466,-100.0,,,,,
398795,episode_end,174.01483729978088,170,0.11506295448079394,-100.0,,,,,
399000,train_step,,,0.11593835222375683,-100.0,100000,10.499664306640625,-83.20134735107422,2.0164096355438232,0.035357922315597534
399016,episode_end,202.35681406088,221,0.11576442086916401,-100.0,,,,,
399257,episode_end,178.77256372043044,241,0.11518059915261264,-100.0,,,,,
399455,episode_end,166.91582284384367,198,0.11684887589722696,-100.0,,,,,
399725,episode_end,197.45511943961375,270,0.1166066477133896,-100.0,,,,,
399921,episode_end,174.63038825169318,196,0.11911179826044448,-100.0,,,,,
400000,train_step,,,0.11929417303148271,-100.0,100000,15.203399658203125,-81.69730377197266,2.0647568702697754,0.13768400251865387
400197,episode_end,154.54128092651322,276,0.11923536668858589,-100.0,,,,,
400390,episode_end,173.744067474276,193,0.11906292923401635,-100.0,,,,,
400575,episode_end,175.2690129562321,185,0.11830295241620396,-100.0,,,,,
400756,episode_end,152.51984418703933,181,0.12000849921699154,-100.0,,,,,
401000,train_step,,,0.11938549432279774,-100.0,100000,27.546918869018555,-83.7489013671875,1.9497272968292236,-0.10684962570667267
401052,episode_end,155.29855450639502,296,0.11883119843719163,-100.0,,,,,
401591,episode_end,211.6624892239428,539,0.11043705003901044,-100.0,,,,,
401782,episode_end,159.8224529735503,191,0.1083300652216543,-100.0,,,,,
401979,episode_end,307.29742835431273,197,0.10797931658970765,-100.0,,,,,
402000,train_step,,,0.10790396060803939,-100.0,100000,29.70130157470703,-81.50651550292969,1.9093989133834839,-0.2017245888710022
402812,episode_end,204.89833524480792,833,0.1057141939374375,-100.0,,,,,
402994,episode_end,142.54838061630676,182,0.10573550699595212,-100.0,,,,,
403000,train_step,,,0.10576470838110809,-100.0,100000,20.953550338745117,-80.93824005126953,1.9502853155136108,-0.11168600618839264
403163,episode_end,151.51161495744327,169,0.1048253270867012,-100.0,,,,,
403346,episode_end,149.87851395021744,183,0.10400129137371816,-100.0,,,,,
404000,train_step,,,0.10312351416250375,-100.0,100000,15.99960708618164,-78.92950439453125,1.7724158763885498,-0.5170320272445679
404055,episode_end,188.87080391176104,709,0.10391681523795138,-100.0,,,,,
404227,episode_end,153.64615176691683,172,0.10462860229475479,-100.0,,,,,
404641,episode_end,226.6582445177097,414,0.10377364252849246,-100.0,,,,,
404926,episode_end,187.99446843681326,285,0.1054404290848894,-100.0,,,,,
405000,train_step,,,0.10434243578576646,-100.0,100000,112.49760437011719,-80.80389404296875,2.254382371902466,0.5749236345291138
405110,episode_end,311.77576610097765,184,0.10422050351983163,-100.0,,,,,
406000,train_step,,,0.10204646531599394,-100.0,100000,196.5414276123047,-79.0602035522461,1.712431788444519,-0.6563246846199036
406110,episode_end,124.16066554007048,1000,0.102760103209632,-100.0,,,,,
406318,episode_end,156.23558087497307,208,0.10243220964087062,-100.0,,,,,
406497,episode_end,162.9935284694135,179,0.10121700025850303,-100.0,,,,,
407000,train_step,,,0.10024688097934974,-100.0,100000,81.5617446899414,-78.93367004394531,1.9791700839996338,-0.04791136085987091
407497,episode_end,123.66071124657692,1000,0.0989503298377851,-100.0,,,,,
407797,episode_end,170.97466298619247,300,0.09747855071780748,-100.0,,,,,
407982,episode_end,305.8668251140134,185,0.09718101733330704,-100.0,,,,,
408000,train_step,,,0.09717695921479147,-100.0,100000,69.50953674316406,-76.63381958007812,2.1142520904541016,0.26634716987609863
408261,episode_end,286.1673933138037,279,0.09715953288492053,-100.0,,,,,
408471,episode_end,163.83769242671502,210,0.09727629905446745,-100.0,,,,,
408968,episode_end,221.2813233671381,497,0.09641953102497573,-100.0,,,,,
409000,train_step,,,0.09716678921824501,-100.0,100000,51.01153564453125,-75.74642944335938,2.0698626041412354,0.16287249326705933
409401,episode_end,217.22670243409027,433,0.0957906078865923,-100.0,,,,,
409821,episode_end,148.3428157164493,420,0.09379386340109101,-100.0,,,,,
409998,episode_end,165.92704951874921,177,0.09314012022617901,-100.0,,,,,
410000,train_step,,,0.09313257325047351,-100.0,100000,98.43023681640625,-77.9919204711914,2.0140163898468018,0.033271029591560364
410166,episode_end,315.39787497988493,168,0.09286424670149768,-100.0,,,,,
410409,episode_end,170.16838223328656,243,0.09337023023139088,-100.0,,,,,
410640,episode_end,306.0023957083038,231,0.09419997801044985,-100.0,,,,,
411000,train_step,,,0.09482428283475132,-100.0,100000,19.535564422607422,-75.43934631347656,2.007493734359741,0.01765340566635132
411030,episode_end,-103.69630648361603,390,0.09485696565058464,-100.0,,,,,
411206,episode_end,168.7420229484994,176,0.09385613524888921,-100.0,,,,,
412000,train_step,,,0.09466925964949291,-100.0,100000,20.320430755615234,-72.337158203125,2.099693775177002,0.2350148856639862
412206,episode_end,85.24793660971922,1000,0.09406131415975477,-100.0,,,,,
412387,episode_end,285.8000756202457,181,0.093203396671105,-100.0,,,,,
412610,episode_end,193.18890093685158,223,0.09270139295162014,-100.0,,,,,
412803,episode_end,165.5418719545214,193,0.09217249177731045,-100.0,,,,,
413000,train_step,,,0.09229655292777349,-100.0,100000,155.51417541503906,-75.02635192871094,2.217095375061035,0.5172833800315857
413024,episode_end,179.57364069536624,221,0.09229068204039254,-100.0,,,,,
413279,episode_end,207.05844292056761,255,0.09361957933936767,-100.0,,,,,
413851,episode_end,164.25362526377887,572,0.09307235528333527,-100.0,,,,,
414000,train_step,,,0.09237100307998147,-100.0,100000,33.838218688964844,-72.82046508789062,1.871869683265686,-0.3051989674568176
414014,episode_end,180.60667891378353,163,0.09234337324552251,-100.0,,,,,
414288,episode_end,290.70982905146263,274,0.0930012367777844,-100.0,,,,,
414581,episode_end,286.3151440336609,293,0.09308375365774879,-100.0,,,,,
414786,episode_end,286.72235399207,205,0.093070116210421,-100.0,,,,,
415000,train_step,,,0.09262064562354781,-100.0,100000,23.87537956237793,-71.94891357421875,1.7439043521881104,-0.6093137264251709
415022,episode_end,183.2195087312964,236,0.0924512634576303,-100.0,,,,,
415258,episode_end,176.04724529563615,236,0.09417473681207615,-100.0,,,,,
415424,episode_end,152.7160548328305,166,0.09267231975036476,-100.0,,,,,
415630,episode_end,287.50462039751926,206,0.09037654348650065,-100.0,,,,,
415866,episode_end,160.5039238543235,236,0.08815224502563875,-100.0,,,,,
416000,train_step,,,0.08666594886243857,-100.0,100000,40.126914978027344,-71.54673767089844,1.7812352180480957,-0.5350317358970642
416087,episode_end,163.7657051776518,221,0.0865421829066491,-100.0,,,,,
416386,episode_end,244.74197226232084,299,0.08686797347810576,-100.0,,,,,
416572,episode_end,158.62917123100357,186,0.0863514256875423,-100.0,,,,,
416783,episode_end,142.8569199311441,211,0.08732644398200079,-100.0,,,,,
417000,train_step,,,0.08644103577413906,-100.0,100000,49.083683013916016,-71.55775451660156,2.106271743774414,0.26018401980400085
417008,episode_end,207.65294547882377,225,0.08642375408692106,-100.0,,,,,
417476,episode_end,276.6185057305691,468,0.08353271465646404,-100.0,,,,,
417690,episode_end,295.46966595554863,214,0.08391293315341548,-100.0,,,,,
417810,episode_end,-260.67116189665353,120,0.08324992167121635,-100.0,,,,,
418000,train_step,,,0.0820232154424607,-100.0,100000,35.45024871826172,-71.61123657226562,1.801885962486267,-0.4954341650009155
418385,episode_end,270.0973492464278,575,0.08258072734598844,-100.0,,,,,
418566,episode_end,188.3854737375679,181,0.08285446301813801,-100.0,,,,,
418762,episode_end,134.58346050542139,196,0.08268776754455932,-100.0,,,,,
419000,train_step,,,0.0806095163891452,-100.0,100000,81.91287231445312,-67.76713562011719,1.9370262622833252,-0.1585763394832611
419049,episode_end,215.04520584507145,287,0.08029455143448802,-100.0,,,,,
419735,episode_end,136.48239597027492,686,0.08745083066113868,-100.0,,,,,
420000,train_step,,,0.08573694755564512,-100.0,100000,85.54249572753906,-64.11900329589844,2.0234713554382324,0.05765679478645325
420342,episode_end,225.24660506663778,607,0.08592110830233464,-100.0,,,,,
420741,episode_end,225.85573178716783,399,0.08440499246413619,-100.0,,,,,
421000,train_step,,,0.08118579525479665,-100.0,100000,26.546466827392578,-71.23698425292969,1.6133660078048706,-0.9708439111709595
421004,episode_end,-69.71378927455325,263,0.0811429193177908,-100.0,,,,,
421201,episode_end,322.13960663434557,197,0.08093679694337917,-100.0,,,,,
421728,episode_end,233.33371311879108,527,0.08225600814370475,-100.0,,,,,
421913,episode_end,174.12097903168058,185,0.08282038682948775,-100.0,,,,,
422000,train_step,,,0.08388964432887384,-100.0,100000,53.411956787109375,-68.47392272949219,2.131622314453125,0.3261931538581848
422514,episode_end,262.8606859503785,601,0.08561885465746674,-100.0,,,,,
422739,episode_end,262.45750203614045,225,0.08263771883186716,-100.0,,,,,
423000,train_step,,,0.079542557807586,-100.0,100000,23.888145446777344,-65.62477111816406,1.8405673503875732,-0.4035979211330414
423068,episode_end,233.11148333644022,329,0.07856806127513301,-100.0,,,,,
423619,episode_end,266.1092681200274,551,0.07741065446380509,-100.0,,,,,
423730,episode_end,-150.25143542265135,111,0.078440451799589,-100.0,,,,,
423979,episode_end,280.78007108544443,249,0.08204329625098561,-100.0,,,,,
424000,train_step,,,0.08233897829859263,-100.0,100000,75.67707824707031,-67.7681884765625,2.050530433654785,0.1261695921421051
424425,episode_end,169.17710025960423,446,0.08486267076503477,-100.0,,,,,
424640,episode_end,287.3499264942513,215,0.08388518103882993,-100.0,,,,,
425000,train_step,,,0.0855302029568652,-100.0,100000,49.46014404296875,-65.31654357910156,1.906335473060608,-0.23031018674373627
425067,episode_end,214.61259108016793,427,0.08515303292117402,-100.0,,,,,
425204,episode_end,-83.63036591243119,137,0.08395186433533872,-100.0,,,,,
425301,episode_end,-309.8296872833,97,0.08369943409364863,-100.0,,,,,
425605,episode_end,244.75959568892978,304,0.08393803321409661,-100.0,,,,,
425881,episode_end,279.5731337825599,276,0.08458023195601169,-100.0,,,,,
426000,train_step,,,0.08481375259072363,-100.0,100000,106.58744812011719,-63.52750778198242,1.9600658416748047,-0.09852930903434753
426146,episode_end,262.81030504728017,265,0.08377365533977021,-100.0,,,,,
426307,episode_end,174.48785504026517,161,0.08438887052509741,-100.0,,,,,
426681,episode_end,231.9453474137752,374,0.08572713344538561,-100.0,,,,,
427000,train_step,,,0.08562371900246492,-100.0,100000,48.94097900390625,-66.15719604492188,2.2301769256591797,0.5657274723052979
427062,episode_end,222.7709775741856,381,0.0854686565592594,-100.0,,,,,
427366,episode_end,268.4671771108888,304,0.08394703735393994,-100.0,,,,,
427643,episode_end,148.97584905700725,277,0.08278637983978783,-100.0,,,,,
427840,episode_end,254.16991957429664,197,0.08175526358929038,-100.0,,,,,
428000,train_step,,,0.0815635345380127,-100.0,100000,31.297378540039062,-65.44099426269531,1.862465262413025,-0.3447132706642151
428058,episode_end,188.37068016245533,218,0.08162548995738887,-100.0,,,,,
428468,episode_end,206.37228480249667,410,0.08087213632225984,-100.0,,,,,
428646,episode_end,161.8023528764311,178,0.07896231250377006,-100.0,,,,,
428855,episode_end,280.19280218422597,209,0.0787119229036149,-100.0,,,,,
429000,train_step,,,0.07835666277400845,-100.0,100000,21.845489501953125,-66.24945068359375,2.000263214111328,0.0006701350212097168
429138,episode_end,278.8353366795316,283,0.07744511961846143,-100.0,,,,,
429250,episode_end,-144.44176396651233,112,0.07764268290720118,-100.0,,,,,
429426,episode_end,174.32987155586278,176,0.07966279723476569,-100.0,,,,,
429660,episode_end,141.43272422763926,234,0.08018705741703944,-100.0,,,,,
429825,episode_end,275.00978926714015,165,0.07884220579727315,-100.0,,,,,
429982,episode_end,158.85950380803772,157,0.07861663818945845,-100.0,,,,,
430000,train_step,,,0.07851955367342744,-100.0,100000,7.991734504699707,-60.805362701416016,2.0524041652679443,0.13333731889724731
430154,episode_end,184.40937253291133,172,0.07849175556592423,-100.0,,,,,
430329,episode_end,142.30720115136464,175,0.08000985261107409,-100.0,,,,,
430540,episode_end,151.38826248368264,211,0.07982467575360698,-100.0,,,,,
430797,episode_end,157.8741923282641,257,0.07898212631207678,-100.0,,,,,
431000,train_step,,,0.07847887636543897,-100.0,100000,66.01953125,-63.613502502441406,2.1370434761047363,0.3487657904624939
431036,episode_end,285.7643074042377,239,0.07849763444655189,-100.0,,,,,
431230,episode_end,164.71736224492867,194,0.07785885784466431,-100.0,,,,,
431421,episode_end,312.2683735898542,191,0.07628765128163423,-100.0,,,,,
431771,episode_end,280.57568908301243,350,0.07840900834244155,-100.0,,,,,
431931,episode_end,163.4999184230001,160,0.07748712749071193,-100.0,,,,,
432000,train_step,,,0.07724112280500019,-100.0,100000,93.5994873046875,-65.35231018066406,2.0363707542419434,0.09313905239105225
432183,episode_end,160.0686793533496,252,0.07639453006199502,-100.0,,,,,
432292,episode_end,-1096.29994758482,109,0.07753760494701424,-100.0,,,,,
432477,episode_end,273.5519961288313,185,0.08023274918777216,-100.0,,,,,
433000,train_step,,,0.08610975007239748,-100.0,100000,31.69483184814453,-64.13617706298828,2.0499937534332275,0.12259134650230408
433235,episode_end,248.80663783250122,758,0.0874745144557552,-100.0,,,,,
433372,episode_end,41.26102763243881,137,0.08723333476394635,-100.0,,,,,
433537,episode_end,172.48574841549055,165,0.08674081134344894,-100.0,,,,,
433746,episode_end,191.8140695403175,209,0.08583252156445347,-100.0,,,,,
433920,episode_end,172.16330132583042,174,0.08503813196042184,-100.0,,,,,
434000,train_step,,,0.0854550369760656,-100.0,100000,17.964698791503906,-64.24628448486328,1.8601573705673218,-0.34397998452186584
434127,episode_end,170.2132767927273,207,0.08609351678819711,-100.0,,,,,
434341,episode_end,293.6327242775854,214,0.08513135894788938,-100.0,,,,,
434431,episode_end,-294.44363236600924,90,0.0852177168374332,-100.0,,,,,
434710,episode_end,286.2936796132184,279,0.08434987881520153,-100.0,,,,,
434874,episode_end,283.87234242154545,164,0.0840788047286349,-100.0,,,,,
435000,train_step,,,0.08414419793984383,-100.0,100000,35.194068908691406,-66.5650405883789,1.9124863147735596,-0.2166161835193634
435108,episode_end,156.86843127797664,234,0.08377219523721136,-100.0,,,,,
435261,episode_end,185.041874850093,153,0.08485269315090703,-100.0,,,,,
435386,episode_end,44.38727828097382,125,0.08410256321506339,-100.0,,,,,
435527,episode_end,191.07340469118003,141,0.08346436870467527,-100.0,,,,,
435729,episode_end,284.97499005476834,202,0.08391040957856402,-100.0,,,,,
436000,train_step,,,0.08453136207401028,-100.0,100000,27.054107666015625,-65.8180160522461,2.0739002227783203,0.18258032202720642
436024,episode_end,280.63020693486965,295,0.08475967077985505,-100.0,,,,,
436229,episode_end,292.3964288893146,205,0.08568258230572141,-100.0,,,,,
436503,episode_end,155.11422823401642,274,0.09083381886606065,-100.0,,,,,
436664,episode_end,167.85742209084657,161,0.09163025823377828,-100.0,,,,,
436933,episode_end,201.87898710944094,269,0.09269933387324017,-100.0,,,,,
437000,train_step,,,0.09202557915571574,-100.0,100000,24.04353141784668,-67.02322387695312,1.7339497804641724,-0.6347131729125977
437167,episode_end,138.74157656134335,234,0.09008071319894091,-100.0,,,,,
437421,episode_end,178.20204049273497,254,0.08993615857921973,-100.0,,,,,
437680,episode_end,168.57888517004488,259,0.08765804938637445,-100.0,,,,,
437873,episode_end,142.19306290390358,193,0.08847905093531404,-100.0,,,,,
438000,train_step,,,0.08645922223168144,-100.0,100000,13.685657501220703,-66.50254821777344,1.9206210374832153,-0.19432631134986877
438100,episode_end,179.72535185300396,227,0.08541538677354173,-100.0,,,,,
438313,episode_end,294.8713827210039,213,0.08179285361424822,-100.0,,,,,
438469,episode_end,171.15122538387504,156,0.08070148466047782,-100.0,,,,,
438748,episode_end,280.7622960201037,279,0.0778780469962547,-100.0,,,,,
438909,episode_end,161.3238829131609,161,0.0766174167591978,-100.0,,,,,
439000,train_step,,,0.07661171288388373,-100.0,100000,40.90174865722656,-64.52881622314453,1.823443055152893,-0.45357587933540344
439126,episode_end,155.31680221274036,217,0.07656519244929247,-100.0,,,,,
439285,episode_end,296.24533357722055,159,0.07665939293230559,-100.0,,,,,
439499,episode_end,172.41077826811727,214,0.07642556196830573,-100.0,,,,,
439720,episode_end,178.83487850516187,221,0.07585665235051238,-100.0,,,,,
439980,episode_end,144.5264705690966,260,0.07384635981866777,-100.0,,,,,
440000,train_step,,,0.07359512160998201,-100.0,100000,41.18852615356445,-66.65294647216797,1.7624773979187012,-0.6197382211685181
440289,episode_end,124.67780243506198,309,0.07362239152769698,-100.0,,,,,
440452,episode_end,309.87078656623964,163,0.07306547387572913,-100.0,,,,,
440750,episode_end,156.65897398217007,298,0.07225201402036978,-100.0,,,,,
440988,episode_end,191.66746872249382,238,0.07136694017982648,-100.0,,,,,
441000,train_step,,,0.07127957407602488,-100.0,100000,113.27278137207031,-66.29772186279297,2.211373805999756,0.5582691431045532
441274,episode_end,231.53402463525373,286,0.06913680067371133,-100.0,,,,,
441479,episode_end,300.53625837003653,205,0.06895412774028524,-100.0,,,,,
441863,episode_end,104.17726602805467,384,0.06918886221989683,-100.0,,,,,
442000,train_step,,,0.06819694580388537,-100.0,100000,11.077503204345703,-63.23551940917969,1.9416271448135376,-0.156751811504364
442256,episode_end,-304.01303723469056,393,0.06868143250017625,-100.0,,,,,
442499,episode_end,191.85927579462395,243,0.06732674954407858,-100.0,,,,,
442696,episode_end,178.174279375504,197,0.06853889542999038,-100.0,,,,,
443000,train_step,,,0.07120990261329117,-100.0,100000,43.91325378417969,-67.63705444335938,2.126699209213257,0.33475521206855774
443066,episode_end,193.89735212932067,370,0.07118015024668069,-100.0,,,,,
443438,episode_end,305.8924789555155,372,0.07157736416519617,-100.0,,,,,
443797,episode_end,238.81881488665798,359,0.07361067058842481,-100.0,,,,,
443977,episode_end,177.1010841237781,180,0.07393030648949206,-100.0,,,,,
444000,train_step,,,0.07399362198389166,-100.0,100000,49.3903923034668,-67.00458526611328,1.9696283340454102,-0.07908102869987488
444161,episode_end,157.35661403606366,184,0.07407844423815198,-100.0,,,,,
444439,episode_end,266.52203588348607,278,0.07474069387442096,-100.0,,,,,
444822,episode_end,170.6028037394992,383,0.07044778257359166,-100.0,,,,,
445000,train_step,,,0.06903843142826192,-100.0,100000,33.125789642333984,-65.43496704101562,2.093750238418579,0.25060319900512695
445119,episode_end,286.8050035835202,297,0.06861075137545959,-100.0,,,,,
445586,episode_end,191.81017769199957,467,0.06575486588256561,-100.0,,,,,
445789,episode_end,273.7751991461099,203,0.0643996884709045,-100.0,,,,,
446000,train_step,,,0.06314262143087984,-100.0,100000,73.22648620605469,-65.25239562988281,1.841982126235962,-0.43650200963020325
446411,episode_end,276.16950749955987,622,0.06629170415463811,-100.0,,,,,
446832,episode_end,226.07253253478711,421,0.06678513065636797,-100.0,,,,,
447000,train_step,,,0.0665041873288068,-100.0,100000,24.142486572265625,-66.41629791259766,1.8868980407714844,-0.3065616488456726
447138,episode_end,303.6402650982805,306,0.06646767374119675,-100.0,,,,,
447500,episode_end,203.6303705437463,362,0.06702492693577072,-100.0,,,,,
447692,episode_end,302.52067963772794,192,0.06612691556141596,-100.0,,,,,
447999,episode_end,257.9390422802178,307,0.06530617141849221,-100.0,,,,,
448000,train_step,,,0.06530163906712493,-100.0,100000,47.583953857421875,-62.74671936035156,2.02708101272583,0.07389694452285767
448248,episode_end,279.95307804022923,249,0.06367563113797815,-100.0,,,,,
448412,episode_end,286.3208675217471,164,0.06256035683597688,-100.0,,,,,
448602,episode_end,280.701425919215,190,0.060857147281591965,-100.0,,,,,
448873,episode_end,203.64404945015485,271,0.060281339852937973,-100.0,,,,,
449000,train_step,,,0.06068692767912329,-100.0,100000,12.94967269897461,-65.90188598632812,1.855657696723938,-0.40445101261138916
449072,episode_end,188.7896646469007,199,0.060472387239657574,-100.0,,,,,
449671,episode_end,245.47450611371607,599,0.06291136423491704,-100.0,,,,,
449874,episode_end,240.67382481729302,203,0.06257406106576324,-100.0,,,,,
450000,train_step,,,0.06190621713372889,-100.0,100000,29.12166976928711,-60.273826599121094,2.2839057445526123,0.7898640632629395
450058,episode_end,286.02861262505763,184,0.062139617653723236,-100.0,,,,,
450287,episode_end,279.6490369380107,229,0.0620012225650815,-100.0,,,,,
450484,episode_end,164.57209201140682,197,0.06381827034888252,-100.0,,,,,
450647,episode_end,297.96188356534805,163,0.06387328376795633,-100.0,,,,,
450849,episode_end,281.4993387783804,202,0.06450342739068807,-100.0,,,,,
451000,train_step,,,0.06489944949025464,-100.0,100000,18.60570526123047,-58.762779235839844,2.1356897354125977,0.3711005449295044
451163,episode_end,299.38068527735993,314,0.06637609916822208,-100.0,,,,,
451497,episode_end,300.03060957650007,334,0.06669874602284945,-100.0,,,,,
451725,episode_end,302.16649226374705,228,0.06606162639563144,-100.0,,,,,
451968,episode_end,283.97994274654087,243,0.06670818450442048,-100.0,,,,,
452000,train_step,,,0.0671575320283416,-100.0,100000,18.74862289428711,-62.85725021362305,1.744046688079834,-0.6912566423416138
452179,episode_end,294.86212842402637,211,0.06798096113927059,-100.0,,,,,
452334,episode_end,299.57785864888035,155,0.06795488707999804,-100.0,,,,,
452525,episode_end,160.97179881078114,191,0.06899806163950814,-100.0,,,,,
452683,episode_end,191.30173766804455,158,0.06982558275627741,-100.0,,,,,
452864,episode_end,171.63941677353847,181,0.07019705378606282,-100.0,,,,,
453000,train_step,,,0.07068039022706006,-100.0,100000,133.38616943359375,-65.27610778808594,2.2324793338775635,0.615974485874176
453077,episode_end,256.7181126386954,213,0.07069916632166642,-100.0,,,,,
453294,episode_end,273.6662736085358,217,0.06901114271933419,-100.0,,,,,
453453,episode_end,154.19389849374704,159,0.06721535987927475,-100.0,,,,,
453617,episode_end,167.74810060347292,164,0.06748757993011054,-100.0,,,,,
453749,episode_end,177.31956115250634,132,0.06623599019048033,-100.0,,,,,
453900,episode_end,182.86554118855187,151,0.06663069369660382,-100.0,,,,,
454000,train_step,,,0.0665550487143174,-100.0,100000,11.382128715515137,-62.50857925415039,1.978737235069275,-0.057616353034973145
454077,episode_end,283.5893097926519,177,0.06658565910394365,-100.0,,,,,
454285,episode_end,292.9571999296975,208,0.06615942552375337,-100.0,,,,,
454873,episode_end,264.2101996800472,588,0.0666546052059777,-100.0,,,,,
455000,train_step,,,0.06864582230872707,-100.0,100000,91.29964447021484,-63.93606948852539,2.0613245964050293,0.16427598893642426
455059,episode_end,154.7775021403883,186,0.06947193556327291,-100.0,,,,,
455276,episode_end,262.62405878676987,217,0.06884158853351993,-100.0,,,,,
455455,episode_end,37.595302150752474,179,0.06687304520780213,-100.0,,,,,
455633,episode_end,138.89377411679612,178,0.06591088234983027,-100.0,,,,,
455804,episode_end,289.52775548120854,171,0.06513220542546383,-100.0,,,,,
456000,train_step,,,0.06713839322923267,-100.0,100000,6.569491863250732,-61.503875732421875,1.9541583061218262,-0.12381821125745773
456011,episode_end,314.25402225832204,207,0.06713624426983579,-100.0,,,,,
456264,episode_end,310.863348183118,253,0.06609815535364794,-100.0,,,,,
456492,episode_end,224.4421983753154,228,0.06281408857818964,-100.0,,,,,
456660,episode_end,183.4676168134975,168,0.06323621810814356,-100.0,,,,,
456956,episode_end,241.59228951973648,296,0.06313999330278239,-100.0,,,,,
457000,train_step,,,0.06319219707743555,-100.0,100000,22.143415451049805,-59.827491760253906,1.8749765157699585,-0.34526172280311584
457358,episode_end,237.06089516876992,402,0.06294985080915867,-100.0,,,,,
458000,train_step,,,0.0634024578618998,-100.0,100000,21.195728302001953,-64.58348846435547,1.9214190244674683,-0.21674612164497375
458149,episode_end,242.57335738981658,791,0.06352800426639044,-100.0,,,,,
458328,episode_end,161.87018944087228,179,0.06345681771471397,-100.0,,,,,
458504,episode_end,283.3701655738253,176,0.062479017791216285,-100.0,,,,,
458723,episode_end,283.89925802487244,219,0.0621793680778157,-100.0,,,,,
458956,episode_end,246.57032618777149,233,0.060940304092133295,-100.0,,,,,
459000,train_step,,,0.061182963732376104,-100.0,100000,12.329511642456055,-62.60388946533203,1.8130277395248413,-0.5223793983459473
459133,episode_end,313.25024306020737,177,0.06095385021144728,-100.0,,,,,
459340,episode_end,238.72214190971087,207,0.06201625107646682,-100.0,,,,,
459514,episode_end,176.9042541946781,174,0.06363285812982326,-100.0,,,,,
459685,episode_end,300.2998083140269,171,0.06325826615635942,-100.0,,,,,
459955,episode_end,277.59307960021,270,0.06418632940043333,-100.0,,,,,
460000,train_step,,,0.06446882741741185,-100.0,100000,44.40399169921875,-60.6002197265625,1.935195803642273,-0.1776653230190277
460118,episode_end,158.3801479661784,163,0.06381777480072333,-100.0,,,,,
460379,episode_end,219.83841126371277,261,0.06532518653586195,-100.0,,,,,
460577,episode_end,296.6157594001197,198,0.06576247014561558,-100.0,,,,,
460802,episode_end,277.70901980626024,225,0.06587920844882093,-100.0,,,,,
461000,train_step,,,0.06638827998982437,-100.0,100000,8.623954772949219,-66.3235092163086,1.8005094528198242,-0.5410653948783875
461006,episode_end,285.07056934572495,204,0.0662963232912794,-100.0,,,,,
461213,episode_end,-161.80232105877155,207,0.06729707436174051,-100.0,,,,,
461455,episode_end,250.3368647270613,242,0.0646037562379648,-100.0,,,,,
461827,episode_end,244.13837954271784,372,0.06319246001725191,-100.0,,,,,
462000,train_step,,,0.0632274650467989,-100.0,100000,54.98196029663086,-61.59375,2.126472234725952,0.3491920530796051
462004,episode_end,162.22297003762907,177,0.0632633992435957,-100.0,,,,,
462447,episode_end,215.59308007924955,443,0.06636017694993081,-100.0,,,,,
462633,episode_end,294.6497003491504,186,0.0662485452259883,-100.0,,,,,
462812,episode_end,184.21445810318062,179,0.06645325936077323,-100.0,,,,,
462982,episode_end,281.2666981509964,170,0.06643953897779155,-100.0,,,,,
463000,train_step,,,0.06631997047157581,-100.0,100000,14.642070770263672,-65.91122436523438,2.0830307006835938,0.225284606218338
463188,episode_end,276.1924346387682,206,0.06637642808268404,-100.0,,,,,
463405,episode_end,300.80085988158,217,0.06704543079938548,-100.0,,,,,
463629,episode_end,329.598826646081,224,0.06696478902025536,-100.0,,,,,
464000,train_step,,,0.06765166897826881,-100.0,100000,14.838757514953613,-65.26364135742188,1.8444267511367798,-0.4190185070037842
464376,episode_end,271.4656872092384,747,0.0674374505221801,-100.0,,,,,
464593,episode_end,136.86069104006646,217,0.06723199168998584,-100.0,,,,,
464778,episode_end,305.3863330944981,185,0.06855017996956103,-100.0,,,,,
464995,episode_end,243.65183111173053,217,0.06961679444607384,-100.0,,,,,
465000,train_step,,,0.06962586386283613,-100.0,100000,61.97071075439453,-65.10345458984375,1.903924822807312,-0.25600385665893555
465170,episode_end,285.6109921761137,175,0.06966010673567408,-100.0,,,,,
465378,episode_end,300.7693752902013,208,0.06940515233805532,-100.0,,,,,
465586,episode_end,155.6340875014207,208,0.06958703375061728,-100.0,,,,,
465887,episode_end,260.69076898063315,301,0.06973211989181459,-100.0,,,,,
466000,train_step,,,0.06881116761381226,-100.0,100000,5.086537837982178,-62.962989807128906,1.8765498399734497,-0.33040058612823486
466125,episode_end,292.3137636239104,238,0.06816211299171934,-100.0,,,,,
466330,episode_end,263.7185366472341,205,0.06841602542381912,-100.0,,,,,
466565,episode_end,306.6248135777181,235,0.06858344755921959,-100.0,,,,,
466785,episode_end,167.81545973538175,220,0.06730413003761497,-100.0,,,,,
466988,episode_end,151.89000286395915,203,0.06826813920996098,-100.0,,,,,
467000,train_step,,,0.0683823238769028,-100.0,100000,26.37049102783203,-67.87213134765625,2.073817729949951,0.19802623987197876
467204,episode_end,280.55742390191637,216,0.0685461214172084,-100.0,,,,,
467425,episode_end,159.07810024497084,221,0.06790938158844231,-100.0,,,,,
467596,episode_end,291.28159389070765,171,0.06784264605826067,-100.0,,,,,
467805,episode_end,155.9705344097553,209,0.0696381610524893,-100.0,,,,,
468000,train_step,,,0.06985463343413639,-100.0,100000,39.046287536621094,-63.804481506347656,2.136402130126953,0.36301207542419434
468034,episode_end,288.08825168863757,229,0.0702176389832727,-100.0,,,,,
468220,episode_end,266.40060167646254,186,0.06904959755405367,-100.0,,,,,
468388,episode_end,170.37905223047778,168,0.06854693679999765,-100.0,,,,,
468562,episode_end,281.47051106055915,174,0.06860168963338266,-100.0,,,,,
468750,episode_end,165.8611799228035,188,0.06775161019425004,-100.0,,,,,
468937,episode_end,299.1258524709824,187,0.06785364089957242,-100.0,,,,,
469000,train_step,,,0.06801985271201555,-100.0,100000,35.82083511352539,-64.57768249511719,2.213200807571411,0.5730743408203125
469147,episode_end,290.52302045163185,210,0.06682070095266839,-100.0,,,,,
469366,episode_end,302.1505040507867,219,0.06615247665281086,-100.0,,,,,
469572,episode_end,170.12293050885864,206,0.06582060335299023,-100.0,,,,,
469734,episode_end,204.59595569296266,162,0.06565534960634184,-100.0,,,,,
469923,episode_end,173.74079031987335,189,0.06529581302908485,-100.0,,,,,
470000,train_step,,,0.06557091845504125,-100.0,100000,36.297706604003906,-68.72540283203125,2.1523401737213135,0.4150699973106384
470151,episode_end,297.0724850894336,228,0.06586664097923191,-100.0,,,,,
470364,episode_end,160.22706062973907,213,0.06555000963738127,-100.0,,,,,
470538,episode_end,169.19660274022382,174,0.06612546908707442,-100.0,,,,,
470758,episode_end,172.5805357887166,220,0.06571715044797886,-100.0,,,,,
470957,episode_end,279.31457603416334,199,0.06510138361602809,-100.0,,,,,
471000,train_step,,,0.06518867321529451,-100.0,100000,14.548721313476562,-65.7628173828125,2.095690965652466,0.26128092408180237
471139,episode_end,252.69786531576466,182,0.0654520710895508,-100.0,,,,,
471344,episode_end,161.42082539228866,205,0.06463184000147232,-100.0,,,,,
471528,episode_end,301.200507067,184,0.06512122215181433,-100.0,,,,,
471710,episode_end,285.688607294985,182,0.06531329690604533,-100.0,,,,,
471932,episode_end,299.8915465457412,222,0.06407516791318985,-100.0,,,,,
472000,train_step,,,0.06403298960767234,-100.0,100000,11.02271842956543,-67.90901184082031,2.166358470916748,0.45721206068992615
472439,episode_end,298.7516544531191,507,0.06682211196849877,-100.0,,,,,
472665,episode_end,289.5570002852685,226,0.0681463043086591,-100.0,,,,,
472826,episode_end,169.47571235863717,161,0.06879846483143397,-100.0,,,,,
473000,train_step,,,0.0684799051571384,-100.0,100000,7.698973655700684,-68.82749938964844,1.910319209098816,-0.24045352637767792
473064,episode_end,133.69803775306625,238,0.06857791558652576,-100.0,,,,,
473262,episode_end,297.5359670422122,198,0.06740283738650477,-100.0,,,,,
473466,episode_end,142.1952135822567,204,0.06700154635499793,-100.0,,,,,
473640,episode_end,299.26342724340276,174,0.06752585718720602,-100.0,,,,,
473824,episode_end,303.6361030935261,184,0.06606742333032486,-100.0,,,,,
474000,train_step,,,0.06569965820289911,-100.0,100000,5.254777908325195,-69.05261993408203,2.285923480987549,0.7784728407859802
474571,episode_end,294.6312504701556,747,0.06613110040807565,-100.0,,,,,
474765,episode_end,178.6842659338028,194,0.06546094760998128,-100.0,,,,,
474948,episode_end,184.54098582509386,183,0.06548098325741797,-100.0,,,,,
475000,train_step,,,0.06505337768976714,-100.0,100000,7.246001720428467,-65.89295196533203,1.940284252166748,-0.16317588090896606
475138,episode_end,182.78053343985937,190,0.06440064529707165,-100.0,,,,,
475306,episode_end,287.48039813134045,168,0.06412312201914004,-100.0,,,,,
475500,episode_end,165.34319287590472,194,0.06412550646096256,-100.0,,,,,
475798,episode_end,141.49011317297624,298,0.0660155827428943,-100.0,,,,,
475991,episode_end,175.54389708083852,193,0.06796982466537597,-100.0,,,,,
476000,train_step,,,0.0679514177316952,-100.0,100000,59.44354248046875,-68.18244934082031,1.9375615119934082,-0.16789481043815613
476175,episode_end,287.93774892112253,184,0.06856981876085853,-100.0,,,,,
476368,episode_end,290.105679367244,193,0.06669942147776217,-100.0,,,,,
476539,episode_end,161.00984306022076,171,0.06662274644161466,-100.0,,,,,
476713,episode_end,174.1994978708314,174,0.06570147648804757,-100.0,,,,,
476899,episode_end,305.2431565498337,186,0.06537667052429691,-100.0,,,,,
477000,train_step,,,0.06613011786301962,-100.0,100000,18.1899356842041,-67.19627380371094,1.966726541519165,-0.090375155210495
477147,episode_end,272.744326623625,248,0.06569189253433205,-100.0,,,,,
477379,episode_end,298.59782821772836,232,0.06695579411256707,-100.0,,,,,
477588,episode_end,158.85797945896073,209,0.06578394630274202,-100.0,,,,,
477788,episode_end,192.6763378870234,200,0.06528092817712973,-100.0,,,,,
477981,episode_end,149.54007798911329,193,0.06407148576880088,-100.0,,,,,
478000,train_step,,,0.06395457027580723,-100.0,100000,96.38975524902344,-73.12034606933594,2.159212589263916,0.43776774406433105
478240,episode_end,262.2022500870979,259,0.06471438549649647,-100.0,,,,,
478469,episode_end,303.86436154208195,229,0.06576847466279195,-100.0,,,,,
478653,episode_end,321.9461205140984,184,0.06554728360970394,-100.0,,,,,
478856,episode_end,264.81969524350995,203,0.066013037267662,-100.0,,,,,
479000,train_step,,,0.06545836116953363,-100.0,100000,40.04338836669922,-69.08687591552734,2.3279826641082764,0.894192636013031
479038,episode_end,150.8002384590032,182,0.06534733758485683,-100.0,,,,,
479211,episode_end,319.728000608103,173,0.06430571585418743,-100.0,,,,,
479453,episode_end,288.52886610679786,242,0.06320559401402091,-100.0,,,,,
479701,episode_end,281.4323310743761,248,0.061855934454171174,-100.0,,,,,
479911,episode_end,180.38564785409108,210,0.06074514556099341,-100.0,,,,,
480000,train_step,,,0.06122934546652476,-100.0,100000,101.50703430175781,-70.12458801269531,2.0913591384887695,0.25517749786376953
480208,episode_end,273.820681786243,297,0.061048589629484486,-100.0,,,,,
480384,episode_end,152.78591420638506,176,0.06271409908053914,-100.0,,,,,
480580,episode_end,170.1166882950414,196,0.06272542669871303,-100.0,,,,,
480761,episode_end,153.4795507867258,181,0.06313156817414854,-100.0,,,,,
481000,train_step,,,0.0648220148585711,-100.0,100000,74.22379302978516,-64.60742950439453,2.1102800369262695,0.301738440990448
481126,episode_end,282.0388615335765,365,0.06564182370642839,-100.0,,,,,
481374,episode_end,302.3540293313806,248,0.06554436116436706,-100.0,,,,,
481542,episode_end,187.5616023695763,168,0.06550680400585815,-100.0,,,,,
481732,episode_end,264.03756221251274,190,0.06379573039129355,-100.0,,,,,
481929,episode_end,264.1317608705656,197,0.06452954481289452,-100.0,,,,,
482000,train_step,,,0.06427616446582016,-100.0,100000,11.329055786132812,-68.10755920410156,1.9736988544464111,-0.07218541204929352
482109,episode_end,275.51369394623447,180,0.06401351091445505,-100.0,,,,,
482291,episode_end,250.8681255953744,182,0.0637835346606655,-100.0,,,,,
482467,episode_end,161.69194805154495,176,0.06421676315326506,-100.0,,,,,
482690,episode_end,292.57161835629745,223,0.06378470408486213,-100.0,,,,,
483000,train_step,,,0.06330350401464098,-100.0,100000,18.099361419677734,-70.51382446289062,2.1983089447021484,0.5472961068153381
483085,episode_end,271.3969985000926,395,0.06399729811703372,-100.0,,,,,
483273,episode_end,158.60104113301182,188,0.06397975497541354,-100.0,,,,,
483457,episode_end,159.09189362984628,184,0.06499458475053635,-100.0,,,,,
483657,episode_end,255.4091439049637,200,0.06452477717852553,-100.0,,,,,
483838,episode_end,277.62676484196425,181,0.06377697351817452,-100.0,,,,,
484000,train_step,,,0.06326219389329871,-100.0,100000,4.467403411865234,-64.30952453613281,2.357110023498535,0.9857901930809021
484037,episode_end,279.8684106073555,199,0.06385996812929873,-100.0,,,,,
484217,episode_end,279.31512334276,180,0.06418858010068935,-100.0,,,,,
484388,episode_end,282.30954313392306,171,0.06398943819305242,-100.0,,,,,
484579,episode_end,297.79658079063205,191,0.06300107646315205,-100.0,,,,,
484754,episode_end,276.70632895368135,175,0.06233051626223664,-100.0,,,,,
484914,episode_end,264.7633212979698,160,0.06336565647104384,-100.0,,,,,
485000,train_step,,,0.0633855816221978,-100.0,100000,17.99428939819336,-70.4111557006836,1.7599818706512451,-0.6620943546295166
485104,episode_end,170.70847174640693,190,0.06332245860918642,-100.0,,,,,
485391,episode_end,281.0598094219535,287,0.0633593039743648,-100.0,,,,,
485598,episode_end,314.5593303377767,207,0.06338404676301039,-100.0,,,,,
485745,episode_end,189.22292900454676,147,0.0635673738935743,-100.0,,,,,
485955,episode_end,308.89043690843425,210,0.06295175079383619,-100.0,,,,,
486000,train_step,,,0.0628014046259636,-100.0,100000,32.915470123291016,-68.4136962890625,2.2304065227508545,0.637714147567749
486125,episode_end,151.78867662426757,170,0.06320304208383308,-100.0,,,,,
486288,episode_end,171.90007270083757,163,0.06321752176152684,-100.0,,,,,
486446,episode_end,171.5515487494363,158,0.06210193204659722,-100.0,,,,,
486630,episode_end,292.1807786741731,184,0.060607289759457755,-100.0,,,,,
486812,episode_end,293.3243025765604,182,0.060498023981033267,-100.0,,,,,
486997,episode_end,292.232744379746,185,0.06062299153532812,-100.0,,,,,
487000,train_step,,,0.06064446107241672,-100.0,100000,51.45174789428711,-69.16539001464844,1.780090570449829,-0.6163462400436401
487190,episode_end,291.02076343624617,193,0.06034137436396698,-100.0,,,,,
487438,episode_end,291.4544943258186,248,0.06028502311966111,-100.0,,,,,
487653,episode_end,309.73778898333273,215,0.060384632528555186,-100.0,,,,,
487896,episode_end,296.07342092121957,243,0.05978446115967628,-100.0,,,,,
488000,train_step,,,0.05962773606825077,-100.0,100000,5.436127185821533,-69.78567504882812,2.116952896118164,0.3297639489173889
488071,episode_end,275.5499996889946,175,0.059494371788446306,-100.0,,,,,
488232,episode_end,153.16840662656557,161,0.05966452301229442,-100.0,,,,,
488565,episode_end,172.952601067841,333,0.059957071443812335,-100.0,,,,,
488721,episode_end,271.8450452262533,156,0.0599531324105308,-100.0,,,,,
488997,episode_end,284.2874189742739,276,0.06322450854593549,-100.0,,,,,
489000,train_step,,,0.06326428200831206,-100.0,100000,10.121232986450195,-72.06578063964844,2.186790704727173,0.5156230330467224
489189,episode_end,282.3846011961335,192,0.0632137052636268,-100.0,,,,,
489373,episode_end,299.27045278801063,184,0.062340414311398355,-100.0,,,,,
489563,episode_end,308.5284113475814,190,0.061807112247233696,-100.0,,,,,
489753,episode_end,268.4771223834492,190,0.06363534777887585,-100.0,,,,,
489925,episode_end,152.8328163805263,172,0.06296309598588222,-100.0,,,,,
490000,train_step,,,0.06282121346129889,-100.0,100000,12.320053100585938,-70.3389663696289,1.9913201332092285,-0.02402115985751152
490103,episode_end,169.0875729920872,178,0.06381589329823091,-100.0,,,,,
490264,episode_end,175.94572899702064,161,0.06458782908979474,-100.0,,,,,
490455,episode_end,303.2048137710203,191,0.06422876572501114,-100.0,,,,,
490665,episode_end,320.36360971254226,210,0.0628477342952678,-100.0,,,,,
490779,episode_end,-87.35613108386585,114,0.062441426697982964,-100.0,,,,,
490954,episode_end,280.93264467058145,175,0.062334554506228844,-100.0,,,,,
491000,train_step,,,0.0623231235252932,-100.0,100000,25.455875396728516,-70.13272094726562,1.688697338104248,-0.8639964461326599
491143,episode_end,256.9617652182377,189,0.0610925642538863,-100.0,,,,,
491341,episode_end,311.0687986998192,198,0.06151033451522118,-100.0,,,,,
491523,episode_end,286.5517376188074,182,0.06206781489336014,-100.0,,,,,
491804,episode_end,297.3479583298061,281,0.06380217664424136,-100.0,,,,,
491995,episode_end,302.54439380476356,191,0.06414028569968745,-100.0,,,,,
492000,train_step,,,0.06409024031864734,-100.0,100000,19.54344940185547,-71.58285522460938,2.029939651489258,0.08225829899311066
492270,episode_end,302.70609004435323,275,0.06211617607220711,-100.0,,,,,
492445,episode_end,302.3674693267707,175,0.06220548225958753,-100.0,,,,,
492689,episode_end,297.462008943555,244,0.062270588237786,-100.0,,,,,
492868,episode_end,295.6641486487146,179,0.06235705218457838,-100.0,,,,,
493000,train_step,,,0.06307990977800326,-100.0,100000,9.514212608337402,-76.19100952148438,2.375051498413086,1.0363997220993042
493119,episode_end,248.5949597859769,251,0.06318850674762583,-100.0,,,,,
493335,episode_end,187.4009858696403,216,0.06275892402950818,-100.0,,,,,
493542,episode_end,-83.64448566981426,207,0.06304691359294491,-100.0,,,,,
493769,episode_end,173.88550657442715,227,0.06334003446620504,-100.0,,,,,
493948,episode_end,140.65136159600317,179,0.06290771483753813,-100.0,,,,,
494000,train_step,,,0.06349352197044791,-100.0,100000,55.01264953613281,-68.81392669677734,2.171416759490967,0.47256481647491455
494135,episode_end,168.39807208364803,187,0.06425192863233327,-100.0,,,,,
494322,episode_end,283.0353153218434,187,0.06372873464907088,-100.0,,,,,
494515,episode_end,315.0765106802706,193,0.06356894293531969,-100.0,,,,,
494726,episode_end,317.45635598710885,211,0.06359624535620287,-100.0,,,,,
494893,episode_end,174.4397243768962,167,0.06309033550012584,-100.0,,,,,
495000,train_step,,,0.0632546324824104,-100.0,100000,10.06691837310791,-71.47461700439453,1.926180362701416,-0.20378534495830536
495088,episode_end,146.2504578457585,195,0.06380140218041269,-100.0,,,,,
495308,episode_end,280.9355041357978,220,0.06452718029781015,-100.0,,,,,
495708,episode_end,317.49296684423564,400,0.06614482841077615,-100.0,,,,,
495919,episode_end,298.7735224840381,211,0.06628385041854297,-100.0,,,,,
496000,train_step,,,0.06599007498678143,-100.0,100000,55.43841552734375,-73.74827575683594,1.9924618005752563,-0.020490646362304688
496114,episode_end,144.00235939888125,195,0.06541545205398724,-100.0,,,,,
496263,episode_end,192.45835406894435,149,0.06506789781575834,-100.0,,,,,
496532,episode_end,270.9366961903174,269,0.06488407612700113,-100.0,,,,,
496743,episode_end,277.3061168732755,211,0.06395960227553325,-100.0,,,,,
496926,episode_end,263.7124639196483,183,0.06419802829513303,-100.0,,,,,
497000,train_step,,,0.06363294426785725,-100.0,100000,15.167444229125977,-73.51963806152344,1.8140389919281006,-0.512252688407898
497099,episode_end,279.6921522320272,173,0.06311446480188067,-100.0,,,,,
497357,episode_end,248.54874479263722,258,0.0634697333347648,-100.0,,,,,
497523,episode_end,178.08907586085948,166,0.06354580798426807,-100.0,,,,,
497716,episode_end,154.58522351464023,193,0.06348058273845916,-100.0,,,,,
497938,episode_end,295.6616553011255,222,0.062096405289501375,-100.0,,,,,
498000,train_step,,,0.06186082557786696,-100.0,100000,49.02159881591797,-72.30268859863281,2.153207778930664,0.42635679244995117
498119,episode_end,289.90814775036915,181,0.06153337944883394,-100.0,,,,,
498295,episode_end,270.5500719909603,176,0.06034176026659892,-100.0,,,,,
498523,episode_end,287.27994519685643,228,0.06097453202873315,-100.0,,,,,
498753,episode_end,283.7016204731365,230,0.06112139268364778,-100.0,,,,,
498954,episode_end,285.00009067261,201,0.06042485614996013,-100.0,,,,,
499000,train_step,,,0.06035176917052263,-100.0,100000,11.509066581726074,-68.35919189453125,1.9521796703338623,-0.13425856828689575
499109,episode_end,157.67643652098525,155,0.06051280018871811,-100.0,,,,,
499290,episode_end,304.3711010268969,181,0.060232457424641776,-100.0,,,,,
499378,episode_end,-108.32102176436402,88,0.06046468748826007,-100.0,,,,,
499569,episode_end,153.80731867404262,191,0.06068555488740835,-100.0,,,,,
499801,episode_end,257.4883461484044,232,0.059059078331921616,-100.0,,,,,
500000,train_step,,,0.05781433700269852,-100.0,100000,58.834739685058594,-72.8611068725586,1.865685224533081,-0.38286668062210083
500009,episode_end,278.10721739670913,208,0.05778940113558334,-100.0,,,,,
500217,episode_end,277.1087058253321,208,0.058883934569922164,-100.0,,,,,
500461,episode_end,125.66806943331378,244,0.06071575483671427,-100.0,,,,,
500697,episode_end,275.57094068823017,236,0.061296905304933105,-100.0,,,,,
500915,episode_end,158.19289698199037,218,0.06042445419588904,-100.0,,,,,
501000,train_step,,,0.05994213440626981,-100.0,100000,10.094383239746094,-72.13983917236328,1.9330575466156006,-0.1884012520313263
501108,episode_end,153.39518954651774,193,0.059871423296556245,-100.0,,,,,
501343,episode_end,265.3433801363409,235,0.06146678623263633,-100.0,,,,,
501539,episode_end,264.67813698392894,196,0.06059656259308442,-100.0,,,,,
501710,episode_end,277.3793941405714,171,0.05964445594085765,-100.0,,,,,
501884,episode_end,308.2475294311355,174,0.0593778868827953,-100.0,,,,,
502000,train_step,,,0.060022382529762185,-100.0,100000,12.057446479797363,-70.60009765625,2.0507044792175293,0.14263392984867096
502102,episode_end,289.18327609036555,218,0.06109355834198308,-100.0,,,,,
502278,episode_end,304.4155518122867,176,0.06203307719677615,-100.0,,,,,
502448,episode_end,287.34524713844894,170,0.06172954989437063,-100.0,,,,,
502674,episode_end,300.68974146517314,226,0.060795040312402786,-100.0,,,,,
503000,train_step,,,0.059851719257202146,-100.0,100000,11.376863479614258,-73.87107849121094,1.8608591556549072,-0.3918045461177826
503674,episode_end,159.6190046565916,1000,0.06056910069815339,-100.0,,,,,
503881,episode_end,300.3383852319652,207,0.059158823734036865,-100.0,,,,,
504000,train_step,,,0.059281155446875074,-100.0,100000,8.192268371582031,-72.49393463134766,1.9662375450134277,-0.0953947901725769
504086,episode_end,293.28767148169027,205,0.05919134490620296,-100.0,,,,,
504268,episode_end,302.0165542868575,182,0.06008685205365639,-100.0,,,,,
504457,episode_end,283.7667282763775,189,0.059912817914506346,-100.0,,,,,
504724,episode_end,262.4926443227012,267,0.05930531703115758,-100.0,,,,,
504973,episode_end,206.1027456758276,249,0.05931150478534971,-100.0,,,,,
505000,train_step,,,0.0594007277561746,-100.0,100000,94.13011932373047,-73.27915954589844,2.1293344497680664,0.3651691675186157
505191,episode_end,259.18554726438157,218,0.06047343078541194,-100.0,,,,,
505357,episode_end,171.26782710453307,166,0.05966456692229884,-100.0,,,,,
505571,episode_end,145.84924771963708,214,0.05853509458425009,-100.0,,,,,
505759,episode_end,141.38713733892584,188,0.05915871012131686,-100.0,,,,,
505952,episode_end,186.87064469919875,193,0.05809709016869634,-100.0,,,,,
506000,train_step,,,0.057656496431165494,-100.0,100000,147.28854370117188,-66.56544494628906,2.0951950550079346,0.2716151475906372
506146,episode_end,309.26963807736706,194,0.05768241504843895,-100.0,,,,,
506309,episode_end,168.14984624752444,163,0.05826212408779981,-100.0,,,,,
506516,episode_end,296.300998489894,207,0.058628133810728636,-100.0,,,,,
506713,episode_end,284.71776695978656,197,0.059060882106180955,-100.0,,,,,
506891,episode_end,293.7054881201806,178,0.060380706059509646,-100.0,,,,,
507000,train_step,,,0.060434569814469034,-100.0,100000,14.14033317565918,-71.73855590820312,2.0658998489379883,0.18492816388607025
507074,episode_end,272.42807346164017,183,0.06180688572280083,-100.0,,,,,
507352,episode_end,196.6013985210006,278,0.06119261338070489,-100.0,,,,,
507592,episode_end,305.0571012594619,240,0.06086224422370031,-100.0,,,,,
507769,episode_end,267.82446368306535,177,0.060921397600382704,-100.0,,,,,
507970,episode_end,312.404223984119,201,0.0603396084545993,-100.0,,,,,
508000,train_step,,,0.06011031167295808,-100.0,100000,153.05572509765625,-69.87662506103516,2.1227293014526367,0.3450629413127899
508200,episode_end,188.46074407082997,230,0.05909458565927259,-100.0,,,,,
508788,episode_end,279.9267405662828,588,0.05890993644358751,-100.0,,,,,
509000,train_step,,,0.05808577260115892,-100.0,100000,23.08097267150879,-75.18110656738281,2.0084195137023926,0.023959815502166748
509084,episode_end,129.22008584628296,296,0.05919591067957072,-100.0,,,,,
509281,episode_end,161.66660465355844,197,0.05757197434581972,-100.0,,,,,
509488,episode_end,298.82134792608804,207,0.059125218613454524,-100.0,,,,,
509736,episode_end,266.5021051440931,248,0.059791865238595254,-100.0,,,,,
509984,episode_end,288.8819681933461,248,0.06405556420560601,-100.0,,,,,
510000,train_step,,,0.06421205469729663,-100.0,100000,121.0135498046875,-71.48825073242188,2.0059926509857178,0.016453012824058533
510603,episode_end,236.29357090836882,619,0.0672049641897315,-100.0,,,,,
510847,episode_end,185.80356796134512,244,0.06284542843761709,-100.0,,,,,
511000,train_step,,,0.06116633058836311,-100.0,100000,9.694369316101074,-74.97802734375,1.9499101638793945,-0.13995873928070068
511070,episode_end,269.4795318659026,223,0.06062200257479345,-100.0,,,,,
511272,episode_end,198.05336230139113,202,0.060489070458662614,-100.0,,,,,
511516,episode_end,279.8207329027297,244,0.06013275916467565,-100.0,,,,,
511701,episode_end,283.09291840446,185,0.06135687644887439,-100.0,,,,,
511925,episode_end,256.4687921462281,224,0.06159574799171981,-100.0,,,,,
512000,train_step,,,0.061724862432005034,-100.0,100000,14.749353408813477,-73.99661254882812,2.019792079925537,0.05512301251292229
512158,episode_end,256.4395604493066,233,0.061101056984346466,-100.0,,,,,
512413,episode_end,295.9350121533121,255,0.060537639219152645,-100.0,,,,,
512627,episode_end,241.8101889429188,214,0.06044246981391163,-100.0,,,,,
512901,episode_end,270.09790249257173,274,0.05972859568119373,-100.0,,,,,
513000,train_step,,,0.059660497716977574,-100.0,100000,9.248726844787598,-73.55885314941406,2.1587276458740234,0.44746631383895874
513099,episode_end,284.67282578232994,198,0.05986342604853859,-100.0,,,,,
513411,episode_end,181.65675750084074,312,0.06021961090297079,-100.0,,,,,
513644,episode_end,272.16193435622637,233,0.06050439207458886,-100.0,,,,,
513833,episode_end,281.2933447629075,189,0.06034585926032264,-100.0,,,,,
514000,episode_end,190.27998591041927,167,0.06087390608614953,-100.0,,,,,
514000,train_step,,,0.06087390608614953,-100.0,100000,57.29026794433594,-74.83500671386719,1.7672723531723022,-0.6513931751251221
514196,episode_end,260.264798325285,196,0.059391694452075955,-100.0,,,,,
514477,episode_end,265.7059335147369,281,0.06065169475065125,-100.0,,,,,
514666,episode_end,308.96298593243273,189,0.0602129853416911,-100.0,,,,,
514855,episode_end,277.7764092191611,189,0.06005108553202777,-100.0,,,,,
515000,train_step,,,0.060089310420920757,-100.0,100000,26.692176818847656,-73.30308532714844,1.958914041519165,-0.11553055047988892
515061,episode_end,296.9300012219139,206,0.0597477297367759,-100.0,,,,,
515280,episode_end,282.2293324629459,219,0.05870729300425313,-100.0,,,,,
515487,episode_end,306.2919626169388,207,0.05911497775451692,-100.0,,,,,
515678,episode_end,256.068486797026,191,0.059500215642732605,-100.0,,,,,
515833,episode_end,160.69855786605808,155,0.06070940802870064,-100.0,,,,,
516000,train_step,,,0.06119001905783899,-100.0,100000,92.43264770507812,-79.45699310302734,1.9586673974990845,-0.11547385156154633
516048,episode_end,262.98107069751575,215,0.06101797147258676,-100.0,,,,,
516203,episode_end,156.94986824334637,155,0.061775150225090864,-100.0,,,,,
516412,episode_end,277.25572892891125,209,0.061797251241604415,-100.0,,,,,
516572,episode_end,185.68798063875658,160,0.06230962525008001,-100.0,,,,,
516871,episode_end,305.2640591483514,299,0.06377084497843284,-100.0,,,,,
517000,train_step,,,0.06251867159025583,-100.0,100000,55.652687072753906,-75.73383331298828,2.0295374393463135,0.08188632130622864
517113,episode_end,253.52424375708662,242,0.06222509271957383,-100.0,,,,,
517331,episode_end,280.2693583042502,218,0.06212293691287629,-100.0,,,,,
517576,episode_end,245.3385825064748,245,0.061921008241360036,-100.0,,,,,
517777,episode_end,274.86669778362887,201,0.061553163962401604,-100.0,,,,,
517952,episode_end,164.34432410656058,175,0.061619588525698425,-100.0,,,,,
518000,train_step,,,0.06191975643564954,-100.0,100000,9.304911613464355,-73.55475616455078,1.8625712394714355,-0.382315456867218
518115,episode_end,178.2257419283021,163,0.06156691390339307,-100.0,,,,,
518293,episode_end,303.9777415320608,178,0.06168536989835561,-100.0,,,,,
518488,episode_end,285.543373636781,195,0.060312387073323696,-100.0,,,,,
518668,episode_end,284.9417386156487,180,0.060293830524430665,-100.0,,,,,
518860,episode_end,305.8018272798346,192,0.05994714976239128,-100.0,,,,,
519000,train_step,,,0.060417868960811666,-100.0,100000,98.10472869873047,-74.37857055664062,1.8962907791137695,-0.2910570204257965
519071,episode_end,135.297871701543,211,0.0607235725945873,-100.0,,,,,
519240,episode_end,167.19413000559888,169,0.06073396260122927,-100.0,,,,,
519453,episode_end,242.3233487090176,213,0.06253167552059717,-100.0,,,,,
519633,episode_end,149.3349279723787,180,0.06215336547399366,-100.0,,,,,
519834,episode_end,269.19072721052584,201,0.06118831404496582,-100.0,,,,,
520000,train_step,,,0.05970730651730796,-100.0,100000,9.665340423583984,-76.537109375,1.9393407106399536,-0.1709560751914978
520081,episode_end,291.13019504112555,247,0.058954004303172804,-100.0,,,,,
520279,episode_end,157.62949279214473,198,0.0581083042479541,-100.0,,,,,
520519,episode_end,280.8236099984176,240,0.05889261695935958,-100.0,,,,,
521000,train_step,,,0.057919363442089374,-100.0,100000,16.158550262451172,-79.8372573852539,1.8836051225662231,-0.33157455921173096
521222,episode_end,268.18407448184394,703,0.05667987490973435,-100.0,,,,,
521561,episode_end,264.33122574338233,339,0.057222231395630395,-100.0,,,,,
521812,episode_end,158.02811731098234,251,0.05781649565911334,-100.0,,,,,
521999,episode_end,306.8459619946943,187,0.05782518790310608,-100.0,,,,,
522000,train_step,,,0.05782513459373055,-100.0,100000,4.911185264587402,-79.60926818847656,2.076003074645996,0.2166343629360199
522184,episode_end,292.52275916261397,185,0.058344478763632704,-100.0,,,,,
522391,episode_end,295.07581645136145,207,0.05862546174481608,-100.0,,,,,
522655,episode_end,269.08677358445254,264,0.05818901171324956,-100.0,,,,,
522850,episode_end,171.24560018304916,195,0.057969766274364364,-100.0,,,,,
523000,train_step,,,0.05827145370596691,-100.0,100000,41.85609817504883,-77.36692810058594,2.198922634124756,0.5654654502868652
523026,episode_end,289.91962622506963,176,0.05820352884528114,-100.0,,,,,
524000,train_step,,,0.05970929469605798,-100.0,100000,40.57683563232422,-76.42027282714844,2.021339178085327,0.06013960391283035
524026,episode_end,143.78445419585253,1000,0.059484129143785314,-100.0,,,,,
524223,episode_end,283.79163577087377,197,0.06033412333256179,-100.0,,,,,
524436,episode_end,233.9652605980278,213,0.059332606184208304,-100.0,,,,,
525000,train_step,,,0.05832802350076587,-100.0,100000,17.993289947509766,-78.48749542236328,1.980832815170288,-0.05446706339716911
525066,episode_end,251.63078173103344,630,0.057789637300156745,-100.0,,,,,
525748,episode_end,276.9836249283651,682,0.055297420053202505,-100.0,,,,,
525987,episode_end,256.7459554641927,239,0.05611577394871131,-100.0,,,,,
526000,train_step,,,0.05617441496348408,-100.0,100000,14.720134735107422,-74.13663482666016,2.228346824645996,0.6574780941009521
526193,episode_end,258.39195477150423,206,0.057563367489445766,-100.0,,,,,
526372,episode_end,280.56003106153474,179,0.05660312673957779,-100.0,,,,,
526560,episode_end,276.2886804660217,188,0.05676528596776246,-100.0,,,,,
526751,episode_end,269.14379687983717,191,0.055481740044788556,-100.0,,,,,
526952,episode_end,290.6963201095268,201,0.05577057029738317,-100.0,,,,,
527000,train_step,,,0.05555447121833589,-100.0,100000,5.698408603668213,-80.0155029296875,1.9561265707015991,-0.12681135535240173
527167,episode_end,291.6026150692297,215,0.05610907820691852,-100.0,,,,,
527374,episode_end,269.51101885180304,207,0.05692983350512669,-100.0,,,,,
527540,episode_end,318.44575311059515,166,0.057247197957349116,-100.0,,,,,
527729,episode_end,288.0194423047593,189,0.056428150807039196,-100.0,,,,,
527994,episode_end,236.4639628157803,265,0.056044636319407634,-100.0,,,,,
528000,train_step,,,0.056043928940052,-100.0,100000,29.145090103149414,-80.11521911621094,2.044161319732666,0.12725646793842316
528174,episode_end,158.5219231477747,180,0.05554711191186032,-100.0,,,,,
528453,episode_end,265.5798193487508,279,0.05501365667299475,-100.0,,,,,
528766,episode_end,289.9927684817655,313,0.05483254065632577,-100.0,,,,,
528963,episode_end,283.7912896422831,197,0.05511372261777184,-100.0,,,,,
529000,train_step,,,0.055150177206492526,-100.0,100000,7.045979976654053,-77.01651000976562,1.933760404586792,-0.1919419765472412
529196,episode_end,240.95222205035023,233,0.05506955066631918,-100.0,,,,,
529435,episode_end,281.0476401692147,239,0.05675056256597452,-100.0,,,,,
529622,episode_end,269.0617885838096,187,0.05773035331889612,-100.0,,,,,
529835,episode_end,299.6919029082802,213,0.058225959015153095,-100.0,,,,,
530000,train_step,,,0.05748138047173611,-100.0,100000,6.519120216369629,-78.79109954833984,2.0603673458099365,0.17242686450481415
530046,episode_end,284.07522040983474,211,0.05775352711487768,-100.0,,,,,
530238,episode_end,283.5933961977877,192,0.05695914736681961,-100.0,,,,,
530417,episode_end,161.73821288745546,179,0.05699333961007504,-100.0,,,,,
530602,episode_end,149.2658103029902,185,0.05788361136508102,-100.0,,,,,
530773,episode_end,300.5124510684036,171,0.05796017450017929,-100.0,,,,,
530945,episode_end,317.70269447708336,172,0.0580880889688677,-100.0,,,,,
531000,train_step,,,0.05810782804694218,-100.0,100000,9.879261016845703,-77.342041015625,2.002591371536255,0.00737375020980835
531174,episode_end,244.96139619975432,229,0.05891338917566652,-100.0,,,,,
531377,episode_end,321.3913459366622,203,0.0583838452714639,-100.0,,,,,
531555,episode_end,267.17736728106445,178,0.05676543328588125,-100.0,,,,,
531739,episode_end,159.34614689090367,184,0.05657622003345895,-100.0,,,,,
531963,episode_end,243.80085051096222,224,0.05590136705873908,-100.0,,,,,
532000,train_step,,,0.05570917304659026,-100.0,100000,8.301356315612793,-78.87449645996094,2.0408124923706055,0.11785081028938293
532185,episode_end,274.18689769232685,222,0.05523358923990642,-100.0,,,,,
532402,episode_end,237.6873809818577,217,0.05424280861938965,-100.0,,,,,
532590,episode_end,305.9781886532705,188,0.05383635697301349,-100.0,,,,,
533000,train_step,,,0.05429601064479943,-100.0,100000,32.28822708129883,-76.73745727539062,1.9255034923553467,-0.2170313000679016
533219,episode_end,314.75597299961464,629,0.05470024013748366,-100.0,,,,,
533624,episode_end,275.2502715958484,405,0.05431606651271674,-100.0,,,,,
533834,episode_end,295.202119220553,210,0.05566234356164924,-100.0,,,,,
534000,train_step,,,0.05629421077982277,-100.0,100000,14.128650665283203,-78.14657592773438,1.8183180093765259,-0.5227288007736206
534042,episode_end,152.1173151985421,208,0.056354409565392415,-100.0,,,,,
534270,episode_end,161.67944030665709,228,0.0560492502413347,-100.0,,,,,
534455,episode_end,271.9025974684888,185,0.05640526451975261,-100.0,,,,,
534645,episode_end,257.4294175235599,190,0.05609567532901644,-100.0,,,,,
534813,episode_end,298.4627525001324,168,0.056081772910445436,-100.0,,,,,
535000,train_step,,,0.0554419121575537,-100.0,100000,12.506429672241211,-78.00582885742188,1.951989769935608,-0.13886570930480957
535040,episode_end,275.8575938902469,227,0.055304859511957044,-100.0,,,,,
535253,episode_end,279.725480608833,213,0.05534102540374949,-100.0,,,,,
535473,episode_end,281.1535587282523,220,0.05423472489015642,-100.0,,,,,
535645,episode_end,282.8052411038541,172,0.054277648934355986,-100.0,,,,,
535835,episode_end,308.07404623187847,190,0.055632414222995474,-100.0,,,,,
536000,train_step,,,0.05707709420364998,-100.0,100000,10.604690551757812,-79.01628112792969,2.071498155593872,0.20472493767738342
536055,episode_end,238.38594470035423,220,0.057339261157442666,-100.0,,,,,
536233,episode_end,275.53962409713563,178,0.0569547537204042,-100.0,,,,,
536448,episode_end,259.8086879642884,215,0.057464513346070535,-100.0,,,,,
536635,episode_end,167.47593775679468,187,0.05760346535359411,-100.0,,,,,
536848,episode_end,291.1186838173932,213,0.057737224037169216,-100.0,,,,,
537000,train_step,,,0.05773435513692397,-100.0,100000,19.601669311523438,-75.16783142089844,2.2130868434906006,0.6077027320861816
537172,episode_end,250.78185129020954,324,0.057909074713700714,-100.0,,,,,
537456,episode_end,284.100554352078,284,0.05717655366789715,-100.0,,,,,
537716,episode_end,289.232818183643,260,0.05831015519355846,-100.0,,,,,
537920,episode_end,295.3643032049887,204,0.058301822086405344,-100.0,,,,,
538000,train_step,,,0.05772933506346303,-100.0,100000,69.00698852539062,-77.15876770019531,2.0349552631378174,0.09969207644462585
538126,episode_end,262.4573710677013,206,0.056951711087969,-100.0,,,,,
538312,episode_end,273.7698300616387,186,0.05737247324402144,-100.0,,,,,
538479,episode_end,284.2241086377973,167,0.057775763187732296,-100.0,,,,,
538727,episode_end,258.6132432073465,248,0.056459115197352853,-100.0,,,,,
538923,episode_end,160.95075000849488,196,0.05643439632872775,-100.0,,,,,
539000,train_step,,,0.05646079947322811,-100.0,100000,13.822932243347168,-79.60718536376953,2.1402053833007812,0.4029792249202728
539163,episode_end,268.23979957397125,240,0.05634069008155204,-100.0,,,,,
539399,episode_end,265.39309685564336,236,0.05623766513442154,-100.0,,,,,
539574,episode_end,283.2130923050893,175,0.055893681580828476,-100.0,,,,,
539853,episode_end,277.97156656331646,279,0.057183659257017974,-100.0,,,,,
540000,train_step,,,0.058137613866103506,-100.0,100000,13.64519214630127,-78.99821472167969,1.9143602848052979,-0.2436400055885315
540087,episode_end,283.07904245506,234,0.05836903750110614,-100.0,,,,,
540277,episode_end,290.06049703516067,190,0.057743255289903525,-100.0,,,,,
540480,episode_end,263.87387847761767,203,0.057950278170980765,-100.0,,,,,
540674,episode_end,278.1333758838416,194,0.05777684221769841,-100.0,,,,,
540952,episode_end,299.55430797269867,278,0.057591311185295736,-100.0,,,,,
541000,train_step,,,0.05749651103578798,-100.0,100000,69.79840087890625,-79.1453857421875,2.0168185234069824,0.04803463816642761
541164,episode_end,294.9689208064237,212,0.05800860350802695,-100.0,,,,,
541361,episode_end,282.55358574734095,197,0.05871260372661132,-100.0,,,,,
541542,episode_end,293.06543549975254,181,0.06030245690582241,-100.0,,,,,
541770,episode_end,288.74368281682905,228,0.05976584920239153,-100.0,,,,,
541990,episode_end,200.9417777694322,220,0.06153469289965691,-100.0,,,,,
542000,train_step,,,0.06157968519042532,-100.0,100000,5.895432472229004,-78.81877136230469,2.149564266204834,0.4168983995914459
542153,episode_end,160.5575797949117,163,0.0619779969204637,-100.0,,,,,
542359,episode_end,279.66835397106854,206,0.06092914421844285,-100.0,,,,,
542543,episode_end,149.0041346780706,184,0.060330926270506,-100.0,,,,,
542736,episode_end,172.37388913649067,193,0.05996624123646992,-100.0,,,,,
542912,episode_end,219.93488070423933,176,0.060093414513871714,-100.0,,,,,
543000,train_step,,,0.05943635161501715,-100.0,100000,9.243221282958984,-76.40658569335938,1.9951694011688232,-0.013636201620101929
543077,episode_end,283.15359028159247,165,0.05954121309893442,-100.0,,,,,
543276,episode_end,279.41820198797365,199,0.05957928466252499,-100.0,,,,,
543484,episode_end,208.42753921076593,208,0.060048397033484795,-100.0,,,,,
543695,episode_end,168.32697419119208,211,0.05899015180407078,-100.0,,,,,
543910,episode_end,300.9828539014869,215,0.05907015723709158,-100.0,,,,,
544000,train_step,,,0.05976511448737183,-100.0,100000,9.823480606079102,-82.96424865722656,2.1555380821228027,0.43820303678512573
544090,episode_end,147.57027596373243,180,0.06083786899221494,-100.0,,,,,
544290,episode_end,257.7520335734922,200,0.060047361378275446,-100.0,,,,,
544485,episode_end,292.34400654941555,195,0.05853047099532064,-100.0,,,,,
544632,episode_end,284.27371064325376,147,0.058086276491329074,-100.0,,,,,
544821,episode_end,182.49281693767506,189,0.058562346134620503,-100.0,,,,,
545000,train_step,,,0.05814520582190443,-100.0,100000,23.91864013671875,-81.63968658447266,2.0669775009155273,0.1905387043952942
545011,episode_end,160.3462184292244,190,0.05823458935066016,-100.0,,,,,
545204,episode_end,286.35655367981315,193,0.05928679598869249,-100.0,,,,,
545366,episode_end,309.41824249157213,162,0.05957175976374131,-100.0,,,,,
545528,episode_end,267.6668286046168,162,0.05966227069670729,-100.0,,,,,
545733,episode_end,195.4642373959299,205,0.05990335425459926,-100.0,,,,,
545917,episode_end,206.1136725460014,184,0.0590205143256137,-100.0,,,,,
546000,train_step,,,0.05898645930853494,-100.0,100000,19.272348403930664,-79.4698715209961,1.8544288873672485,-0.4120314121246338
546112,episode_end,307.09022062717827,195,0.058870070037338365,-100.0,,,,,
546262,episode_end,161.33596131367128,150,0.05885464739692896,-100.0,,,,,
546432,episode_end,303.64415306818074,170,0.05783370508755291,-100.0,,,,,
546621,episode_end,291.7446400489606,189,0.05807687659052419,-100.0,,,,,
546813,episode_end,247.42952408921738,192,0.05794872922054099,-100.0,,,,,
546994,episode_end,285.9629681149011,181,0.057325240610437526,-100.0,,,,,
547000,train_step,,,0.05739642901509363,-100.0,100000,28.30257797241211,-79.05073547363281,2.067687749862671,0.19343611598014832
547178,episode_end,276.046654718146,184,0.057548917013499776,-100.0,,,,,
547338,episode_end,165.8848258904377,160,0.05788443026532096,-100.0,,,,,
547507,episode_end,288.5738187236045,169,0.056970309600058736,-100.0,,,,,
547715,episode_end,235.63017483757685,208,0.05703620323674408,-100.0,,,,,
547872,episode_end,277.90322025506737,157,0.05714736245610021,-100.0,,,,,
548000,train_step,,,0.05692444952891361,-100.0,100000,11.955594062805176,-82.10636901855469,2.1133527755737305,0.3248726725578308
548106,episode_end,301.7884275259738,234,0.057081021143325805,-100.0,,,,,
548316,episode_end,145.38266430441246,210,0.057521575319878615,-100.0,,,,,
548532,episode_end,246.4410435415623,216,0.0581917898700788,-100.0,,,,,
548702,episode_end,176.6993596195145,170,0.05817206841128137,-100.0,,,,,
549000,train_step,,,0.05824622966507188,-100.0,100000,19.359344482421875,-82.34112548828125,2.0570156574249268,0.16209951043128967
549006,episode_end,307.43959122637784,304,0.05822381682069743,-100.0,,,,,
549190,episode_end,298.75226046895165,184,0.05661562704045204,-100.0,,,,,
549357,episode_end,189.45800694403715,167,0.05600050285672898,-100.0,,,,,
549603,episode_end,269.4273371728865,246,0.05596342714851621,-100.0,,,,,
549684,episode_end,52.9373175249645,81,0.05618269261102246,-100.0,,,,,
549885,episode_end,259.36749327778443,201,0.05512217084830308,-100.0,,,,,
550000,train_step,,,0.05489224566196628,-100.0,100000,33.642208099365234,-80.23944091796875,1.9664850234985352,-0.09727305918931961
550031,episode_end,186.0368681849929,146,0.054838385874219416,-100.0,,,,,
550225,episode_end,146.13400600740903,194,0.0544185574650999,-100.0,,,,,
550461,episode_end,254.76062280849885,236,0.0559228779561173,-100.0,,,,,
550669,episode_end,287.0475132300834,208,0.056708670482673966,-100.0,,,,,
550741,episode_end,-121.38001526044157,72,0.0564783790032201,-100.0,,,,,
550916,episode_end,289.549714250822,175,0.056116314020865185,-100.0,,,,,
551000,train_step,,,0.05596638486649373,-100.0,100000,98.41178131103516,-82.08807373046875,2.0303380489349365,0.08746467530727386
551186,episode_end,288.27108423149724,270,0.05600867506027808,-100.0,,,,,
551383,episode_end,268.390366597195,197,0.05686042637215332,-100.0,,,,,
551797,episode_end,283.76979827545864,414,0.058581344680067114,-100.0,,,,,
552000,episode_end,288.0303677685846,203,0.058689510685635285,-100.0,,,,,
552000,train_step,,,0.058689510685635285,-100.0,100000,5.423198223114014,-83.63186645507812,1.7601690292358398,-0.6800394058227539
552168,episode_end,314.29331711624695,168,0.05815172693624421,-100.0,,,,,
552344,episode_end,268.92796755390845,176,0.05802644673923424,-100.0,,,,,
552537,episode_end,309.10304467054505,193,0.057346631002376344,-100.0,,,,,
552716,episode_end,160.70369755069828,179,0.05839518380307956,-100.0,,,,,
552896,episode_end,301.6562829786013,180,0.05948908606240222,-100.0,,,,,
553000,train_step,,,0.06002487598950942,-100.0,100000,4.381011962890625,-82.38252258300781,1.824303388595581,-0.4942339062690735
553069,episode_end,287.9584070017762,173,0.05998165301732481,-100.0,,,,,
553238,episode_end,188.39458486706553,169,0.05995926721245448,-100.0,,,,,
553423,episode_end,304.60658343139005,185,0.05899510713338021,-100.0,,,,,
553606,episode_end,175.06725924159275,183,0.058693405049544956,-100.0,,,,,
553786,episode_end,305.60497433574926,180,0.059313212586137205,-100.0,,,,,
554000,episode_end,273.96119072089766,214,0.059853490952049886,-100.0,,,,,
554000,train_step,,,0.059853490952049886,-100.0,100000,121.75691223144531,-82.2423324584961,1.9739373922348022,-0.07338877022266388
554220,episode_end,144.35501621503988,220,0.06157721884933724,-100.0,,,,,
554403,episode_end,277.62183720979056,183,0.06203205033502291,-100.0,,,,,
554658,episode_end,269.5799391544849,255,0.06280103311224053,-100.0,,,,,
554760,episode_end,-535.5806762158134,102,0.06360454192427538,-100.0,,,,,
555000,train_step,,,0.06504096178806326,-100.0,100000,446.0032958984375,-80.65302276611328,2.0640151500701904,0.17493651807308197
555059,episode_end,282.4263452306127,299,0.06494864993989127,-100.0,,,,,
555323,episode_end,236.36407979749,264,0.06415747503167023,-100.0,,,,,
555493,episode_end,305.90757815978907,170,0.06309947990974611,-100.0,,,,,
555876,episode_end,180.7363404746441,383,0.0627544333274847,-100.0,,,,,
556000,train_step,,,0.06304619402087738,-100.0,100000,19.891788482666016,-81.7108154296875,2.1506946086883545,0.4165025055408478
556110,episode_end,279.33642480825904,234,0.06312682598858413,-100.0,,,,,
556303,episode_end,284.9744157888098,193,0.06347261909967658,-100.0,,,,,
556535,episode_end,156.47146979880287,232,0.061425276995937715,-100.0,,,,,
556810,episode_end,226.3325576815786,275,0.059592438257139634,-100.0,,,,,
557000,train_step,,,0.059601374403357936,-100.0,100000,5.169304370880127,-83.43910217285156,1.9630393981933594,-0.10423189401626587
557030,episode_end,309.3169314215793,220,0.05953479626362887,-100.0,,,,,
557311,episode_end,257.2186969057092,281,0.058798179717541074,-100.0,,,,,
557525,episode_end,294.6164633803121,214,0.05869858129214781,-100.0,,,,,
557791,episode_end,287.0969282350935,266,0.05804329483449354,-100.0,,,,,
558000,episode_end,307.3536923181674,209,0.058479645841725325,-100.0,,,,,
558000,train_step,,,0.058479645841725325,-100.0,100000,48.152618408203125,-82.65204620361328,2.1173620223999023,0.33320000767707825
558183,episode_end,289.6830783304018,183,0.05940230218415744,-100.0,,,,,
558402,episode_end,267.57749815457385,219,0.057452833975601005,-100.0,,,,,
558604,episode_end,312.063581107705,202,0.0570660883283184,-100.0,,,,,
558853,episode_end,276.36529980643644,249,0.05772268388089136,-100.0,,,,,
559000,train_step,,,0.05853614870537086,-100.0,100000,6.385636329650879,-82.78401184082031,1.9753485918045044,-0.06996335089206696
559141,episode_end,297.8996799501712,288,0.05844076239222683,-100.0,,,,,
559300,episode_end,284.5870144962401,159,0.05873333171224526,-100.0,,,,,
559520,episode_end,284.18402522167116,220,0.057528095927676506,-100.0,,,,,
559728,episode_end,261.5226614369699,208,0.05772122899938332,-100.0,,,,,
559891,episode_end,278.6848086496101,163,0.05847915250013774,-100.0,,,,,
560000,train_step,,,0.057587265992008294,-100.0,100000,33.197914123535156,-80.87871551513672,1.9223482608795166,-0.22165341675281525
560085,episode_end,269.56774688903704,194,0.057210481394519945,-100.0,,,,,
560286,episode_end,300.50166985748115,201,0.057166984650084324,-100.0,,,,,
560540,episode_end,269.4701820792377,254,0.05875859551489847,-100.0,,,,,
560725,episode_end,306.0528517046595,185,0.0574469235222631,-100.0,,,,,
560881,episode_end,152.36034971876535,156,0.05650691466926227,-100.0,,,,,
561000,train_step,,,0.05681320318746149,-100.0,100000,30.90793800354004,-79.91944122314453,2.037696361541748,0.10811249166727066
561130,episode_end,292.1042198798698,249,0.057516216877531466,-100.0,,,,,
561288,episode_end,315.3772107573012,158,0.057580588986783796,-100.0,,,,,
561487,episode_end,296.73870368043833,199,0.05691763820918975,-100.0,,,,,
561695,episode_end,281.27228362796234,208,0.057357890036473284,-100.0,,,,,
561933,episode_end,253.9142616211222,238,0.05811082170208153,-100.0,,,,,
562000,train_step,,,0.05848896854439678,-100.0,100000,13.59472942352295,-82.8409194946289,1.9653356075286865,-0.09840942919254303
562123,episode_end,287.8869943420457,190,0.05852669560858866,-100.0,,,,,
562368,episode_end,164.76825640355662,245,0.05755069249486473,-100.0,,,,,
562563,episode_end,271.3389820636289,195,0.05713720077007917,-100.0,,,,,
562778,episode_end,267.4465987231458,215,0.05793401164682518,-100.0,,,,,
562970,episode_end,271.79427093455126,192,0.0589929828468652,-100.0,,,,,
563000,train_step,,,0.058866075929560654,-100.0,100000,3.852682590484619,-81.8738784790039,1.878697395324707,-0.3435884118080139
563167,episode_end,279.06263075645666,197,0.05838502016564104,-100.0,,,,,
563367,episode_end,265.50144026087094,200,0.059451099150784864,-100.0,,,,,
563672,episode_end,289.83923741876174,305,0.05945968209253608,-100.0,,,,,
564000,train_step,,,0.05986896160886213,-100.0,100000,51.70570755004883,-81.35430908203125,2.007896661758423,0.022233664989471436
564031,episode_end,270.71163188136427,359,0.059955130243155345,-100.0,,,,,
564485,episode_end,227.46196178351101,454,0.060039663210580796,-100.0,,,,,
564720,episode_end,293.99124999862374,235,0.05910729928055024,-100.0,,,,,
564940,episode_end,284.0560928198863,220,0.05841909189411023,-100.0,,,,,
565000,train_step,,,0.058131749478383586,-100.0,100000,85.55306243896484,-84.8215560913086,2.1397111415863037,0.39748433232307434
565117,episode_end,270.5270732309298,177,0.05709751124401995,-100.0,,,,,
565319,episode_end,251.7434968644584,202,0.056326424256848764,-100.0,,,,,
565500,episode_end,291.32614168492637,181,0.055768017401578766,-100.0,,,,,
565753,episode_end,179.38460483782612,253,0.05632687481699191,-100.0,,,,,
565935,episode_end,163.47420792144896,182,0.05706832100939184,-100.0,,,,,
566000,train_step,,,0.056986491412390754,-100.0,100000,8.701515197753906,-84.71453857421875,1.921522617340088,-0.2248329371213913
566077,episode_end,298.40604494092247,142,0.05735998961652243,-100.0,,,,,
566470,episode_end,295.354617300457,393,0.05779914033699837,-100.0,,,,,
566609,episode_end,83.59218248992465,139,0.059025509753593504,-100.0,,,,,
566759,episode_end,294.75966123940333,150,0.05985679002540703,-100.0,,,,,
566967,episode_end,293.0220834066479,208,0.059714181406917304,-100.0,,,,,
567000,train_step,,,0.05957787650708442,-100.0,100000,16.2681884765625,-87.46661376953125,1.7949397563934326,-0.5783665180206299
567163,episode_end,262.325474285255,196,0.060061793062789234,-100.0,,,,,
567375,episode_end,153.9377500501781,212,0.05990599781433929,-100.0,,,,,
567556,episode_end,287.27001164204944,181,0.060801627020531705,-100.0,,,,,
567724,episode_end,282.97911136527955,168,0.06116253367605464,-100.0,,,,,
567883,episode_end,314.1224146298849,159,0.0608245296801227,-100.0,,,,,
568000,train_step,,,0.060711638621771126,-100.0,100000,6.650068759918213,-81.49836730957031,1.9351742267608643,-0.18161700665950775
568070,episode_end,290.18280556803506,187,0.0612534060353648,-100.0,,,,,
568269,episode_end,254.8901916273106,199,0.061902242393884005,-100.0,,,,,
568438,episode_end,255.22005516833033,169,0.060591989738415904,-100.0,,,,,
568586,episode_end,317.40411978779025,148,0.06048566641261686,-100.0,,,,,
568815,episode_end,302.7990700585667,229,0.06054233543622016,-100.0,,,,,
568992,episode_end,277.5320791659076,177,0.06019667342726603,-100.0,,,,,
569000,train_step,,,0.06022271219275575,-100.0,100000,64.69197082519531,-83.50028991699219,1.9206066131591797,-0.22307175397872925
569177,episode_end,247.34091596509518,185,0.061020216294658855,-100.0,,,,,
569364,episode_end,285.89380225178115,187,0.06041737393438125,-100.0,,,,,
569542,episode_end,297.9637980940016,178,0.060539093329067255,-100.0,,,,,
569730,episode_end,273.38094012949546,188,0.06101508158086965,-100.0,,,,,
569961,episode_end,300.0861597922875,231,0.06080698208788261,-100.0,,,,,
570000,train_step,,,0.06049963196198222,-100.0,100000,78.091552734375,-81.98075103759766,2.0595622062683105,0.16707929968833923
570165,episode_end,262.6033250584448,204,0.059973846691195105,-100.0,,,,,
570357,episode_end,309.3944307167525,192,0.06014845794767869,-100.0,,,,,
570544,episode_end,301.36863447869194,187,0.0599338624187493,-100.0,,,,,
570716,episode_end,314.91744069262944,172,0.05957816663152966,-100.0,,,,,
570933,episode_end,259.334350118242,217,0.05935390917535399,-100.0,,,,,
571000,train_step,,,0.05941578340206506,-100.0,100000,79.55258178710938,-84.5777587890625,1.9702049493789673,-0.08411741256713867
571127,episode_end,310.4203731549344,194,0.05959218728684496,-100.0,,,,,
571324,episode_end,293.55895037820426,197,0.05884127722372341,-100.0,,,,,
571480,episode_end,288.5350337516299,156,0.05837168685130967,-100.0,,,,,
571703,episode_end,279.96031660419686,223,0.058610859868407,-100.0,,,,,
571886,episode_end,259.7983625362725,183,0.05893420233830965,-100.0,,,,,
572000,train_step,,,0.058726981178217876,-100.0,100000,7.935157775878906,-84.44033813476562,1.9011075496673584,-0.28034600615501404
572094,episode_end,253.63307427806973,208,0.0584280633667486,-100.0,,,,,
572277,episode_end,294.4126986198394,183,0.05845004017032335,-100.0,,,,,
572506,episode_end,217.4188463283972,229,0.05856986813138384,-100.0,,,,,
572692,episode_end,303.4581326192083,186,0.058400502007165844,-100.0,,,,,
572955,episode_end,231.80455791256387,263,0.05953508409908113,-100.0,,,,,
573000,train_step,,,0.05961738543699207,-100.0,100000,13.003795623779297,-81.55107116699219,2.1532840728759766,0.4322318732738495
573206,episode_end,277.86086737460016,251,0.06062835516932422,-100.0,,,,,
573394,episode_end,274.90823437268347,188,0.061398160862406514,-100.0,,,,,
573580,episode_end,299.17032075360345,186,0.061163411198634145,-100.0,,,,,
573772,episode_end,297.65662137792344,192,0.06007433892518367,-100.0,,,,,
573970,episode_end,306.96919935725646,198,0.06004605969887,-100.0,,,,,
574000,train_step,,,0.05984011494754657,-100.0,100000,5.399388313293457,-84.8634262084961,1.970824122428894,-0.0821613222360611
574145,episode_end,271.6512005254415,175,0.05940898077486485,-100.0,,,,,
574340,episode_end,280.5491380186588,195,0.05833217380358485,-100.0,,,,,
574548,episode_end,269.0437806772902,208,0.058913438145836716,-100.0,,,,,
574738,episode_end,307.9575685732523,190,0.05707585025766554,-100.0,,,,,
574910,episode_end,292.2345638283806,172,0.057173336417249324,-100.0,,,,,
575000,train_step,,,0.057508105379410875,-100.0,100000,27.2196102142334,-84.9886245727539,2.0844433307647705,0.24115614593029022
575098,episode_end,310.08569262780156,188,0.057943317754423664,-100.0,,,,,
575301,episode_end,245.36218480144746,203,0.059322677626623785,-100.0,,,,,
575499,episode_end,246.08927978007054,198,0.05845328656003587,-100.0,,,,,
575708,episode_end,284.28786440406395,209,0.0586895491107168,-100.0,,,,,
575901,episode_end,242.80057965905797,193,0.058360555541470696,-100.0,,,,,
576000,train_step,,,0.059408025675041234,-100.0,100000,10.113920211791992,-84.54698944091797,1.9917980432510376,-0.023156628012657166
576111,episode_end,300.40867029000833,210,0.05971718489045296,-100.0,,,,,
576417,episode_end,286.28403893681644,306,0.05941775794570149,-100.0,,,,,
576584,episode_end,264.94192514196106,167,0.05933910427306434,-100.0,,,,,
576845,episode_end,227.30838803466472,261,0.05907720022395663,-100.0,,,,,
577000,train_step,,,0.05920723810848447,-100.0,100000,16.187471389770508,-86.9521713256836,2.078244209289551,0.22117352485656738
577061,episode_end,137.9192152160843,216,0.05899233242736623,-100.0,,,,,
577225,episode_end,308.55568019870174,164,0.05882949802543442,-100.0,,,,,
577408,episode_end,260.2941046900683,183,0.059289581153056575,-100.0,,,,,
577615,episode_end,304.5131822369164,207,0.05917477235791648,-100.0,,,,,
577788,episode_end,297.59291758437087,173,0.05970926112934294,-100.0,,,,,
578000,train_step,,,0.059320187378331286,-100.0,100000,3.3902907371520996,-82.46852111816406,1.9572688341140747,-0.12070728093385696
578063,episode_end,236.88341749203565,275,0.05928459778829698,-100.0,,,,,
578239,episode_end,266.7494618054061,176,0.05816608055203512,-100.0,,,,,
578425,episode_end,295.2576524644212,186,0.05789294508387812,-100.0,,,,,
578609,episode_end,271.3216243747356,184,0.0579610297897191,-100.0,,,,,
578762,episode_end,149.40542787536535,153,0.05748649649838115,-100.0,,,,,
578951,episode_end,281.15099745625207,189,0.05790163591558808,-100.0,,,,,
579000,train_step,,,0.05845072654917412,-100.0,100000,29.791141510009766,-85.58442687988281,1.8717257976531982,-0.36424392461776733
579145,episode_end,304.9453536831391,194,0.059934713417207325,-100.0,,,,,
579347,episode_end,253.2424518938123,202,0.06116798509005063,-100.0,,,,,
579590,episode_end,217.3415155480103,243,0.06153654418441477,-100.0,,,,,
579804,episode_end,290.95885720626916,214,0.060971022516605716,-100.0,,,,,
580000,train_step,,,0.06079508291999097,-100.0,100000,3.9405527114868164,-85.7183837890625,2.2588701248168945,0.7249003648757935
580002,episode_end,260.500388299904,198,0.06080188420933207,-100.0,,,,,
580179,episode_end,289.0049870988281,177,0.06117495292892169,-100.0,,,,,
580365,episode_end,299.52276753385524,186,0.061053284497189476,-100.0,,,,,
580566,episode_end,245.64481098563186,201,0.060772751061802244,-100.0,,,,,
580805,episode_end,291.932307832859,239,0.05934865734610492,-100.0,,,,,
581000,train_step,,,0.060066862685125684,-100.0,100000,22.72064971923828,-84.83258056640625,2.054612159729004,0.15358558297157288
581031,episode_end,238.05097538852044,226,0.06004982970907348,-100.0,,,,,
581276,episode_end,281.60214333586146,245,0.06009564663248002,-100.0,,,,,
581457,episode_end,245.42033332181185,181,0.060658640605881727,-100.0,,,,,
581683,episode_end,293.5560903091289,226,0.060381559032234966,-100.0,,,,,
581828,episode_end,55.76600863247583,145,0.0602715168860443,-100.0,,,,,
582000,train_step,,,0.06043687183758506,-100.0,100000,119.86631774902344,-86.63745880126953,2.035397529602051,0.09933090209960938
582078,episode_end,233.22837940283858,250,0.06039963161662837,-100.0,,,,,
582600,episode_end,239.3406915942836,522,0.061327326374469186,-100.0,,,,,
582967,episode_end,305.7415527364433,367,0.06012392027777266,-100.0,,,,,
583000,train_step,,,0.06025908978908311,-100.0,100000,12.330446243286133,-83.97552490234375,1.9723142385482788,-0.077772356569767
583200,episode_end,257.02290485892405,233,0.060329198252687496,-100.0,,,,,
584000,train_step,,,0.058150706640189995,-100.0,100000,28.026683807373047,-86.78746795654297,1.954850673675537,-0.12843701243400574
584200,episode_end,144.6129261275555,1000,0.05777819440762616,-100.0,,,,,
584401,episode_end,298.69510499794023,201,0.05882218299883728,-100.0,,,,,
584557,episode_end,144.87504766005895,156,0.05903779064181795,-100.0,,,,,
584774,episode_end,288.70745085192533,217,0.05848593657374165,-100.0,,,,,
584927,episode_end,267.8345129281045,153,0.05885760090188192,-100.0,,,,,
585000,train_step,,,0.05914329630562689,-100.0,100000,13.843181610107422,-87.7969970703125,1.9377447366714478,-0.1760447472333908
585130,episode_end,267.24529098748206,203,0.05961095106663022,-100.0,,,,,
585333,episode_end,133.56267728992972,203,0.060819376499153956,-100.0,,,,,
585502,episode_end,269.7371153638704,169,0.0615001227605628,-100.0,,,,,
585681,episode_end,293.5759751009656,179,0.06155741124838925,-100.0,,,,,
585856,episode_end,291.15114055542347,175,0.06207115185286839,-100.0,,,,,
586000,train_step,,,0.06187847996710985,-100.0,100000,15.046887397766113,-84.88910675048828,2.1234090328216553,0.34339621663093567
586021,episode_end,146.43432231021882,165,0.061850197584723404,-100.0,,,,,
586189,episode_end,299.90077974882945,168,0.06227781152003469,-100.0,,,,,
586402,episode_end,272.54795538119635,213,0.06290869714954705,-100.0,,,,,
586631,episode_end,146.81780426088505,229,0.0632298268950371,-100.0,,,,,
586808,episode_end,263.4646385872202,177,0.06306040726053383,-100.0,,,,,
587000,train_step,,,0.06268467079200604,-100.0,100000,12.593290328979492,-85.08892822265625,2.1308581829071045,0.36243000626564026
587016,episode_end,279.3744390231728,208,0.0627311786524755,-100.0,,,,,
587225,episode_end,265.71979045897353,209,0.062128994079982416,-100.0,,,,,
587411,episode_end,274.9995689115217,186,0.06178174514377927,-100.0,,,,,
587585,episode_end,147.65953665954055,174,0.061904644015616204,-100.0,,,,,
587804,episode_end,257.7427284714804,219,0.06102023976594466,-100.0,,,,,
588000,train_step,,,0.061175028510558775,-100.0,100000,15.468443870544434,-83.8289794921875,1.8252109289169312,-0.48836377263069153
588014,episode_end,267.12814671650284,210,0.06110965423197648,-100.0,,,,,
588241,episode_end,307.0039915445228,227,0.06043315629241827,-100.0,,,,,
588471,episode_end,287.96219915922813,230,0.0609860441934784,-100.0,,,,,
588653,episode_end,270.5023013782678,182,0.06184219784097242,-100.0,,,,,
588841,episode_end,287.2568365352506,188,0.061629083767230676,-100.0,,,,,
589000,train_step,,,0.0615022146575071,-100.0,100000,4.427294731140137,-84.58551025390625,1.8865597248077393,-0.31634899973869324
589059,episode_end,303.0054054694649,218,0.060669983813925944,-100.0,,,,,
589242,episode_end,298.25689884587894,183,0.06071432344726207,-100.0,,,,,
589407,episode_end,288.731230000528,165,0.060213400717199585,-100.0,,,,,
589630,episode_end,228.37269468306283,223,0.05928876411186355,-100.0,,,,,
589802,episode_end,280.754802498059,172,0.05915274741427245,-100.0,,,,,
589984,episode_end,294.99743117297703,182,0.05947554032803637,-100.0,,,,,
590000,train_step,,,0.05957903451097561,-100.0,100000,17.682689666748047,-84.03678894042969,2.075202703475952,0.21210551261901855
590195,episode_end,251.0917697840981,211,0.060017796102742,-100.0,,,,,
590436,episode_end,302.7351761238922,241,0.06008680354502021,-100.0,,,,,
590622,episode_end,284.2548180149496,186,0.06021121733218076,-100.0,,,,,
590776,episode_end,311.39412688758864,154,0.06041300933859359,-100.0,,,,,
590980,episode_end,308.06233301219004,204,0.06024674804905878,-100.0,,,,,
591000,train_step,,,0.06021618694183612,-100.0,100000,80.96620178222656,-84.53912353515625,2.0365219116210938,0.1026201844215393
591142,episode_end,170.01871226760363,162,0.05948439903916854,-100.0,,,,,
591291,episode_end,156.0572480430024,149,0.058911632709993604,-100.0,,,,,
591492,episode_end,313.48648803975595,201,0.05921148633884655,-100.0,,,,,
591672,episode_end,293.9873394902894,180,0.059535844357211105,-100.0,,,,,
591888,episode_end,290.66663989918163,216,0.059384256135402005,-100.0,,,,,
592000,train_step,,,0.059713781400048856,-100.0,100000,39.3852653503418,-82.62712097167969,2.096951484680176,0.27322787046432495
592061,episode_end,302.6965960892395,173,0.05981759916327373,-100.0,,,,,
592245,episode_end,270.0224896039915,184,0.059998403292528674,-100.0,,,,,
592442,episode_end,239.77069193310314,197,0.06077307880163874,-100.0,,,,,
592637,episode_end,293.074101654072,195,0.06168541314389904,-100.0,,,,,
592836,episode_end,276.93972921958624,199,0.06166654962838686,-100.0,,,,,
592978,episode_end,278.9478202525346,142,0.06181467870831042,-100.0,,,,,
593000,train_step,,,0.06182888484321332,-100.0,100000,47.41545867919922,-85.54742431640625,2.0763142108917236,0.21241214871406555
593174,episode_end,276.4973405526714,196,0.06286546659930066,-100.0,,,,,
593377,episode_end,253.53674908508086,203,0.06149106764378004,-100.0,,,,,
593569,episode_end,301.1950776135899,192,0.060465615583182544,-100.0,,,,,
593762,episode_end,152.63465255608008,193,0.061156774838893875,-100.0,,,,,
593942,episode_end,294.6240994771273,180,0.06296734887489047,-100.0,,,,,
594000,train_step,,,0.06315243829982195,-100.0,100000,13.080033302307129,-84.36511993408203,2.0811145305633545,0.22405476868152618
594108,episode_end,312.1025776304132,166,0.06349479863739976,-100.0,,,,,
594316,episode_end,159.44724121065127,208,0.06249980433198142,-100.0,,,,,
594510,episode_end,287.80660847327715,194,0.06202087767724643,-100.0,,,,,
594707,episode_end,246.4345175745123,197,0.06312829728113002,-100.0,,,,,
594872,episode_end,185.14464447466213,165,0.06356220831346737,-100.0,,,,,
595000,train_step,,,0.06276509996532283,-100.0,100000,21.114959716796875,-83.68815612792969,1.9103785753250122,-0.2481040358543396
595066,episode_end,128.67252950292055,194,0.062259469323155604,-100.0,,,,,
595292,episode_end,270.4084990633397,226,0.06087175406070847,-100.0,,,,,
595457,episode_end,297.58264498475825,165,0.060356401284562655,-100.0,,,,,
595631,episode_end,187.3418867104503,174,0.06062768416903837,-100.0,,,,,
595781,episode_end,284.6088819952778,150,0.06022034253202345,-100.0,,,,,
595980,episode_end,155.06252399237619,199,0.058800409052783456,-100.0,,,,,
596000,train_step,,,0.05872506669026736,-100.0,100000,4.992283821105957,-83.48994445800781,1.9079561233520508,-0.2609339952468872
596158,episode_end,165.32472925653826,178,0.058144620965155394,-100.0,,,,,
596322,episode_end,249.634661771033,164,0.05820943084373288,-100.0,,,,,
596504,episode_end,295.5534689124655,182,0.058860677301283124,-100.0,,,,,
596689,episode_end,248.89718097784956,185,0.05881609768571725,-100.0,,,,,
596871,episode_end,301.0311032104704,182,0.05833231894175059,-100.0,,,,,
597000,train_step,,,0.059000247804822034,-100.0,100000,25.991352081298828,-86.16099548339844,2.1908206939697266,0.5400626063346863
597048,episode_end,248.91435064628587,177,0.05895192920048259,-100.0,,,,,
597229,episode_end,174.4876568270471,181,0.05870707056614026,-100.0,,,,,
597406,episode_end,276.0223694770262,177,0.058707931008946675,-100.0,,,,,
597581,episode_end,294.05390477399396,175,0.058458869406948125,-100.0,,,,,
597826,episode_end,300.288448443838,245,0.05901877218419104,-100.0,,,,,
598000,train_step,,,0.0587199916698142,-100.0,100000,5.8331298828125,-83.52191925048828,1.9854282140731812,-0.04131072759628296
598030,episode_end,288.9251076706689,204,0.058832852663689546,-100.0,,,,,
598249,episode_end,294.3560874912471,219,0.05889647527725456,-100.0,,,,,
598427,episode_end,172.5172889894206,178,0.058109407776996025,-100.0,,,,,
598602,episode_end,279.86115765988177,175,0.057139823334587184,-100.0,,,,,
598763,episode_end,178.3631554455971,161,0.0567978887394646,-100.0,,,,,
598938,episode_end,306.8305151667811,175,0.05661983092795959,-100.0,,,,,
599000,train_step,,,0.05691488799846326,-100.0,100000,8.691469192504883,-83.74211120605469,2.0463058948516846,0.13272158801555634
599112,episode_end,140.92898340225946,174,0.05784613583711819,-100.0,,,,,
599322,episode_end,159.9272761378412,210,0.05976780884088408,-100.0,,,,,
599478,episode_end,272.79228421356333,156,0.05967709422298057,-100.0,,,,,
599636,episode_end,164.73953457475403,158,0.05844550161990678,-100.0,,,,,
599861,episode_end,301.3809532037925,225,0.05829721489596155,-100.0,,,,,
600000,train_step,,,0.05821085628828748,-100.0,100000,13.428560256958008,-84.05484008789062,1.9093183279037476,-0.2578701376914978
