global_step,event,episode_return,episode_length,alpha,hover_reward_value,replay_size,critic_loss,actor_loss,logp
184,episode_end,-99.19147912226612,184,0.010000000000000005,200.0,,,,
279,episode_end,-300.2077773022404,95,0.010000000000000005,200.0,,,,
406,episode_end,-372.8562884563314,127,0.010000000000000005,200.0,,,,
505,episode_end,-276.9952590502358,99,0.010000000000000005,200.0,,,,
601,episode_end,-57.07588534475446,96,0.010000000000000005,200.0,,,,
700,episode_end,-130.81887312962422,99,0.010000000000000005,200.0,,,,
786,episode_end,9.140701724503117,86,0.010000000000000005,200.0,,,,
900,episode_end,-138.23278890728983,114,0.010000000000000005,200.0,,,,
1000,train_step,,,0.010000000000000005,200.0,1000,,,
1011,episode_end,-48.476679728455544,111,0.010000000000000005,200.0,,,,
1115,episode_end,-388.6483752609824,104,0.010000000000000005,200.0,,,,
1215,episode_end,-161.35234805727436,100,0.010000000000000005,200.0,,,,
1293,episode_end,-71.67934921221647,78,0.010000000000000005,200.0,,,,
1372,episode_end,-154.19452514011647,79,0.010000000000000005,200.0,,,,
1459,episode_end,-360.61308672223134,87,0.010000000000000005,200.0,,,,
1561,episode_end,-195.6292075096539,102,0.010000000000000005,200.0,,,,
1636,episode_end,-324.137336746738,75,0.010000000000000005,200.0,,,,
1727,episode_end,-534.8112033644509,91,0.010000000000000005,200.0,,,,
1823,episode_end,124.1074650419639,96,0.010000000000000005,200.0,,,,
1923,episode_end,-87.01093666578404,100,0.010000000000000005,200.0,,,,
2000,train_step,,,0.010000000000000005,200.0,2000,,,
2017,episode_end,-138.48410269748803,94,0.010000000000000005,200.0,,,,
2169,episode_end,-122.35980511278802,152,0.010000000000000005,200.0,,,,
2267,episode_end,135.6380814465118,98,0.010000000000000005,200.0,,,,
2373,episode_end,-266.6717060796192,106,0.010000000000000005,200.0,,,,
2494,episode_end,-171.2238347418974,121,0.010000000000000005,200.0,,,,
2598,episode_end,-244.9815036543219,104,0.010000000000000005,200.0,,,,
2718,episode_end,-197.6253542053904,120,0.010000000000000005,200.0,,,,
2811,episode_end,-212.13898010564554,93,0.010000000000000005,200.0,,,,
2910,episode_end,-320.6650230137185,99,0.010000000000000005,200.0,,,,
2989,episode_end,40.643936836191926,79,0.010000000000000005,200.0,,,,
3000,train_step,,,0.010000000000000005,200.0,3000,,,
3092,episode_end,-206.0936107546447,103,0.010000000000000005,200.0,,,,
3274,episode_end,-223.37294377002593,182,0.010000000000000005,200.0,,,,
3427,episode_end,-412.55717613250465,153,0.010000000000000005,200.0,,,,
3523,episode_end,-259.1933455580071,96,0.010000000000000005,200.0,,,,
3610,episode_end,-293.2147097946225,87,0.010000000000000005,200.0,,,,
3707,episode_end,-488.5655684503374,97,0.010000000000000005,200.0,,,,
3855,episode_end,-292.04990695779446,148,0.010000000000000005,200.0,,,,
3950,episode_end,-89.37864756055045,95,0.010000000000000005,200.0,,,,
4000,train_step,,,0.010000000000000005,200.0,4000,,,
4055,episode_end,97.93214212246028,105,0.010000000000000005,200.0,,,,
4143,episode_end,-74.52799555615834,88,0.010000000000000005,200.0,,,,
4222,episode_end,-70.02639458844821,79,0.010000000000000005,200.0,,,,
4356,episode_end,-325.05470643465924,134,0.010000000000000005,200.0,,,,
4431,episode_end,-71.5372681890888,75,0.010000000000000005,200.0,,,,
4523,episode_end,-184.39832365086846,92,0.010000000000000005,200.0,,,,
4637,episode_end,-516.6574799981679,114,0.010000000000000005,200.0,,,,
4754,episode_end,-245.39505338771727,117,0.010000000000000005,200.0,,,,
4892,episode_end,-410.6356827737402,138,0.010000000000000005,200.0,,,,
5000,train_step,,,0.010000000000000005,200.0,5000,,,
5029,episode_end,-474.78124486278745,137,0.010000000000000005,200.0,,,,
5125,episode_end,-479.40772675483987,96,0.010000000000000005,200.0,,,,
5222,episode_end,-257.25139319632115,97,0.010000000000000005,200.0,,,,
5350,episode_end,-29.752662247372086,128,0.010000000000000005,200.0,,,,
5460,episode_end,-256.90944513372665,110,0.010000000000000005,200.0,,,,
5572,episode_end,-214.57471484905142,112,0.010000000000000005,200.0,,,,
5682,episode_end,-272.07848646797214,110,0.010000000000000005,200.0,,,,
5797,episode_end,-116.31365009133238,115,0.010000000000000005,200.0,,,,
5908,episode_end,-229.41164573983025,111,0.010000000000000005,200.0,,,,
6000,train_step,,,0.010000000000000005,200.0,6000,,,
6015,episode_end,-293.4175920729353,107,0.010000000000000005,200.0,,,,
6159,episode_end,-228.1670741082639,144,0.010000000000000005,200.0,,,,
6310,episode_end,93.04209891871625,151,0.010000000000000005,200.0,,,,
6400,episode_end,-371.314385329675,90,0.010000000000000005,200.0,,,,
6511,episode_end,-399.66429191244055,111,0.010000000000000005,200.0,,,,
6637,episode_end,-469.5493367614966,126,0.010000000000000005,200.0,,,,
6813,episode_end,-123.96415933856753,176,0.010000000000000005,200.0,,,,
6901,episode_end,-463.5784052758789,88,0.010000000000000005,200.0,,,,
7000,train_step,,,0.010000000000000005,200.0,7000,,,
7012,episode_end,-89.63200584634224,111,0.010000000000000005,200.0,,,,
7159,episode_end,-173.6493373015689,147,0.010000000000000005,200.0,,,,
7221,episode_end,-108.13355924548614,62,0.010000000000000005,200.0,,,,
7379,episode_end,-73.29504621522071,158,0.010000000000000005,200.0,,,,
7473,episode_end,-134.30426807022454,94,0.010000000000000005,200.0,,,,
7624,episode_end,-386.0073522868591,151,0.010000000000000005,200.0,,,,
7739,episode_end,-100.74909238732984,115,0.010000000000000005,200.0,,,,
7866,episode_end,-228.4510478064742,127,0.010000000000000005,200.0,,,,
7981,episode_end,-405.8983226838561,115,0.010000000000000005,200.0,,,,
8000,train_step,,,0.010000000000000005,200.0,8000,,,
8064,episode_end,-464.7116821049693,83,0.010000000000000005,200.0,,,,
8159,episode_end,-92.30605005715046,95,0.010000000000000005,200.0,,,,
8238,episode_end,-352.42205647804496,79,0.010000000000000005,200.0,,,,
8311,episode_end,-79.82447318389954,73,0.010000000000000005,200.0,,,,
8408,episode_end,-364.94230207344174,97,0.010000000000000005,200.0,,,,
8486,episode_end,-434.3022557922993,78,0.010000000000000005,200.0,,,,
8669,episode_end,-287.07963113102414,183,0.010000000000000005,200.0,,,,
8765,episode_end,-527.5675235848744,96,0.010000000000000005,200.0,,,,
8885,episode_end,-518.9172133662714,120,0.010000000000000005,200.0,,,,
9000,train_step,,,0.010000000000000005,200.0,9000,,,
9034,episode_end,-208.40276540039636,149,0.010000000000000005,200.0,,,,
9228,episode_end,-359.0896656212114,194,0.010000000000000005,200.0,,,,
9347,episode_end,-223.85541277942036,119,0.010000000000000005,200.0,,,,
9463,episode_end,-296.54651220388854,116,0.010000000000000005,200.0,,,,
9564,episode_end,-496.8614576056071,101,0.010000000000000005,200.0,,,,
9647,episode_end,-93.60542792625999,83,0.010000000000000005,200.0,,,,
9767,episode_end,-219.48975124877774,120,0.010000000000000005,200.0,,,,
9840,episode_end,169.50013291790577,73,0.010000000000000005,200.0,,,,
9937,episode_end,-314.7955077995512,97,0.010000000000000005,200.0,,,,
10000,train_step,,,0.010000000000000005,200.0,10000,178.5504150390625,0.160324826836586,-1.3430815935134888
10017,episode_end,-81.00502775405512,80,0.010000000000000005,200.0,,,,
10099,episode_end,-385.18114067577113,82,0.010000000000000005,200.0,,,,
10191,episode_end,-163.68241371637993,92,0.010000000000000005,200.0,,,,
10315,episode_end,-251.78063555149208,124,0.010000000000000005,200.0,,,,
10449,episode_end,-95.84107262011418,134,0.010000000000000005,200.0,,,,
10545,episode_end,-70.15168283924129,96,0.010000000000000005,200.0,,,,
10788,episode_end,-102.82259665936787,243,0.010000000000000005,200.0,,,,
11000,train_step,,,0.010000000000000005,200.0,11000,67.35086059570312,6.503618240356445,4.18585205078125
11265,episode_end,120.99391936178301,477,0.010000000000000005,200.0,,,,
11739,episode_end,-236.0884426195594,474,0.010000000000000005,200.0,,,,
11886,episode_end,263.1477377502886,147,0.010000000000000005,200.0,,,,
12000,train_step,,,0.010000000000000005,200.0,12000,21.581172943115234,4.0465168952941895,6.076066493988037
12015,episode_end,-254.80552283329115,129,0.010000000000000005,200.0,,,,
12143,episode_end,-514.2686287279714,128,0.010000000000000005,200.0,,,,
12335,episode_end,-234.99495034520345,192,0.010000000000000005,200.0,,,,
12466,episode_end,-77.17436831402362,131,0.010000000000000005,200.0,,,,
12567,episode_end,-124.61088859307785,101,0.010000000000000005,200.0,,,,
12663,episode_end,-187.5971509921128,96,0.010000000000000005,200.0,,,,
12771,episode_end,-244.9021842932421,108,0.010000000000000005,200.0,,,,
12868,episode_end,-62.24667835554942,97,0.010000000000000005,200.0,,,,
12995,episode_end,-574.761321937877,127,0.010000000000000005,200.0,,,,
13000,train_step,,,0.010000000000000005,200.0,13000,46.14286422729492,5.530917644500732,7.091536998748779
13128,episode_end,-301.3295090023686,133,0.010000000000000005,200.0,,,,
13274,episode_end,-78.761576273747,146,0.010000000000000005,200.0,,,,
13471,episode_end,-133.5976688358169,197,0.010000000000000005,200.0,,,,
13636,episode_end,-356.76322877718644,165,0.010000000000000005,200.0,,,,
14000,train_step,,,0.010000000000000005,200.0,14000,110.92510223388672,3.2459912300109863,6.393048286437988
14137,episode_end,-185.62717157861778,501,0.010000000000000005,200.0,,,,
14359,episode_end,-85.75882746772527,222,0.010000000000000005,200.0,,,,
14612,episode_end,-108.86616931410559,253,0.010000000000000005,200.0,,,,
14854,episode_end,128.82868820001624,242,0.010000000000000005,200.0,,,,
15000,train_step,,,0.010000000000000005,200.0,15000,81.99130249023438,-3.127033233642578,6.88996696472168
15453,episode_end,165.677400350704,599,0.010000000000000005,200.0,,,,
15646,episode_end,-6.546702855078408,193,0.010000000000000005,200.0,,,,
15782,episode_end,-42.474266387826894,136,0.010000000000000005,200.0,,,,
15981,episode_end,171.92054073798658,199,0.010000000000000005,200.0,,,,
16000,train_step,,,0.010000000000000005,200.0,16000,450.1253662109375,-10.175973892211914,6.525547504425049
16147,episode_end,11.605983597700103,166,0.010000000000000005,200.0,,,,
16310,episode_end,-41.4582808329149,163,0.010000000000000005,200.0,,,,
16436,episode_end,21.018588965572647,126,0.010000000000000005,200.0,,,,
16543,episode_end,-48.65831264290856,107,0.010000000000000005,200.0,,,,
16674,episode_end,-22.111627677786586,131,0.010000000000000005,200.0,,,,
16857,episode_end,-53.18491707359818,183,0.010000000000000005,200.0,,,,
16957,episode_end,-15.15019736618683,100,0.010000000000000005,200.0,,,,
17000,train_step,,,0.010000000000000005,200.0,17000,26.44860076904297,-14.572168350219727,6.38985013961792
17103,episode_end,173.65971023842621,146,0.010000000000000005,200.0,,,,
17201,episode_end,158.18884320316738,98,0.010000000000000005,200.0,,,,
17323,episode_end,129.60684021745624,122,0.010000000000000005,200.0,,,,
17421,episode_end,-80.68256387391727,98,0.010000000000000005,200.0,,,,
17576,episode_end,-2.796510526278027,155,0.010000000000000005,200.0,,,,
17677,episode_end,146.02652291599136,101,0.010000000000000005,200.0,,,,
17793,episode_end,-14.323540825603871,116,0.010000000000000005,200.0,,,,
17903,episode_end,-35.34348291703674,110,0.010000000000000005,200.0,,,,
18000,train_step,,,0.010000000000000005,200.0,18000,49.47045135498047,-15.837512969970703,6.684203624725342
18002,episode_end,124.00020767594938,99,0.010000000000000005,200.0,,,,
18084,episode_end,-8.54027346328904,82,0.010000000000000005,200.0,,,,
18189,episode_end,-65.52542723691666,105,0.010000000000000005,200.0,,,,
18261,episode_end,-48.793054719240075,72,0.010000000000000005,200.0,,,,
18335,episode_end,-36.95201349902791,74,0.010000000000000005,200.0,,,,
18423,episode_end,130.48938411103106,88,0.010000000000000005,200.0,,,,
18539,episode_end,-7.739057823416431,116,0.010000000000000005,200.0,,,,
18621,episode_end,-59.32746613981028,82,0.010000000000000005,200.0,,,,
18710,episode_end,21.632558141621274,89,0.010000000000000005,200.0,,,,
18788,episode_end,144.45852259066308,78,0.010000000000000005,200.0,,,,
18896,episode_end,-50.973043960761665,108,0.010000000000000005,200.0,,,,
18993,episode_end,-32.03872959457483,97,0.010000000000000005,200.0,,,,
19000,train_step,,,0.010000000000000005,200.0,19000,77.66850280761719,-18.745532989501953,6.540600776672363
19086,episode_end,-63.96880076365726,93,0.010000000000000005,200.0,,,,
19164,episode_end,129.62921096797373,78,0.010000000000000005,200.0,,,,
19249,episode_end,123.93687065476928,85,0.010000000000000005,200.0,,,,
19360,episode_end,-68.74064853729405,111,0.010000000000000005,200.0,,,,
19479,episode_end,-22.373263527021834,119,0.010000000000000005,200.0,,,,
19560,episode_end,-46.71875164488209,81,0.010000000000000005,200.0,,,,
19640,episode_end,-46.68786287114137,80,0.010000000000000005,200.0,,,,
19772,episode_end,-54.243223266167696,132,0.010000000000000005,200.0,,,,
19841,episode_end,-38.10727376700039,69,0.010000000000000005,200.0,,,,
19960,episode_end,-43.64931856483936,119,0.010000000000000005,200.0,,,,
20000,train_step,,,0.010000000000000005,200.0,20000,61.63636016845703,-15.112247467041016,7.392272472381592
20045,episode_end,-22.31570644287298,85,0.010000000000000005,200.0,,,,
20119,episode_end,161.27444719916213,74,0.010000000000000005,200.0,,,,
20205,episode_end,139.1153307651893,86,0.010000000000000005,200.0,,,,
20276,episode_end,175.5337324298618,71,0.010000000000000005,200.0,,,,
20391,episode_end,-13.38381159733116,115,0.010000000000000005,200.0,,,,
20521,episode_end,-16.941492589011673,130,0.010000000000000005,200.0,,,,
20592,episode_end,-8.336146982893595,71,0.010000000000000005,200.0,,,,
20696,episode_end,161.16898935599454,104,0.010000000000000005,200.0,,,,
20796,episode_end,-48.73887891303899,100,0.010000000000000005,200.0,,,,
20929,episode_end,-10.794530968594572,133,0.010000000000000005,200.0,,,,
21000,train_step,,,0.010000000000000005,200.0,21000,342.0601806640625,-41.781349182128906,6.651677131652832
21023,episode_end,189.10751596803766,94,0.010000000000000005,200.0,,,,
21129,episode_end,-35.371467740117865,106,0.010000000000000005,200.0,,,,
21296,episode_end,-87.52664777016126,167,0.010000000000000005,200.0,,,,
21406,episode_end,-60.95374828123785,110,0.010000000000000005,200.0,,,,
21577,episode_end,-53.84227005963873,171,0.010000000000000005,200.0,,,,
21680,episode_end,-17.475218342908818,103,0.010000000000000005,200.0,,,,
21749,episode_end,196.30615678927524,69,0.010000000000000005,200.0,,,,
21854,episode_end,210.53340756379896,105,0.010000000000000005,200.0,,,,
21938,episode_end,205.3973397886125,84,0.010000000000000005,200.0,,,,
22000,train_step,,,0.010000000000000005,200.0,22000,37.38972473144531,-38.87057113647461,6.994671821594238
22064,episode_end,-0.533752216372676,126,0.010000000000000005,200.0,,,,
22169,episode_end,191.5035133096012,105,0.010000000000000005,200.0,,,,
22305,episode_end,-2.295515143410185,136,0.010000000000000005,200.0,,,,
22416,episode_end,214.42037867656597,111,0.010000000000000005,200.0,,,,
22523,episode_end,-38.181336881542734,107,0.010000000000000005,200.0,,,,
22644,episode_end,-0.43133056219564025,121,0.010000000000000005,200.0,,,,
22823,episode_end,-20.487813665338408,179,0.010000000000000005,200.0,,,,
22910,episode_end,-1.9744624116232075,87,0.010000000000000005,200.0,,,,
23000,train_step,,,0.010000000000000005,200.0,23000,124.50289154052734,-35.551605224609375,6.373927116394043
23035,episode_end,-19.373124439830235,125,0.010000000000000005,200.0,,,,
23124,episode_end,202.8845510605716,89,0.010000000000000005,200.0,,,,
23453,episode_end,-175.33705108677424,329,0.010000000000000005,200.0,,,,
23779,episode_end,-88.23632980960443,326,0.010000000000000005,200.0,,,,
24000,train_step,,,0.010000000000000005,200.0,24000,43.953365325927734,-45.482269287109375,6.980306625366211
24779,episode_end,94.10936744991136,1000,0.010000000000000005,200.0,,,,
24868,episode_end,-13.774113228011004,89,0.010000000000000005,200.0,,,,
25000,train_step,,,0.010000000000000005,200.0,25000,33.583343505859375,-44.92540740966797,6.876177787780762
25009,episode_end,43.20249106230608,141,0.010000000000000005,200.0,,,,
25305,episode_end,140.89294463269363,296,0.010000000000000005,200.0,,,,
25460,episode_end,27.441491859094356,155,0.010000000000000005,200.0,,,,
25573,episode_end,-12.31703542292837,113,0.010000000000000005,200.0,,,,
26000,train_step,,,0.010000000000000005,200.0,26000,617.5343017578125,-36.9215087890625,6.865073204040527
26013,episode_end,134.37176709586453,440,0.010000000000000005,200.0,,,,
26731,episode_end,-320.65290659940894,718,0.010000000000000005,200.0,,,,
26921,episode_end,18.477814852287707,190,0.010000000000000005,200.0,,,,
27000,train_step,,,0.010000000000000005,200.0,27000,339.5556945800781,-42.19715881347656,6.948757171630859
27256,episode_end,245.16715515066792,335,0.010000000000000005,200.0,,,,
27651,episode_end,-78.1352294995903,395,0.010000000000000005,200.0,,,,
27763,episode_end,67.23381485249737,112,0.010000000000000005,200.0,,,,
28000,train_step,,,0.010000000000000005,200.0,28000,305.30303955078125,-39.461402893066406,7.328972339630127
28066,episode_end,-50.79766924106075,303,0.010000000000000005,200.0,,,,
28203,episode_end,-8.441203363393825,137,0.010000000000000005,200.0,,,,
28721,episode_end,173.11685125886288,518,0.010000000000000005,200.0,,,,
28832,episode_end,13.826983982419634,111,0.010000000000000005,200.0,,,,
28978,episode_end,43.52155183897662,146,0.010000000000000005,200.0,,,,
29000,train_step,,,0.010000000000000005,200.0,29000,83.0027084350586,-35.426536560058594,6.858100891113281
29103,episode_end,23.481440542803085,125,0.010000000000000005,200.0,,,,
29282,episode_end,18.461900334434162,179,0.010000000000000005,200.0,,,,
29447,episode_end,19.772664745256847,165,0.010000000000000005,200.0,,,,
29614,episode_end,16.06890494397092,167,0.010000000000000005,200.0,,,,
29944,episode_end,417.15696376941816,330,0.010000000000000005,200.0,,,,
30000,train_step,,,0.010000000000000005,200.0,30000,35.553367614746094,-40.754573822021484,7.107032775878906
30152,episode_end,247.58891657111906,208,0.010000000000000005,200.0,,,,
30667,episode_end,162.94668345017305,515,0.010000000000000005,200.0,,,,
31000,train_step,,,0.010000000000000005,200.0,31000,354.26702880859375,-41.011985778808594,6.727771759033203
31129,episode_end,-88.3190403393572,462,0.010000000000000005,200.0,,,,
31328,episode_end,198.14815957694663,199,0.010000000000000005,200.0,,,,
31475,episode_end,52.96070939328905,147,0.010000000000000005,200.0,,,,
31837,episode_end,-25.732130178114332,362,0.010000000000000005,200.0,,,,
32000,train_step,,,0.010000000000000005,200.0,32000,37.93092346191406,-44.42860412597656,6.732898712158203
32445,episode_end,-234.4978968140575,608,0.010000000000000005,200.0,,,,
32721,episode_end,-136.79328844633596,276,0.010000000000000005,200.0,,,,
32820,episode_end,198.45364057063745,99,0.010000000000000005,200.0,,,,
32907,episode_end,209.94593412104774,87,0.010000000000000005,200.0,,,,
33000,train_step,,,0.010000000000000005,200.0,33000,304.01324462890625,-45.04307556152344,6.560810089111328
33226,episode_end,62.07650680220411,319,0.010000000000000005,200.0,,,,
33567,episode_end,157.3386443875742,341,0.010000000000000005,200.0,,,,
33827,episode_end,2.0010875848789595,260,0.010000000000000005,200.0,,,,
33941,episode_end,13.371897140642048,114,0.010000000000000005,200.0,,,,
34000,train_step,,,0.010000000000000005,200.0,34000,36.07712173461914,-37.7054443359375,6.906655788421631
34268,episode_end,-8.223198691706344,327,0.010000000000000005,200.0,,,,
34448,episode_end,19.725450997809205,180,0.010000000000000005,200.0,,,,
34732,episode_end,22.277108975058866,284,0.010000000000000005,200.0,,,,
34866,episode_end,29.446683259037798,134,0.010000000000000005,200.0,,,,
35000,train_step,,,0.010000000000000005,200.0,35000,62.234466552734375,-45.60505294799805,6.660544395446777
35727,episode_end,-164.96998603632272,861,0.010000000000000005,200.0,,,,
36000,train_step,,,0.010000000000000005,200.0,36000,225.82086181640625,-38.58399963378906,6.581708908081055
36638,episode_end,-0.6971070844452498,911,0.010000000000000005,200.0,,,,
37000,train_step,,,0.010000000000000005,200.0,37000,318.3681335449219,-48.91099548339844,6.552497863769531
37313,episode_end,154.29685108736805,675,0.010000000000000005,200.0,,,,
37929,episode_end,143.89928392498234,616,0.010000000000000005,200.0,,,,
38000,train_step,,,0.010000000000000005,200.0,38000,292.4563903808594,-38.38760757446289,6.6761674880981445
38216,episode_end,-23.957028763547072,287,0.010000000000000005,200.0,,,,
38791,episode_end,135.46747415205195,575,0.010000000000000005,200.0,,,,
38891,episode_end,220.11999856253436,100,0.010000000000000005,200.0,,,,
39000,train_step,,,0.010000000000000005,200.0,39000,287.98046875,-43.848876953125,6.873437881469727
39249,episode_end,-36.17847706531511,358,0.010000000000000005,200.0,,,,
39742,episode_end,222.8915697248577,493,0.010000000000000005,200.0,,,,
40000,train_step,,,0.010000000000000005,200.0,40000,335.47552490234375,-41.30046844482422,6.565804958343506
40742,episode_end,35.77948959396233,1000,0.010000000000000005,200.0,,,,
41000,train_step,,,0.010000000000000005,200.0,41000,30.15911102294922,-53.47926712036133,6.688909530639648
41742,episode_end,-23.014063025752648,1000,0.010000000000000005,200.0,,,,
42000,train_step,,,0.010000000000000005,200.0,42000,71.2327880859375,-41.94683837890625,5.9762797355651855
42742,episode_end,47.36107565439241,1000,0.010000000000000005,200.0,,,,
42920,episode_end,61.97952802786784,178,0.010000000000000005,200.0,,,,
43000,train_step,,,0.010000000000000005,200.0,43000,304.72442626953125,-61.012939453125,6.267133712768555
43733,episode_end,332.5024896893714,813,0.010000000000000005,200.0,,,,
44000,train_step,,,0.010000000000000005,200.0,44000,38.304656982421875,-41.525577545166016,6.770197868347168
44460,episode_end,107.19003965005112,727,0.010000000000000005,200.0,,,,
45000,train_step,,,0.010000000000000005,200.0,45000,80.12254333496094,-55.18195343017578,6.2445244789123535
45242,episode_end,90.90277448445133,782,0.010000000000000005,200.0,,,,
46000,train_step,,,0.010000000000000005,200.0,46000,301.89801025390625,-52.44552230834961,6.305883407592773
46242,episode_end,120.39164593764424,1000,0.010000000000000005,200.0,,,,
46385,episode_end,222.78577779002308,143,0.010000000000000005,200.0,,,,
47000,train_step,,,0.010000000000000005,200.0,47000,305.02056884765625,-43.64031219482422,6.617916107177734
47299,episode_end,-9.007310468669033,914,0.010000000000000005,200.0,,,,
47691,episode_end,409.1932197729249,392,0.010000000000000005,200.0,,,,
47960,episode_end,242.48020279504138,269,0.010000000000000005,200.0,,,,
48000,train_step,,,0.010000000000000005,200.0,48000,97.31573486328125,-48.910797119140625,6.516144752502441
48103,episode_end,-8.73924716233499,143,0.010000000000000005,200.0,,,,
48411,episode_end,445.61702839334043,308,0.010000000000000005,200.0,,,,
48797,episode_end,160.5049293037806,386,0.010000000000000005,200.0,,,,
49000,train_step,,,0.010000000000000005,200.0,49000,136.87847900390625,-58.79584503173828,6.3882551193237305
49451,episode_end,354.1760186139088,654,0.010000000000000005,200.0,,,,
50000,train_step,,,0.010000000000000005,200.0,50000,30.920547485351562,-48.44712448120117,6.124911308288574
50451,episode_end,182.67098071095936,1000,0.010000000000000005,200.0,,,,
51000,train_step,,,0.010000000000000005,200.0,51000,71.99259948730469,-45.48546600341797,6.543764114379883
51451,episode_end,175.19321151524,1000,0.010000000000000005,200.0,,,,
52000,train_step,,,0.010000000000000005,200.0,52000,60.27720260620117,-49.946990966796875,6.781843185424805
52451,episode_end,153.23501789774005,1000,0.010000000000000005,200.0,,,,
53000,train_step,,,0.010000000000000005,200.0,53000,65.11763000488281,-59.568180084228516,6.19899845123291
53451,episode_end,155.1427729304641,1000,0.010000000000000005,200.0,,,,
54000,train_step,,,0.010000000000000005,200.0,54000,95.32283782958984,-60.61946105957031,6.278331756591797
54451,episode_end,120.48306364759448,1000,0.010000000000000005,200.0,,,,
55000,train_step,,,0.010000000000000005,200.0,55000,59.60905075073242,-56.602081298828125,6.26790714263916
55451,episode_end,112.18882167577662,1000,0.010000000000000005,200.0,,,,
56000,train_step,,,0.010000000000000005,200.0,56000,43.208984375,-55.124671936035156,6.346442222595215
56451,episode_end,121.43723070353619,1000,0.010000000000000005,200.0,,,,
57000,train_step,,,0.010000000000000005,200.0,57000,352.7351989746094,-61.217403411865234,6.453799247741699
57451,episode_end,211.67424100708615,1000,0.010000000000000005,200.0,,,,
57796,episode_end,451.8208727101021,345,0.010000000000000005,200.0,,,,
58000,train_step,,,0.010000000000000005,200.0,58000,51.872833251953125,-67.73896789550781,6.352882385253906
58157,episode_end,425.5454372216224,361,0.010000000000000005,200.0,,,,
58658,episode_end,388.8972165647992,501,0.010000000000000005,200.0,,,,
59000,train_step,,,0.010000000000000005,200.0,59000,56.41393280029297,-60.40589904785156,5.925673007965088
59658,episode_end,220.63893342732763,1000,0.010000000000000005,200.0,,,,
60000,train_step,,,0.010000000000000005,200.0,60000,226.68392944335938,-66.00187683105469,6.371413230895996
60212,episode_end,421.3845571098822,554,0.010000000000000005,200.0,,,,
61000,train_step,,,0.010000000000000005,200.0,61000,87.49067687988281,-57.20478820800781,6.291138648986816
61212,episode_end,196.24746514558097,1000,0.010000000000000005,200.0,,,,
61430,episode_end,-12.663190648837855,218,0.010000000000000005,200.0,,,,
61628,episode_end,225.87575859310704,198,0.010000000000000005,200.0,,,,
62000,train_step,,,0.010000000000000005,200.0,62000,262.3807678222656,-79.14395904541016,6.065032482147217
62628,episode_end,-38.7776673431696,1000,0.010000000000000005,200.0,,,,
63000,train_step,,,0.010000000000000005,200.0,63000,33.27368927001953,-63.423561096191406,6.331702709197998
63628,episode_end,136.81907823169527,1000,0.010000000000000005,200.0,,,,
63979,episode_end,386.07827880357604,351,0.010000000000000005,200.0,,,,
64000,train_step,,,0.010000000000000005,200.0,64000,46.09614181518555,-62.218544006347656,6.420914649963379
64979,episode_end,131.3460574045152,1000,0.010000000000000005,200.0,,,,
65000,train_step,,,0.010000000000000005,200.0,65000,33.15443420410156,-69.47972106933594,6.194553852081299
65161,episode_end,-28.99749654503013,182,0.010000000000000005,200.0,,,,
65464,episode_end,128.9784894182466,303,0.010000000000000005,200.0,,,,
66000,train_step,,,0.010000000000000005,200.0,66000,51.683128356933594,-63.73691177368164,6.6558427810668945
66464,episode_end,152.55093580543684,1000,0.010000000000000005,200.0,,,,
67000,train_step,,,0.010000000000000005,200.0,67000,35.83564758300781,-64.43648529052734,6.637704849243164
67464,episode_end,142.4874123927467,1000,0.010000000000000005,200.0,,,,
68000,train_step,,,0.010000000000000005,200.0,68000,52.839359283447266,-77.67544555664062,6.111852645874023
68464,episode_end,113.70580102585261,1000,0.010000000000000005,200.0,,,,
69000,train_step,,,0.010000000000000005,200.0,69000,54.70012664794922,-73.84931182861328,6.023417949676514
69419,episode_end,-99.56870662930328,955,0.010000000000000005,200.0,,,,
70000,train_step,,,0.010000000000000005,200.0,70000,295.74029541015625,-67.92617797851562,6.221583366394043
70419,episode_end,117.77679172790941,1000,0.010000000000000005,200.0,,,,
70784,episode_end,131.55886578231656,365,0.010000000000000005,200.0,,,,
71000,train_step,,,0.010000000000000005,200.0,71000,31.314851760864258,-71.99417114257812,6.205906867980957
71784,episode_end,158.62769639869833,1000,0.010000000000000005,200.0,,,,
72000,train_step,,,0.010000000000000005,200.0,72000,35.675453186035156,-76.46018981933594,6.015898704528809
72737,episode_end,387.6274341501272,953,0.010000000000000005,200.0,,,,
73000,train_step,,,0.010000000000000005,200.0,73000,1023.1954956054688,-73.29866027832031,6.066440105438232
73737,episode_end,126.14991210277717,1000,0.010000000000000005,200.0,,,,
74000,train_step,,,0.010000000000000005,200.0,74000,103.63438415527344,-68.7450180053711,6.1802215576171875
74166,episode_end,401.98991808750344,429,0.010000000000000005,200.0,,,,
75000,train_step,,,0.010000000000000005,200.0,75000,74.51367950439453,-71.61744689941406,6.018006324768066
75166,episode_end,183.56196846941128,1000,0.010000000000000005,200.0,,,,
75349,episode_end,229.65771892790116,183,0.010000000000000005,200.0,,,,
75454,episode_end,243.19487014149377,105,0.010000000000000005,200.0,,,,
75988,episode_end,221.91669402392702,534,0.010000000000000005,200.0,,,,
76000,train_step,,,0.010000000000000005,200.0,76000,39.64214324951172,-88.76528930664062,6.334112167358398
76749,episode_end,384.5195055048787,761,0.010000000000000005,200.0,,,,
77000,train_step,,,0.010000000000000005,200.0,77000,310.8229675292969,-78.56297302246094,6.507861137390137
77276,episode_end,117.05734356512909,527,0.010000000000000005,200.0,,,,
77873,episode_end,332.8637512900576,597,0.010000000000000005,200.0,,,,
78000,train_step,,,0.010000000000000005,200.0,78000,95.6498794555664,-79.56172180175781,6.40462589263916
78646,episode_end,388.2418030154353,773,0.010000000000000005,200.0,,,,
79000,train_step,,,0.010000000000000005,200.0,79000,45.947425842285156,-81.1942367553711,6.109077453613281
79646,episode_end,200.7537498539338,1000,0.010000000000000005,200.0,,,,
80000,train_step,,,0.010000000000000005,200.0,80000,26.318927764892578,-79.92767333984375,6.603572845458984
80470,episode_end,374.99821009690754,824,0.010000000000000005,200.0,,,,
81000,train_step,,,0.010000000000000005,200.0,81000,339.53924560546875,-76.79460144042969,6.182485103607178
81148,episode_end,122.34563586047207,678,0.010000000000000005,200.0,,,,
81719,episode_end,349.85624804396997,571,0.010000000000000005,200.0,,,,
81926,episode_end,418.94995964427704,207,0.010000000000000005,200.0,,,,
82000,train_step,,,0.010000000000000005,200.0,82000,41.16318130493164,-81.8392333984375,6.136948108673096
82290,episode_end,419.29734543636675,364,0.010000000000000005,200.0,,,,
83000,train_step,,,0.010000000000000005,200.0,83000,104.85674285888672,-84.32054138183594,6.220940113067627
83290,episode_end,187.7011692075385,1000,0.010000000000000005,200.0,,,,
84000,train_step,,,0.010000000000000005,200.0,84000,37.458709716796875,-69.24549865722656,6.1988935470581055
84290,episode_end,210.891798821589,1000,0.010000000000000005,200.0,,,,
84691,episode_end,435.2824692909845,401,0.010000000000000005,200.0,,,,
85000,train_step,,,0.010000000000000005,200.0,85000,97.75543212890625,-84.98570251464844,6.120677947998047
85573,episode_end,334.4518556582716,882,0.010000000000000005,200.0,,,,
86000,train_step,,,0.010000000000000005,200.0,86000,68.51924133300781,-73.31603240966797,6.032322406768799
86453,episode_end,313.58554601663855,880,0.010000000000000005,200.0,,,,
87000,train_step,,,0.010000000000000005,200.0,87000,49.341087341308594,-78.68467712402344,6.219701766967773
87230,episode_end,205.09458694847143,777,0.010000000000000005,200.0,,,,
87756,episode_end,424.37041276174426,526,0.010000000000000005,200.0,,,,
88000,train_step,,,0.010000000000000005,200.0,88000,22.265825271606445,-68.11312866210938,5.78959846496582
88307,episode_end,432.16672370726303,551,0.010000000000000005,200.0,,,,
88657,episode_end,226.84223266125522,350,0.010000000000000005,200.0,,,,
88945,episode_end,405.947017901509,288,0.010000000000000005,200.0,,,,
89000,train_step,,,0.010000000000000005,200.0,89000,23.342021942138672,-82.80904388427734,5.757311820983887
89697,episode_end,170.26307860689565,752,0.010000000000000005,200.0,,,,
89927,episode_end,238.72871612331107,230,0.010000000000000005,200.0,,,,
90000,train_step,,,0.010000000000000005,200.0,90000,175.58905029296875,-86.30499267578125,6.463947296142578
90284,episode_end,409.79787450167663,357,0.010000000000000005,200.0,,,,
90606,episode_end,399.37349718446916,322,0.010000000000000005,200.0,,,,
90874,episode_end,475.2125275850492,268,0.010000000000000005,200.0,,,,
91000,train_step,,,0.010000000000000005,200.0,91000,36.851715087890625,-76.25050354003906,5.733483791351318
91200,episode_end,205.00788908064743,326,0.010000000000000005,200.0,,,,
91788,episode_end,420.0160028539553,588,0.010000000000000005,200.0,,,,
92000,train_step,,,0.010000000000000005,200.0,92000,237.41452026367188,-85.69606018066406,5.762421131134033
92313,episode_end,414.66820221218234,525,0.010000000000000005,200.0,,,,
92829,episode_end,382.59228907929395,516,0.010000000000000005,200.0,,,,
93000,train_step,,,0.010000000000000005,200.0,93000,242.50216674804688,-70.92499542236328,6.130967140197754
93487,episode_end,382.8717401570765,658,0.010000000000000005,200.0,,,,
93639,episode_end,3.1795051273222157,152,0.010000000000000005,200.0,,,,
93945,episode_end,400.03899401458665,306,0.010000000000000005,200.0,,,,
94000,train_step,,,0.010000000000000005,200.0,94000,47.957611083984375,-80.92781066894531,5.790256500244141
94140,episode_end,264.1948097998652,195,0.010000000000000005,200.0,,,,
94397,episode_end,205.90027505991816,257,0.010000000000000005,200.0,,,,
95000,train_step,,,0.010000000000000005,200.0,95000,76.96168518066406,-72.69195556640625,6.464234828948975
95077,episode_end,29.592404928256116,680,0.010000000000000005,200.0,,,,
95707,episode_end,407.8893620479383,630,0.010000000000000005,200.0,,,,
96000,train_step,,,0.010000000000000005,200.0,96000,504.42083740234375,-65.55253601074219,6.101294994354248
96219,episode_end,331.52845946476447,512,0.010000000000000005,200.0,,,,
96762,episode_end,357.5184364989713,543,0.010000000000000005,200.0,,,,
97000,train_step,,,0.010000000000000005,200.0,97000,23.419118881225586,-80.71754455566406,6.1828107833862305
97290,episode_end,200.9568782952657,528,0.010000000000000005,200.0,,,,
97446,episode_end,166.23663363266058,156,0.010000000000000005,200.0,,,,
97832,episode_end,401.20852952342614,386,0.010000000000000005,200.0,,,,
98000,train_step,,,0.010000000000000005,200.0,98000,41.61863708496094,-72.19713592529297,6.4054107666015625
98490,episode_end,330.0401027749395,658,0.010000000000000005,200.0,,,,
99000,train_step,,,0.010000000000000005,200.0,99000,330.2464599609375,-75.73326110839844,6.046672344207764
99171,episode_end,359.2440255583902,681,0.010000000000000005,200.0,,,,
99795,episode_end,180.77296142916921,624,0.010000000000000005,200.0,,,,
100000,train_step,,,0.010000000000000005,200.0,100000,33.28789520263672,-69.4205093383789,5.998568534851074
100795,episode_end,149.26843585411882,1000,0.010000000000000005,200.0,,,,
101000,train_step,,,0.010000000000000005,200.0,100000,35.520103454589844,-79.1866455078125,6.003769874572754
101524,episode_end,332.4737875548424,729,0.010000000000000005,200.0,,,,
102000,train_step,,,0.010000000000000005,200.0,100000,38.45668029785156,-70.75083923339844,5.690079689025879
102524,episode_end,210.90436114561578,1000,0.010000000000000005,200.0,,,,
103000,train_step,,,0.010000000000000005,200.0,100000,264.0390930175781,-70.73355102539062,5.560365676879883
103369,episode_end,139.23837121357872,845,0.010000000000000005,200.0,,,,
104000,train_step,,,0.010000000000000005,200.0,100000,292.49322509765625,-73.40937805175781,5.951174736022949
104369,episode_end,161.79077487044455,1000,0.010000000000000005,200.0,,,,
105000,train_step,,,0.010000000000000005,200.0,100000,76.96018981933594,-78.85540008544922,5.540579795837402
105369,episode_end,181.09684740471968,1000,0.010000000000000005,200.0,,,,
106000,train_step,,,0.010000000000000005,200.0,100000,177.33489990234375,-64.79119110107422,5.880082607269287
106369,episode_end,158.609160538518,1000,0.010000000000000005,200.0,,,,
107000,train_step,,,0.010000000000000005,200.0,100000,39.08262634277344,-76.87301635742188,5.707908630371094
107369,episode_end,152.96525355648444,1000,0.010000000000000005,200.0,,,,
108000,train_step,,,0.010000000000000005,200.0,100000,29.56990623474121,-71.4105453491211,5.643808364868164
108369,episode_end,126.66780024977909,1000,0.010000000000000005,200.0,,,,
109000,train_step,,,0.010000000000000005,200.0,100000,22.869304656982422,-70.5821304321289,5.536733627319336
109369,episode_end,87.4133150882763,1000,0.010000000000000005,200.0,,,,
110000,train_step,,,0.010000000000000005,200.0,100000,49.57661437988281,-73.05826568603516,5.767688274383545
110369,episode_end,111.22568153509988,1000,0.010000000000000005,200.0,,,,
111000,train_step,,,0.010000000000000005,200.0,100000,19.947284698486328,-76.75926208496094,5.606516361236572
111369,episode_end,109.36501239649894,1000,0.010000000000000005,200.0,,,,
112000,train_step,,,0.010000000000000005,200.0,100000,87.0417251586914,-73.05461120605469,6.130025863647461
112369,episode_end,94.76744596078396,1000,0.010000000000000005,200.0,,,,
113000,train_step,,,0.010000000000000005,200.0,100000,328.5853271484375,-70.18350219726562,5.6532392501831055
113369,episode_end,101.07696450847145,1000,0.010000000000000005,200.0,,,,
114000,train_step,,,0.010000000000000005,200.0,100000,25.698766708374023,-75.00447082519531,5.363628387451172
114369,episode_end,118.08349968454185,1000,0.010000000000000005,200.0,,,,
115000,train_step,,,0.010000000000000005,200.0,100000,44.566532135009766,-74.86502838134766,5.477246284484863
115369,episode_end,93.97055915795887,1000,0.010000000000000005,200.0,,,,
116000,train_step,,,0.010000000000000005,200.0,100000,24.45382308959961,-68.78231811523438,5.692230701446533
116369,episode_end,141.33562077012738,1000,0.010000000000000005,200.0,,,,
117000,train_step,,,0.010000000000000005,200.0,100000,19.625804901123047,-67.64241027832031,5.087462425231934
117369,episode_end,146.54742698879062,1000,0.010000000000000005,200.0,,,,
118000,train_step,,,0.010000000000000005,200.0,100000,31.557004928588867,-77.26048278808594,5.486856460571289
118369,episode_end,157.03355128644318,1000,0.010000000000000005,200.0,,,,
118985,episode_end,-12.616498563909914,616,0.010000000000000005,200.0,,,,
119000,train_step,,,0.010000000000000005,200.0,100000,60.48775100708008,-70.75862121582031,5.358316421508789
119429,episode_end,388.82778585418095,444,0.010000000000000005,200.0,,,,
119964,episode_end,420.9504033366519,535,0.010000000000000005,200.0,,,,
120000,train_step,,,0.010000000000000005,200.0,100000,309.47332763671875,-64.41989135742188,5.230108261108398
120405,episode_end,399.8537012172761,441,0.010000000000000005,200.0,,,,
121000,train_step,,,0.010000000000000005,200.0,100000,231.59298706054688,-75.9735336303711,5.092960357666016
121116,episode_end,413.6781509455599,711,0.010000000000000005,200.0,,,,
121622,episode_end,185.94583092774383,506,0.010000000000000005,200.0,,,,
122000,train_step,,,0.010000000000000005,200.0,100000,295.7212829589844,-76.10513305664062,5.283167839050293
122622,episode_end,289.1771939027041,1000,0.010000000000000005,200.0,,,,
123000,train_step,,,0.010000000000000005,200.0,100000,323.3082275390625,-76.34236145019531,5.308958053588867
123178,episode_end,29.842850511899144,556,0.010000000000000005,200.0,,,,
123690,episode_end,433.9289248754088,512,0.010000000000000005,200.0,,,,
124000,train_step,,,0.010000000000000005,200.0,100000,15.56662368774414,-71.62474060058594,5.347829341888428
124690,episode_end,216.14162344887498,1000,0.010000000000000005,200.0,,,,
125000,train_step,,,0.010000000000000005,200.0,100000,95.07280731201172,-68.23271179199219,5.668604850769043
125345,episode_end,467.55207239522906,655,0.010000000000000005,200.0,,,,
126000,train_step,,,0.010000000000000005,200.0,100000,16.307117462158203,-80.11402893066406,5.512938499450684
126007,episode_end,457.71952000277724,662,0.010000000000000005,200.0,,,,
126213,episode_end,192.6515996462175,206,0.010000000000000005,200.0,,,,
126958,episode_end,314.6197194168388,745,0.010000000000000005,200.0,,,,
127000,train_step,,,0.010000000000000005,200.0,100000,22.30223274230957,-73.14361572265625,5.177391052246094
127827,episode_end,366.1672936332714,869,0.010000000000000005,200.0,,,,
128000,train_step,,,0.010000000000000005,200.0,100000,590.2694091796875,-68.01324462890625,5.294253349304199
128314,episode_end,369.53899031140526,487,0.010000000000000005,200.0,,,,
129000,train_step,,,0.010000000000000005,200.0,100000,12.090253829956055,-73.29232788085938,5.328640937805176
129248,episode_end,298.31408176014116,934,0.010000000000000005,200.0,,,,
129507,episode_end,-112.90185930325534,259,0.010000000000000005,200.0,,,,
130000,train_step,,,0.010000000000000005,200.0,100000,29.56463623046875,-76.30174255371094,5.029557704925537
130507,episode_end,-34.75719903481259,1000,0.010000000000000005,200.0,,,,
130739,episode_end,440.6332723366716,232,0.010000000000000005,200.0,,,,
131000,train_step,,,0.010000000000000005,200.0,100000,40.53199005126953,-78.28315734863281,5.513385772705078
131739,episode_end,169.7946767115081,1000,0.010000000000000005,200.0,,,,
132000,train_step,,,0.010000000000000005,200.0,100000,265.679931640625,-73.77674865722656,5.59653377532959
132066,episode_end,467.47892303854405,327,0.010000000000000005,200.0,,,,
132394,episode_end,440.89514513440093,328,0.010000000000000005,200.0,,,,
133000,train_step,,,0.010000000000000005,200.0,100000,22.419221878051758,-83.2852783203125,5.435833930969238
133394,episode_end,284.148001061714,1000,0.010000000000000005,200.0,,,,
133870,episode_end,383.21660833213866,476,0.010000000000000005,200.0,,,,
134000,train_step,,,0.010000000000000005,200.0,100000,200.9520263671875,-91.64932250976562,5.408220291137695
134870,episode_end,257.13550015286455,1000,0.010000000000000005,200.0,,,,
135000,train_step,,,0.010000000000000005,200.0,100000,22.121450424194336,-85.42497253417969,5.850527286529541
135454,episode_end,392.0691389164346,584,0.010000000000000005,200.0,,,,
135728,episode_end,448.295914614834,274,0.010000000000000005,200.0,,,,
136000,train_step,,,0.010000000000000005,200.0,100000,260.4654846191406,-84.2820053100586,5.395790100097656
136461,episode_end,389.6941585273106,733,0.010000000000000005,200.0,,,,
136968,episode_end,417.87218717807446,507,0.010000000000000005,200.0,,,,
137000,train_step,,,0.010000000000000005,200.0,100000,15.473200798034668,-69.8844985961914,5.063820838928223
137589,episode_end,417.56338166026296,621,0.010000000000000005,200.0,,,,
137658,episode_end,213.33661164858898,69,0.010000000000000005,200.0,,,,
137942,episode_end,260.11592113661004,284,0.010000000000000005,200.0,,,,
138000,train_step,,,0.010000000000000005,200.0,100000,20.59775161743164,-77.21269226074219,5.231401443481445
138124,episode_end,447.78547423045745,182,0.010000000000000005,200.0,,,,
139000,train_step,,,0.010000000000000005,200.0,100000,39.986568450927734,-79.64332580566406,5.362730026245117
139124,episode_end,172.8494606593643,1000,0.010000000000000005,200.0,,,,
139303,episode_end,453.8775755609005,179,0.010000000000000005,200.0,,,,
140000,train_step,,,0.010000000000000005,200.0,100000,169.61721801757812,-85.54936218261719,5.598303318023682
140303,episode_end,134.4782070750103,1000,0.010000000000000005,200.0,,,,
141000,train_step,,,0.010000000000000005,200.0,100000,19.780227661132812,-80.37076568603516,5.290708541870117
141267,episode_end,359.8786657119104,964,0.010000000000000005,200.0,,,,
141469,episode_end,441.61915040942444,202,0.010000000000000005,200.0,,,,
141914,episode_end,241.99547293350705,445,0.010000000000000005,200.0,,,,
142000,train_step,,,0.010000000000000005,200.0,100000,43.37776565551758,-86.39109802246094,5.646574020385742
142391,episode_end,441.46652930324325,477,0.010000000000000005,200.0,,,,
142667,episode_end,274.96052126539405,276,0.010000000000000005,200.0,,,,
142933,episode_end,293.79380933572276,266,0.010000000000000005,200.0,,,,
143000,train_step,,,0.010000000000000005,200.0,100000,53.671730041503906,-85.57611083984375,5.5037736892700195
143188,episode_end,450.8101360260313,255,0.010000000000000005,200.0,,,,
144000,train_step,,,0.010000000000000005,200.0,100000,327.09228515625,-85.13365173339844,5.474514007568359
144129,episode_end,95.44241128004134,941,0.010000000000000005,200.0,,,,
144735,episode_end,438.9188000784699,606,0.010000000000000005,200.0,,,,
145000,train_step,,,0.010000000000000005,200.0,100000,58.541988372802734,-84.0615005493164,5.345214366912842
145089,episode_end,305.96863155392987,354,0.010000000000000005,200.0,,,,
145536,episode_end,441.5064283114044,447,0.010000000000000005,200.0,,,,
146000,train_step,,,0.010000000000000005,200.0,100000,26.945436477661133,-84.0364761352539,5.095022201538086
146536,episode_end,95.6500861976132,1000,0.010000000000000005,200.0,,,,
146988,episode_end,455.52836064093015,452,0.010000000000000005,200.0,,,,
147000,train_step,,,0.010000000000000005,200.0,100000,19.425752639770508,-84.15542602539062,5.334503173828125
147108,episode_end,198.9757814930922,120,0.010000000000000005,200.0,,,,
147278,episode_end,-3.8463820421091413,170,0.010000000000000005,200.0,,,,
148000,train_step,,,0.010000000000000005,200.0,100000,269.4259033203125,-101.82734680175781,5.531795501708984
148083,episode_end,450.38050506568396,805,0.010000000000000005,200.0,,,,
148299,episode_end,35.46509659886783,216,0.010000000000000005,200.0,,,,
148595,episode_end,427.7820349694415,296,0.010000000000000005,200.0,,,,
149000,train_step,,,0.010000000000000005,200.0,100000,23.11945343017578,-80.63455200195312,4.8501996994018555
149039,episode_end,374.54297692198065,444,0.010000000000000005,200.0,,,,
149380,episode_end,231.09817265304727,341,0.010000000000000005,200.0,,,,
149566,episode_end,138.5308070574601,186,0.010000000000000005,200.0,,,,
149953,episode_end,233.83882636555825,387,0.010000000000000005,200.0,,,,
150000,train_step,,,0.010000000000000005,200.0,100000,14.84607219696045,-95.83273315429688,5.1873698234558105
150383,episode_end,443.50794361958054,430,0.010000000000000005,200.0,,,,
150874,episode_end,434.2967238835199,491,0.010000000000000005,200.0,,,,
151000,train_step,,,0.010000000000000005,200.0,100000,21.790529251098633,-79.80921936035156,5.018125057220459
151372,episode_end,417.39651185211534,498,0.010000000000000005,200.0,,,,
151710,episode_end,456.72210935572855,338,0.010000000000000005,200.0,,,,
152000,train_step,,,0.010000000000000005,200.0,100000,23.87928581237793,-91.83667755126953,5.224012851715088
152422,episode_end,419.34706236304623,712,0.010000000000000005,200.0,,,,
153000,train_step,,,0.010000000000000005,200.0,100000,286.4730224609375,-84.84700012207031,5.162270545959473
153115,episode_end,381.78328445440053,693,0.010000000000000005,200.0,,,,
153606,episode_end,409.9427770308726,491,0.010000000000000005,200.0,,,,
153949,episode_end,450.4923646156019,343,0.010000000000000005,200.0,,,,
154000,train_step,,,0.010000000000000005,200.0,100000,49.50477600097656,-89.24160766601562,5.426116943359375
154401,episode_end,434.52316641338024,452,0.010000000000000005,200.0,,,,
154874,episode_end,212.49254243528793,473,0.010000000000000005,200.0,,,,
155000,train_step,,,0.010000000000000005,200.0,100000,15.345489501953125,-92.83104705810547,5.225668907165527
155267,episode_end,460.86117552124944,393,0.010000000000000005,200.0,,,,
155655,episode_end,471.39814206232893,388,0.010000000000000005,200.0,,,,
156000,train_step,,,0.010000000000000005,200.0,100000,48.08694839477539,-93.10389709472656,5.220191955566406
156655,episode_end,90.4991887586139,1000,0.010000000000000005,200.0,,,,
157000,train_step,,,0.010000000000000005,200.0,100000,327.38592529296875,-88.52484130859375,5.344111442565918
157036,episode_end,377.7079564348368,381,0.010000000000000005,200.0,,,,
157390,episode_end,411.09039910749965,354,0.010000000000000005,200.0,,,,
157632,episode_end,444.31666900447607,242,0.010000000000000005,200.0,,,,
158000,train_step,,,0.010000000000000005,200.0,100000,13.687868118286133,-84.81004333496094,5.150177001953125
158632,episode_end,121.27494334346564,1000,0.010000000000000005,200.0,,,,
159000,train_step,,,0.010000000000000005,200.0,100000,312.11614990234375,-80.91053771972656,5.890731334686279
159216,episode_end,437.1711615353042,584,0.010000000000000005,200.0,,,,
159445,episode_end,443.2589663254493,229,0.010000000000000005,200.0,,,,
159980,episode_end,406.90751841495927,535,0.010000000000000005,200.0,,,,
160000,train_step,,,0.010000000000000005,200.0,100000,39.37213134765625,-91.97561645507812,5.729211807250977
160463,episode_end,430.50325617402376,483,0.010000000000000005,200.0,,,,
160755,episode_end,459.732538286596,292,0.010000000000000005,200.0,,,,
161000,train_step,,,0.010000000000000005,200.0,100000,315.223388671875,-88.00456237792969,5.8045525550842285
161592,episode_end,369.45923528008444,837,0.010000000000000005,200.0,,,,
162000,train_step,,,0.010000000000000005,200.0,100000,362.3283386230469,-88.13484191894531,5.196204662322998
162592,episode_end,188.31474753212572,1000,0.010000000000000005,200.0,,,,
162959,episode_end,425.8584823836537,367,0.010000000000000005,200.0,,,,
163000,train_step,,,0.010000000000000005,200.0,100000,23.412227630615234,-87.67124938964844,5.616460800170898
163951,episode_end,347.52877460584386,992,0.010000000000000005,200.0,,,,
164000,train_step,,,0.010000000000000005,200.0,100000,90.67249298095703,-83.7936782836914,5.643625259399414
164213,episode_end,465.63294596885436,262,0.010000000000000005,200.0,,,,
165000,train_step,,,0.010000000000000005,200.0,100000,19.38218879699707,-102.59963989257812,5.393171310424805
165213,episode_end,88.40713692603964,1000,0.010000000000000005,200.0,,,,
165619,episode_end,468.84452170351324,406,0.010000000000000005,200.0,,,,
166000,train_step,,,0.010000000000000005,200.0,100000,50.687965393066406,-92.75435638427734,5.964045524597168
166619,episode_end,121.82844753586424,1000,0.010000000000000005,200.0,,,,
167000,train_step,,,0.010000000000000005,200.0,100000,243.61720275878906,-98.87603759765625,5.262867450714111
167619,episode_end,52.426326364308906,1000,0.010000000000000005,200.0,,,,
167912,episode_end,434.0330089087899,293,0.010000000000000005,200.0,,,,
168000,train_step,,,0.010000000000000005,200.0,100000,131.01971435546875,-85.95943450927734,5.398108959197998
168912,episode_end,71.70936517516431,1000,0.010000000000000005,200.0,,,,
169000,train_step,,,0.010000000000000005,200.0,100000,22.238365173339844,-98.9559555053711,5.435433387756348
169912,episode_end,186.7233846102401,1000,0.010000000000000005,200.0,,,,
170000,train_step,,,0.010000000000000005,200.0,100000,33.64436340332031,-97.00492095947266,5.406853675842285
170912,episode_end,79.70494874121168,1000,0.010000000000000005,200.0,,,,
171000,train_step,,,0.010000000000000005,200.0,100000,19.269763946533203,-99.94745635986328,5.872610092163086
171294,episode_end,274.8934107731693,382,0.010000000000000005,200.0,,,,
171647,episode_end,471.0726943796129,353,0.010000000000000005,200.0,,,,
171959,episode_end,487.9607083144204,312,0.010000000000000005,200.0,,,,
172000,train_step,,,0.010000000000000005,200.0,100000,255.69589233398438,-101.32464599609375,5.945788383483887
172959,episode_end,109.17029245615832,1000,0.010000000000000005,200.0,,,,
173000,train_step,,,0.010000000000000005,200.0,100000,127.04434204101562,-98.64483642578125,5.7255682945251465
173210,episode_end,255.14147795185778,251,0.010000000000000005,200.0,,,,
174000,train_step,,,0.010000000000000005,200.0,100000,140.11178588867188,-104.0380859375,5.655360221862793
174210,episode_end,108.9492248130663,1000,0.010000000000000005,200.0,,,,
174517,episode_end,479.3605390869615,307,0.010000000000000005,200.0,,,,
174756,episode_end,441.67252985524567,239,0.010000000000000005,200.0,,,,
174991,episode_end,449.2118310129876,235,0.010000000000000005,200.0,,,,
175000,train_step,,,0.010000000000000005,200.0,100000,328.43060302734375,-110.57402038574219,5.714594841003418
175991,episode_end,95.87343867514194,1000,0.010000000000000005,200.0,,,,
176000,train_step,,,0.010000000000000005,200.0,100000,26.703845977783203,-105.12294006347656,5.510235786437988
176991,episode_end,129.70472623976548,1000,0.010000000000000005,200.0,,,,
177000,train_step,,,0.010000000000000005,200.0,100000,17.70627212524414,-99.65107727050781,5.03997802734375
177362,episode_end,437.5495021545878,371,0.010000000000000005,200.0,,,,
178000,train_step,,,0.010000000000000005,200.0,100000,236.83485412597656,-102.35255432128906,4.712046146392822
178362,episode_end,102.62135264301699,1000,0.010000000000000005,200.0,,,,
178609,episode_end,449.5888679277754,247,0.010000000000000005,200.0,,,,
178837,episode_end,261.51980863800986,228,0.010000000000000005,200.0,,,,
179000,train_step,,,0.010000000000000005,200.0,100000,66.04383087158203,-107.66291809082031,5.379749298095703
179077,episode_end,305.73911047696197,240,0.010000000000000005,200.0,,,,
179257,episode_end,248.59091242136046,180,0.010000000000000005,200.0,,,,
179533,episode_end,461.3398325808647,276,0.010000000000000005,200.0,,,,
179877,episode_end,465.865063069201,344,0.010000000000000005,200.0,,,,
180000,train_step,,,0.010000000000000005,200.0,100000,27.794910430908203,-105.237060546875,5.172336578369141
180129,episode_end,280.6549765868016,252,0.010000000000000005,200.0,,,,
180341,episode_end,464.28106137998304,212,0.010000000000000005,200.0,,,,
180539,episode_end,452.8380322381746,198,0.010000000000000005,200.0,,,,
180764,episode_end,235.9204582845749,225,0.010000000000000005,200.0,,,,
181000,train_step,,,0.010000000000000005,200.0,100000,24.19533920288086,-99.26425170898438,5.149818420410156
181166,episode_end,444.52843364647657,402,0.010000000000000005,200.0,,,,
181379,episode_end,300.6553703614803,213,0.010000000000000005,200.0,,,,
182000,train_step,,,0.010000000000000005,200.0,100000,37.45170593261719,-104.92630004882812,5.078097343444824
182093,episode_end,472.39563855659173,714,0.010000000000000005,200.0,,,,
182711,episode_end,414.21633930143975,618,0.010000000000000005,200.0,,,,
183000,train_step,,,0.010000000000000005,200.0,100000,484.4446716308594,-99.85350036621094,5.128366470336914
183251,episode_end,425.3513609003808,540,0.010000000000000005,200.0,,,,
183513,episode_end,482.7231393878639,262,0.010000000000000005,200.0,,,,
184000,train_step,,,0.010000000000000005,200.0,100000,21.43618392944336,-104.31765747070312,5.099711894989014
184290,episode_end,390.7555154499634,777,0.010000000000000005,200.0,,,,
184608,episode_end,445.82492353499714,318,0.010000000000000005,200.0,,,,
184881,episode_end,449.21296811669976,273,0.010000000000000005,200.0,,,,
185000,train_step,,,0.010000000000000005,200.0,100000,17.607696533203125,-99.60076904296875,5.096578598022461
185881,episode_end,215.3749695772926,1000,0.010000000000000005,200.0,,,,
186000,train_step,,,0.010000000000000005,200.0,100000,52.90614318847656,-107.09231567382812,5.28547477722168
186195,episode_end,249.49877923649188,314,0.010000000000000005,200.0,,,,
186536,episode_end,243.64921265051476,341,0.010000000000000005,200.0,,,,
187000,train_step,,,0.010000000000000005,200.0,100000,26.972938537597656,-103.8604736328125,5.125583648681641
187451,episode_end,340.84850698079293,915,0.010000000000000005,200.0,,,,
188000,train_step,,,0.010000000000000005,200.0,100000,39.5174560546875,-109.3145751953125,5.500541687011719
188451,episode_end,282.6302542780312,1000,0.010000000000000005,200.0,,,,
188940,episode_end,446.47121164383594,489,0.010000000000000005,200.0,,,,
189000,train_step,,,0.010000000000000005,200.0,100000,32.36998748779297,-103.81077575683594,5.435295104980469
189497,episode_end,437.8842113504927,557,0.010000000000000005,200.0,,,,
189604,episode_end,113.30882065034214,107,0.010000000000000005,200.0,,,,
189721,episode_end,146.41982960479552,117,0.010000000000000005,200.0,,,,
190000,train_step,,,0.010000000000000005,200.0,100000,17.100364685058594,-103.47964477539062,5.694525718688965
190721,episode_end,89.82426828770426,1000,0.010000000000000005,200.0,,,,
190829,episode_end,116.59962421278965,108,0.010000000000000005,200.0,,,,
191000,train_step,,,0.010000000000000005,200.0,100000,273.2086181640625,-108.6420669555664,5.277866363525391
191829,episode_end,131.16456618588333,1000,0.010000000000000005,200.0,,,,
192000,train_step,,,0.010000000000000005,200.0,100000,33.78163528442383,-102.33201599121094,5.687773704528809
192034,episode_end,464.75834002910324,205,0.010000000000000005,200.0,,,,
192267,episode_end,455.8603577615968,233,0.010000000000000005,200.0,,,,
192705,episode_end,417.2173029335722,438,0.010000000000000005,200.0,,,,
193000,train_step,,,0.010000000000000005,200.0,100000,106.55825805664062,-101.44483184814453,5.599219799041748
193053,episode_end,433.72467509827766,348,0.010000000000000005,200.0,,,,
193251,episode_end,504.1967739848305,198,0.010000000000000005,200.0,,,,
193390,episode_end,199.17063150447711,139,0.010000000000000005,200.0,,,,
193597,episode_end,454.4382192730628,207,0.010000000000000005,200.0,,,,
194000,train_step,,,0.010000000000000005,200.0,100000,24.08478546142578,-116.1705093383789,5.239029884338379
194563,episode_end,337.58805458377344,966,0.010000000000000005,200.0,,,,
194945,episode_end,471.2192270791548,382,0.010000000000000005,200.0,,,,
195000,train_step,,,0.010000000000000005,200.0,100000,24.029556274414062,-103.80450439453125,5.483521461486816
195212,episode_end,475.8901069221433,267,0.010000000000000005,200.0,,,,
196000,train_step,,,0.010000000000000005,200.0,100000,329.35748291015625,-108.13065338134766,5.514251232147217
196212,episode_end,144.08491260478522,1000,0.010000000000000005,200.0,,,,
196464,episode_end,498.4800704995431,252,0.010000000000000005,200.0,,,,
196678,episode_end,100.53343452869373,214,0.010000000000000005,200.0,,,,
196949,episode_end,240.96047898187032,271,0.010000000000000005,200.0,,,,
197000,train_step,,,0.010000000000000005,200.0,100000,19.981407165527344,-108.74126434326172,5.085944175720215
197355,episode_end,135.80504992136852,406,0.010000000000000005,200.0,,,,
197577,episode_end,257.1307987999571,222,0.010000000000000005,200.0,,,,
197910,episode_end,498.08429212325933,333,0.010000000000000005,200.0,,,,
198000,train_step,,,0.010000000000000005,200.0,100000,54.98597717285156,-101.8758773803711,5.1724443435668945
198275,episode_end,450.8190020171237,365,0.010000000000000005,200.0,,,,
198798,episode_end,435.79998982645884,523,0.010000000000000005,200.0,,,,
199000,train_step,,,0.010000000000000005,200.0,100000,220.79238891601562,-109.50225830078125,5.352572917938232
199395,episode_end,411.741430609233,597,0.010000000000000005,200.0,,,,
200000,train_step,,,0.010000000000000005,200.0,100000,28.482318878173828,-104.36168670654297,5.4882941246032715
200395,episode_end,-89.45743543809742,1000,0.010000000000000005,200.0,,,,
200663,episode_end,450.0802042027399,268,0.010000000000000005,200.0,,,,
200970,episode_end,485.2584068356797,307,0.010000000000000005,200.0,,,,
201000,train_step,,,0.010000000000000005,200.0,100000,17.00688934326172,-109.96841430664062,5.213352203369141
201970,episode_end,123.98609660158596,1000,0.010000000000000005,200.0,,,,
202000,train_step,,,0.010000000000000005,200.0,100000,16.328474044799805,-102.82958984375,5.136011123657227
202498,episode_end,55.115049463009086,528,0.010000000000000005,200.0,,,,
202877,episode_end,-34.32026052101452,379,0.010000000000000005,200.0,,,,
203000,train_step,,,0.010000000000000005,200.0,100000,24.663177490234375,-98.8225326538086,5.2559123039245605
203481,episode_end,399.4267965414053,604,0.010000000000000005,200.0,,,,
203756,episode_end,489.19883113371714,275,0.010000000000000005,200.0,,,,
203941,episode_end,457.14007312931125,185,0.010000000000000005,200.0,,,,
204000,train_step,,,0.010000000000000005,200.0,100000,84.31642150878906,-101.45034790039062,4.916558265686035
204306,episode_end,224.30164720030263,365,0.010000000000000005,200.0,,,,
204649,episode_end,463.8548257287747,343,0.010000000000000005,200.0,,,,
205000,train_step,,,0.010000000000000005,200.0,100000,40.891300201416016,-105.78703308105469,4.992640495300293
205325,episode_end,203.11078347304598,676,0.010000000000000005,200.0,,,,
205624,episode_end,469.9182936914932,299,0.010000000000000005,200.0,,,,
206000,train_step,,,0.010000000000000005,200.0,100000,19.781375885009766,-102.77197265625,5.116306304931641
206624,episode_end,-275.25402271156355,1000,0.010000000000000005,200.0,,,,
207000,train_step,,,0.010000000000000005,200.0,100000,24.378520965576172,-102.25481414794922,5.140668869018555
207022,episode_end,393.4881773085882,398,0.010000000000000005,200.0,,,,
207174,episode_end,-91.30507980867488,152,0.010000000000000005,200.0,,,,
207300,episode_end,-133.88810390795558,126,0.010000000000000005,200.0,,,,
207490,episode_end,-121.63246939719303,190,0.010000000000000005,200.0,,,,
207713,episode_end,-131.56071123471892,223,0.010000000000000005,200.0,,,,
208000,train_step,,,0.010000000000000005,200.0,100000,19.93263053894043,-104.32975769042969,4.858583450317383
208227,episode_end,418.1391029377222,514,0.010000000000000005,200.0,,,,
208516,episode_end,-60.52328593038797,289,0.010000000000000005,200.0,,,,
208868,episode_end,435.2411303187674,352,0.010000000000000005,200.0,,,,
209000,train_step,,,0.010000000000000005,200.0,100000,30.33719825744629,-108.48389434814453,5.248617172241211
209184,episode_end,467.95683269247195,316,0.010000000000000005,200.0,,,,
209533,episode_end,444.0819224409514,349,0.010000000000000005,200.0,,,,
210000,train_step,,,0.010000000000000005,200.0,100000,28.26919174194336,-105.08262634277344,5.677671432495117
210173,episode_end,398.29831258148005,640,0.010000000000000005,200.0,,,,
210511,episode_end,445.3437630567303,338,0.010000000000000005,200.0,,,,
211000,train_step,,,0.010000000000000005,200.0,100000,35.09602737426758,-98.76516723632812,5.394049644470215
211193,episode_end,225.2191509164216,682,0.010000000000000005,200.0,,,,
211520,episode_end,427.57236868851237,327,0.010000000000000005,200.0,,,,
212000,train_step,,,0.010000000000000005,200.0,100000,291.56243896484375,-100.97401428222656,5.064859390258789
212010,episode_end,454.53187834592825,490,0.010000000000000005,200.0,,,,
212208,episode_end,467.2182137959752,198,0.010000000000000005,200.0,,,,
212658,episode_end,407.3342672686713,450,0.010000000000000005,200.0,,,,
212864,episode_end,447.46673555701426,206,0.010000000000000005,200.0,,,,
213000,train_step,,,0.010000000000000005,200.0,100000,44.7038459777832,-100.56243896484375,5.1673688888549805
213766,episode_end,395.8389144410231,902,0.010000000000000005,200.0,,,,
214000,train_step,,,0.010000000000000005,200.0,100000,178.13201904296875,-103.29536437988281,5.247762680053711
214080,episode_end,463.1878432641297,314,0.010000000000000005,200.0,,,,
214608,episode_end,420.31521213422326,528,0.010000000000000005,200.0,,,,
214860,episode_end,465.4954690501168,252,0.010000000000000005,200.0,,,,
215000,train_step,,,0.010000000000000005,200.0,100000,135.52772521972656,-103.29755401611328,5.011584281921387
215071,episode_end,467.6457930315218,211,0.010000000000000005,200.0,,,,
215484,episode_end,454.6308686550449,413,0.010000000000000005,200.0,,,,
215725,episode_end,441.6406346553007,241,0.010000000000000005,200.0,,,,
215936,episode_end,481.3334259772317,211,0.010000000000000005,200.0,,,,
216000,train_step,,,0.010000000000000005,200.0,100000,383.2491455078125,-104.63554382324219,5.295708656311035
216260,episode_end,435.8509998568049,324,0.010000000000000005,200.0,,,,
216575,episode_end,475.103027699112,315,0.010000000000000005,200.0,,,,
216978,episode_end,385.7757201366798,403,0.010000000000000005,200.0,,,,
217000,train_step,,,0.010000000000000005,200.0,100000,64.18991088867188,-105.6455078125,5.2484331130981445
217164,episode_end,480.45293488063186,186,0.010000000000000005,200.0,,,,
217383,episode_end,445.4993490962284,219,0.010000000000000005,200.0,,,,
218000,train_step,,,0.010000000000000005,200.0,100000,172.64236450195312,-99.03518676757812,4.974372386932373
218162,episode_end,333.3727445849224,779,0.010000000000000005,200.0,,,,
218494,episode_end,484.0987577505805,332,0.010000000000000005,200.0,,,,
218820,episode_end,460.7840420316488,326,0.010000000000000005,200.0,,,,
219000,train_step,,,0.010000000000000005,200.0,100000,13.419933319091797,-101.49786376953125,5.0521087646484375
219213,episode_end,450.58161665226993,393,0.010000000000000005,200.0,,,,
219554,episode_end,475.0007812869104,341,0.010000000000000005,200.0,,,,
219960,episode_end,337.7524519871587,406,0.010000000000000005,200.0,,,,
220000,train_step,,,0.010000000000000005,200.0,100000,413.10833740234375,-103.19453430175781,5.13164758682251
220198,episode_end,450.6325214832137,238,0.010000000000000005,200.0,,,,
220441,episode_end,512.0008877234203,243,0.010000000000000005,200.0,,,,
220613,episode_end,467.69234166204905,172,0.010000000000000005,200.0,,,,
221000,train_step,,,0.010000000000000005,200.0,100000,17.348186492919922,-102.67318725585938,5.335738182067871
221014,episode_end,450.6763325883989,401,0.010000000000000005,200.0,,,,
221402,episode_end,463.1778946611985,388,0.010000000000000005,200.0,,,,
222000,train_step,,,0.010000000000000005,200.0,100000,25.099979400634766,-102.9829330444336,5.351109027862549
222237,episode_end,400.2497777101038,835,0.010000000000000005,200.0,,,,
222428,episode_end,486.63950548261323,191,0.010000000000000005,200.0,,,,
222898,episode_end,462.44426784698413,470,0.010000000000000005,200.0,,,,
223000,train_step,,,0.010000000000000005,200.0,100000,88.8587646484375,-100.16416931152344,5.105409622192383
223232,episode_end,473.82383062079487,334,0.010000000000000005,200.0,,,,
223759,episode_end,428.8329905872442,527,0.010000000000000005,200.0,,,,
224000,train_step,,,0.010000000000000005,200.0,100000,224.1136474609375,-101.4854965209961,5.448843955993652
224391,episode_end,433.35797308660074,632,0.010000000000000005,200.0,,,,
224700,episode_end,486.58418268614656,309,0.010000000000000005,200.0,,,,
225000,train_step,,,0.010000000000000005,200.0,100000,56.46159362792969,-104.38301086425781,5.192036151885986
225276,episode_end,436.8756646175793,576,0.010000000000000005,200.0,,,,
225488,episode_end,472.2593277363445,212,0.010000000000000005,200.0,,,,
225754,episode_end,467.4227036015879,266,0.010000000000000005,200.0,,,,
225988,episode_end,493.3554242986011,234,0.010000000000000005,200.0,,,,
226000,train_step,,,0.010000000000000005,200.0,100000,60.15034484863281,-98.41638946533203,5.571298599243164
226331,episode_end,433.3848145221325,343,0.010000000000000005,200.0,,,,
226799,episode_end,427.08275256413907,468,0.010000000000000005,200.0,,,,
227000,train_step,,,0.010000000000000005,200.0,100000,23.92407989501953,-98.3792495727539,5.276666641235352
227056,episode_end,490.08673509261615,257,0.010000000000000005,200.0,,,,
227290,episode_end,494.82663920539034,234,0.010000000000000005,200.0,,,,
227623,episode_end,408.0997704102417,333,0.010000000000000005,200.0,,,,
227895,episode_end,437.55102862445875,272,0.010000000000000005,200.0,,,,
228000,train_step,,,0.010000000000000005,200.0,100000,402.85400390625,-107.39482116699219,5.472460746765137
228076,episode_end,477.80479062874656,181,0.010000000000000005,200.0,,,,
229000,train_step,,,0.010000000000000005,200.0,100000,88.06005096435547,-101.40006256103516,5.570586204528809
229076,episode_end,118.71815914339047,1000,0.010000000000000005,200.0,,,,
229341,episode_end,509.7750015779304,265,0.010000000000000005,200.0,,,,
229568,episode_end,471.38010042551304,227,0.010000000000000005,200.0,,,,
229818,episode_end,481.2778938140724,250,0.010000000000000005,200.0,,,,
230000,train_step,,,0.010000000000000005,200.0,100000,89.75590515136719,-101.80619812011719,5.507802963256836
230060,episode_end,510.03295881638167,242,0.010000000000000005,200.0,,,,
230259,episode_end,470.0983631736395,199,0.010000000000000005,200.0,,,,
230496,episode_end,462.18171967201994,237,0.010000000000000005,200.0,,,,
230776,episode_end,494.3442563278394,280,0.010000000000000005,200.0,,,,
230936,episode_end,469.84965321147115,160,0.010000000000000005,200.0,,,,
231000,train_step,,,0.010000000000000005,200.0,100000,182.99822998046875,-99.02577209472656,5.425736427307129
231132,episode_end,454.73765801403204,196,0.010000000000000005,200.0,,,,
231381,episode_end,507.1105667530844,249,0.010000000000000005,200.0,,,,
231645,episode_end,428.48533379509706,264,0.010000000000000005,200.0,,,,
231828,episode_end,468.8610030195214,183,0.010000000000000005,200.0,,,,
232000,train_step,,,0.010000000000000005,200.0,100000,93.74561309814453,-106.74092864990234,5.635867595672607
232026,episode_end,443.5203227034255,198,0.010000000000000005,200.0,,,,
232307,episode_end,437.82749213354936,281,0.010000000000000005,200.0,,,,
232610,episode_end,477.4558909239094,303,0.010000000000000005,200.0,,,,
232790,episode_end,450.95228322725313,180,0.010000000000000005,200.0,,,,
232973,episode_end,469.8336073914388,183,0.010000000000000005,200.0,,,,
233000,train_step,,,0.010000000000000005,200.0,100000,17.605072021484375,-104.20271301269531,5.54115104675293
233252,episode_end,489.0474957496667,279,0.010000000000000005,200.0,,,,
233441,episode_end,447.4663572406742,189,0.010000000000000005,200.0,,,,
233612,episode_end,444.4860340838917,171,0.010000000000000005,200.0,,,,
233895,episode_end,476.18726835435734,283,0.010000000000000005,200.0,,,,
234000,train_step,,,0.010000000000000005,200.0,100000,253.857177734375,-106.17799377441406,5.4994683265686035
234170,episode_end,459.6289836861423,275,0.010000000000000005,200.0,,,,
234381,episode_end,467.2631996829904,211,0.010000000000000005,200.0,,,,
234630,episode_end,468.13467020936855,249,0.010000000000000005,200.0,,,,
235000,train_step,,,0.010000000000000005,200.0,100000,259.0113525390625,-104.82589721679688,5.781927108764648
235630,episode_end,156.083627322805,1000,0.010000000000000005,200.0,,,,
235931,episode_end,483.53120132467916,301,0.010000000000000005,200.0,,,,
236000,train_step,,,0.010000000000000005,200.0,100000,430.56591796875,-101.53959655761719,5.877091884613037
236256,episode_end,487.7043604625157,325,0.010000000000000005,200.0,,,,
236546,episode_end,466.6095872164185,290,0.010000000000000005,200.0,,,,
236904,episode_end,442.6935557242294,358,0.010000000000000005,200.0,,,,
237000,train_step,,,0.010000000000000005,200.0,100000,104.91297912597656,-102.66136932373047,5.27114725112915
237159,episode_end,464.24357929426895,255,0.010000000000000005,200.0,,,,
237746,episode_end,365.33225026589395,587,0.010000000000000005,200.0,,,,
238000,train_step,,,0.010000000000000005,200.0,100000,260.18603515625,-104.16004943847656,5.191150665283203
238045,episode_end,445.98541923415473,299,0.010000000000000005,200.0,,,,
238256,episode_end,438.7237473813107,211,0.010000000000000005,200.0,,,,
238473,episode_end,479.36513462504706,217,0.010000000000000005,200.0,,,,
238682,episode_end,445.5758593723964,209,0.010000000000000005,200.0,,,,
238936,episode_end,462.8640787777079,254,0.010000000000000005,200.0,,,,
239000,train_step,,,0.010000000000000005,200.0,100000,19.969411849975586,-107.20098114013672,5.363265037536621
239323,episode_end,475.4858542269788,387,0.010000000000000005,200.0,,,,
239575,episode_end,480.5714945720248,252,0.010000000000000005,200.0,,,,
240000,train_step,,,0.010000000000000005,200.0,100000,54.27842712402344,-107.69034576416016,5.432329177856445
240162,episode_end,383.5351741970086,587,0.010000000000000005,200.0,,,,
240496,episode_end,233.4437034053393,334,0.010000000000000005,200.0,,,,
240856,episode_end,481.48811732142445,360,0.010000000000000005,200.0,,,,
240956,episode_end,-464.81153838109236,100,0.010000000000000005,200.0,,,,
241000,train_step,,,0.010000000000000005,200.0,100000,28.710708618164062,-103.09529876708984,5.1892242431640625
241087,episode_end,92.45918474576558,131,0.010000000000000005,200.0,,,,
241251,episode_end,438.46610710739265,164,0.010000000000000005,200.0,,,,
241446,episode_end,453.70209839229693,195,0.010000000000000005,200.0,,,,
241620,episode_end,433.63411864962734,174,0.010000000000000005,200.0,,,,
241895,episode_end,493.68137074112275,275,0.010000000000000005,200.0,,,,
241994,episode_end,-228.04168665514175,99,0.010000000000000005,200.0,,,,
242000,train_step,,,0.010000000000000005,200.0,100000,28.67184066772461,-110.37288665771484,5.3657426834106445
242199,episode_end,459.36558167013675,205,0.010000000000000005,200.0,,,,
242305,episode_end,-487.4881851914782,106,0.010000000000000005,200.0,,,,
242477,episode_end,462.63369647268445,172,0.010000000000000005,200.0,,,,
242597,episode_end,145.02991500346798,120,0.010000000000000005,200.0,,,,
243000,train_step,,,0.010000000000000005,200.0,100000,221.67117309570312,-108.93695831298828,5.1934356689453125
243112,episode_end,449.14739941877167,515,0.010000000000000005,200.0,,,,
243442,episode_end,475.78912977720387,330,0.010000000000000005,200.0,,,,
244000,train_step,,,0.010000000000000005,200.0,100000,96.19123077392578,-118.31065368652344,5.20966911315918
244250,episode_end,346.8493172571197,808,0.010000000000000005,200.0,,,,
244549,episode_end,468.1076953060144,299,0.010000000000000005,200.0,,,,
245000,train_step,,,0.010000000000000005,200.0,100000,23.939794540405273,-108.51720428466797,5.182309627532959
245453,episode_end,330.7616993794072,904,0.010000000000000005,200.0,,,,
246000,train_step,,,0.010000000000000005,200.0,100000,57.19609832763672,-109.61795043945312,5.205171585083008
246453,episode_end,112.9379243926004,1000,0.010000000000000005,200.0,,,,
246705,episode_end,463.3656769583292,252,0.010000000000000005,200.0,,,,
246898,episode_end,491.75823521080434,193,0.010000000000000005,200.0,,,,
247000,train_step,,,0.010000000000000005,200.0,100000,60.202972412109375,-112.88580322265625,5.350316524505615
247095,episode_end,484.23602561772435,197,0.010000000000000005,200.0,,,,
248000,train_step,,,0.010000000000000005,200.0,100000,46.261688232421875,-114.21305847167969,5.272090911865234
248095,episode_end,76.01142035299848,1000,0.010000000000000005,200.0,,,,
248309,episode_end,468.2858922952001,214,0.010000000000000005,200.0,,,,
249000,train_step,,,0.010000000000000005,200.0,100000,213.91976928710938,-109.07929992675781,5.085042476654053
249309,episode_end,120.17350706611653,1000,0.010000000000000005,200.0,,,,
249532,episode_end,466.17542160389047,223,0.010000000000000005,200.0,,,,
249762,episode_end,469.4170097317056,230,0.010000000000000005,200.0,,,,
250000,train_step,,,0.010000000000000005,200.0,100000,324.66448974609375,-116.46146392822266,5.568398475646973
250448,episode_end,383.8180222693462,686,0.010000000000000005,200.0,,,,
250671,episode_end,524.3198754973265,223,0.010000000000000005,200.0,,,,
251000,train_step,,,0.010000000000000005,200.0,100000,18.70574951171875,-110.27648162841797,5.1997551918029785
251671,episode_end,115.07380535941277,1000,0.010000000000000005,200.0,,,,
251835,episode_end,461.7693334366582,164,0.010000000000000005,200.0,,,,
252000,train_step,,,0.010000000000000005,200.0,100000,38.149505615234375,-109.63294219970703,5.159300804138184
252048,episode_end,471.83823515106417,213,0.010000000000000005,200.0,,,,
252309,episode_end,493.215095182191,261,0.010000000000000005,200.0,,,,
252531,episode_end,480.35546379874745,222,0.010000000000000005,200.0,,,,
252781,episode_end,440.8878710934572,250,0.010000000000000005,200.0,,,,
253000,train_step,,,0.010000000000000005,200.0,100000,25.998092651367188,-110.44322204589844,5.344723701477051
253060,episode_end,513.1352951599604,279,0.010000000000000005,200.0,,,,
253727,episode_end,389.9924745093576,667,0.010000000000000005,200.0,,,,
253944,episode_end,466.3206274241148,217,0.010000000000000005,200.0,,,,
254000,train_step,,,0.010000000000000005,200.0,100000,23.7183837890625,-111.1456298828125,5.543924331665039
254140,episode_end,471.23310209164407,196,0.010000000000000005,200.0,,,,
254388,episode_end,501.4990914947205,248,0.010000000000000005,200.0,,,,
254611,episode_end,473.7699224769152,223,0.010000000000000005,200.0,,,,
254844,episode_end,479.68019405715864,233,0.010000000000000005,200.0,,,,
255000,train_step,,,0.010000000000000005,200.0,100000,91.9415054321289,-111.74586486816406,5.739470481872559
255256,episode_end,403.6208113364092,412,0.010000000000000005,200.0,,,,
255464,episode_end,473.668152247001,208,0.010000000000000005,200.0,,,,
255831,episode_end,432.2578176897727,367,0.010000000000000005,200.0,,,,
256000,train_step,,,0.010000000000000005,200.0,100000,26.352928161621094,-120.29200744628906,5.685811996459961
256391,episode_end,385.38996526612857,560,0.010000000000000005,200.0,,,,
257000,train_step,,,0.010000000000000005,200.0,100000,20.036109924316406,-112.53080749511719,5.173555374145508
257044,episode_end,372.0664331161538,653,0.010000000000000005,200.0,,,,
257289,episode_end,478.49283958670264,245,0.010000000000000005,200.0,,,,
257498,episode_end,457.759251210578,209,0.010000000000000005,200.0,,,,
257713,episode_end,480.6886496980258,215,0.010000000000000005,200.0,,,,
257944,episode_end,470.8303185190658,231,0.010000000000000005,200.0,,,,
258000,train_step,,,0.010000000000000005,200.0,100000,472.15557861328125,-112.42903137207031,5.356912136077881
258168,episode_end,238.49400996468523,224,0.010000000000000005,200.0,,,,
258375,episode_end,439.4113146387554,207,0.010000000000000005,200.0,,,,
258648,episode_end,460.51151496900775,273,0.010000000000000005,200.0,,,,
258810,episode_end,472.0790691738348,162,0.010000000000000005,200.0,,,,
259000,train_step,,,0.010000000000000005,200.0,100000,50.732032775878906,-109.23066711425781,5.563925743103027
259109,episode_end,262.01972788193666,299,0.010000000000000005,200.0,,,,
259354,episode_end,477.8755648392016,245,0.010000000000000005,200.0,,,,
259555,episode_end,460.03487193602143,201,0.010000000000000005,200.0,,,,
259741,episode_end,451.20811396350257,186,0.010000000000000005,200.0,,,,
259956,episode_end,469.62569144849516,215,0.010000000000000005,200.0,,,,
260000,train_step,,,0.010000000000000005,200.0,100000,22.062984466552734,-107.21218872070312,5.679135799407959
260123,episode_end,470.3569187411456,167,0.010000000000000005,200.0,,,,
260350,episode_end,476.9145501813642,227,0.010000000000000005,200.0,,,,
260592,episode_end,475.0618544610372,242,0.010000000000000005,200.0,,,,
261000,train_step,,,0.010000000000000005,200.0,100000,38.86376190185547,-113.10867309570312,5.399232864379883
261592,episode_end,175.21122060231713,1000,0.010000000000000005,200.0,,,,
262000,train_step,,,0.010000000000000005,200.0,100000,114.91333770751953,-124.84475708007812,5.429820537567139
262592,episode_end,141.4985978658618,1000,0.010000000000000005,200.0,,,,
262851,episode_end,503.50345602816606,259,0.010000000000000005,200.0,,,,
263000,train_step,,,0.010000000000000005,200.0,100000,113.2076416015625,-116.44812774658203,5.713974475860596
263851,episode_end,136.96269219375506,1000,0.010000000000000005,200.0,,,,
264000,train_step,,,0.010000000000000005,200.0,100000,144.0706787109375,-117.59776306152344,5.825514316558838
264086,episode_end,500.3063559397187,235,0.010000000000000005,200.0,,,,
264248,episode_end,489.4805926791621,162,0.010000000000000005,200.0,,,,
264454,episode_end,460.5670175718296,206,0.010000000000000005,200.0,,,,
264701,episode_end,492.6610420506842,247,0.010000000000000005,200.0,,,,
264821,episode_end,-22.809299680692533,120,0.010000000000000005,200.0,,,,
265000,train_step,,,0.010000000000000005,200.0,100000,18.610126495361328,-120.05780029296875,5.540358543395996
265047,episode_end,477.68615831715334,226,0.010000000000000005,200.0,,,,
265244,episode_end,464.2490108123944,197,0.010000000000000005,200.0,,,,
265434,episode_end,448.05188733614347,190,0.010000000000000005,200.0,,,,
265616,episode_end,427.5132131151954,182,0.010000000000000005,200.0,,,,
265859,episode_end,500.13384259227126,243,0.010000000000000005,200.0,,,,
266000,train_step,,,0.010000000000000005,200.0,100000,21.267486572265625,-120.46219635009766,5.620267868041992
266088,episode_end,483.17150266743664,229,0.010000000000000005,200.0,,,,
266237,episode_end,-265.8182600799442,149,0.010000000000000005,200.0,,,,
266412,episode_end,446.5033755724988,175,0.010000000000000005,200.0,,,,
266545,episode_end,-42.15160200546309,133,0.010000000000000005,200.0,,,,
266681,episode_end,98.19378621909473,136,0.010000000000000005,200.0,,,,
267000,train_step,,,0.010000000000000005,200.0,100000,133.32984924316406,-119.61809539794922,5.599447250366211
267266,episode_end,431.8580984660395,585,0.010000000000000005,200.0,,,,
267529,episode_end,282.2893325635381,263,0.010000000000000005,200.0,,,,
267855,episode_end,456.4429211055309,326,0.010000000000000005,200.0,,,,
268000,train_step,,,0.010000000000000005,200.0,100000,31.58531379699707,-116.69963073730469,6.21956729888916
268089,episode_end,481.2405845227568,234,0.010000000000000005,200.0,,,,
268495,episode_end,451.30070311233993,406,0.010000000000000005,200.0,,,,
268695,episode_end,451.07181012231166,200,0.010000000000000005,200.0,,,,
268960,episode_end,470.460932166977,265,0.010000000000000005,200.0,,,,
269000,train_step,,,0.010000000000000005,200.0,100000,21.31389808654785,-123.29608154296875,5.523880958557129
269125,episode_end,457.4214335085189,165,0.010000000000000005,200.0,,,,
269423,episode_end,482.6450746587961,298,0.010000000000000005,200.0,,,,
269601,episode_end,477.78546689061517,178,0.010000000000000005,200.0,,,,
269809,episode_end,468.36128672540195,208,0.010000000000000005,200.0,,,,
269980,episode_end,485.8751709810301,171,0.010000000000000005,200.0,,,,
270000,train_step,,,0.010000000000000005,200.0,100000,50.540794372558594,-119.39349365234375,6.070258617401123
270263,episode_end,491.8431463736603,283,0.010000000000000005,200.0,,,,
270542,episode_end,449.7815427630027,279,0.010000000000000005,200.0,,,,
270803,episode_end,457.88169699898424,261,0.010000000000000005,200.0,,,,
271000,train_step,,,0.010000000000000005,200.0,100000,148.093505859375,-121.39508056640625,5.734748363494873
271086,episode_end,480.6875190733647,283,0.010000000000000005,200.0,,,,
271324,episode_end,489.6631544652478,238,0.010000000000000005,200.0,,,,
271521,episode_end,452.40263475321234,197,0.010000000000000005,200.0,,,,
271762,episode_end,473.46607163539244,241,0.010000000000000005,200.0,,,,
271974,episode_end,492.45543778140836,212,0.010000000000000005,200.0,,,,
272000,train_step,,,0.010000000000000005,200.0,100000,210.24444580078125,-123.34474182128906,6.54134464263916
272157,episode_end,439.1756691377922,183,0.010000000000000005,200.0,,,,
272394,episode_end,502.15335079489586,237,0.010000000000000005,200.0,,,,
272562,episode_end,466.410531039751,168,0.010000000000000005,200.0,,,,
272760,episode_end,487.78659313599326,198,0.010000000000000005,200.0,,,,
273000,train_step,,,0.010000000000000005,200.0,100000,318.1907043457031,-120.9844741821289,6.129499435424805
273021,episode_end,463.43412008138847,261,0.010000000000000005,200.0,,,,
273209,episode_end,464.0237310908597,188,0.010000000000000005,200.0,,,,
274000,train_step,,,0.010000000000000005,200.0,100000,252.4080352783203,-123.80859375,5.831616401672363
274209,episode_end,267.9036001583273,1000,0.010000000000000005,200.0,,,,
274437,episode_end,435.32940178158776,228,0.010000000000000005,200.0,,,,
274633,episode_end,462.79836510301135,196,0.010000000000000005,200.0,,,,
274883,episode_end,492.7425370122184,250,0.010000000000000005,200.0,,,,
275000,train_step,,,0.010000000000000005,200.0,100000,64.07852172851562,-119.50287628173828,6.33430814743042
275176,episode_end,499.0055106870536,293,0.010000000000000005,200.0,,,,
275504,episode_end,461.86287079457145,328,0.010000000000000005,200.0,,,,
275722,episode_end,466.12896576698574,218,0.010000000000000005,200.0,,,,
275935,episode_end,458.365336957226,213,0.010000000000000005,200.0,,,,
276000,train_step,,,0.010000000000000005,200.0,100000,22.150318145751953,-118.22941589355469,5.856139183044434
276127,episode_end,448.68912902999864,192,0.010000000000000005,200.0,,,,
276453,episode_end,443.1620760586607,326,0.010000000000000005,200.0,,,,
276607,episode_end,209.56815701894948,154,0.010000000000000005,200.0,,,,
276878,episode_end,477.74131552810417,271,0.010000000000000005,200.0,,,,
277000,train_step,,,0.010000000000000005,200.0,100000,165.41421508789062,-119.59099578857422,5.923487663269043
277108,episode_end,292.6959914547348,230,0.010000000000000005,200.0,,,,
277309,episode_end,448.49164080789393,201,0.010000000000000005,200.0,,,,
277505,episode_end,473.6272660437048,196,0.010000000000000005,200.0,,,,
277700,episode_end,437.28176762167124,195,0.010000000000000005,200.0,,,,
277926,episode_end,453.6639446964852,226,0.010000000000000005,200.0,,,,
278000,train_step,,,0.010000000000000005,200.0,100000,64.5206298828125,-125.62986755371094,6.117763519287109
278122,episode_end,452.1118800179565,196,0.010000000000000005,200.0,,,,
278294,episode_end,474.5047897081624,172,0.010000000000000005,200.0,,,,
278537,episode_end,470.47763588296937,243,0.010000000000000005,200.0,,,,
278822,episode_end,284.14174936715153,285,0.010000000000000005,200.0,,,,
279000,train_step,,,0.010000000000000005,200.0,100000,217.56163024902344,-124.93731689453125,6.401869773864746
279303,episode_end,402.92768079476934,481,0.010000000000000005,200.0,,,,
280000,train_step,,,0.010000000000000005,200.0,100000,30.832828521728516,-126.99359130859375,5.838014125823975
280087,episode_end,378.0069535112116,784,0.010000000000000005,200.0,,,,
280380,episode_end,429.6339910908124,293,0.010000000000000005,200.0,,,,
280635,episode_end,481.92837489132035,255,0.010000000000000005,200.0,,,,
281000,train_step,,,0.010000000000000005,200.0,100000,57.12061309814453,-124.15480041503906,5.73370361328125
281069,episode_end,365.7252360958166,434,0.010000000000000005,200.0,,,,
281295,episode_end,476.6629232163367,226,0.010000000000000005,200.0,,,,
281489,episode_end,437.3547884088268,194,0.010000000000000005,200.0,,,,
282000,train_step,,,0.010000000000000005,200.0,100000,60.14470672607422,-120.1827163696289,5.423328399658203
282054,episode_end,393.85568987192704,565,0.010000000000000005,200.0,,,,
282258,episode_end,468.0194830293475,204,0.010000000000000005,200.0,,,,
283000,train_step,,,0.010000000000000005,200.0,100000,72.93687438964844,-123.08573913574219,5.726040840148926
283120,episode_end,365.0420899401497,862,0.010000000000000005,200.0,,,,
283292,episode_end,447.1515540396006,172,0.010000000000000005,200.0,,,,
283638,episode_end,414.0321748695355,346,0.010000000000000005,200.0,,,,
283870,episode_end,496.2891471123701,232,0.010000000000000005,200.0,,,,
284000,train_step,,,0.010000000000000005,200.0,100000,23.55650520324707,-132.65408325195312,5.700320720672607
284094,episode_end,442.74034617315135,224,0.010000000000000005,200.0,,,,
284386,episode_end,399.67752672620134,292,0.010000000000000005,200.0,,,,
284577,episode_end,448.61449127119675,191,0.010000000000000005,200.0,,,,
284849,episode_end,426.0593152407009,272,0.010000000000000005,200.0,,,,
285000,train_step,,,0.010000000000000005,200.0,100000,170.71839904785156,-123.98260498046875,5.997875690460205
285077,episode_end,463.7991578293054,228,0.010000000000000005,200.0,,,,
285355,episode_end,361.25326010803064,278,0.010000000000000005,200.0,,,,
285911,episode_end,404.27103305994734,556,0.010000000000000005,200.0,,,,
286000,train_step,,,0.010000000000000005,200.0,100000,459.83416748046875,-131.21127319335938,6.138486862182617
286518,episode_end,437.6632756627555,607,0.010000000000000005,200.0,,,,
286800,episode_end,454.4855044003853,282,0.010000000000000005,200.0,,,,
287000,train_step,,,0.010000000000000005,200.0,100000,116.77116394042969,-131.05914306640625,6.173501968383789
287155,episode_end,458.2991241840535,355,0.010000000000000005,200.0,,,,
287510,episode_end,462.535681891827,355,0.010000000000000005,200.0,,,,
287711,episode_end,472.39598904665877,201,0.010000000000000005,200.0,,,,
287981,episode_end,453.8206719234708,270,0.010000000000000005,200.0,,,,
288000,train_step,,,0.010000000000000005,200.0,100000,19.215744018554688,-125.95242309570312,5.941770553588867
288324,episode_end,456.23229551938203,343,0.010000000000000005,200.0,,,,
288575,episode_end,458.99898218625526,251,0.010000000000000005,200.0,,,,
288768,episode_end,471.8619852407387,193,0.010000000000000005,200.0,,,,
289000,train_step,,,0.010000000000000005,200.0,100000,21.29022216796875,-130.32273864746094,5.763068675994873
289045,episode_end,440.6155575168351,277,0.010000000000000005,200.0,,,,
289334,episode_end,471.71450929344525,289,0.010000000000000005,200.0,,,,
289534,episode_end,464.07081812264056,200,0.010000000000000005,200.0,,,,
289844,episode_end,445.338615105901,310,0.010000000000000005,200.0,,,,
290000,train_step,,,0.010000000000000005,200.0,100000,33.34364318847656,-123.4652099609375,5.892457008361816
290067,episode_end,479.8776319849254,223,0.010000000000000005,200.0,,,,
290404,episode_end,475.7078337841124,337,0.010000000000000005,200.0,,,,
290608,episode_end,473.4463671793471,204,0.010000000000000005,200.0,,,,
290834,episode_end,484.17950161347113,226,0.010000000000000005,200.0,,,,
291000,train_step,,,0.010000000000000005,200.0,100000,45.817787170410156,-128.95091247558594,5.876560688018799
291118,episode_end,485.7757037984292,284,0.010000000000000005,200.0,,,,
291446,episode_end,444.1956676485067,328,0.010000000000000005,200.0,,,,
291826,episode_end,461.65774895109877,380,0.010000000000000005,200.0,,,,
291944,episode_end,129.2367247857828,118,0.010000000000000005,200.0,,,,
292000,train_step,,,0.010000000000000005,200.0,100000,228.98178100585938,-122.94063568115234,5.532098770141602
292262,episode_end,441.1092156444228,318,0.010000000000000005,200.0,,,,
292492,episode_end,494.6515770618397,230,0.010000000000000005,200.0,,,,
292616,episode_end,182.4533969453911,124,0.010000000000000005,200.0,,,,
293000,train_step,,,0.010000000000000005,200.0,100000,270.0126953125,-131.437255859375,6.271084785461426
293289,episode_end,392.45149337380377,673,0.010000000000000005,200.0,,,,
293518,episode_end,471.2293289146404,229,0.010000000000000005,200.0,,,,
294000,train_step,,,0.010000000000000005,200.0,100000,15.904130935668945,-127.94742584228516,6.1904401779174805
294206,episode_end,423.18970451760083,688,0.010000000000000005,200.0,,,,
294403,episode_end,471.0609121464605,197,0.010000000000000005,200.0,,,,
294940,episode_end,446.057014525443,537,0.010000000000000005,200.0,,,,
295000,train_step,,,0.010000000000000005,200.0,100000,140.09222412109375,-133.1751708984375,5.717434883117676
295262,episode_end,457.58075629101074,322,0.010000000000000005,200.0,,,,
295457,episode_end,491.86190364442297,195,0.010000000000000005,200.0,,,,
295817,episode_end,459.4360023005836,360,0.010000000000000005,200.0,,,,
295985,episode_end,467.6235935041568,168,0.010000000000000005,200.0,,,,
296000,train_step,,,0.010000000000000005,200.0,100000,286.18670654296875,-130.50326538085938,6.21104621887207
296266,episode_end,431.0743802458195,281,0.010000000000000005,200.0,,,,
296632,episode_end,475.35673134087403,366,0.010000000000000005,200.0,,,,
297000,train_step,,,0.010000000000000005,200.0,100000,37.24521255493164,-124.15704345703125,5.987020015716553
297142,episode_end,432.24515173120443,510,0.010000000000000005,200.0,,,,
297495,episode_end,424.11541364193533,353,0.010000000000000005,200.0,,,,
297691,episode_end,484.7501023619537,196,0.010000000000000005,200.0,,,,
297916,episode_end,449.15595808530475,225,0.010000000000000005,200.0,,,,
298000,train_step,,,0.010000000000000005,200.0,100000,108.91421508789062,-122.35040283203125,6.137553691864014
298226,episode_end,477.8755317873082,310,0.010000000000000005,200.0,,,,
298462,episode_end,496.4942563534178,236,0.010000000000000005,200.0,,,,
298741,episode_end,479.0635514859555,279,0.010000000000000005,200.0,,,,
298921,episode_end,464.66480807305794,180,0.010000000000000005,200.0,,,,
299000,train_step,,,0.010000000000000005,200.0,100000,208.09109497070312,-122.76118469238281,6.23671817779541
299160,episode_end,455.51896672313836,239,0.010000000000000005,200.0,,,,
299627,episode_end,371.06204301178536,467,0.010000000000000005,200.0,,,,
299840,episode_end,497.28745874482297,213,0.010000000000000005,200.0,,,,
300000,train_step,,,0.010000000000000005,200.0,100000,23.911867141723633,-122.97456359863281,6.262753963470459
300840,episode_end,107.20858501934568,1000,0.010000000000000005,-100.0,,,,
301000,train_step,,,0.010000000000000005,-100.0,100000,15.532451629638672,-129.77838134765625,6.135127067565918
301033,episode_end,190.54000292543572,193,0.010000000000000005,-100.0,,,,
301282,episode_end,170.39930128466395,249,0.010000000000000005,-100.0,,,,
301600,episode_end,123.37726381671762,318,0.010000000000000005,-100.0,,,,
302000,train_step,,,0.010000000000000005,-100.0,100000,146.59678649902344,-126.02447509765625,5.972402572631836
302204,episode_end,126.79187007721171,604,0.010000000000000005,-100.0,,,,
302388,episode_end,175.4618642635463,184,0.010000000000000005,-100.0,,,,
302664,episode_end,177.1014440696607,276,0.010000000000000005,-100.0,,,,
302817,episode_end,172.50441302964066,153,0.010000000000000005,-100.0,,,,
303000,train_step,,,0.010000000000000005,-100.0,100000,24.088518142700195,-133.17483520507812,5.999140739440918
303044,episode_end,180.91408537525024,227,0.010000000000000005,-100.0,,,,
303293,episode_end,206.6847923562598,249,0.010000000000000005,-100.0,,,,
303566,episode_end,157.3934053533308,273,0.010000000000000005,-100.0,,,,
304000,train_step,,,0.010000000000000005,-100.0,100000,84.17022705078125,-124.22613525390625,5.890435218811035
304215,episode_end,144.86279040109343,649,0.010000000000000005,-100.0,,,,
304422,episode_end,211.28061021195543,207,0.010000000000000005,-100.0,,,,
305000,train_step,,,0.010000000000000005,-100.0,100000,103.08721160888672,-132.3815155029297,5.944971084594727
305010,episode_end,122.68244864290389,588,0.010000000000000005,-100.0,,,,
305333,episode_end,154.69209009199645,323,0.010000000000000005,-100.0,,,,
305561,episode_end,159.60391087078054,228,0.010000000000000005,-100.0,,,,
305787,episode_end,159.29344687520373,226,0.010000000000000005,-100.0,,,,
306000,train_step,,,0.010000000000000005,-100.0,100000,23.77511978149414,-130.7518768310547,5.944715976715088
306423,episode_end,130.98096744268932,636,0.010000000000000005,-100.0,,,,
307000,train_step,,,0.010000000000000005,-100.0,100000,138.04669189453125,-129.41326904296875,6.582175254821777
307235,episode_end,95.89652653552938,812,0.010000000000000005,-100.0,,,,
307510,episode_end,148.41480334117944,275,0.010000000000000005,-100.0,,,,
307719,episode_end,187.8185627068278,209,0.010000000000000005,-100.0,,,,
307961,episode_end,210.40625213239667,242,0.010000000000000005,-100.0,,,,
308000,train_step,,,0.010000000000000005,-100.0,100000,33.52140808105469,-132.73484802246094,6.223689079284668
308131,episode_end,145.60873172283797,170,0.010000000000000005,-100.0,,,,
308289,episode_end,179.48007245869334,158,0.010000000000000005,-100.0,,,,
308483,episode_end,147.90267648311914,194,0.010000000000000005,-100.0,,,,
308692,episode_end,127.8887964099995,209,0.010000000000000005,-100.0,,,,
308871,episode_end,-87.3519457247903,179,0.010000000000000005,-100.0,,,,
309000,train_step,,,0.010000000000000005,-100.0,100000,40.334415435791016,-129.51121520996094,6.521668910980225
309067,episode_end,162.88771975475112,196,0.010000000000000005,-100.0,,,,
309278,episode_end,257.1592071406627,211,0.010000000000000005,-100.0,,,,
309504,episode_end,183.8973856575521,226,0.010000000000000005,-100.0,,,,
309760,episode_end,141.9108893325598,256,0.010000000000000005,-100.0,,,,
309989,episode_end,148.23820548774987,229,0.010000000000000005,-100.0,,,,
310000,train_step,,,0.010000000000000005,-100.0,100000,182.36717224121094,-125.86776733398438,6.0763654708862305
310193,episode_end,164.35438185971392,204,0.010000000000000005,-100.0,,,,
310452,episode_end,150.2178589597443,259,0.010000000000000005,-100.0,,,,
310646,episode_end,187.1803382667584,194,0.010000000000000005,-100.0,,,,
310849,episode_end,158.97342635459123,203,0.010000000000000005,-100.0,,,,
311000,train_step,,,0.010000000000000005,-100.0,100000,368.88153076171875,-126.1517562866211,6.040966033935547
311057,episode_end,174.14401374557428,208,0.010000000000000005,-100.0,,,,
311325,episode_end,172.41227022298136,268,0.010000000000000005,-100.0,,,,
311510,episode_end,190.3208606243967,185,0.010000000000000005,-100.0,,,,
311727,episode_end,173.70923858471411,217,0.010000000000000005,-100.0,,,,
311930,episode_end,177.14810435144372,203,0.010000000000000005,-100.0,,,,
312000,train_step,,,0.010000000000000005,-100.0,100000,20.846847534179688,-127.03919219970703,5.769205093383789
312254,episode_end,158.9517723729251,324,0.010000000000000005,-100.0,,,,
312467,episode_end,171.70481010105274,213,0.010000000000000005,-100.0,,,,
312639,episode_end,177.51847906072936,172,0.010000000000000005,-100.0,,,,
312836,episode_end,154.31623024204816,197,0.010000000000000005,-100.0,,,,
313000,train_step,,,0.010000000000000005,-100.0,100000,443.57391357421875,-137.45059204101562,5.7708420753479
313018,episode_end,176.58395394547125,182,0.010000000000000005,-100.0,,,,
313191,episode_end,185.21652804687827,173,0.010000000000000005,-100.0,,,,
313394,episode_end,161.0513317222726,203,0.010000000000000005,-100.0,,,,
313617,episode_end,174.1635161879176,223,0.010000000000000005,-100.0,,,,
313797,episode_end,201.1412788964788,180,0.010000000000000005,-100.0,,,,
313986,episode_end,173.92132989622877,189,0.010000000000000005,-100.0,,,,
314000,train_step,,,0.010000000000000005,-100.0,100000,52.0267333984375,-135.89317321777344,6.12425422668457
314230,episode_end,185.03228881189077,244,0.010000000000000005,-100.0,,,,
314451,episode_end,194.13970551017036,221,0.010000000000000005,-100.0,,,,
314682,episode_end,176.4606229089099,231,0.010000000000000005,-100.0,,,,
314941,episode_end,205.51044212915306,259,0.010000000000000005,-100.0,,,,
315000,train_step,,,0.010000000000000005,-100.0,100000,558.9864501953125,-132.1197509765625,5.862846851348877
315246,episode_end,165.8332931852637,305,0.010000000000000005,-100.0,,,,
315529,episode_end,185.5681627828265,283,0.010000000000000005,-100.0,,,,
315875,episode_end,135.97571106025532,346,0.010000000000000005,-100.0,,,,
316000,train_step,,,0.010000000000000005,-100.0,100000,20.77887725830078,-126.08111572265625,5.9630513191223145
316130,episode_end,201.1946159710696,255,0.010000000000000005,-100.0,,,,
316383,episode_end,205.66230672767213,253,0.010000000000000005,-100.0,,,,
317000,train_step,,,0.010000000000000005,-100.0,100000,95.63661193847656,-134.3583984375,6.34581184387207
317076,episode_end,142.5115561481576,693,0.010000000000000005,-100.0,,,,
317266,episode_end,179.89414360874943,190,0.010000000000000005,-100.0,,,,
317537,episode_end,151.04432119090887,271,0.010000000000000005,-100.0,,,,
317794,episode_end,184.6070554406783,257,0.010000000000000005,-100.0,,,,
318000,train_step,,,0.010000000000000005,-100.0,100000,22.197158813476562,-125.80426788330078,6.143707752227783
318011,episode_end,172.7812812368863,217,0.010000000000000005,-100.0,,,,
318229,episode_end,145.0030504307012,218,0.010000000000000005,-100.0,,,,
319000,train_step,,,0.010000000000000005,-100.0,100000,89.43743896484375,-123.17764282226562,5.742962837219238
319229,episode_end,-183.11194680647088,1000,0.010000000000000005,-100.0,,,,
319595,episode_end,183.22912866705852,366,0.010000000000000005,-100.0,,,,
320000,train_step,,,0.010000000000000005,-100.0,100000,40.956268310546875,-130.92526245117188,6.069366455078125
320046,episode_end,119.7774829211666,451,0.010000000000000005,-100.0,,,,
320364,episode_end,160.8620752603169,318,0.010000000000000005,-100.0,,,,
320553,episode_end,198.44185451301075,189,0.010000000000000005,-100.0,,,,
320968,episode_end,141.17486160234836,415,0.010000000000000005,-100.0,,,,
321000,train_step,,,0.010000000000000005,-100.0,100000,103.74706268310547,-121.30122375488281,6.031458854675293
321337,episode_end,163.45511545466357,369,0.010000000000000005,-100.0,,,,
321561,episode_end,162.88174883626502,224,0.010000000000000005,-100.0,,,,
322000,train_step,,,0.010000000000000005,-100.0,100000,98.02810668945312,-136.5284881591797,6.5733323097229
322265,episode_end,147.51926043836104,704,0.010000000000000005,-100.0,,,,
322478,episode_end,114.89784597879353,213,0.010000000000000005,-100.0,,,,
322999,episode_end,155.2502690796597,521,0.010000000000000005,-100.0,,,,
323000,train_step,,,0.010000000000000005,-100.0,100000,143.01742553710938,-125.19392395019531,6.394803047180176
323306,episode_end,147.8842259722473,307,0.010000000000000005,-100.0,,,,
323557,episode_end,194.33611412488318,251,0.010000000000000005,-100.0,,,,
324000,train_step,,,0.010000000000000005,-100.0,100000,353.5924377441406,-130.62588500976562,6.724252223968506
324416,episode_end,271.4444999601384,859,0.010000000000000005,-100.0,,,,
324757,episode_end,127.43778136487204,341,0.010000000000000005,-100.0,,,,
325000,train_step,,,0.010000000000000005,-100.0,100000,132.95040893554688,-130.9735107421875,5.58104944229126
325725,episode_end,58.411653399872186,968,0.010000000000000005,-100.0,,,,
325924,episode_end,172.85659684576834,199,0.010000000000000005,-100.0,,,,
326000,train_step,,,0.010000000000000005,-100.0,100000,137.76356506347656,-134.5886993408203,6.386477470397949
326013,episode_end,-185.8967924178785,89,0.010000000000000005,-100.0,,,,
327000,train_step,,,0.010000000000000005,-100.0,100000,299.7196350097656,-130.67623901367188,6.2441086769104
327013,episode_end,-36.46824350779061,1000,0.010000000000000005,-100.0,,,,
327236,episode_end,183.9646652449704,223,0.010000000000000005,-100.0,,,,
327951,episode_end,128.32122617636904,715,0.010000000000000005,-100.0,,,,
328000,train_step,,,0.010000000000000005,-100.0,100000,19.032791137695312,-125.35780334472656,6.456695556640625
328851,episode_end,154.0610540883401,900,0.010000000000000005,-100.0,,,,
329000,train_step,,,0.010000000000000005,-100.0,100000,335.3919677734375,-121.0804443359375,6.296818733215332
329036,episode_end,155.34577276314596,185,0.010000000000000005,-100.0,,,,
329974,episode_end,143.83196292785883,938,0.010000000000000005,-100.0,,,,
330000,train_step,,,0.010000000000000005,-100.0,100000,172.52023315429688,-124.08656311035156,5.899001121520996
330220,episode_end,-119.29330930581379,246,0.010000000000000005,-100.0,,,,
330531,episode_end,194.99175427602376,311,0.010000000000000005,-100.0,,,,
331000,train_step,,,0.010000000000000005,-100.0,100000,61.41200637817383,-118.83468627929688,5.839305877685547
331004,episode_end,-72.47296642390978,473,0.010000000000000005,-100.0,,,,
331937,episode_end,179.05298809070229,933,0.010000000000000005,-100.0,,,,
332000,train_step,,,0.010000000000000005,-100.0,100000,29.87074089050293,-113.16661071777344,5.931553363800049
332380,episode_end,267.26817457003267,443,0.010000000000000005,-100.0,,,,
332988,episode_end,161.3570441414866,608,0.010000000000000005,-100.0,,,,
333000,train_step,,,0.010000000000000005,-100.0,100000,82.41366577148438,-117.79374694824219,6.5246453285217285
333395,episode_end,268.36731742821166,407,0.010000000000000005,-100.0,,,,
333842,episode_end,145.3534560021581,447,0.010000000000000005,-100.0,,,,
334000,train_step,,,0.010000000000000005,-100.0,100000,40.68090057373047,-120.22509002685547,6.090434551239014
334842,episode_end,28.35363554694912,1000,0.010000000000000005,-100.0,,,,
335000,train_step,,,0.010000000000000005,-100.0,100000,265.0064697265625,-118.21028137207031,6.011871337890625
335245,episode_end,139.9544368456314,403,0.010000000000000005,-100.0,,,,
335737,episode_end,179.97144995809182,492,0.010000000000000005,-100.0,,,,
335952,episode_end,146.16090752001782,215,0.010000000000000005,-100.0,,,,
336000,train_step,,,0.010000000000000005,-100.0,100000,417.81585693359375,-117.2374267578125,6.071906089782715
336205,episode_end,168.76821737152534,253,0.010000000000000005,-100.0,,,,
336728,episode_end,160.48756524731382,523,0.010000000000000005,-100.0,,,,
336919,episode_end,152.63450520868918,191,0.010000000000000005,-100.0,,,,
337000,train_step,,,0.010000000000000005,-100.0,100000,24.653337478637695,-114.72528076171875,5.738158226013184
337179,episode_end,-219.3841457434866,260,0.010000000000000005,-100.0,,,,
337369,episode_end,149.65662790457174,190,0.010000000000000005,-100.0,,,,
337566,episode_end,147.2426667256074,197,0.010000000000000005,-100.0,,,,
337675,episode_end,-117.76039125278808,109,0.010000000000000005,-100.0,,,,
337942,episode_end,152.74263214698686,267,0.010000000000000005,-100.0,,,,
338000,train_step,,,0.010000000000000005,-100.0,100000,34.24691390991211,-107.53143310546875,5.927512168884277
338176,episode_end,159.86002030400857,234,0.010000000000000005,-100.0,,,,
338379,episode_end,194.627427297422,203,0.010000000000000005,-100.0,,,,
338479,episode_end,-127.8162328388733,100,0.010000000000000005,-100.0,,,,
338603,episode_end,-189.18447943133475,124,0.010000000000000005,-100.0,,,,
338775,episode_end,159.7901221300907,172,0.010000000000000005,-100.0,,,,
338897,episode_end,-213.66130949244763,122,0.010000000000000005,-100.0,,,,
339000,train_step,,,0.010000000000000005,-100.0,100000,89.98947143554688,-109.91959381103516,5.929136276245117
339153,episode_end,157.38137491312347,256,0.010000000000000005,-100.0,,,,
339384,episode_end,171.74945113241864,231,0.010000000000000005,-100.0,,,,
339570,episode_end,-84.82997678342804,186,0.010000000000000005,-100.0,,,,
339744,episode_end,169.93212403623858,174,0.010000000000000005,-100.0,,,,
339954,episode_end,172.53917071698822,210,0.010000000000000005,-100.0,,,,
340000,train_step,,,0.010000000000000005,-100.0,100000,206.5098876953125,-113.34056091308594,5.898410320281982
340160,episode_end,147.8912386908948,206,0.010000000000000005,-100.0,,,,
340418,episode_end,156.98549144995923,258,0.010000000000000005,-100.0,,,,
340713,episode_end,-250.64795602502622,295,0.010000000000000005,-100.0,,,,
340910,episode_end,141.73411065130233,197,0.010000000000000005,-100.0,,,,
341000,train_step,,,0.010000000000000005,-100.0,100000,154.67994689941406,-115.12014770507812,6.330908298492432
341096,episode_end,179.65618947434143,186,0.010000000000000005,-100.0,,,,
341274,episode_end,287.8352803425786,178,0.010000000000000005,-100.0,,,,
341489,episode_end,131.812054410311,215,0.010000000000000005,-100.0,,,,
342000,train_step,,,0.010000000000000005,-100.0,100000,42.387672424316406,-117.15755462646484,6.4302520751953125
342015,episode_end,146.1721085423046,526,0.010000000000000005,-100.0,,,,
342232,episode_end,49.53266927390209,217,0.010000000000000005,-100.0,,,,
342727,episode_end,-252.133670158689,495,0.010000000000000005,-100.0,,,,
342942,episode_end,166.39478798978735,215,0.010000000000000005,-100.0,,,,
343000,train_step,,,0.010000000000000005,-100.0,100000,24.705947875976562,-116.21818542480469,6.359977722167969
343124,episode_end,161.97620091937296,182,0.010000000000000005,-100.0,,,,
343336,episode_end,191.6635647888686,212,0.010000000000000005,-100.0,,,,
343518,episode_end,174.75114855071422,182,0.010000000000000005,-100.0,,,,
343755,episode_end,183.28944961219054,237,0.010000000000000005,-100.0,,,,
344000,train_step,,,0.010000000000000005,-100.0,100000,657.8359375,-118.95162200927734,6.557557106018066
344755,episode_end,-149.5996528963051,1000,0.010000000000000005,-100.0,,,,
344992,episode_end,183.78798599212172,237,0.010000000000000005,-100.0,,,,
345000,train_step,,,0.010000000000000005,-100.0,100000,44.30815887451172,-112.21290588378906,6.24278450012207
345200,episode_end,172.6780417003647,208,0.010000000000000005,-100.0,,,,
345419,episode_end,174.8311627415922,219,0.010000000000000005,-100.0,,,,
345596,episode_end,-196.4715383283758,177,0.010000000000000005,-100.0,,,,
345802,episode_end,185.54851630485902,206,0.010000000000000005,-100.0,,,,
346000,train_step,,,0.010000000000000005,-100.0,100000,29.043535232543945,-112.40558624267578,6.114982604980469
346309,episode_end,-234.59398443422714,507,0.010000000000000005,-100.0,,,,
346562,episode_end,158.48210805077693,253,0.010000000000000005,-100.0,,,,
346849,episode_end,282.80875530479466,287,0.010000000000000005,-100.0,,,,
347000,train_step,,,0.010000000000000005,-100.0,100000,107.94938659667969,-110.31486511230469,6.467424392700195
347055,episode_end,284.55698854637626,206,0.010000000000000005,-100.0,,,,
347237,episode_end,150.56317928482068,182,0.010000000000000005,-100.0,,,,
347439,episode_end,177.1948726159188,202,0.010000000000000005,-100.0,,,,
347793,episode_end,177.4798999349519,354,0.010000000000000005,-100.0,,,,
347951,episode_end,199.4495139595428,158,0.010000000000000005,-100.0,,,,
348000,train_step,,,0.010000000000000005,-100.0,100000,201.0853729248047,-113.67318725585938,6.041522979736328
348314,episode_end,-205.11933567939553,363,0.010000000000000005,-100.0,,,,
348512,episode_end,178.66273712644687,198,0.010000000000000005,-100.0,,,,
348947,episode_end,130.7380673250482,435,0.010000000000000005,-100.0,,,,
349000,train_step,,,0.010000000000000005,-100.0,100000,182.35842895507812,-112.56389617919922,5.643279552459717
349347,episode_end,109.91646571337547,400,0.010000000000000005,-100.0,,,,
350000,train_step,,,0.010000000000000005,-100.0,100000,62.579524993896484,-114.87750244140625,5.8548688888549805
350316,episode_end,-21.86186224957325,969,0.010000000000000005,-100.0,,,,
350522,episode_end,193.57731532163737,206,0.010000000000000005,-100.0,,,,
350818,episode_end,128.8906532913055,296,0.010000000000000005,-100.0,,,,
351000,train_step,,,0.010000000000000005,-100.0,100000,214.4356689453125,-117.50083923339844,5.982633113861084
351033,episode_end,171.3196041194941,215,0.010000000000000005,-100.0,,,,
351258,episode_end,122.84986561452018,225,0.010000000000000005,-100.0,,,,
351498,episode_end,249.75559732360045,240,0.010000000000000005,-100.0,,,,
351692,episode_end,186.72070670435116,194,0.010000000000000005,-100.0,,,,
351883,episode_end,136.90449585222854,191,0.010000000000000005,-100.0,,,,
352000,train_step,,,0.010000000000000005,-100.0,100000,40.5811653137207,-109.72758483886719,6.218555450439453
352204,episode_end,161.55970984812254,321,0.010000000000000005,-100.0,,,,
352503,episode_end,172.69619994997078,299,0.010000000000000005,-100.0,,,,
352705,episode_end,291.3816797995346,202,0.010000000000000005,-100.0,,,,
352896,episode_end,150.38461824661056,191,0.010000000000000005,-100.0,,,,
353000,train_step,,,0.010000000000000005,-100.0,100000,212.61965942382812,-114.26350402832031,5.864178657531738
353094,episode_end,185.61685692165258,198,0.010000000000000005,-100.0,,,,
354000,train_step,,,0.010000000000000005,-100.0,100000,148.45437622070312,-115.9026870727539,6.105953693389893
354094,episode_end,-49.578575576940395,1000,0.010000000000000005,-100.0,,,,
354645,episode_end,103.24242306430367,551,0.010000000000000005,-100.0,,,,
354921,episode_end,151.51110644951555,276,0.010000000000000005,-100.0,,,,
355000,train_step,,,0.010000000000000005,-100.0,100000,166.06320190429688,-116.00834655761719,5.9271368980407715
355519,episode_end,-246.92600090213838,598,0.010000000000000005,-100.0,,,,
355685,episode_end,150.50156248245082,166,0.010000000000000005,-100.0,,,,
355917,episode_end,173.3728034268844,232,0.010000000000000005,-100.0,,,,
356000,train_step,,,0.010000000000000005,-100.0,100000,340.9017333984375,-116.84138488769531,5.808114528656006
356879,episode_end,77.08537837337606,962,0.010000000000000005,-100.0,,,,
357000,train_step,,,0.010000000000000005,-100.0,100000,48.86567687988281,-115.56908416748047,5.867515563964844
357081,episode_end,190.28896012211158,202,0.010000000000000005,-100.0,,,,
357336,episode_end,248.4466712746359,255,0.010000000000000005,-100.0,,,,
357983,episode_end,-247.366255887474,647,0.010000000000000005,-100.0,,,,
358000,train_step,,,0.010000000000000005,-100.0,100000,108.24861145019531,-111.85368347167969,5.688736915588379
358195,episode_end,166.1260678905474,212,0.010000000000000005,-100.0,,,,
358748,episode_end,135.0268839917305,553,0.010000000000000005,-100.0,,,,
359000,train_step,,,0.010000000000000005,-100.0,100000,27.60163116455078,-116.679443359375,6.226742744445801
359098,episode_end,156.43073325004983,350,0.010000000000000005,-100.0,,,,
359371,episode_end,154.85596459870618,273,0.010000000000000005,-100.0,,,,
360000,train_step,,,0.010000000000000005,-100.0,100000,94.7878189086914,-107.08765411376953,5.893291473388672
360051,episode_end,133.47991268909385,680,0.010000000000000005,-100.0,,,,
360279,episode_end,165.10925200866333,228,0.010000000000000005,-100.0,,,,
360487,episode_end,131.16533746396618,208,0.010000000000000005,-100.0,,,,
360695,episode_end,180.00300773945864,208,0.010000000000000005,-100.0,,,,
360899,episode_end,160.20510851984523,204,0.010000000000000005,-100.0,,,,
361000,train_step,,,0.010000000000000005,-100.0,100000,97.29049682617188,-105.71632385253906,5.902105331420898
361070,episode_end,179.6063000764434,171,0.010000000000000005,-100.0,,,,
361292,episode_end,205.32879073158213,222,0.010000000000000005,-100.0,,,,
362000,train_step,,,0.010000000000000005,-100.0,100000,699.46533203125,-104.25701141357422,6.186307907104492
362122,episode_end,-150.67591017293083,830,0.010000000000000005,-100.0,,,,
362259,episode_end,190.7094002413639,137,0.010000000000000005,-100.0,,,,
362894,episode_end,104.3395082840752,635,0.010000000000000005,-100.0,,,,
363000,train_step,,,0.010000000000000005,-100.0,100000,26.088869094848633,-107.65966796875,6.0579423904418945
363153,episode_end,160.85216493984316,259,0.010000000000000005,-100.0,,,,
363328,episode_end,156.44166496308543,175,0.010000000000000005,-100.0,,,,
363543,episode_end,197.69547025973839,215,0.010000000000000005,-100.0,,,,
363703,episode_end,156.93288041636148,160,0.010000000000000005,-100.0,,,,
363894,episode_end,174.5220713312774,191,0.010000000000000005,-100.0,,,,
364000,train_step,,,0.010000000000000005,-100.0,100000,285.07568359375,-108.31199645996094,6.12448787689209
364061,episode_end,165.48735375225124,167,0.010000000000000005,-100.0,,,,
364360,episode_end,182.151713974163,299,0.010000000000000005,-100.0,,,,
364527,episode_end,143.66977064204107,167,0.010000000000000005,-100.0,,,,
364826,episode_end,200.99570575624864,299,0.010000000000000005,-100.0,,,,
364996,episode_end,163.70467189225363,170,0.010000000000000005,-100.0,,,,
365000,train_step,,,0.010000000000000005,-100.0,100000,222.13137817382812,-106.90760040283203,5.95435905456543
365190,episode_end,156.32310222732497,194,0.010000000000000005,-100.0,,,,
365454,episode_end,176.92737762132012,264,0.010000000000000005,-100.0,,,,
365699,episode_end,289.9460620337498,245,0.010000000000000005,-100.0,,,,
366000,train_step,,,0.010000000000000005,-100.0,100000,21.443578720092773,-111.01435852050781,5.940692901611328
366699,episode_end,-121.56649716495659,1000,0.010000000000000005,-100.0,,,,
366870,episode_end,152.79660947233015,171,0.010000000000000005,-100.0,,,,
367000,train_step,,,0.010000000000000005,-100.0,100000,32.17238998413086,-112.23133850097656,5.750743865966797
367870,episode_end,-117.70124648677881,1000,0.010000000000000005,-100.0,,,,
368000,train_step,,,0.010000000000000005,-100.0,100000,233.73770141601562,-104.693115234375,6.462335586547852
368258,episode_end,-276.32126962534807,388,0.010000000000000005,-100.0,,,,
369000,train_step,,,0.010000000000000005,-100.0,100000,20.41884422302246,-106.65974426269531,5.802005290985107
369258,episode_end,19.53660805282356,1000,0.010000000000000005,-100.0,,,,
369481,episode_end,154.4581855098321,223,0.010000000000000005,-100.0,,,,
369727,episode_end,165.38119839787447,246,0.010000000000000005,-100.0,,,,
369966,episode_end,213.17786636918194,239,0.010000000000000005,-100.0,,,,
370000,train_step,,,0.010000000000000005,-100.0,100000,133.16415405273438,-103.65815734863281,5.769129276275635
370120,episode_end,175.31855811013125,154,0.010000000000000005,-100.0,,,,
370344,episode_end,186.87766174980624,224,0.010000000000000005,-100.0,,,,
370567,episode_end,162.1234762649142,223,0.010000000000000005,-100.0,,,,
370784,episode_end,182.76512164156574,217,0.010000000000000005,-100.0,,,,
371000,train_step,,,0.010000000000000005,-100.0,100000,197.245849609375,-100.37030029296875,5.6546549797058105
371191,episode_end,91.09389633476962,407,0.010000000000000005,-100.0,,,,
371567,episode_end,155.56484012195517,376,0.010000000000000005,-100.0,,,,
371778,episode_end,150.01912970587227,211,0.010000000000000005,-100.0,,,,
372000,train_step,,,0.010000000000000005,-100.0,100000,135.2725067138672,-103.40176391601562,6.40554666519165
372049,episode_end,193.92099081270027,271,0.010000000000000005,-100.0,,,,
372296,episode_end,167.335731754866,247,0.010000000000000005,-100.0,,,,
372548,episode_end,166.2116164154346,252,0.010000000000000005,-100.0,,,,
372774,episode_end,160.07947285876992,226,0.010000000000000005,-100.0,,,,
372998,episode_end,180.68844300298463,224,0.010000000000000005,-100.0,,,,
373000,train_step,,,0.010000000000000005,-100.0,100000,103.87959289550781,-97.62615203857422,6.535223960876465
373223,episode_end,196.5198192000627,225,0.010000000000000005,-100.0,,,,
373420,episode_end,158.66595197435112,197,0.010000000000000005,-100.0,,,,
373597,episode_end,258.31616777952524,177,0.010000000000000005,-100.0,,,,
373797,episode_end,165.01519374296603,200,0.010000000000000005,-100.0,,,,
374000,episode_end,189.6316401259779,203,0.010000000000000005,-100.0,,,,
374000,train_step,,,0.010000000000000005,-100.0,100000,57.85948944091797,-93.72142791748047,5.971042633056641
374307,episode_end,92.38888954716559,307,0.010000000000000005,-100.0,,,,
374538,episode_end,163.4556095271746,231,0.010000000000000005,-100.0,,,,
374727,episode_end,169.59378899906875,189,0.010000000000000005,-100.0,,,,
374927,episode_end,184.00843994756983,200,0.010000000000000005,-100.0,,,,
375000,train_step,,,0.010000000000000005,-100.0,100000,22.817317962646484,-102.1331787109375,6.1883134841918945
375140,episode_end,286.7965070678317,213,0.010000000000000005,-100.0,,,,
375570,episode_end,138.018795842106,430,0.010000000000000005,-100.0,,,,
375876,episode_end,158.58636760412958,306,0.010000000000000005,-100.0,,,,
376000,train_step,,,0.010000000000000005,-100.0,100000,37.84068298339844,-99.69742584228516,6.10835075378418
376061,episode_end,186.1857975445726,185,0.010000000000000005,-100.0,,,,
376279,episode_end,189.3184416988451,218,0.010000000000000005,-100.0,,,,
376562,episode_end,207.35797057606243,283,0.010000000000000005,-100.0,,,,
376852,episode_end,151.272120031346,290,0.010000000000000005,-100.0,,,,
377000,train_step,,,0.010000000000000005,-100.0,100000,21.157703399658203,-98.01837158203125,6.397920608520508
377071,episode_end,190.41804319519883,219,0.010000000000000005,-100.0,,,,
377240,episode_end,183.73580062540628,169,0.010000000000000005,-100.0,,,,
377448,episode_end,205.1820007469675,208,0.010000000000000005,-100.0,,,,
377650,episode_end,180.69529752546288,202,0.010000000000000005,-100.0,,,,
377866,episode_end,172.1329659982555,216,0.010000000000000005,-100.0,,,,
378000,train_step,,,0.010000000000000005,-100.0,100000,131.64297485351562,-100.01609802246094,6.240842819213867
378068,episode_end,197.39949103845484,202,0.010000000000000005,-100.0,,,,
378286,episode_end,182.56595741134134,218,0.010000000000000005,-100.0,,,,
378697,episode_end,122.5514355662616,411,0.010000000000000005,-100.0,,,,
378868,episode_end,160.21308171878113,171,0.010000000000000005,-100.0,,,,
379000,train_step,,,0.010000000000000005,-100.0,100000,95.40745544433594,-104.49214935302734,6.480788707733154
379071,episode_end,165.6669359557502,203,0.010000000000000005,-100.0,,,,
379267,episode_end,154.53292426360255,196,0.010000000000000005,-100.0,,,,
379533,episode_end,196.0739972806585,266,0.010000000000000005,-100.0,,,,
379720,episode_end,164.66161801577334,187,0.010000000000000005,-100.0,,,,
379916,episode_end,190.48178014529452,196,0.010000000000000005,-100.0,,,,
380000,train_step,,,0.010000000000000005,-100.0,100000,31.321441650390625,-106.94284057617188,5.926424980163574
380152,episode_end,172.47066695944085,236,0.010000000000000005,-100.0,,,,
380367,episode_end,189.92918259665544,215,0.010000000000000005,-100.0,,,,
380524,episode_end,160.84215159946802,157,0.010000000000000005,-100.0,,,,
380733,episode_end,192.8856738147019,209,0.010000000000000005,-100.0,,,,
381000,train_step,,,0.010000000000000005,-100.0,100000,95.7196273803711,-104.31726837158203,6.544421195983887
381280,episode_end,77.80949842038785,547,0.010000000000000005,-100.0,,,,
381767,episode_end,126.19277666536064,487,0.010000000000000005,-100.0,,,,
382000,train_step,,,0.010000000000000005,-100.0,100000,109.3744125366211,-101.02523040771484,7.13089656829834
382085,episode_end,-124.21760413650523,318,0.010000000000000005,-100.0,,,,
382298,episode_end,187.26084968298852,213,0.010000000000000005,-100.0,,,,
382558,episode_end,189.8676205080992,260,0.010000000000000005,-100.0,,,,
382823,episode_end,305.58809925215036,265,0.010000000000000005,-100.0,,,,
383000,train_step,,,0.010000000000000005,-100.0,100000,19.538047790527344,-95.71619415283203,6.690669536590576
383036,episode_end,195.89252989584347,213,0.010000000000000005,-100.0,,,,
383234,episode_end,185.06798697499343,198,0.010000000000000005,-100.0,,,,
383496,episode_end,164.8555607865034,262,0.010000000000000005,-100.0,,,,
383656,episode_end,175.4170347416893,160,0.010000000000000005,-100.0,,,,
383891,episode_end,199.408047152312,235,0.010000000000000005,-100.0,,,,
384000,train_step,,,0.010000000000000005,-100.0,100000,21.07590103149414,-106.0592041015625,6.837482452392578
384160,episode_end,138.34635245444974,269,0.010000000000000005,-100.0,,,,
384352,episode_end,183.95414824140576,192,0.010000000000000005,-100.0,,,,
384562,episode_end,187.29648524564476,210,0.010000000000000005,-100.0,,,,
384875,episode_end,192.1505276682709,313,0.010000000000000005,-100.0,,,,
385000,train_step,,,0.010000000000000005,-100.0,100000,26.145214080810547,-97.56165313720703,6.412319183349609
385199,episode_end,178.6797719904169,324,0.010000000000000005,-100.0,,,,
385474,episode_end,153.790484309997,275,0.010000000000000005,-100.0,,,,
385693,episode_end,184.21358032705427,219,0.010000000000000005,-100.0,,,,
385907,episode_end,190.81224616400692,214,0.010000000000000005,-100.0,,,,
386000,train_step,,,0.010000000000000005,-100.0,100000,235.0380096435547,-101.3510513305664,6.997540473937988
386119,episode_end,188.59312291060394,212,0.010000000000000005,-100.0,,,,
386334,episode_end,163.07735744701938,215,0.010000000000000005,-100.0,,,,
386543,episode_end,153.34100196713578,209,0.010000000000000005,-100.0,,,,
386761,episode_end,175.45216922735534,218,0.010000000000000005,-100.0,,,,
386978,episode_end,195.06447850911735,217,0.010000000000000005,-100.0,,,,
387000,train_step,,,0.010000000000000005,-100.0,100000,20.941675186157227,-102.43199157714844,6.394228935241699
387211,episode_end,156.61552009786874,233,0.010000000000000005,-100.0,,,,
387432,episode_end,155.4540805474938,221,0.010000000000000005,-100.0,,,,
387659,episode_end,189.16637140494294,227,0.010000000000000005,-100.0,,,,
387906,episode_end,206.17635534223592,247,0.010000000000000005,-100.0,,,,
388000,train_step,,,0.010000000000000005,-100.0,100000,33.61682891845703,-102.1338882446289,6.726008415222168
388108,episode_end,196.2241523674614,202,0.010000000000000005,-100.0,,,,
388320,episode_end,188.6993790533822,212,0.010000000000000005,-100.0,,,,
388568,episode_end,142.8905113416623,248,0.010000000000000005,-100.0,,,,
388846,episode_end,154.83545096739397,278,0.010000000000000005,-100.0,,,,
389000,train_step,,,0.010000000000000005,-100.0,100000,27.398738861083984,-97.29617309570312,6.383697509765625
389138,episode_end,146.9519051084625,292,0.010000000000000005,-100.0,,,,
389969,episode_end,28.744012915281843,831,0.010000000000000005,-100.0,,,,
390000,train_step,,,0.010000000000000005,-100.0,100000,90.91177368164062,-89.12959289550781,5.953912258148193
390410,episode_end,148.77374578231058,441,0.010000000000000005,-100.0,,,,
390750,episode_end,230.90197958757244,340,0.010000000000000005,-100.0,,,,
391000,train_step,,,0.010000000000000005,-100.0,100000,81.8555679321289,-92.13139343261719,5.882926940917969
391061,episode_end,186.35706988297045,311,0.010000000000000005,-100.0,,,,
391266,episode_end,192.22041810828807,205,0.010000000000000005,-100.0,,,,
391588,episode_end,201.0477093073069,322,0.010000000000000005,-100.0,,,,
391794,episode_end,154.02614913031942,206,0.010000000000000005,-100.0,,,,
392000,train_step,,,0.010000000000000005,-100.0,100000,15.705781936645508,-91.04295349121094,6.231804370880127
392040,episode_end,173.30038589613707,246,0.010000000000000005,-100.0,,,,
392297,episode_end,200.88325143618607,257,0.010000000000000005,-100.0,,,,
392602,episode_end,180.1059246092959,305,0.010000000000000005,-100.0,,,,
392860,episode_end,182.58128959042227,258,0.010000000000000005,-100.0,,,,
393000,train_step,,,0.010000000000000005,-100.0,100000,123.17259216308594,-90.74679565429688,5.974545478820801
393146,episode_end,148.27195484490682,286,0.010000000000000005,-100.0,,,,
393410,episode_end,177.124658863094,264,0.010000000000000005,-100.0,,,,
393689,episode_end,159.86972983454643,279,0.010000000000000005,-100.0,,,,
393902,episode_end,206.83573154618117,213,0.010000000000000005,-100.0,,,,
394000,train_step,,,0.010000000000000005,-100.0,100000,32.421058654785156,-90.38865661621094,6.1487274169921875
394119,episode_end,210.98617139781672,217,0.010000000000000005,-100.0,,,,
394357,episode_end,187.40596506373308,238,0.010000000000000005,-100.0,,,,
394604,episode_end,178.02282822128703,247,0.010000000000000005,-100.0,,,,
394875,episode_end,173.0162060024233,271,0.010000000000000005,-100.0,,,,
395000,train_step,,,0.010000000000000005,-100.0,100000,19.956195831298828,-92.6613540649414,6.194843292236328
395070,episode_end,169.08911641507584,195,0.010000000000000005,-100.0,,,,
395338,episode_end,174.18570934590082,268,0.010000000000000005,-100.0,,,,
395557,episode_end,163.0281182293354,219,0.010000000000000005,-100.0,,,,
395974,episode_end,166.35923150980125,417,0.010000000000000005,-100.0,,,,
396000,train_step,,,0.010000000000000005,-100.0,100000,104.66397094726562,-84.16226959228516,5.863826751708984
396210,episode_end,184.9047117051236,236,0.010000000000000005,-100.0,,,,
396465,episode_end,190.50796098461666,255,0.010000000000000005,-100.0,,,,
396697,episode_end,171.82924865558638,232,0.010000000000000005,-100.0,,,,
396926,episode_end,177.1401554988727,229,0.010000000000000005,-100.0,,,,
397000,train_step,,,0.010000000000000005,-100.0,100000,16.987157821655273,-88.08024597167969,6.062612533569336
397174,episode_end,165.4162955697157,248,0.010000000000000005,-100.0,,,,
397390,episode_end,164.02740109338404,216,0.010000000000000005,-100.0,,,,
397669,episode_end,242.36457235048022,279,0.010000000000000005,-100.0,,,,
397934,episode_end,186.11357554512534,265,0.010000000000000005,-100.0,,,,
398000,train_step,,,0.010000000000000005,-100.0,100000,156.52056884765625,-90.01600646972656,5.928481101989746
398483,episode_end,178.64020935354603,549,0.010000000000000005,-100.0,,,,
398725,episode_end,177.47727634599462,242,0.010000000000000005,-100.0,,,,
398984,episode_end,150.8684929293883,259,0.010000000000000005,-100.0,,,,
399000,train_step,,,0.010000000000000005,-100.0,100000,77.16439819335938,-79.86082458496094,6.092970848083496
399240,episode_end,161.59656351596524,256,0.010000000000000005,-100.0,,,,
399514,episode_end,180.37764636900107,274,0.010000000000000005,-100.0,,,,
399895,episode_end,236.7232393854969,381,0.010000000000000005,-100.0,,,,
400000,train_step,,,0.010000000000000005,-100.0,100000,156.11309814453125,-87.92974853515625,6.554910659790039
400339,episode_end,142.66438844394744,444,0.010000000000000005,-100.0,,,,
400629,episode_end,164.37844016748934,290,0.010000000000000005,-100.0,,,,
401000,train_step,,,0.010000000000000005,-100.0,100000,63.344478607177734,-83.58670043945312,6.245794296264648
401629,episode_end,-92.09973779455714,1000,0.010000000000000005,-100.0,,,,
401854,episode_end,185.5513047764018,225,0.010000000000000005,-100.0,,,,
402000,train_step,,,0.010000000000000005,-100.0,100000,74.25022888183594,-80.7706298828125,6.2788777351379395
402854,episode_end,-77.77203841085026,1000,0.010000000000000005,-100.0,,,,
403000,train_step,,,0.010000000000000005,-100.0,100000,21.436132431030273,-84.36564636230469,6.236210823059082
403167,episode_end,143.241465687257,313,0.010000000000000005,-100.0,,,,
403598,episode_end,121.34892202415715,431,0.010000000000000005,-100.0,,,,
403966,episode_end,145.83276651659682,368,0.010000000000000005,-100.0,,,,
404000,train_step,,,0.010000000000000005,-100.0,100000,79.99430084228516,-81.02334594726562,6.720302581787109
404496,episode_end,101.53028974840757,530,0.010000000000000005,-100.0,,,,
405000,train_step,,,0.010000000000000005,-100.0,100000,186.47390747070312,-82.22918701171875,5.745577335357666
405496,episode_end,-110.13758222631584,1000,0.010000000000000005,-100.0,,,,
405967,episode_end,148.28481209990966,471,0.010000000000000005,-100.0,,,,
406000,train_step,,,0.010000000000000005,-100.0,100000,83.05535125732422,-81.06752014160156,5.959250450134277
406579,episode_end,126.97670049282102,612,0.010000000000000005,-100.0,,,,
406856,episode_end,180.2810760453153,277,0.010000000000000005,-100.0,,,,
407000,train_step,,,0.010000000000000005,-100.0,100000,81.72257232666016,-79.88594055175781,5.513598442077637
407326,episode_end,131.09730836905297,470,0.010000000000000005,-100.0,,,,
407585,episode_end,196.88583000258703,259,0.010000000000000005,-100.0,,,,
408000,train_step,,,0.010000000000000005,-100.0,100000,133.63279724121094,-79.3975601196289,6.063498497009277
408043,episode_end,109.06637628947806,458,0.010000000000000005,-100.0,,,,
408475,episode_end,231.63393957741343,432,0.010000000000000005,-100.0,,,,
409000,train_step,,,0.010000000000000005,-100.0,100000,34.10492706298828,-80.8414535522461,5.746744632720947
409025,episode_end,-256.92959538003674,550,0.010000000000000005,-100.0,,,,
409612,episode_end,-155.7929487607659,587,0.010000000000000005,-100.0,,,,
409887,episode_end,170.46462962003756,275,0.010000000000000005,-100.0,,,,
410000,train_step,,,0.010000000000000005,-100.0,100000,59.774253845214844,-75.96383666992188,6.116044521331787
410036,episode_end,-375.6069268716377,149,0.010000000000000005,-100.0,,,,
410362,episode_end,-17.679781339537953,326,0.010000000000000005,-100.0,,,,
410866,episode_end,193.0790949732791,504,0.010000000000000005,-100.0,,,,
411000,train_step,,,0.010000000000000005,-100.0,100000,21.278913497924805,-74.02877807617188,5.725785255432129
411133,episode_end,41.90930692094244,267,0.010000000000000005,-100.0,,,,
411515,episode_end,-113.50052475205295,382,0.010000000000000005,-100.0,,,,
412000,train_step,,,0.010000000000000005,-100.0,100000,79.54464721679688,-71.7471923828125,6.25949764251709
412382,episode_end,240.3723227744047,867,0.010000000000000005,-100.0,,,,
412622,episode_end,4.248207161647457,240,0.010000000000000005,-100.0,,,,
412851,episode_end,160.5220450226326,229,0.010000000000000005,-100.0,,,,
413000,train_step,,,0.010000000000000005,-100.0,100000,21.783435821533203,-75.6793212890625,6.286186695098877
413148,episode_end,191.54379519307452,297,0.010000000000000005,-100.0,,,,
413501,episode_end,204.40867937980528,353,0.010000000000000005,-100.0,,,,
414000,train_step,,,0.010000000000000005,-100.0,100000,16.644733428955078,-75.01200866699219,6.787931442260742
414350,episode_end,123.18086341118074,849,0.010000000000000005,-100.0,,,,
414836,episode_end,233.0393344888339,486,0.010000000000000005,-100.0,,,,
415000,train_step,,,0.010000000000000005,-100.0,100000,23.284631729125977,-74.64778137207031,6.035667419433594
415101,episode_end,-74.60950613093448,265,0.010000000000000005,-100.0,,,,
415315,episode_end,-316.0207110544859,214,0.010000000000000005,-100.0,,,,
415664,episode_end,173.67407139655876,349,0.010000000000000005,-100.0,,,,
415922,episode_end,273.63773726735434,258,0.010000000000000005,-100.0,,,,
416000,train_step,,,0.010000000000000005,-100.0,100000,21.27313232421875,-73.14801025390625,5.963258743286133
416310,episode_end,261.57928329328274,388,0.010000000000000005,-100.0,,,,
416512,episode_end,-0.728907344930775,202,0.010000000000000005,-100.0,,,,
416904,episode_end,274.45500869580206,392,0.010000000000000005,-100.0,,,,
417000,train_step,,,0.010000000000000005,-100.0,100000,49.94443893432617,-72.81300354003906,5.623276710510254
417197,episode_end,239.99989561794072,293,0.010000000000000005,-100.0,,,,
417421,episode_end,-4.256199669698091,224,0.010000000000000005,-100.0,,,,
417782,episode_end,244.2699646076284,361,0.010000000000000005,-100.0,,,,
418000,episode_end,177.99704574940495,218,0.010000000000000005,-100.0,,,,
418000,train_step,,,0.010000000000000005,-100.0,100000,66.90841674804688,-70.44153594970703,5.781120300292969
418376,episode_end,129.8065873242112,376,0.010000000000000005,-100.0,,,,
418539,episode_end,139.70265868497646,163,0.010000000000000005,-100.0,,,,
418884,episode_end,263.8398017419528,345,0.010000000000000005,-100.0,,,,
419000,train_step,,,0.010000000000000005,-100.0,100000,60.12223434448242,-73.91696166992188,6.115939140319824
419194,episode_end,211.70603578208923,310,0.010000000000000005,-100.0,,,,
419473,episode_end,220.4710506298744,279,0.010000000000000005,-100.0,,,,
420000,train_step,,,0.010000000000000005,-100.0,100000,82.76476287841797,-72.750244140625,5.775832653045654
420101,episode_end,190.18714791025928,628,0.010000000000000005,-100.0,,,,
421000,train_step,,,0.010000000000000005,-100.0,100000,94.42354583740234,-67.80061340332031,5.588562965393066
421101,episode_end,-78.40641980925551,1000,0.010000000000000005,-100.0,,,,
421395,episode_end,244.37225315626202,294,0.010000000000000005,-100.0,,,,
422000,train_step,,,0.010000000000000005,-100.0,100000,24.79440689086914,-68.19650268554688,5.51240348815918
422395,episode_end,-47.45796148466783,1000,0.010000000000000005,-100.0,,,,
422888,episode_end,127.82178656729562,493,0.010000000000000005,-100.0,,,,
423000,train_step,,,0.010000000000000005,-100.0,100000,13.51629638671875,-72.58338928222656,5.710426330566406
423105,episode_end,248.6192688715163,217,0.010000000000000005,-100.0,,,,
423739,episode_end,198.9521041252603,634,0.010000000000000005,-100.0,,,,
424000,train_step,,,0.010000000000000005,-100.0,100000,23.55428695678711,-68.05126953125,5.5680646896362305
424180,episode_end,-233.82972699456477,441,0.010000000000000005,-100.0,,,,
424489,episode_end,266.68170297468157,309,0.010000000000000005,-100.0,,,,
424883,episode_end,204.73168714512795,394,0.010000000000000005,-100.0,,,,
425000,train_step,,,0.010000000000000005,-100.0,100000,19.384899139404297,-65.59046936035156,5.346975326538086
425211,episode_end,258.3363437788107,328,0.010000000000000005,-100.0,,,,
426000,train_step,,,0.010000000000000005,-100.0,100000,71.39625549316406,-67.90420532226562,5.953780651092529
426211,episode_end,-118.29057565824073,1000,0.010000000000000005,-100.0,,,,
426583,episode_end,209.9696511460445,372,0.010000000000000005,-100.0,,,,
426941,episode_end,210.2888788807159,358,0.010000000000000005,-100.0,,,,
427000,train_step,,,0.010000000000000005,-100.0,100000,73.53739929199219,-64.31956481933594,5.403365135192871
427426,episode_end,240.25584134774397,485,0.010000000000000005,-100.0,,,,
428000,train_step,,,0.010000000000000005,-100.0,100000,79.53594207763672,-62.97752380371094,5.571804046630859
428426,episode_end,-158.98505774332625,1000,0.010000000000000005,-100.0,,,,
428808,episode_end,245.8062226004386,382,0.010000000000000005,-100.0,,,,
429000,train_step,,,0.010000000000000005,-100.0,100000,26.221988677978516,-64.8050308227539,5.4013471603393555
429184,episode_end,202.45536994391475,376,0.010000000000000005,-100.0,,,,
429475,episode_end,193.08373693826383,291,0.010000000000000005,-100.0,,,,
429669,episode_end,240.43487351805132,194,0.010000000000000005,-100.0,,,,
430000,train_step,,,0.010000000000000005,-100.0,100000,139.1279754638672,-63.54405975341797,5.544672966003418
430379,episode_end,91.02910793441492,710,0.010000000000000005,-100.0,,,,
430700,episode_end,140.5895035056829,321,0.010000000000000005,-100.0,,,,
430919,episode_end,121.89183119196744,219,0.010000000000000005,-100.0,,,,
431000,train_step,,,0.010000000000000005,-100.0,100000,69.68009948730469,-60.93665313720703,5.9072160720825195
431237,episode_end,234.80824883214015,318,0.010000000000000005,-100.0,,,,
431466,episode_end,-84.49387469678508,229,0.010000000000000005,-100.0,,,,
431628,episode_end,-102.64752304633858,162,0.010000000000000005,-100.0,,,,
431877,episode_end,172.38023245274178,249,0.010000000000000005,-100.0,,,,
432000,train_step,,,0.010000000000000005,-100.0,100000,113.88298797607422,-64.71978759765625,5.600779056549072
432158,episode_end,204.59516320688806,281,0.010000000000000005,-100.0,,,,
432584,episode_end,225.01219306685812,426,0.010000000000000005,-100.0,,,,
433000,train_step,,,0.010000000000000005,-100.0,100000,12.255487442016602,-64.08302307128906,5.559809684753418
433155,episode_end,114.94110889223728,571,0.010000000000000005,-100.0,,,,
433930,episode_end,164.55991866998653,775,0.010000000000000005,-100.0,,,,
434000,train_step,,,0.010000000000000005,-100.0,100000,138.04190063476562,-60.17809295654297,5.653371334075928
434122,episode_end,112.08128485409495,192,0.010000000000000005,-100.0,,,,
434729,episode_end,141.48410688922334,607,0.010000000000000005,-100.0,,,,
435000,train_step,,,0.010000000000000005,-100.0,100000,36.834556579589844,-64.39503479003906,5.718486785888672
435125,episode_end,220.7379966577564,396,0.010000000000000005,-100.0,,,,
435425,episode_end,-78.058112217743,300,0.010000000000000005,-100.0,,,,
435747,episode_end,212.73636202544137,322,0.010000000000000005,-100.0,,,,
436000,train_step,,,0.010000000000000005,-100.0,100000,10.928297996520996,-65.65753173828125,5.5232648849487305
436145,episode_end,198.51934838927656,398,0.010000000000000005,-100.0,,,,
436823,episode_end,222.55113831158934,678,0.010000000000000005,-100.0,,,,
436951,episode_end,-110.90826042621063,128,0.010000000000000005,-100.0,,,,
437000,train_step,,,0.010000000000000005,-100.0,100000,73.58637237548828,-59.7508544921875,5.550816535949707
437951,episode_end,24.50333965678704,1000,0.010000000000000005,-100.0,,,,
438000,train_step,,,0.010000000000000005,-100.0,100000,17.07200050354004,-60.57890319824219,5.488332748413086
438162,episode_end,-127.98852296770639,211,0.010000000000000005,-100.0,,,,
438842,episode_end,151.44063006380355,680,0.010000000000000005,-100.0,,,,
439000,train_step,,,0.010000000000000005,-100.0,100000,205.21878051757812,-58.5375862121582,5.6023454666137695
439224,episode_end,-168.91260483954235,382,0.010000000000000005,-100.0,,,,
440000,train_step,,,0.010000000000000005,-100.0,100000,19.513042449951172,-59.31475830078125,5.517363548278809
440056,episode_end,96.78039735553666,832,0.010000000000000005,-100.0,,,,
440459,episode_end,198.5676424725981,403,0.010000000000000005,-100.0,,,,
441000,train_step,,,0.010000000000000005,-100.0,100000,35.682823181152344,-55.75788879394531,5.299603462219238
441110,episode_end,163.24284478500732,651,0.010000000000000005,-100.0,,,,
441560,episode_end,-163.96687073869683,450,0.010000000000000005,-100.0,,,,
441948,episode_end,198.67162868704727,388,0.010000000000000005,-100.0,,,,
442000,train_step,,,0.010000000000000005,-100.0,100000,139.369384765625,-59.41697692871094,5.1392621994018555
442948,episode_end,-108.11187365213301,1000,0.010000000000000005,-100.0,,,,
443000,train_step,,,0.010000000000000005,-100.0,100000,16.423912048339844,-57.86669158935547,5.064539432525635
443948,episode_end,-79.84731838870314,1000,0.010000000000000005,-100.0,,,,
444000,train_step,,,0.010000000000000005,-100.0,100000,13.34215259552002,-55.501487731933594,5.054924011230469
444948,episode_end,-72.78642960220165,1000,0.010000000000000005,-100.0,,,,
445000,train_step,,,0.010000000000000005,-100.0,100000,77.99050903320312,-57.004146575927734,4.934291839599609
445711,episode_end,156.45495638864594,763,0.010000000000000005,-100.0,,,,
446000,train_step,,,0.010000000000000005,-100.0,100000,13.338959693908691,-56.71112823486328,5.369916915893555
446343,episode_end,158.46197019480795,632,0.010000000000000005,-100.0,,,,
446719,episode_end,145.8525945603735,376,0.010000000000000005,-100.0,,,,
447000,train_step,,,0.010000000000000005,-100.0,100000,27.30821990966797,-51.15639877319336,5.153188705444336
447218,episode_end,183.47644395639944,499,0.010000000000000005,-100.0,,,,
447977,episode_end,121.11631309607992,759,0.010000000000000005,-100.0,,,,
448000,train_step,,,0.010000000000000005,-100.0,100000,19.825740814208984,-56.54667663574219,5.157785892486572
448240,episode_end,193.57835835081949,263,0.010000000000000005,-100.0,,,,
449000,train_step,,,0.010000000000000005,-100.0,100000,106.2838134765625,-57.40625,5.369102478027344
449036,episode_end,206.82670006163434,796,0.010000000000000005,-100.0,,,,
449745,episode_end,-189.09888797524894,709,0.010000000000000005,-100.0,,,,
450000,train_step,,,0.010000000000000005,-100.0,100000,18.957019805908203,-59.90081024169922,5.261990547180176
450068,episode_end,258.2525739654161,323,0.010000000000000005,-100.0,,,,
450325,episode_end,213.2175513485033,257,0.010000000000000005,-100.0,,,,
450957,episode_end,96.54140354189327,632,0.010000000000000005,-100.0,,,,
451000,train_step,,,0.010000000000000005,-100.0,100000,15.333284378051758,-56.90753173828125,5.256427764892578
451820,episode_end,174.17191726355355,863,0.010000000000000005,-100.0,,,,
452000,train_step,,,0.010000000000000005,-100.0,100000,32.783180236816406,-56.917701721191406,4.83140754699707
452138,episode_end,287.1096093991799,318,0.010000000000000005,-100.0,,,,
452895,episode_end,164.631591213753,757,0.010000000000000005,-100.0,,,,
453000,train_step,,,0.010000000000000005,-100.0,100000,15.778626441955566,-53.373207092285156,4.7840895652771
453523,episode_end,158.94336016986495,628,0.010000000000000005,-100.0,,,,
454000,train_step,,,0.010000000000000005,-100.0,100000,12.998937606811523,-53.78728485107422,4.85105037689209
454523,episode_end,-33.463345698650066,1000,0.010000000000000005,-100.0,,,,
455000,train_step,,,0.010000000000000005,-100.0,100000,24.368093490600586,-53.64917755126953,5.220550537109375
455356,episode_end,132.0384121241475,833,0.010000000000000005,-100.0,,,,
455974,episode_end,210.19681108467353,618,0.010000000000000005,-100.0,,,,
456000,train_step,,,0.010000000000000005,-100.0,100000,14.724888801574707,-53.35163116455078,5.079445838928223
456305,episode_end,37.48461818699826,331,0.010000000000000005,-100.0,,,,
456556,episode_end,263.93816142997605,251,0.010000000000000005,-100.0,,,,
456858,episode_end,257.55028262390044,302,0.010000000000000005,-100.0,,,,
457000,train_step,,,0.010000000000000005,-100.0,100000,23.187395095825195,-55.788429260253906,4.862483024597168
457407,episode_end,143.42575217741455,549,0.010000000000000005,-100.0,,,,
457657,episode_end,-88.00046907279824,250,0.010000000000000005,-100.0,,,,
458000,train_step,,,0.010000000000000005,-100.0,100000,24.591758728027344,-53.626869201660156,5.246639251708984
458126,episode_end,268.00635251140284,469,0.010000000000000005,-100.0,,,,
458449,episode_end,271.02757656641046,323,0.010000000000000005,-100.0,,,,
458715,episode_end,258.7856621320097,266,0.010000000000000005,-100.0,,,,
459000,train_step,,,0.010000000000000005,-100.0,100000,11.661396026611328,-56.71339416503906,4.714383125305176
459042,episode_end,262.6474343493336,327,0.010000000000000005,-100.0,,,,
459303,episode_end,264.73337781255674,261,0.010000000000000005,-100.0,,,,
459613,episode_end,261.85845500102073,310,0.010000000000000005,-100.0,,,,
459922,episode_end,227.83375253861695,309,0.010000000000000005,-100.0,,,,
460000,train_step,,,0.010000000000000005,-100.0,100000,35.53975296020508,-55.09531784057617,5.112064361572266
460279,episode_end,246.73170959626174,357,0.010000000000000005,-100.0,,,,
460642,episode_end,153.28352999491648,363,0.010000000000000005,-100.0,,,,
461000,train_step,,,0.010000000000000005,-100.0,100000,18.36841583251953,-55.12226486206055,4.823215484619141
461050,episode_end,174.00137516396325,408,0.010000000000000005,-100.0,,,,
461334,episode_end,0.5571879567123119,284,0.010000000000000005,-100.0,,,,
461649,episode_end,235.80148228574257,315,0.010000000000000005,-100.0,,,,
462000,train_step,,,0.010000000000000005,-100.0,100000,69.17852783203125,-54.84416198730469,4.773551940917969
462299,episode_end,153.24614431549404,650,0.010000000000000005,-100.0,,,,
463000,train_step,,,0.010000000000000005,-100.0,100000,54.170013427734375,-54.771881103515625,4.90131950378418
463299,episode_end,-35.63891431872034,1000,0.010000000000000005,-100.0,,,,
464000,train_step,,,0.010000000000000005,-100.0,100000,91.26879119873047,-52.00193405151367,5.051633834838867
464145,episode_end,186.73759711791308,846,0.010000000000000005,-100.0,,,,
464399,episode_end,256.47982794540223,254,0.010000000000000005,-100.0,,,,
465000,train_step,,,0.010000000000000005,-100.0,100000,20.215538024902344,-52.48857879638672,5.0731706619262695
465399,episode_end,-145.18395473227565,1000,0.010000000000000005,-100.0,,,,
466000,train_step,,,0.010000000000000005,-100.0,100000,33.05450439453125,-49.205055236816406,4.752126693725586
466399,episode_end,-102.98076125579381,1000,0.010000000000000005,-100.0,,,,
466978,episode_end,190.5674159412345,579,0.010000000000000005,-100.0,,,,
467000,train_step,,,0.010000000000000005,-100.0,100000,56.35152053833008,-50.5562744140625,4.913259506225586
467246,episode_end,262.00259999989896,268,0.010000000000000005,-100.0,,,,
467772,episode_end,188.10492234464962,526,0.010000000000000005,-100.0,,,,
468000,train_step,,,0.010000000000000005,-100.0,100000,8.565073013305664,-53.260963439941406,4.933359146118164
468127,episode_end,256.04600065337075,355,0.010000000000000005,-100.0,,,,
468522,episode_end,-71.58678421382828,395,0.010000000000000005,-100.0,,,,
469000,train_step,,,0.010000000000000005,-100.0,100000,87.35482788085938,-52.821231842041016,5.037900924682617
469024,episode_end,142.28583186815735,502,0.010000000000000005,-100.0,,,,
469739,episode_end,166.49393627712294,715,0.010000000000000005,-100.0,,,,
470000,train_step,,,0.010000000000000005,-100.0,100000,15.666218757629395,-57.05463409423828,4.93925666809082
470269,episode_end,-48.791244613479215,530,0.010000000000000005,-100.0,,,,
470881,episode_end,185.1040208527745,612,0.010000000000000005,-100.0,,,,
471000,train_step,,,0.010000000000000005,-100.0,100000,23.757553100585938,-49.943634033203125,4.947293281555176
471031,episode_end,-368.63084164049957,150,0.010000000000000005,-100.0,,,,
471528,episode_end,192.36664309020819,497,0.010000000000000005,-100.0,,,,
472000,train_step,,,0.010000000000000005,-100.0,100000,100.07968139648438,-48.53520202636719,4.650422096252441
472037,episode_end,180.53690884321546,509,0.010000000000000005,-100.0,,,,
472343,episode_end,-97.22217659155223,306,0.010000000000000005,-100.0,,,,
472647,episode_end,229.5344906461385,304,0.010000000000000005,-100.0,,,,
472980,episode_end,273.4023054058976,333,0.010000000000000005,-100.0,,,,
473000,train_step,,,0.010000000000000005,-100.0,100000,81.99436950683594,-47.7214241027832,4.69658088684082
473808,episode_end,196.72537292319072,828,0.010000000000000005,-100.0,,,,
474000,train_step,,,0.010000000000000005,-100.0,100000,16.206165313720703,-49.25920867919922,4.791843891143799
474151,episode_end,174.43684323458285,343,0.010000000000000005,-100.0,,,,
474423,episode_end,222.1008913216827,272,0.010000000000000005,-100.0,,,,
474917,episode_end,99.51636658771072,494,0.010000000000000005,-100.0,,,,
475000,train_step,,,0.010000000000000005,-100.0,100000,19.028057098388672,-48.95683670043945,4.803725242614746
475308,episode_end,163.91783293663354,391,0.010000000000000005,-100.0,,,,
475665,episode_end,154.4500462182374,357,0.010000000000000005,-100.0,,,,
476000,train_step,,,0.010000000000000005,-100.0,100000,61.6199951171875,-48.030433654785156,5.049015998840332
476062,episode_end,177.71309397396016,397,0.010000000000000005,-100.0,,,,
476532,episode_end,216.1895277833309,470,0.010000000000000005,-100.0,,,,
476968,episode_end,207.12818859754418,436,0.010000000000000005,-100.0,,,,
477000,train_step,,,0.010000000000000005,-100.0,100000,25.693706512451172,-45.81414794921875,4.837269306182861
477434,episode_end,100.55896192883041,466,0.010000000000000005,-100.0,,,,
477657,episode_end,322.6253747418573,223,0.010000000000000005,-100.0,,,,
477907,episode_end,287.9555459319139,250,0.010000000000000005,-100.0,,,,
478000,train_step,,,0.010000000000000005,-100.0,100000,69.86264038085938,-46.74482727050781,4.989386558532715
478620,episode_end,51.917258537747756,713,0.010000000000000005,-100.0,,,,
479000,train_step,,,0.010000000000000005,-100.0,100000,16.13345718383789,-48.94892120361328,4.900973320007324
479109,episode_end,210.51785959780324,489,0.010000000000000005,-100.0,,,,
480000,train_step,,,0.010000000000000005,-100.0,100000,75.03866577148438,-46.94705581665039,4.9104461669921875
480109,episode_end,-139.58302802679464,1000,0.010000000000000005,-100.0,,,,
480511,episode_end,183.2915337532579,402,0.010000000000000005,-100.0,,,,
481000,train_step,,,0.010000000000000005,-100.0,100000,20.252538681030273,-44.67222595214844,4.727966785430908
481151,episode_end,90.83817216584968,640,0.010000000000000005,-100.0,,,,
481478,episode_end,-7.208509523273648,327,0.010000000000000005,-100.0,,,,
481788,episode_end,162.56844469033194,310,0.010000000000000005,-100.0,,,,
482000,train_step,,,0.010000000000000005,-100.0,100000,23.857898712158203,-48.70002746582031,4.7842183113098145
482151,episode_end,-16.59374510220438,363,0.010000000000000005,-100.0,,,,
482387,episode_end,-43.95855027347455,236,0.010000000000000005,-100.0,,,,
483000,train_step,,,0.010000000000000005,-100.0,100000,14.900487899780273,-44.52643585205078,4.855283737182617
483067,episode_end,187.10945995553405,680,0.010000000000000005,-100.0,,,,
483653,episode_end,113.31108858467735,586,0.010000000000000005,-100.0,,,,
484000,train_step,,,0.010000000000000005,-100.0,100000,18.82823944091797,-48.36171340942383,4.675008773803711
484104,episode_end,154.68771320153778,451,0.010000000000000005,-100.0,,,,
484553,episode_end,146.20347837460275,449,0.010000000000000005,-100.0,,,,
485000,train_step,,,0.010000000000000005,-100.0,100000,46.74079895019531,-45.23222351074219,4.910357475280762
485039,episode_end,167.28519610993663,486,0.010000000000000005,-100.0,,,,
485471,episode_end,-69.3029550857733,432,0.010000000000000005,-100.0,,,,
485938,episode_end,179.69301302892276,467,0.010000000000000005,-100.0,,,,
486000,train_step,,,0.010000000000000005,-100.0,100000,15.454710006713867,-46.35430908203125,4.8634257316589355
486293,episode_end,-442.70199546582757,355,0.010000000000000005,-100.0,,,,
487000,train_step,,,0.010000000000000005,-100.0,100000,28.15520477294922,-46.57344055175781,5.123369216918945
487186,episode_end,142.86151668030186,893,0.010000000000000005,-100.0,,,,
487587,episode_end,172.36854076120085,401,0.010000000000000005,-100.0,,,,
487812,episode_end,254.95747031237957,225,0.010000000000000005,-100.0,,,,
488000,train_step,,,0.010000000000000005,-100.0,100000,28.570972442626953,-45.06257629394531,4.9703497886657715
488041,episode_end,244.66774523758318,229,0.010000000000000005,-100.0,,,,
488387,episode_end,257.5621042499838,346,0.010000000000000005,-100.0,,,,
489000,train_step,,,0.010000000000000005,-100.0,100000,34.80928039550781,-44.15859603881836,4.7978339195251465
489091,episode_end,175.9389262657894,704,0.010000000000000005,-100.0,,,,
489334,episode_end,-82.98817763399536,243,0.010000000000000005,-100.0,,,,
489577,episode_end,252.48057843760373,243,0.010000000000000005,-100.0,,,,
490000,train_step,,,0.010000000000000005,-100.0,100000,89.621826171875,-43.95085906982422,4.845946311950684
490086,episode_end,118.85154887115976,509,0.010000000000000005,-100.0,,,,
490494,episode_end,223.13183333235094,408,0.010000000000000005,-100.0,,,,
491000,train_step,,,0.010000000000000005,-100.0,100000,70.72384643554688,-44.650386810302734,4.820101261138916
491494,episode_end,-96.04248742795401,1000,0.010000000000000005,-100.0,,,,
491969,episode_end,159.3841405306567,475,0.010000000000000005,-100.0,,,,
492000,train_step,,,0.010000000000000005,-100.0,100000,14.432012557983398,-42.135948181152344,4.9441070556640625
492329,episode_end,294.8961431676421,360,0.010000000000000005,-100.0,,,,
492675,episode_end,247.36323617834535,346,0.010000000000000005,-100.0,,,,
492958,episode_end,216.43267645027578,283,0.010000000000000005,-100.0,,,,
493000,train_step,,,0.010000000000000005,-100.0,100000,7.696887493133545,-41.8116455078125,4.7047624588012695
493421,episode_end,134.82065624476746,463,0.010000000000000005,-100.0,,,,
494000,train_step,,,0.010000000000000005,-100.0,100000,10.492300033569336,-45.13050842285156,4.5515642166137695
494421,episode_end,-125.2884277975245,1000,0.010000000000000005,-100.0,,,,
495000,train_step,,,0.010000000000000005,-100.0,100000,16.16209602355957,-44.536590576171875,4.962264060974121
495307,episode_end,83.26051124823198,886,0.010000000000000005,-100.0,,,,
495877,episode_end,152.40955336289858,570,0.010000000000000005,-100.0,,,,
496000,train_step,,,0.010000000000000005,-100.0,100000,175.83462524414062,-42.514991760253906,4.809332847595215
496877,episode_end,-125.30842691716104,1000,0.010000000000000005,-100.0,,,,
497000,train_step,,,0.010000000000000005,-100.0,100000,22.38650131225586,-45.11470031738281,4.642878532409668
497877,episode_end,-84.69471656522214,1000,0.010000000000000005,-100.0,,,,
498000,train_step,,,0.010000000000000005,-100.0,100000,69.17704010009766,-45.33618927001953,4.97047233581543
498196,episode_end,231.23761217526996,319,0.010000000000000005,-100.0,,,,
499000,train_step,,,0.010000000000000005,-100.0,100000,8.985084533691406,-41.41184616088867,4.9822893142700195
499196,episode_end,-130.64990606477838,1000,0.010000000000000005,-100.0,,,,
499536,episode_end,200.9544868021265,340,0.010000000000000005,-100.0,,,,
499747,episode_end,170.6886796048734,211,0.010000000000000005,-100.0,,,,
500000,train_step,,,0.010000000000000005,-100.0,100000,76.8648681640625,-44.342185974121094,5.210884094238281
500036,episode_end,262.3932950646313,289,0.010000000000000005,-100.0,,,,
501000,train_step,,,0.010000000000000005,-100.0,100000,16.962177276611328,-43.50929641723633,4.89544677734375
501036,episode_end,-87.87509583246793,1000,0.010000000000000005,-100.0,,,,
502000,train_step,,,0.010000000000000005,-100.0,100000,21.234600067138672,-44.49500274658203,4.911974906921387
502036,episode_end,-68.35760822234344,1000,0.010000000000000005,-100.0,,,,
502558,episode_end,86.11155586938443,522,0.010000000000000005,-100.0,,,,
503000,train_step,,,0.010000000000000005,-100.0,100000,14.196035385131836,-44.99787139892578,4.911945819854736
503226,episode_end,69.15655087998944,668,0.010000000000000005,-100.0,,,,
504000,train_step,,,0.010000000000000005,-100.0,100000,8.811759948730469,-42.01713562011719,4.999189376831055
504226,episode_end,-162.14197030826372,1000,0.010000000000000005,-100.0,,,,
504816,episode_end,204.66998075294148,590,0.010000000000000005,-100.0,,,,
505000,train_step,,,0.010000000000000005,-100.0,100000,9.430986404418945,-41.75537109375,5.164628982543945
505622,episode_end,138.90909980037583,806,0.010000000000000005,-100.0,,,,
506000,train_step,,,0.010000000000000005,-100.0,100000,13.502517700195312,-42.05298614501953,5.048674583435059
506031,episode_end,179.89507027797993,409,0.010000000000000005,-100.0,,,,
506297,episode_end,264.69775722092413,266,0.010000000000000005,-100.0,,,,
506703,episode_end,-19.2247784862884,406,0.010000000000000005,-100.0,,,,
507000,train_step,,,0.010000000000000005,-100.0,100000,9.900741577148438,-42.0793571472168,4.770177841186523
507433,episode_end,108.71191032712466,730,0.010000000000000005,-100.0,,,,
508000,train_step,,,0.010000000000000005,-100.0,100000,13.131877899169922,-43.80982971191406,4.625776290893555
508005,episode_end,90.37093345815661,572,0.010000000000000005,-100.0,,,,
508284,episode_end,249.03105977176506,279,0.010000000000000005,-100.0,,,,
508751,episode_end,119.67671507996548,467,0.010000000000000005,-100.0,,,,
509000,train_step,,,0.010000000000000005,-100.0,100000,8.635168075561523,-39.81403732299805,4.654222011566162
509331,episode_end,98.46343797489706,580,0.010000000000000005,-100.0,,,,
509395,episode_end,11.255377744409799,64,0.010000000000000005,-100.0,,,,
509777,episode_end,251.891897778164,382,0.010000000000000005,-100.0,,,,
510000,train_step,,,0.010000000000000005,-100.0,100000,36.895408630371094,-45.37638854980469,5.215087413787842
510002,episode_end,245.18512852667635,225,0.010000000000000005,-100.0,,,,
510222,episode_end,274.704391707947,220,0.010000000000000005,-100.0,,,,
510854,episode_end,-150.02363544648807,632,0.010000000000000005,-100.0,,,,
511000,train_step,,,0.010000000000000005,-100.0,100000,18.291805267333984,-44.58682632446289,5.248788833618164
511134,episode_end,268.6228643322023,280,0.010000000000000005,-100.0,,,,
511332,episode_end,257.0089573772126,198,0.010000000000000005,-100.0,,,,
511533,episode_end,281.390375424019,201,0.010000000000000005,-100.0,,,,
511732,episode_end,304.1211898176881,199,0.010000000000000005,-100.0,,,,
512000,train_step,,,0.010000000000000005,-100.0,100000,23.08254623413086,-42.085105895996094,5.302670478820801
512209,episode_end,118.41957106252103,477,0.010000000000000005,-100.0,,,,
512539,episode_end,267.85986367357856,330,0.010000000000000005,-100.0,,,,
513000,train_step,,,0.010000000000000005,-100.0,100000,11.762625694274902,-43.97991943359375,5.113173961639404
513147,episode_end,120.62445777308767,608,0.010000000000000005,-100.0,,,,
513749,episode_end,262.53615158136796,602,0.010000000000000005,-100.0,,,,
513982,episode_end,245.89493904146772,233,0.010000000000000005,-100.0,,,,
514000,train_step,,,0.010000000000000005,-100.0,100000,8.431173324584961,-45.03952407836914,5.774873733520508
514410,episode_end,127.94744887260443,428,0.010000000000000005,-100.0,,,,
514715,episode_end,275.1179501493795,305,0.010000000000000005,-100.0,,,,
514903,episode_end,261.67612750215324,188,0.010000000000000005,-100.0,,,,
515000,train_step,,,0.010000000000000005,-100.0,100000,36.70994567871094,-42.04441833496094,5.281181335449219
515124,episode_end,261.6591391666146,221,0.010000000000000005,-100.0,,,,
515477,episode_end,268.8370277118441,353,0.010000000000000005,-100.0,,,,
515986,episode_end,104.71853821142722,509,0.010000000000000005,-100.0,,,,
516000,train_step,,,0.010000000000000005,-100.0,100000,10.57066535949707,-42.35759735107422,5.593851566314697
516290,episode_end,290.84276005468325,304,0.010000000000000005,-100.0,,,,
516513,episode_end,227.6671214134215,223,0.010000000000000005,-100.0,,,,
517000,train_step,,,0.010000000000000005,-100.0,100000,11.267627716064453,-45.7929801940918,5.225217819213867
517024,episode_end,96.35874237927102,511,0.010000000000000005,-100.0,,,,
517790,episode_end,50.72416213102086,766,0.010000000000000005,-100.0,,,,
517948,episode_end,162.24638148151507,158,0.010000000000000005,-100.0,,,,
518000,train_step,,,0.010000000000000005,-100.0,100000,14.528947830200195,-39.380577087402344,5.969696044921875
518317,episode_end,265.41389615792957,369,0.010000000000000005,-100.0,,,,
518516,episode_end,41.883285052688734,199,0.010000000000000005,-100.0,,,,
518823,episode_end,277.76430914940386,307,0.010000000000000005,-100.0,,,,
519000,train_step,,,0.010000000000000005,-100.0,100000,10.014924049377441,-46.41256332397461,5.322834014892578
519823,episode_end,-163.07227978940955,1000,0.010000000000000005,-100.0,,,,
520000,train_step,,,0.010000000000000005,-100.0,100000,7.881463527679443,-42.91746520996094,5.3710832595825195
520823,episode_end,-100.94791501565746,1000,0.010000000000000005,-100.0,,,,
521000,train_step,,,0.010000000000000005,-100.0,100000,20.68122673034668,-43.98988723754883,5.491832256317139
521204,episode_end,298.7556500494703,381,0.010000000000000005,-100.0,,,,
521494,episode_end,217.72130407234778,290,0.010000000000000005,-100.0,,,,
522000,train_step,,,0.010000000000000005,-100.0,100000,86.932861328125,-44.814918518066406,5.8345136642456055
522494,episode_end,-92.56926010874741,1000,0.010000000000000005,-100.0,,,,
523000,train_step,,,0.010000000000000005,-100.0,100000,17.721755981445312,-45.12071228027344,5.222795009613037
523494,episode_end,-132.0220757511828,1000,0.010000000000000005,-100.0,,,,
523823,episode_end,238.41568185452942,329,0.010000000000000005,-100.0,,,,
524000,train_step,,,0.010000000000000005,-100.0,100000,11.1171236038208,-43.51164245605469,5.93393611907959
524643,episode_end,156.8751628278407,820,0.010000000000000005,-100.0,,,,
524818,episode_end,-55.707502168657925,175,0.010000000000000005,-100.0,,,,
525000,train_step,,,0.010000000000000005,-100.0,100000,16.500879287719727,-45.92291259765625,5.758702278137207
525278,episode_end,-25.73012471862407,460,0.010000000000000005,-100.0,,,,
526000,train_step,,,0.010000000000000005,-100.0,100000,8.253110885620117,-41.55396270751953,5.667104721069336
526160,episode_end,115.40502022301123,882,0.010000000000000005,-100.0,,,,
526413,episode_end,312.2934823501016,253,0.010000000000000005,-100.0,,,,
527000,train_step,,,0.010000000000000005,-100.0,100000,8.115556716918945,-48.32960891723633,5.86716365814209
527413,episode_end,-158.85912299649266,1000,0.010000000000000005,-100.0,,,,
528000,train_step,,,0.010000000000000005,-100.0,100000,9.698585510253906,-44.07167053222656,5.55403995513916
528214,episode_end,150.12413105107916,801,0.010000000000000005,-100.0,,,,
529000,train_step,,,0.010000000000000005,-100.0,100000,16.489543914794922,-42.67913055419922,4.931885242462158
529214,episode_end,-183.40226570963642,1000,0.010000000000000005,-100.0,,,,
530000,train_step,,,0.010000000000000005,-100.0,100000,9.209714889526367,-45.12549591064453,5.344736099243164
530214,episode_end,-149.20065930988375,1000,0.010000000000000005,-100.0,,,,
530741,episode_end,117.54873857992106,527,0.010000000000000005,-100.0,,,,
531000,train_step,,,0.010000000000000005,-100.0,100000,16.68118667602539,-40.43816375732422,5.058171272277832
531741,episode_end,-129.6060594626789,1000,0.010000000000000005,-100.0,,,,
531958,episode_end,297.87612019677226,217,0.010000000000000005,-100.0,,,,
532000,train_step,,,0.010000000000000005,-100.0,100000,15.50313949584961,-45.287200927734375,5.385321617126465
532958,episode_end,-111.517939159951,1000,0.010000000000000005,-100.0,,,,
533000,train_step,,,0.010000000000000005,-100.0,100000,75.9690170288086,-41.85771560668945,5.510535717010498
533958,episode_end,-117.88165872100429,1000,0.010000000000000005,-100.0,,,,
534000,train_step,,,0.010000000000000005,-100.0,100000,6.816594123840332,-44.271324157714844,4.64361047744751
534913,episode_end,112.11932885963819,955,0.010000000000000005,-100.0,,,,
535000,train_step,,,0.010000000000000005,-100.0,100000,19.799240112304688,-43.718017578125,4.75023078918457
535625,episode_end,-445.3411095049095,712,0.010000000000000005,-100.0,,,,
536000,train_step,,,0.010000000000000005,-100.0,100000,9.26048755645752,-43.186100006103516,4.907702445983887
536625,episode_end,-152.64029734083476,1000,0.010000000000000005,-100.0,,,,
537000,train_step,,,0.010000000000000005,-100.0,100000,76.87193298339844,-47.38582992553711,5.166499137878418
537455,episode_end,173.14883224073319,830,0.010000000000000005,-100.0,,,,
538000,train_step,,,0.010000000000000005,-100.0,100000,7.262761116027832,-45.80849075317383,5.004520416259766
538368,episode_end,152.9651408660624,913,0.010000000000000005,-100.0,,,,
539000,train_step,,,0.010000000000000005,-100.0,100000,9.786022186279297,-44.748321533203125,4.975407123565674
539368,episode_end,-132.28032160617124,1000,0.010000000000000005,-100.0,,,,
539611,episode_end,262.0880506788335,243,0.010000000000000005,-100.0,,,,
540000,train_step,,,0.010000000000000005,-100.0,100000,15.898754119873047,-43.516441345214844,4.790643692016602
540093,episode_end,-113.20136976137653,482,0.010000000000000005,-100.0,,,,
541000,train_step,,,0.010000000000000005,-100.0,100000,9.863821983337402,-43.066978454589844,4.479314804077148
541093,episode_end,-142.04188885320423,1000,0.010000000000000005,-100.0,,,,
541541,episode_end,-107.4016557846739,448,0.010000000000000005,-100.0,,,,
541873,episode_end,276.7815271823299,332,0.010000000000000005,-100.0,,,,
542000,train_step,,,0.010000000000000005,-100.0,100000,6.966994762420654,-43.02601623535156,4.980003356933594
542873,episode_end,-157.45330730687655,1000,0.010000000000000005,-100.0,,,,
543000,train_step,,,0.010000000000000005,-100.0,100000,9.035776138305664,-42.449615478515625,5.29221248626709
543436,episode_end,93.31996890245583,563,0.010000000000000005,-100.0,,,,
543956,episode_end,227.77737543185606,520,0.010000000000000005,-100.0,,,,
544000,train_step,,,0.010000000000000005,-100.0,100000,7.884097576141357,-42.363258361816406,5.3682403564453125
544116,episode_end,-25.96189924262805,160,0.010000000000000005,-100.0,,,,
544646,episode_end,211.6016620907809,530,0.010000000000000005,-100.0,,,,
545000,train_step,,,0.010000000000000005,-100.0,100000,11.922151565551758,-47.74414825439453,5.5459794998168945
545197,episode_end,188.430342113349,551,0.010000000000000005,-100.0,,,,
545520,episode_end,276.2936121597437,323,0.010000000000000005,-100.0,,,,
545995,episode_end,214.79170275779035,475,0.010000000000000005,-100.0,,,,
546000,train_step,,,0.010000000000000005,-100.0,100000,193.423583984375,-46.38175964355469,5.349949836730957
546521,episode_end,278.01004568512894,526,0.010000000000000005,-100.0,,,,
547000,train_step,,,0.010000000000000005,-100.0,100000,10.957169532775879,-42.636566162109375,5.7992448806762695
547183,episode_end,246.8402904625764,662,0.010000000000000005,-100.0,,,,
548000,train_step,,,0.010000000000000005,-100.0,100000,18.915264129638672,-41.92671203613281,5.32184362411499
548058,episode_end,190.87587777730522,875,0.010000000000000005,-100.0,,,,
548471,episode_end,241.26238711120834,413,0.010000000000000005,-100.0,,,,
549000,train_step,,,0.010000000000000005,-100.0,100000,14.14547348022461,-42.99663543701172,5.1479902267456055
549471,episode_end,-145.19336927260446,1000,0.010000000000000005,-100.0,,,,
549855,episode_end,262.22227157179964,384,0.010000000000000005,-100.0,,,,
550000,train_step,,,0.010000000000000005,-100.0,100000,6.698061943054199,-39.67400360107422,4.949507713317871
550069,episode_end,260.00211954908116,214,0.010000000000000005,-100.0,,,,
550422,episode_end,262.3449807603222,353,0.010000000000000005,-100.0,,,,
550752,episode_end,271.21209945539067,330,0.010000000000000005,-100.0,,,,
551000,train_step,,,0.010000000000000005,-100.0,100000,8.127656936645508,-41.06575393676758,4.784444332122803
551752,episode_end,-98.29001613110765,1000,0.010000000000000005,-100.0,,,,
552000,train_step,,,0.010000000000000005,-100.0,100000,72.289794921875,-42.70197296142578,4.694007873535156
552345,episode_end,227.664324482212,593,0.010000000000000005,-100.0,,,,
552921,episode_end,178.4954722618599,576,0.010000000000000005,-100.0,,,,
553000,train_step,,,0.010000000000000005,-100.0,100000,6.979602813720703,-40.11408233642578,4.411314964294434
553456,episode_end,-59.34296098810431,535,0.010000000000000005,-100.0,,,,
553630,episode_end,185.62384390768213,174,0.010000000000000005,-100.0,,,,
554000,train_step,,,0.010000000000000005,-100.0,100000,7.480966091156006,-40.26639938354492,4.462332725524902
554630,episode_end,-144.65153794877259,1000,0.010000000000000005,-100.0,,,,
555000,train_step,,,0.010000000000000005,-100.0,100000,7.097539901733398,-42.106727600097656,4.546148300170898
555624,episode_end,-167.51258894704452,994,0.010000000000000005,-100.0,,,,
555925,episode_end,227.75024695861867,301,0.010000000000000005,-100.0,,,,
556000,train_step,,,0.010000000000000005,-100.0,100000,9.356413841247559,-39.427650451660156,4.631274223327637
556614,episode_end,176.73683936836596,689,0.010000000000000005,-100.0,,,,
556731,episode_end,-231.26895394062038,117,0.010000000000000005,-100.0,,,,
557000,train_step,,,0.010000000000000005,-100.0,100000,15.022429466247559,-37.74388885498047,4.640989303588867
557021,episode_end,255.78536515616685,290,0.010000000000000005,-100.0,,,,
557338,episode_end,228.0298888395938,317,0.010000000000000005,-100.0,,,,
558000,train_step,,,0.010000000000000005,-100.0,100000,6.466948509216309,-38.93682098388672,4.467812538146973
558338,episode_end,-127.84337464119035,1000,0.010000000000000005,-100.0,,,,
558635,episode_end,291.3307686446819,297,0.010000000000000005,-100.0,,,,
559000,train_step,,,0.010000000000000005,-100.0,100000,20.019243240356445,-39.131717681884766,4.659947395324707
559635,episode_end,-55.310333161471284,1000,0.010000000000000005,-100.0,,,,
560000,train_step,,,0.010000000000000005,-100.0,100000,68.96601867675781,-41.085662841796875,4.6318254470825195
560560,episode_end,143.49534873447507,925,0.010000000000000005,-100.0,,,,
561000,train_step,,,0.010000000000000005,-100.0,100000,14.949941635131836,-36.97181701660156,4.284903049468994
561529,episode_end,-176.67039429470623,969,0.010000000000000005,-100.0,,,,
561780,episode_end,254.23089895966822,251,0.010000000000000005,-100.0,,,,
562000,train_step,,,0.010000000000000005,-100.0,100000,9.299867630004883,-42.05915832519531,4.735541343688965
562016,episode_end,130.16686317670928,236,0.010000000000000005,-100.0,,,,
562958,episode_end,181.45622646579915,942,0.010000000000000005,-100.0,,,,
563000,train_step,,,0.010000000000000005,-100.0,100000,11.136831283569336,-40.37232208251953,4.371232032775879
563501,episode_end,-66.9711122372323,543,0.010000000000000005,-100.0,,,,
563688,episode_end,171.31450336380152,187,0.010000000000000005,-100.0,,,,
564000,train_step,,,0.010000000000000005,-100.0,100000,17.92746353149414,-42.49847412109375,4.656223297119141
564332,episode_end,144.66502423673626,644,0.010000000000000005,-100.0,,,,
564586,episode_end,246.55860716009644,254,0.010000000000000005,-100.0,,,,
564983,episode_end,245.2092113029643,397,0.010000000000000005,-100.0,,,,
565000,train_step,,,0.010000000000000005,-100.0,100000,7.67043399810791,-38.63115692138672,4.587093353271484
565543,episode_end,-6.007715468385285,560,0.010000000000000005,-100.0,,,,
565842,episode_end,233.18183886851108,299,0.010000000000000005,-100.0,,,,
566000,train_step,,,0.010000000000000005,-100.0,100000,97.35726928710938,-40.335208892822266,4.836875915527344
566018,episode_end,182.48956032074636,176,0.010000000000000005,-100.0,,,,
566521,episode_end,227.06658322113685,503,0.010000000000000005,-100.0,,,,
566688,episode_end,53.631565009248135,167,0.010000000000000005,-100.0,,,,
567000,train_step,,,0.010000000000000005,-100.0,100000,14.668190002441406,-42.634864807128906,4.843929290771484
567117,episode_end,242.10795052359478,429,0.010000000000000005,-100.0,,,,
568000,train_step,,,0.010000000000000005,-100.0,100000,14.317079544067383,-40.01300048828125,5.4098896980285645
568078,episode_end,-328.73444938358546,961,0.010000000000000005,-100.0,,,,
569000,train_step,,,0.010000000000000005,-100.0,100000,7.156262397766113,-36.55197525024414,4.711478233337402
569078,episode_end,9.520424384789942,1000,0.010000000000000005,-100.0,,,,
570000,train_step,,,0.010000000000000005,-100.0,100000,8.602655410766602,-41.67108154296875,4.782162666320801
570078,episode_end,-95.16008289590825,1000,0.010000000000000005,-100.0,,,,
570274,episode_end,245.40177038822247,196,0.010000000000000005,-100.0,,,,
570515,episode_end,257.66878730489367,241,0.010000000000000005,-100.0,,,,
571000,train_step,,,0.010000000000000005,-100.0,100000,10.830846786499023,-41.51032638549805,5.003750801086426
571364,episode_end,238.40170921645054,849,0.010000000000000005,-100.0,,,,
571745,episode_end,256.9947716357923,381,0.010000000000000005,-100.0,,,,
571869,episode_end,33.64708990562792,124,0.010000000000000005,-100.0,,,,
572000,train_step,,,0.010000000000000005,-100.0,100000,88.12515258789062,-37.51641845703125,4.601418495178223
572531,episode_end,235.75021691762163,662,0.010000000000000005,-100.0,,,,
572759,episode_end,149.66630035406428,228,0.010000000000000005,-100.0,,,,
573000,train_step,,,0.010000000000000005,-100.0,100000,19.872961044311523,-40.76691436767578,4.775496006011963
573194,episode_end,248.82848435372537,435,0.010000000000000005,-100.0,,,,
573374,episode_end,262.5831237174275,180,0.010000000000000005,-100.0,,,,
574000,train_step,,,0.010000000000000005,-100.0,100000,79.58175659179688,-36.662940979003906,4.5358991622924805
574374,episode_end,-84.27480279792697,1000,0.010000000000000005,-100.0,,,,
574678,episode_end,289.2024615114097,304,0.010000000000000005,-100.0,,,,
575000,train_step,,,0.010000000000000005,-100.0,100000,12.838943481445312,-38.534339904785156,4.533241271972656
575077,episode_end,103.55619967465154,399,0.010000000000000005,-100.0,,,,
575352,episode_end,278.6827754708239,275,0.010000000000000005,-100.0,,,,
575554,episode_end,260.53278786519155,202,0.010000000000000005,-100.0,,,,
576000,train_step,,,0.010000000000000005,-100.0,100000,17.944435119628906,-40.768577575683594,4.727043151855469
576554,episode_end,-126.3881168532546,1000,0.010000000000000005,-100.0,,,,
576803,episode_end,265.2510679076481,249,0.010000000000000005,-100.0,,,,
577000,train_step,,,0.010000000000000005,-100.0,100000,8.205608367919922,-36.2952766418457,4.512411117553711
577033,episode_end,247.20038976266582,230,0.010000000000000005,-100.0,,,,
577264,episode_end,233.7400510574233,231,0.010000000000000005,-100.0,,,,
577867,episode_end,286.1768164618203,603,0.010000000000000005,-100.0,,,,
578000,train_step,,,0.010000000000000005,-100.0,100000,8.871748924255371,-38.51940155029297,4.5847368240356445
578620,episode_end,234.37100581011458,753,0.010000000000000005,-100.0,,,,
578981,episode_end,232.57590838185902,361,0.010000000000000005,-100.0,,,,
579000,train_step,,,0.010000000000000005,-100.0,100000,16.105125427246094,-38.13386535644531,4.334990501403809
579479,episode_end,233.7916477586038,498,0.010000000000000005,-100.0,,,,
579751,episode_end,256.016741964132,272,0.010000000000000005,-100.0,,,,
580000,train_step,,,0.010000000000000005,-100.0,100000,31.068397521972656,-37.217369079589844,4.415101528167725
580116,episode_end,267.8308288163711,365,0.010000000000000005,-100.0,,,,
580599,episode_end,227.94063292363194,483,0.010000000000000005,-100.0,,,,
580860,episode_end,212.58213459193558,261,0.010000000000000005,-100.0,,,,
581000,train_step,,,0.010000000000000005,-100.0,100000,76.5335922241211,-33.2842903137207,4.7460832595825195
581175,episode_end,287.0853572467456,315,0.010000000000000005,-100.0,,,,
581382,episode_end,257.09499243541944,207,0.010000000000000005,-100.0,,,,
581869,episode_end,160.05474703174622,487,0.010000000000000005,-100.0,,,,
582000,train_step,,,0.010000000000000005,-100.0,100000,6.62729549407959,-39.799774169921875,5.338275909423828
582242,episode_end,289.11319177212306,373,0.010000000000000005,-100.0,,,,
582532,episode_end,241.39265560169457,290,0.010000000000000005,-100.0,,,,
582837,episode_end,306.0239401724931,305,0.010000000000000005,-100.0,,,,
583000,train_step,,,0.010000000000000005,-100.0,100000,5.230070114135742,-40.739295959472656,5.110243320465088
583086,episode_end,301.0776162978201,249,0.010000000000000005,-100.0,,,,
583327,episode_end,224.9369144870373,241,0.010000000000000005,-100.0,,,,
583583,episode_end,258.05382570412627,256,0.010000000000000005,-100.0,,,,
583794,episode_end,3.7574225493710003,211,0.010000000000000005,-100.0,,,,
584000,train_step,,,0.010000000000000005,-100.0,100000,14.220902442932129,-40.82063293457031,5.019233226776123
584065,episode_end,308.4301728868418,271,0.010000000000000005,-100.0,,,,
584433,episode_end,275.0313206438856,368,0.010000000000000005,-100.0,,,,
584656,episode_end,215.0179914975759,223,0.010000000000000005,-100.0,,,,
584946,episode_end,120.94903676448554,290,0.010000000000000005,-100.0,,,,
585000,train_step,,,0.010000000000000005,-100.0,100000,27.48969268798828,-40.21483612060547,5.233306407928467
585218,episode_end,137.3912871011121,272,0.010000000000000005,-100.0,,,,
585480,episode_end,144.73557707904035,262,0.010000000000000005,-100.0,,,,
585706,episode_end,124.86819219898517,226,0.010000000000000005,-100.0,,,,
586000,train_step,,,0.010000000000000005,-100.0,100000,9.553114891052246,-42.490631103515625,5.1122541427612305
586706,episode_end,10.71827119655308,1000,0.010000000000000005,-100.0,,,,
587000,train_step,,,0.010000000000000005,-100.0,100000,83.28547668457031,-42.796939849853516,5.439798355102539
587061,episode_end,-204.8960960563917,355,0.010000000000000005,-100.0,,,,
587243,episode_end,253.46705178869115,182,0.010000000000000005,-100.0,,,,
587517,episode_end,144.71809188661052,274,0.010000000000000005,-100.0,,,,
587878,episode_end,139.18669076308763,361,0.010000000000000005,-100.0,,,,
588000,train_step,,,0.010000000000000005,-100.0,100000,8.562519073486328,-41.68986511230469,5.515488624572754
588077,episode_end,231.8947271510197,199,0.010000000000000005,-100.0,,,,
588157,episode_end,9.893624844234992,80,0.010000000000000005,-100.0,,,,
588373,episode_end,234.27334155707422,216,0.010000000000000005,-100.0,,,,
588566,episode_end,239.41107815014058,193,0.010000000000000005,-100.0,,,,
588878,episode_end,297.35890737713856,312,0.010000000000000005,-100.0,,,,
589000,train_step,,,0.010000000000000005,-100.0,100000,8.739389419555664,-44.64096450805664,5.055905342102051
589144,episode_end,263.2798394534416,266,0.010000000000000005,-100.0,,,,
589423,episode_end,127.53001716910263,279,0.010000000000000005,-100.0,,,,
589671,episode_end,259.87116577697526,248,0.010000000000000005,-100.0,,,,
589879,episode_end,287.39595102015375,208,0.010000000000000005,-100.0,,,,
590000,train_step,,,0.010000000000000005,-100.0,100000,19.716665267944336,-43.392303466796875,5.260697841644287
590157,episode_end,287.82937871640485,278,0.010000000000000005,-100.0,,,,
590451,episode_end,257.9416220721009,294,0.010000000000000005,-100.0,,,,
590679,episode_end,256.6093687554421,228,0.010000000000000005,-100.0,,,,
590919,episode_end,289.0740650404236,240,0.010000000000000005,-100.0,,,,
591000,train_step,,,0.010000000000000005,-100.0,100000,16.880460739135742,-43.90406799316406,5.374607086181641
591533,episode_end,251.53148734468127,614,0.010000000000000005,-100.0,,,,
591735,episode_end,260.7973332697577,202,0.010000000000000005,-100.0,,,,
592000,train_step,,,0.010000000000000005,-100.0,100000,19.10505485534668,-41.28960418701172,5.566791534423828
592377,episode_end,287.8359792099913,642,0.010000000000000005,-100.0,,,,
592658,episode_end,262.8296112971326,281,0.010000000000000005,-100.0,,,,
592905,episode_end,237.01091389927444,247,0.010000000000000005,-100.0,,,,
593000,train_step,,,0.010000000000000005,-100.0,100000,5.169848442077637,-43.51445770263672,5.393575668334961
593296,episode_end,226.92377564716674,391,0.010000000000000005,-100.0,,,,
593466,episode_end,65.24891237367066,170,0.010000000000000005,-100.0,,,,
593775,episode_end,283.31236747465886,309,0.010000000000000005,-100.0,,,,
594000,train_step,,,0.010000000000000005,-100.0,100000,15.402313232421875,-43.98590850830078,5.372804641723633
594157,episode_end,264.6950499120302,382,0.010000000000000005,-100.0,,,,
595000,train_step,,,0.010000000000000005,-100.0,100000,8.933414459228516,-44.66064453125,5.743804454803467
595157,episode_end,-6.852157387714996,1000,0.010000000000000005,-100.0,,,,
595484,episode_end,262.43868298284724,327,0.010000000000000005,-100.0,,,,
596000,train_step,,,0.010000000000000005,-100.0,100000,166.2681884765625,-50.76003646850586,5.911123275756836
596064,episode_end,170.9581439867725,580,0.010000000000000005,-100.0,,,,
596884,episode_end,79.13761927720213,820,0.010000000000000005,-100.0,,,,
597000,train_step,,,0.010000000000000005,-100.0,100000,22.46278190612793,-50.40877914428711,5.805300712585449
597304,episode_end,142.92587218258552,420,0.010000000000000005,-100.0,,,,
597685,episode_end,-52.60738627291339,381,0.010000000000000005,-100.0,,,,
597949,episode_end,227.57168054967508,264,0.010000000000000005,-100.0,,,,
598000,train_step,,,0.010000000000000005,-100.0,100000,11.655458450317383,-50.70646667480469,5.660333156585693
598162,episode_end,227.63195295938797,213,0.010000000000000005,-100.0,,,,
599000,train_step,,,0.010000000000000005,-100.0,100000,10.512598991394043,-49.565059661865234,6.0593061447143555
599162,episode_end,-130.05671500085222,1000,0.010000000000000005,-100.0,,,,
599835,episode_end,21.784854158090994,673,0.010000000000000005,-100.0,,,,
600000,train_step,,,0.010000000000000005,-100.0,100000,9.488173484802246,-50.36885070800781,5.992104530334473
