global_step,event,episode_return,episode_length,alpha,hover_reward_value,replay_size,critic_loss,actor_loss,logp,alpha_loss
148,episode_end,-319.05979163825805,148,0.2,200.0,,,,,
249,episode_end,-221.00043115037437,101,0.2,200.0,,,,,
365,episode_end,-282.3147549033948,116,0.2,200.0,,,,,
458,episode_end,-50.889745412906606,93,0.2,200.0,,,,,
579,episode_end,-226.20775527739235,121,0.2,200.0,,,,,
662,episode_end,-127.46376875375223,83,0.2,200.0,,,,,
760,episode_end,-331.2955699645724,98,0.2,200.0,,,,,
878,episode_end,-201.9365289065832,118,0.2,200.0,,,,,
974,episode_end,-112.21268747659539,96,0.2,200.0,,,,,
1000,train_step,,,0.2,200.0,1000,,,,
1090,episode_end,-154.81797243101977,116,0.2,200.0,,,,,
1219,episode_end,-114.25570649568456,129,0.2,200.0,,,,,
1305,episode_end,106.44941088385914,86,0.2,200.0,,,,,
1431,episode_end,-269.22683392814315,126,0.2,200.0,,,,,
1539,episode_end,-382.0794005640124,108,0.2,200.0,,,,,
1619,episode_end,-450.4722051713344,80,0.2,200.0,,,,,
1738,episode_end,-3.850723022578933,119,0.2,200.0,,,,,
1846,episode_end,-443.25560099895836,108,0.2,200.0,,,,,
1924,episode_end,-74.1129944837972,78,0.2,200.0,,,,,
2000,train_step,,,0.2,200.0,2000,,,,
2041,episode_end,-290.37023129933914,117,0.2,200.0,,,,,
2174,episode_end,-309.4698121665613,133,0.2,200.0,,,,,
2285,episode_end,-365.54505205306043,111,0.2,200.0,,,,,
2384,episode_end,-92.64532012171522,99,0.2,200.0,,,,,
2519,episode_end,-180.52939113119967,135,0.2,200.0,,,,,
2603,episode_end,-76.35894196095201,84,0.2,200.0,,,,,
2731,episode_end,-190.4963490482378,128,0.2,200.0,,,,,
2870,episode_end,33.354345704848896,139,0.2,200.0,,,,,
3000,train_step,,,0.2,200.0,3000,,,,
3015,episode_end,90.51508016419177,145,0.2,200.0,,,,,
3095,episode_end,-279.8712600107678,80,0.2,200.0,,,,,
3252,episode_end,-291.8309260019304,157,0.2,200.0,,,,,
3420,episode_end,-456.95395191311826,168,0.2,200.0,,,,,
3511,episode_end,-292.3057706550924,91,0.2,200.0,,,,,
3633,episode_end,-159.68926375283638,122,0.2,200.0,,,,,
3696,episode_end,-152.86964746728984,63,0.2,200.0,,,,,
3867,episode_end,-398.7888264695224,171,0.2,200.0,,,,,
3994,episode_end,-219.31246143423118,127,0.2,200.0,,,,,
4000,train_step,,,0.2,200.0,4000,,,,
4083,episode_end,117.80189111146612,89,0.2,200.0,,,,,
4203,episode_end,-226.31681080173308,120,0.2,200.0,,,,,
4324,episode_end,-281.0833333738331,121,0.2,200.0,,,,,
4414,episode_end,-357.31118990293476,90,0.2,200.0,,,,,
4510,episode_end,-134.2240095200215,96,0.2,200.0,,,,,
4585,episode_end,160.68776881610705,75,0.2,200.0,,,,,
4684,episode_end,-235.53574245177103,99,0.2,200.0,,,,,
4812,episode_end,-315.33568025589807,128,0.2,200.0,,,,,
4923,episode_end,-6.351460592527104,111,0.2,200.0,,,,,
5000,train_step,,,0.2,200.0,5000,,,,
5024,episode_end,-336.2651402175998,101,0.2,200.0,,,,,
5143,episode_end,-136.19168961329603,119,0.2,200.0,,,,,
5220,episode_end,-147.71779097833493,77,0.2,200.0,,,,,
5325,episode_end,-359.0109509159804,105,0.2,200.0,,,,,
5462,episode_end,-127.63250720487474,137,0.2,200.0,,,,,
5565,episode_end,-380.1341196278872,103,0.2,200.0,,,,,
5639,episode_end,-109.9294103722583,74,0.2,200.0,,,,,
5710,episode_end,-114.59960916404303,71,0.2,200.0,,,,,
5861,episode_end,-206.88771170982352,151,0.2,200.0,,,,,
5975,episode_end,-449.06927457537654,114,0.2,200.0,,,,,
6000,train_step,,,0.2,200.0,6000,,,,
6117,episode_end,-132.43905290349585,142,0.2,200.0,,,,,
6198,episode_end,131.1653044756917,81,0.2,200.0,,,,,
6299,episode_end,-271.5935703383977,101,0.2,200.0,,,,,
6422,episode_end,-138.5121953382343,123,0.2,200.0,,,,,
6494,episode_end,-58.93762683688133,72,0.2,200.0,,,,,
6589,episode_end,-236.95063411483133,95,0.2,200.0,,,,,
6763,episode_end,-175.36105666003485,174,0.2,200.0,,,,,
6855,episode_end,13.077009722727098,92,0.2,200.0,,,,,
6974,episode_end,-120.92855710342089,119,0.2,200.0,,,,,
7000,train_step,,,0.2,200.0,7000,,,,
7040,episode_end,-72.70838554834208,66,0.2,200.0,,,,,
7153,episode_end,-251.70675439106887,113,0.2,200.0,,,,,
7235,episode_end,139.98441220853934,82,0.2,200.0,,,,,
7402,episode_end,-153.46296818243957,167,0.2,200.0,,,,,
7492,episode_end,-274.48858035972546,90,0.2,200.0,,,,,
7598,episode_end,-438.792859364577,106,0.2,200.0,,,,,
7727,episode_end,-76.42869666956332,129,0.2,200.0,,,,,
7835,episode_end,153.36546911773334,108,0.2,200.0,,,,,
7943,episode_end,-272.5844739589268,108,0.2,200.0,,,,,
8000,train_step,,,0.2,200.0,8000,,,,
8053,episode_end,-160.74099124419894,110,0.2,200.0,,,,,
8163,episode_end,-360.0219769835813,110,0.2,200.0,,,,,
8258,episode_end,-330.7851549367314,95,0.2,200.0,,,,,
8375,episode_end,134.12621635375137,117,0.2,200.0,,,,,
8464,episode_end,-53.063242745563635,89,0.2,200.0,,,,,
8539,episode_end,-76.52665802013493,75,0.2,200.0,,,,,
8672,episode_end,-523.8657021298346,133,0.2,200.0,,,,,
8775,episode_end,-378.4158448250158,103,0.2,200.0,,,,,
8852,episode_end,-52.12520991896915,77,0.2,200.0,,,,,
8938,episode_end,-76.38304961718164,86,0.2,200.0,,,,,
9000,train_step,,,0.2,200.0,9000,,,,
9051,episode_end,-249.72127519768839,113,0.2,200.0,,,,,
9135,episode_end,76.75113268563388,84,0.2,200.0,,,,,
9255,episode_end,-83.44702501632294,120,0.2,200.0,,,,,
9360,episode_end,-307.028709259827,105,0.2,200.0,,,,,
9454,episode_end,-278.2571891844211,94,0.2,200.0,,,,,
9550,episode_end,-227.35305859170558,96,0.2,200.0,,,,,
9706,episode_end,-288.44331699146073,156,0.2,200.0,,,,,
9818,episode_end,-344.4967409321739,112,0.2,200.0,,,,,
9947,episode_end,-254.62157475670733,129,0.2,200.0,,,,,
10000,train_step,,,0.2,200.0,10000,90.6298828125,-0.17317575216293335,-1.3224748373031616,-5.347317218780518
10102,episode_end,-141.27429548362073,155,0.19410480205999123,200.0,,,,,
10223,episode_end,185.38524362149286,121,0.18802788352388367,200.0,,,,,
10357,episode_end,-44.94964689298857,134,0.18200481707586175,200.0,,,,,
10539,episode_end,77.07106394970211,182,0.17450884941733033,200.0,,,,,
10704,episode_end,168.816012497825,165,0.1682701531906761,200.0,,,,,
10838,episode_end,-139.54704531003225,134,0.16373260905800313,200.0,,,,,
11000,train_step,,,0.15838176572695853,200.0,11000,363.7686767578125,3.8587112426757812,0.8355660438537598,-2.1457571983337402
11018,episode_end,-334.73185598538896,180,0.15783347513319818,200.0,,,,,
11138,episode_end,107.50021236114102,120,0.15451086079096107,200.0,,,,,
11370,episode_end,-49.2410915720523,232,0.14826379228917846,200.0,,,,,
11575,episode_end,3.4965331857430186,205,0.14360759731032435,200.0,,,,,
11952,episode_end,-136.11632121232543,377,0.1355111095168122,200.0,,,,,
12000,train_step,,,0.1345378980756668,200.0,12000,351.66949462890625,3.840346336364746,1.4056804180145264,-1.1921515464782715
12151,episode_end,-76.94281876589739,199,0.1316264366942219,200.0,,,,,
12329,episode_end,-151.45825143479243,178,0.12874576207667973,200.0,,,,,
12644,episode_end,-158.69086475842454,315,0.1237658260182838,200.0,,,,,
12856,episode_end,-129.91942736397232,212,0.12090892237325598,200.0,,,,,
13000,train_step,,,0.11924817703232665,200.0,13000,29.739683151245117,-1.0940749645233154,1.5784165859222412,-0.8965175151824951
13159,episode_end,86.99230285561052,303,0.11750450165676127,200.0,,,,,
13746,episode_end,58.08786957512203,587,0.10973970979395953,200.0,,,,,
14000,train_step,,,0.10634922247188343,200.0,14000,9.074726104736328,-1.3313953876495361,1.8771699666976929,-0.27526554465293884
14746,episode_end,103.13034683668636,1000,0.0983955284982159,200.0,,,,,
15000,train_step,,,0.09694741791791117,200.0,15000,81.0918960571289,0.681167721748352,2.0847866535186768,0.1978568732738495
15491,episode_end,-91.05980346270199,745,0.09668112592583121,200.0,,,,,
16000,train_step,,,0.10303954655265757,200.0,16000,336.14031982421875,-2.784287929534912,2.0740790367126465,0.16835525631904602
16088,episode_end,-181.465756114493,597,0.10342739698625822,200.0,,,,,
16199,episode_end,16.999911154409162,111,0.10372810449562885,200.0,,,,,
16427,episode_end,-268.1119469548047,228,0.10432009630754079,200.0,,,,,
16536,episode_end,181.11770155896278,109,0.10547536805308419,200.0,,,,,
16970,episode_end,81.54401816470448,434,0.11130166026440906,200.0,,,,,
17000,train_step,,,0.112348372923308,200.0,17000,451.18377685546875,-4.010857582092285,2.3243002891540527,0.7089691162109375
17208,episode_end,-189.3701379204005,238,0.11749406820097372,200.0,,,,,
17310,episode_end,142.03691051738824,102,0.12024672601270403,200.0,,,,,
17525,episode_end,-210.46447044640223,215,0.12628754781419405,200.0,,,,,
17655,episode_end,-0.27024922606219093,130,0.13088707076679013,200.0,,,,,
18000,train_step,,,0.1409424766259521,200.0,18000,30.014251708984375,-6.3559675216674805,2.3501501083374023,0.6860852241516113
18210,episode_end,-291.3402450930221,555,0.14714435487352115,200.0,,,,,
18313,episode_end,2.220575322146985,103,0.1519146760854056,200.0,,,,,
18436,episode_end,25.920846882303266,123,0.15528127772180303,200.0,,,,,
18563,episode_end,-38.740194555294764,127,0.15721791160728601,200.0,,,,,
18674,episode_end,161.38864485019815,111,0.1600260422420534,200.0,,,,,
19000,train_step,,,0.16484990097073499,200.0,19000,266.541259765625,-13.780133247375488,2.182137966156006,0.32834380865097046
19258,episode_end,-483.0361095169769,584,0.17236338260505868,200.0,,,,,
19370,episode_end,-8.954940156340058,112,0.17359500469829178,200.0,,,,,
19453,episode_end,238.61327359155445,83,0.17325065471766704,200.0,,,,,
19550,episode_end,214.1233962758431,97,0.1730621213595051,200.0,,,,,
19653,episode_end,224.678561833353,103,0.1730315200457765,200.0,,,,,
19752,episode_end,201.47185988617537,99,0.17113014768790255,200.0,,,,,
20000,train_step,,,0.16889484763871965,200.0,20000,343.013671875,-18.678382873535156,1.7921403646469116,-0.3696739375591278
20122,episode_end,-318.6265666788087,370,0.16875018996800178,200.0,,,,,
20214,episode_end,-9.94933775102713,92,0.16894834628857316,200.0,,,,,
20331,episode_end,-15.876527612190515,117,0.16890400290078297,200.0,,,,,
20435,episode_end,219.9959403631036,104,0.16887586180543215,200.0,,,,,
20536,episode_end,253.38501006910587,101,0.17034237357208276,200.0,,,,,
20901,episode_end,-26.569406468457473,365,0.17222607858104105,200.0,,,,,
21000,train_step,,,0.17364230950273013,200.0,21000,290.40325927734375,-21.16786003112793,2.0885629653930664,0.15505214035511017
21013,episode_end,31.48374670603215,112,0.17381732826931653,200.0,,,,,
21542,episode_end,-101.75056207223133,529,0.1796893733012627,200.0,,,,,
22000,train_step,,,0.1804163281122507,200.0,22000,50.44961166381836,-20.98094940185547,2.171513080596924,0.29371407628059387
22542,episode_end,40.44403866161629,1000,0.181606714415296,200.0,,,,,
23000,train_step,,,0.18978299731951745,200.0,23000,44.327877044677734,-27.786314010620117,2.2945611476898193,0.48952364921569824
23542,episode_end,153.2444266635395,1000,0.19541690394137,200.0,,,,,
23649,episode_end,-19.598800451727158,107,0.19648442506164787,200.0,,,,,
24000,train_step,,,0.19494630777497107,200.0,24000,82.9539794921875,-19.107486724853516,1.616426944732666,-0.6271538734436035
24649,episode_end,172.72091336321904,1000,0.195954195302931,200.0,,,,,
25000,train_step,,,0.1903338806700597,200.0,25000,323.4736022949219,-27.45966339111328,1.9873274564743042,-0.021023698151111603
25486,episode_end,183.08788528099393,837,0.1878345696352913,200.0,,,,,
26000,train_step,,,0.19215952168422937,200.0,26000,66.49305725097656,-15.817441940307617,1.9233200550079346,-0.12647821009159088
26486,episode_end,6.2953129136033,1000,0.1940198379184703,200.0,,,,,
27000,train_step,,,0.19249928037964767,200.0,27000,331.05859375,-26.902591705322266,1.8781652450561523,-0.20074264705181122
27066,episode_end,233.48936478713003,580,0.1913696856397163,200.0,,,,,
27201,episode_end,-75.0805723176189,135,0.18926837129708893,200.0,,,,,
27332,episode_end,-144.53153773861425,131,0.1875470307568125,200.0,,,,,
28000,train_step,,,0.17819056327329816,200.0,28000,30.551517486572266,-25.048694610595703,2.0520167350769043,0.0897233784198761
28332,episode_end,-14.893527090075374,1000,0.1775368390141061,200.0,,,,,
29000,train_step,,,0.17527710609274802,200.0,29000,317.71014404296875,-25.41827392578125,1.834900140762329,-0.28750282526016235
29332,episode_end,-43.16987761789252,1000,0.17203057691337945,200.0,,,,,
30000,train_step,,,0.16569309006453894,200.0,30000,300.1093444824219,-26.66590118408203,1.9987720251083374,-0.002207532525062561
30332,episode_end,45.03531602557781,1000,0.16840570697145085,200.0,,,,,
30483,episode_end,-35.66988543728843,151,0.16631547526813226,200.0,,,,,
30727,episode_end,469.714895170798,244,0.16906224536571526,200.0,,,,,
30894,episode_end,154.18411705451234,167,0.16704805425420455,200.0,,,,,
31000,train_step,,,0.16725032537661397,200.0,31000,322.8342590332031,-39.22774124145508,2.108921766281128,0.19478070735931396
31894,episode_end,47.10415499878817,1000,0.16477056315667696,200.0,,,,,
32000,train_step,,,0.1646358139003907,200.0,32000,324.04290771484375,-38.05010986328125,2.1258134841918945,0.22697025537490845
32894,episode_end,245.58311412771477,1000,0.1647440217095487,200.0,,,,,
33000,train_step,,,0.1640775466147289,200.0,33000,349.69293212890625,-25.036334991455078,1.8724637031555176,-0.2305111587047577
33590,episode_end,182.16494813586667,696,0.16339346535441113,200.0,,,,,
34000,train_step,,,0.16248388314177203,200.0,34000,20.08966636657715,-16.957836151123047,1.8600482940673828,-0.2543168067932129
34295,episode_end,298.29175256608505,705,0.16192072642704705,200.0,,,,,
34749,episode_end,455.13210608280053,454,0.16201956973272758,200.0,,,,,
34924,episode_end,205.82409945889088,175,0.16030460952718265,200.0,,,,,
35000,train_step,,,0.15996106481508424,200.0,35000,174.84666442871094,-29.994140625,1.7394037246704102,-0.4776272773742676
35823,episode_end,137.26930617173886,899,0.1623832666486004,200.0,,,,,
35947,episode_end,206.1107730634913,124,0.16095132881396843,200.0,,,,,
36000,train_step,,,0.16112151112834688,200.0,36000,318.40643310546875,-37.928672790527344,1.9879801273345947,-0.021943513303995132
36841,episode_end,344.4800649292122,894,0.15487338939210696,200.0,,,,,
37000,train_step,,,0.158472863230552,200.0,37000,39.695640563964844,-36.46729278564453,2.148426055908203,0.27342644333839417
37431,episode_end,-109.57480591624318,590,0.16363832135489498,200.0,,,,,
38000,train_step,,,0.16829657353645727,200.0,38000,27.513986587524414,-28.35283088684082,2.1691770553588867,0.3014780282974243
38431,episode_end,1.1930072233392777,1000,0.17109165192798542,200.0,,,,,
38673,episode_end,54.93921417249075,242,0.17163546622814027,200.0,,,,,
39000,train_step,,,0.1726375940235126,200.0,39000,275.416748046875,-24.576400756835938,1.9635953903198242,-0.06394701451063156
39673,episode_end,202.1086809809916,1000,0.1662828550405673,200.0,,,,,
39956,episode_end,-61.05511147930387,283,0.16682335947067956,200.0,,,,,
40000,train_step,,,0.16697696224733047,200.0,40000,38.138641357421875,-24.83871841430664,1.9194715023040771,-0.14413784444332123
40956,episode_end,-5.424031383563213,1000,0.15430923643705666,200.0,,,,,
41000,train_step,,,0.15335224545003134,200.0,41000,36.942535400390625,-27.098369598388672,1.9989173412322998,-0.0020300596952438354
41036,episode_end,124.57054722754518,80,0.1528508939669709,200.0,,,,,
41159,episode_end,222.3068121003331,123,0.15207203618059525,200.0,,,,,
41285,episode_end,16.708658646889532,126,0.15257714922904023,200.0,,,,,
41797,episode_end,182.948798195818,512,0.1564470857107808,200.0,,,,,
42000,train_step,,,0.15878103125354667,200.0,42000,15.291227340698242,-19.673561096191406,2.2074882984161377,0.38182592391967773
42797,episode_end,172.53941884304857,1000,0.16294044163765992,200.0,,,,,
43000,train_step,,,0.1649359347759698,200.0,43000,42.551021575927734,-32.09503173828125,2.026360511779785,0.04750663787126541
43017,episode_end,145.06563287939733,220,0.16517648205391441,200.0,,,,,
43292,episode_end,489.81327309857767,275,0.1637452345563958,200.0,,,,,
43840,episode_end,359.728895164081,548,0.16547638696342962,200.0,,,,,
44000,train_step,,,0.16236155777670547,200.0,44000,21.40062713623047,-25.560638427734375,1.6108450889587402,-0.707456111907959
44840,episode_end,236.60410474404387,1000,0.15618654242609997,200.0,,,,,
45000,train_step,,,0.15911477684067507,200.0,45000,54.76342010498047,-26.11525535583496,2.118778944015503,0.21833108365535736
45840,episode_end,203.79495532792603,1000,0.15743817120020565,200.0,,,,,
46000,train_step,,,0.1579854024661294,200.0,46000,32.47413635253906,-27.526079177856445,2.1699275970458984,0.313559353351593
46023,episode_end,166.22108118565177,183,0.15810483129788047,200.0,,,,,
46159,episode_end,201.46391101924007,136,0.15867373639178917,200.0,,,,,
47000,train_step,,,0.1502001361771646,200.0,47000,21.906757354736328,-29.784299850463867,2.105348587036133,0.19971826672554016
47159,episode_end,-53.76702236697206,1000,0.14990132794942154,200.0,,,,,
47357,episode_end,149.41635193231934,198,0.15063957867587818,200.0,,,,,
47459,episode_end,151.73758611490834,102,0.151563273214372,200.0,,,,,
47824,episode_end,384.1164052238721,365,0.15159303396717766,200.0,,,,,
47942,episode_end,131.01887969979953,118,0.15159122043621817,200.0,,,,,
48000,train_step,,,0.1514388351351082,200.0,48000,63.01313018798828,-35.79294204711914,1.9376115798950195,-0.11776289343833923
48143,episode_end,195.29775365701568,201,0.15071495944607582,200.0,,,,,
48270,episode_end,167.4723021104577,127,0.14937329525431783,200.0,,,,,
48388,episode_end,126.47437627973125,118,0.15046644786956126,200.0,,,,,
49000,train_step,,,0.15540460837891773,200.0,49000,78.43336486816406,-25.62938117980957,2.0799572467803955,0.14885838329792023
49279,episode_end,309.3735680464007,891,0.151471129527933,200.0,,,,,
50000,train_step,,,0.15002489555547663,200.0,50000,59.91258239746094,-28.848636627197266,2.0134682655334473,0.025548532605171204
50279,episode_end,153.8980256099303,1000,0.14820098411918797,200.0,,,,,
51000,train_step,,,0.139594072036829,200.0,51000,25.784231185913086,-17.213899612426758,2.022933006286621,0.04515529423952103
51279,episode_end,161.43797876543363,1000,0.13977144621735846,200.0,,,,,
51409,episode_end,-22.29054414672926,130,0.13854712479054435,200.0,,,,,
51589,episode_end,176.88715016696142,180,0.1392257920633079,200.0,,,,,
51796,episode_end,193.28666897756557,207,0.13709088660272734,200.0,,,,,
51927,episode_end,182.30375126699101,131,0.1360413193816665,200.0,,,,,
52000,train_step,,,0.13700082709664854,200.0,52000,67.50885009765625,-31.830001831054688,2.086061477661133,0.1710701733827591
52927,episode_end,237.44221128021627,1000,0.14477387502268,200.0,,,,,
53000,train_step,,,0.14494422624742054,200.0,53000,85.671142578125,-23.195106506347656,1.9265599250793457,-0.14184293150901794
53099,episode_end,37.39341042808499,172,0.14484305852228543,200.0,,,,,
53283,episode_end,-223.45475966960166,184,0.14453523956506226,200.0,,,,,
54000,train_step,,,0.1391282386280853,200.0,54000,132.34982299804688,-30.2099666595459,1.820497989654541,-0.3540424108505249
54283,episode_end,193.88167465469104,1000,0.13752152272023868,200.0,,,,,
54403,episode_end,190.25074155087412,120,0.13636642137682292,200.0,,,,,
55000,train_step,,,0.13542599238120165,200.0,55000,247.83261108398438,-34.22125244140625,1.719001293182373,-0.5618089437484741
55403,episode_end,203.6221681792173,1000,0.1339528932323563,200.0,,,,,
56000,train_step,,,0.13600393371969735,200.0,56000,22.4184513092041,-30.40607261657715,2.245924234390259,0.4906361699104309
56018,episode_end,396.3979172505019,615,0.13664128264110462,200.0,,,,,
57000,train_step,,,0.13957836885954616,200.0,57000,221.6384735107422,-28.1660099029541,2.09673810005188,0.19048956036567688
57018,episode_end,233.32620189445953,1000,0.14024800958796405,200.0,,,,,
58000,train_step,,,0.1359684925359205,200.0,58000,31.985227584838867,-27.539321899414062,1.865662932395935,-0.2680470049381256
58018,episode_end,262.05455200902423,1000,0.1354279542967393,200.0,,,,,
59000,train_step,,,0.13305622945126222,200.0,59000,49.557334899902344,-26.12313461303711,1.9806832075119019,-0.038961537182331085
59018,episode_end,222.74186370294404,1000,0.1329942950297616,200.0,,,,,
59158,episode_end,211.98685566455003,140,0.13491931389715667,200.0,,,,,
59297,episode_end,254.64315310507243,139,0.13538893371102476,200.0,,,,,
59408,episode_end,187.88582208985594,111,0.13563972126779267,200.0,,,,,
60000,train_step,,,0.13864065995135263,200.0,60000,23.78215789794922,-31.93490219116211,2.081103801727295,0.16025054454803467
60408,episode_end,160.722158238219,1000,0.13857323940291275,200.0,,,,,
61000,train_step,,,0.1362018978718191,200.0,61000,67.24539184570312,-29.761032104492188,1.861024260520935,-0.27706432342529297
61408,episode_end,215.35026192066553,1000,0.13362446656239732,200.0,,,,,
62000,train_step,,,0.1333505902795153,200.0,62000,30.93828010559082,-23.59044647216797,2.164970874786377,0.33237898349761963
62048,episode_end,372.54812229054494,640,0.13309451102966458,200.0,,,,,
63000,train_step,,,0.13140506265052007,200.0,63000,240.78018188476562,-32.43339157104492,1.6721835136413574,-0.6652941107749939
63048,episode_end,17.275750172897443,1000,0.13166822889709925,200.0,,,,,
63293,episode_end,279.10494113235103,245,0.13540827888416213,200.0,,,,,
64000,train_step,,,0.1316058816936092,200.0,64000,193.051025390625,-34.83356475830078,2.05661678314209,0.11481514573097229
64293,episode_end,216.17236556334302,1000,0.13339180074498402,200.0,,,,,
64458,episode_end,56.803689413070344,165,0.1337488896139638,200.0,,,,,
64993,episode_end,393.4021848079661,535,0.12863295724708004,200.0,,,,,
65000,train_step,,,0.12865214973936065,200.0,65000,40.497501373291016,-28.820568084716797,2.204610824584961,0.4195835292339325
65684,episode_end,396.7942572716472,691,0.1309362263373659,200.0,,,,,
65971,episode_end,435.04086724205104,287,0.13139653934814874,200.0,,,,,
66000,train_step,,,0.13154007768259565,200.0,66000,35.10953903198242,-37.06193161010742,1.9606064558029175,-0.07990787923336029
66065,episode_end,167.2435859918216,94,0.13157917948563927,200.0,,,,,
66595,episode_end,406.7357897279448,530,0.12795122173424853,200.0,,,,,
66988,episode_end,425.04312818892845,393,0.12616599192918512,200.0,,,,,
67000,train_step,,,0.12626815700192343,200.0,67000,54.479736328125,-30.561067581176758,2.1049742698669434,0.2172284871339798
67479,episode_end,418.70692416237506,491,0.1290919486966053,200.0,,,,,
68000,train_step,,,0.12887958959380463,200.0,68000,279.5900573730469,-36.35911178588867,2.2925381660461426,0.5993746519088745
68203,episode_end,345.32811015855964,724,0.1288424029208229,200.0,,,,,
68545,episode_end,447.2712663970347,342,0.12975508145564474,200.0,,,,,
69000,train_step,,,0.12845532312679617,200.0,69000,42.245304107666016,-36.008731842041016,1.9106180667877197,-0.18342725932598114
69096,episode_end,366.21093630299436,551,0.12866054495932203,200.0,,,,,
69766,episode_end,396.88581152804244,670,0.13276227180098232,200.0,,,,,
70000,train_step,,,0.13150024439095964,200.0,70000,49.71091842651367,-37.81330490112305,2.0076358318328857,0.015491180121898651
70434,episode_end,37.19330487616463,668,0.13185405144209852,200.0,,,,,
70862,episode_end,464.0611667508776,428,0.1330803498433172,200.0,,,,,
71000,train_step,,,0.13352461511216315,200.0,71000,52.96988296508789,-36.134498596191406,2.464263439178467,0.9347802996635437
71862,episode_end,260.663639423224,1000,0.1347868293524792,200.0,,,,,
72000,train_step,,,0.13363240023362938,200.0,72000,42.69911193847656,-32.80500030517578,2.0166759490966797,0.033563002943992615
72246,episode_end,451.55261614931754,384,0.13237458467455138,200.0,,,,,
72998,episode_end,412.5633768470628,752,0.13514749461831085,200.0,,,,,
73000,train_step,,,0.13515191158619339,200.0,73000,158.7066650390625,-32.107208251953125,2.0428287982940674,0.0857156366109848
73998,episode_end,193.0352036684723,1000,0.12763369666642285,200.0,,,,,
74000,train_step,,,0.1276635170332862,200.0,74000,136.49591064453125,-31.159656524658203,1.9839658737182617,-0.03300420194864273
74567,episode_end,-22.685524200737447,569,0.13036944315245869,200.0,,,,,
75000,train_step,,,0.13437011851215133,200.0,75000,91.15106201171875,-24.993541717529297,1.9527482986450195,-0.09484146535396576
75368,episode_end,376.597375113241,801,0.13372228788709803,200.0,,,,,
76000,train_step,,,0.13484680249094858,200.0,76000,289.509765625,-39.84519958496094,2.0392119884490967,0.07856577634811401
76043,episode_end,399.98737450529103,675,0.13479522659063858,200.0,,,,,
76639,episode_end,426.1563582214745,596,0.13298958957657217,200.0,,,,,
77000,train_step,,,0.13129082730618025,200.0,77000,96.11039733886719,-30.955718994140625,2.1007180213928223,0.2044919729232788
77639,episode_end,246.23278756631476,1000,0.13879881380685596,200.0,,,,,
78000,train_step,,,0.13273168738277571,200.0,78000,48.16518783569336,-23.200233459472656,1.8834927082061768,-0.23527787625789642
78639,episode_end,157.00851135973488,1000,0.13100247758905065,200.0,,,,,
79000,train_step,,,0.13138239826641931,200.0,79000,42.76838684082031,-32.123016357421875,2.040376663208008,0.08195044100284576
79044,episode_end,43.142550917161,405,0.13041939205611944,200.0,,,,,
80000,train_step,,,0.13310373155579816,200.0,80000,25.652008056640625,-38.92825698852539,2.0767264366149902,0.15472865104675293
80044,episode_end,260.8095838176658,1000,0.1329412815897965,200.0,,,,,
81000,train_step,,,0.1356741526307189,200.0,81000,35.98940658569336,-37.17384338378906,1.8820672035217285,-0.23557081818580627
81044,episode_end,217.84629862020205,1000,0.13580622223884858,200.0,,,,,
81754,episode_end,397.72567205424855,710,0.13095587492715666,200.0,,,,,
82000,train_step,,,0.12934674866262608,200.0,82000,45.90165328979492,-40.06406021118164,2.0013394355773926,0.0027397125959396362
82351,episode_end,378.1243085029341,597,0.1299193511099195,200.0,,,,,
83000,train_step,,,0.1313294469066931,200.0,83000,29.435081481933594,-30.416553497314453,2.1018147468566895,0.20668870210647583
83351,episode_end,271.9119364935409,1000,0.12952290458485544,200.0,,,,,
83958,episode_end,129.5619445971465,607,0.12947985118268476,200.0,,,,,
84000,train_step,,,0.13033373013478666,200.0,84000,68.45278930664062,-24.26409149169922,2.0253260135650635,0.05160583555698395
84685,episode_end,264.4498284627987,727,0.13165091394217446,200.0,,,,,
85000,train_step,,,0.13376982115506025,200.0,85000,227.5017852783203,-35.75300216674805,1.9279201030731201,-0.14499841630458832
85685,episode_end,209.4068142533769,1000,0.13035101331470156,200.0,,,,,
86000,train_step,,,0.12941263809457265,200.0,86000,24.352664947509766,-29.966768264770508,1.9190046787261963,-0.16561497747898102
86260,episode_end,365.28785198505034,575,0.12936175382183904,200.0,,,,,
87000,train_step,,,0.1275120271322616,200.0,87000,13.427392959594727,-34.25585174560547,1.796553373336792,-0.41900724172592163
87026,episode_end,409.9169984577634,766,0.12775192847569997,200.0,,,,,
87107,episode_end,177.86110690930013,81,0.1272041485481885,200.0,,,,,
87403,episode_end,452.4313763248479,296,0.12596569165888952,200.0,,,,,
88000,train_step,,,0.12258781904131778,200.0,88000,20.002920150756836,-18.4476318359375,1.9488736391067505,-0.1073106974363327
88222,episode_end,397.4940524098597,819,0.123565740349036,200.0,,,,,
89000,train_step,,,0.1222860256655928,200.0,89000,17.85036849975586,-32.118133544921875,2.132418394088745,0.2782628536224365
89140,episode_end,409.22947370593454,918,0.12360123473497252,200.0,,,,,
90000,train_step,,,0.12872173745763787,200.0,90000,34.94095993041992,-28.888248443603516,1.8773393630981445,-0.2514667510986328
90140,episode_end,305.63671956314505,1000,0.12774262550658094,200.0,,,,,
90682,episode_end,441.56917761344647,542,0.12681903706428035,200.0,,,,,
91000,train_step,,,0.12437526726872744,200.0,91000,119.82958984375,-34.293418884277344,1.9087200164794922,-0.19026875495910645
91285,episode_end,436.2077083353853,603,0.1251206970485361,200.0,,,,,
91945,episode_end,395.1812258540617,660,0.127862133984213,200.0,,,,,
92000,train_step,,,0.12751520052227805,200.0,92000,23.032880783081055,-33.94366455078125,2.2002434730529785,0.4124050736427307
92945,episode_end,326.4785385023306,1000,0.12524851807554574,200.0,,,,,
93000,train_step,,,0.12431779146896092,200.0,93000,99.36894226074219,-31.98041534423828,2.0174193382263184,0.03631816804409027
93551,episode_end,110.06612005523243,606,0.1297265625183934,200.0,,,,,
94000,train_step,,,0.1257807133961766,200.0,94000,44.55525207519531,-34.87523651123047,2.2159485816955566,0.44770774245262146
94551,episode_end,342.98390100529986,1000,0.12210133056068338,200.0,,,,,
95000,train_step,,,0.12255820235184395,200.0,95000,45.55187225341797,-35.541595458984375,2.19630765914917,0.4120829999446869
95320,episode_end,437.07269981157236,769,0.1212233119882259,200.0,,,,,
95699,episode_end,466.0638247528881,379,0.1192402025854105,200.0,,,,,
95867,episode_end,224.54801339634116,168,0.11912438638259892,200.0,,,,,
96000,train_step,,,0.12018650397376175,200.0,96000,19.369186401367188,-36.52032470703125,1.9527430534362793,-0.10012355446815491
96781,episode_end,354.586113137275,914,0.12113477267736249,200.0,,,,,
97000,train_step,,,0.11946805400322819,200.0,97000,114.6745834350586,-27.843215942382812,2.255279541015625,0.5423939228057861
97781,episode_end,315.17924020129846,1000,0.12149835177455012,200.0,,,,,
98000,train_step,,,0.12065032872294285,200.0,98000,19.128299713134766,-38.258453369140625,2.0945379734039307,0.19993449747562408
98209,episode_end,466.2201711282909,428,0.12193595764830253,200.0,,,,,
98966,episode_end,219.94523325009558,757,0.12110209022868111,200.0,,,,,
99000,train_step,,,0.12058429138640217,200.0,99000,101.84961700439453,-35.6108283996582,1.9312838315963745,-0.14536261558532715
99289,episode_end,476.6376905283721,323,0.11848519997025711,200.0,,,,,
99712,episode_end,442.087466164965,423,0.11941534526638586,200.0,,,,,
100000,train_step,,,0.1190092650514378,200.0,100000,119.39558410644531,-29.272335052490234,1.934341311454773,-0.1397584080696106
100345,episode_end,475.33456305173445,633,0.11648125807393202,200.0,,,,,
101000,train_step,,,0.11557705030571415,200.0,100000,106.76416015625,-31.135696411132812,2.015888214111328,0.03428369015455246
101345,episode_end,331.7716817341042,1000,0.11549578554478915,200.0,,,,,
101738,episode_end,458.03082009403784,393,0.111041404332411,200.0,,,,,
102000,train_step,,,0.11041873254943071,200.0,100000,199.01324462890625,-42.02588653564453,1.8413655757904053,-0.3495468199253082
102173,episode_end,448.9903211785998,435,0.11241666819989779,200.0,,,,,
102571,episode_end,419.2369518609521,398,0.11653726714178153,200.0,,,,,
102969,episode_end,421.2513616611516,398,0.11824960129621458,200.0,,,,,
103000,train_step,,,0.11858750181944806,200.0,100000,19.82708740234375,-36.02115249633789,2.1587610244750977,0.33849501609802246
103291,episode_end,485.41836760124437,322,0.12120459674531418,200.0,,,,,
103434,episode_end,-75.50636896621124,143,0.11978090445825924,200.0,,,,,
103876,episode_end,402.8597622479254,442,0.11368207612815237,200.0,,,,,
104000,train_step,,,0.11537458707210216,200.0,100000,80.99409484863281,-34.63554000854492,1.84618079662323,-0.33218348026275635
104020,episode_end,192.13858604934524,144,0.11533923153786324,200.0,,,,,
105000,train_step,,,0.11744345480059949,200.0,100000,120.77862548828125,-37.829139709472656,1.978285789489746,-0.04650731384754181
105020,episode_end,300.326247165712,1000,0.11777755599971171,200.0,,,,,
105484,episode_end,421.66009385505663,464,0.1171603475417168,200.0,,,,,
105958,episode_end,441.8152051791573,474,0.11790597233725483,200.0,,,,,
106000,train_step,,,0.11757495166558961,200.0,100000,30.127071380615234,-31.97913932800293,1.8757339715957642,-0.2660136818885803
106222,episode_end,440.52229281490804,264,0.11436798243561896,200.0,,,,,
106364,episode_end,221.34897146956484,142,0.11518851156433625,200.0,,,,,
106699,episode_end,449.244888953348,335,0.1177790559903419,200.0,,,,,
107000,train_step,,,0.11614839592904558,200.0,100000,197.088134765625,-39.4371337890625,1.83901047706604,-0.3465922772884369
107116,episode_end,411.0070881643548,417,0.11436508220651428,200.0,,,,,
107749,episode_end,363.8148380921049,633,0.11412006055630487,200.0,,,,,
108000,train_step,,,0.11639602224845437,200.0,100000,24.442977905273438,-43.702850341796875,1.9418879747390747,-0.12498465180397034
108202,episode_end,365.25655213884147,453,0.11895288243540411,200.0,,,,,
108480,episode_end,480.6364362839694,278,0.11982116792991576,200.0,,,,,
109000,train_step,,,0.1222753296691277,200.0,100000,41.438682556152344,-35.7598876953125,1.9610517024993896,-0.08184921741485596
109030,episode_end,416.9256014667577,550,0.1215782071654429,200.0,,,,,
109390,episode_end,441.145978878033,360,0.11919469633037835,200.0,,,,,
109767,episode_end,425.58499057461233,377,0.11711365302914674,200.0,,,,,
110000,train_step,,,0.11517804217665331,200.0,100000,153.1225128173828,-46.674991607666016,2.259707450866699,0.5612996220588684
110013,episode_end,455.1382512814952,246,0.11524178143236673,200.0,,,,,
110317,episode_end,430.2840263781155,304,0.11819049095660267,200.0,,,,,
110558,episode_end,429.91029264442443,241,0.11934530821432138,200.0,,,,,
110898,episode_end,458.42304497791014,340,0.12105912788508945,200.0,,,,,
111000,train_step,,,0.121404129968818,200.0,100000,31.69670867919922,-41.592872619628906,2.020256757736206,0.04271422326564789
111361,episode_end,413.15695386673303,463,0.12025718080180645,200.0,,,,,
111490,episode_end,166.4960419260915,129,0.11932368398552837,200.0,,,,,
111875,episode_end,427.1916233297607,385,0.12144931275501769,200.0,,,,,
112000,train_step,,,0.11966090058558317,200.0,100000,44.71747970581055,-42.96311950683594,2.2202820777893066,0.46767938137054443
112354,episode_end,371.0677890115311,479,0.12044795340412362,200.0,,,,,
112703,episode_end,478.20190862435607,349,0.12059914563062525,200.0,,,,,
113000,train_step,,,0.12059994338436666,200.0,100000,115.91924285888672,-45.32096862792969,2.129992961883545,0.27497100830078125
113196,episode_end,205.76294613738975,493,0.12056991410597669,200.0,,,,,
113414,episode_end,136.1480787216787,218,0.12096741647049987,200.0,,,,,
113781,episode_end,403.51391356486,367,0.11984184418865199,200.0,,,,,
114000,train_step,,,0.11932189431058265,200.0,100000,148.5098876953125,-47.42524337768555,2.1212220191955566,0.2577095925807953
114005,episode_end,458.4196282901798,224,0.11932721700975267,200.0,,,,,
114142,episode_end,216.90846597067718,137,0.11858864590116458,200.0,,,,,
114601,episode_end,445.9628732474529,459,0.11716528472115802,200.0,,,,,
114898,episode_end,384.8654316427011,297,0.11658942556880555,200.0,,,,,
114998,episode_end,174.4787393798415,100,0.11779795633170935,200.0,,,,,
115000,train_step,,,0.11780032143233993,200.0,100000,90.19200897216797,-50.90838623046875,2.135572910308838,0.2899583578109741
115125,episode_end,23.19024871080066,127,0.11851212864902903,200.0,,,,,
115242,episode_end,185.04772877204607,117,0.11811240014704844,200.0,,,,,
115501,episode_end,453.5167645453643,259,0.11912066736371718,200.0,,,,,
115875,episode_end,438.4254521049144,374,0.12099597543342877,200.0,,,,,
115997,episode_end,178.23588269569535,122,0.12132405865919284,200.0,,,,,
116000,train_step,,,0.12134551139679786,200.0,100000,80.79618835449219,-48.35293960571289,2.1279330253601074,0.26982542872428894
116389,episode_end,254.7353290024099,392,0.11965876025813227,200.0,,,,,
116551,episode_end,424.2563187508631,162,0.12018766919229974,200.0,,,,,
117000,train_step,,,0.11992566909125411,200.0,100000,32.15693283081055,-48.441314697265625,2.235154628753662,0.4987354874610901
117142,episode_end,442.01495361983706,591,0.12096686526414074,200.0,,,,,
117489,episode_end,429.0490058209347,347,0.11832341506558657,200.0,,,,,
117572,episode_end,158.15647726719078,83,0.11781647671179941,200.0,,,,,
117686,episode_end,186.67587695750325,114,0.11801896591803089,200.0,,,,,
117988,episode_end,462.4315007806737,302,0.11752804544629653,200.0,,,,,
118000,train_step,,,0.11792701933113509,200.0,100000,97.79579162597656,-45.61188888549805,2.274995803833008,0.5878558158874512
118288,episode_end,440.8896529006889,300,0.12295776914513744,200.0,,,,,
118414,episode_end,160.509314789742,126,0.1194544810052339,200.0,,,,,
119000,train_step,,,0.11996432601796189,200.0,100000,158.97576904296875,-54.34034729003906,2.0458664894104004,0.09726281464099884
119174,episode_end,420.57306376217053,760,0.1181035366476254,200.0,,,,,
119265,episode_end,164.77320091158225,91,0.11764952998125255,200.0,,,,,
119689,episode_end,436.4408626540962,424,0.11303275649921009,200.0,,,,,
119806,episode_end,203.9367740577418,117,0.1138691465578656,200.0,,,,,
120000,train_step,,,0.114744257233696,200.0,100000,138.04913330078125,-51.94349670410156,1.7724511623382568,-0.4926545321941376
120056,episode_end,434.4620422207401,250,0.11381126981132256,200.0,,,,,
120358,episode_end,415.1567778862122,302,0.1154466160015137,200.0,,,,,
120559,episode_end,264.4522025968727,201,0.11624827879453056,200.0,,,,,
120901,episode_end,469.8099034881094,342,0.11706293189240376,200.0,,,,,
121000,train_step,,,0.11909741317378271,200.0,100000,210.21311950683594,-61.82719421386719,2.187269449234009,0.39847469329833984
121029,episode_end,173.88189574831142,128,0.1193199338228412,200.0,,,,,
121305,episode_end,434.7208866318922,276,0.11979521008754619,200.0,,,,,
121427,episode_end,193.24231750757093,122,0.11931374199198788,200.0,,,,,
121714,episode_end,490.4038916741174,287,0.11875598731867577,200.0,,,,,
121809,episode_end,176.89789215574228,95,0.11862265226894375,200.0,,,,,
121966,episode_end,298.23256138838764,157,0.11766371010591538,200.0,,,,,
122000,train_step,,,0.11787304507155362,200.0,100000,118.50457763671875,-50.72925567626953,2.0837414264678955,0.17905163764953613
122041,episode_end,169.99028265524782,75,0.11822738806407178,200.0,,,,,
122224,episode_end,477.08554886386275,183,0.11645768190374323,200.0,,,,,
122516,episode_end,469.5573427158802,292,0.11886392615091061,200.0,,,,,
122740,episode_end,427.5953021029233,224,0.12112998132908082,200.0,,,,,
123000,train_step,,,0.12072882549543289,200.0,100000,174.07388305664062,-63.681392669677734,2.057288408279419,0.1211196631193161
123065,episode_end,71.12598065062264,325,0.12173502097820131,200.0,,,,,
123187,episode_end,-45.10270561746472,122,0.12112543063547244,200.0,,,,,
123367,episode_end,249.0770217716043,180,0.11965937912890653,200.0,,,,,
123716,episode_end,428.21900899903034,349,0.12303892943346922,200.0,,,,,
123806,episode_end,203.01854927049072,90,0.12331005934642145,200.0,,,,,
123891,episode_end,148.04601598913575,85,0.12371298395889002,200.0,,,,,
124000,train_step,,,0.12216138298039328,200.0,100000,32.40114974975586,-56.96491622924805,2.0844497680664062,0.1775481402873993
124169,episode_end,471.11266688388673,278,0.12146063424565759,200.0,,,,,
124512,episode_end,433.2095141951724,343,0.12323708326003037,200.0,,,,,
124837,episode_end,68.68469679775441,325,0.1204304717572345,200.0,,,,,
124965,episode_end,189.4442459846161,128,0.12027568485806218,200.0,,,,,
125000,train_step,,,0.11965365090921344,200.0,100000,43.98796844482422,-55.23923110961914,1.9346797466278076,-0.13868500292301178
125144,episode_end,474.661065165155,179,0.1215506692620999,200.0,,,,,
125746,episode_end,380.1298044093751,602,0.11908947043379256,200.0,,,,,
126000,train_step,,,0.12058233718746922,200.0,100000,29.445484161376953,-54.717559814453125,1.9749850034713745,-0.05291735380887985
126052,episode_end,414.4924926664907,306,0.12135061308345574,200.0,,,,,
126374,episode_end,455.59332904826977,322,0.12416251639528886,200.0,,,,,
126689,episode_end,430.4285225270268,315,0.12006555348767942,200.0,,,,,
127000,train_step,,,0.11854591868691394,200.0,100000,20.5388126373291,-68.59938049316406,2.16971755027771,0.3619152903556824
127031,episode_end,471.33038081853044,342,0.11854515087826277,200.0,,,,,
127136,episode_end,191.52900692997792,105,0.11894280579458563,200.0,,,,,
127424,episode_end,477.3352000867785,288,0.11646764334460917,200.0,,,,,
127530,episode_end,188.27643801463768,106,0.11651661280960224,200.0,,,,,
127844,episode_end,481.5824323928608,314,0.11485936474412031,200.0,,,,,
128000,train_step,,,0.11540012217136077,200.0,100000,28.1794376373291,-63.215538024902344,1.9193928241729736,-0.17405903339385986
128088,episode_end,453.0651032930233,244,0.11541481240504617,200.0,,,,,
128350,episode_end,491.369337954977,262,0.11568484837642445,200.0,,,,,
128586,episode_end,431.394611253138,236,0.11560797356522766,200.0,,,,,
128825,episode_end,474.4945962619697,239,0.11627024400838175,200.0,,,,,
129000,train_step,,,0.11838707937061337,200.0,100000,161.8802490234375,-65.29680633544922,2.0472474098205566,0.10081624984741211
129374,episode_end,447.03234942337457,549,0.11822041698057273,200.0,,,,,
129590,episode_end,470.07399044104324,216,0.11633008997548537,200.0,,,,,
129928,episode_end,448.42879509909636,338,0.11355486977826454,200.0,,,,,
130000,train_step,,,0.11376692278403527,200.0,100000,413.89715576171875,-63.099815368652344,2.0568132400512695,0.1234893649816513
130147,episode_end,446.1357473100835,219,0.1146138606142154,200.0,,,,,
130607,episode_end,-19.232643403598516,460,0.115746629108831,200.0,,,,,
130876,episode_end,494.40089425193486,269,0.11721617416265143,200.0,,,,,
131000,train_step,,,0.11890844619239192,200.0,100000,158.58363342285156,-57.562923431396484,2.0677742958068848,0.14431892335414886
131128,episode_end,484.52008340095534,252,0.12129940740552214,200.0,,,,,
131346,episode_end,449.0584382523714,218,0.12177246150192311,200.0,,,,,
131722,episode_end,42.65898455330108,376,0.11871088036862051,200.0,,,,,
132000,train_step,,,0.11674644615959526,200.0,100000,76.9762191772461,-69.76535034179688,1.8807299137115479,-0.25616246461868286
132298,episode_end,410.74064552474454,576,0.11634792818625087,200.0,,,,,
132543,episode_end,446.62075724940587,245,0.11507696885297307,200.0,,,,,
132674,episode_end,222.25626554443903,131,0.11612295609396464,200.0,,,,,
132843,episode_end,459.1095588829479,169,0.11801556604847281,200.0,,,,,
133000,train_step,,,0.12058973390657098,200.0,100000,32.913352966308594,-69.68707275390625,1.9873623847961426,-0.02673306316137314
133125,episode_end,466.14209329107325,282,0.12137940076044197,200.0,,,,,
133345,episode_end,447.49656860472004,220,0.12056753136623055,200.0,,,,,
133603,episode_end,462.5429679090825,258,0.11832841854267563,200.0,,,,,
133861,episode_end,486.86347602894836,258,0.11985570690407472,200.0,,,,,
134000,train_step,,,0.12008618871031397,200.0,100000,102.49784851074219,-68.96336364746094,2.0314083099365234,0.06657106429338455
134142,episode_end,448.7524077561604,281,0.12069706614335242,200.0,,,,,
134381,episode_end,490.9757653477939,239,0.11925846553111084,200.0,,,,,
134586,episode_end,466.40181534954394,205,0.12119641654087085,200.0,,,,,
134774,episode_end,471.7063434851782,188,0.12239264991285326,200.0,,,,,
134965,episode_end,510.25852872967766,191,0.11959976066831621,200.0,,,,,
135000,train_step,,,0.11866812936412557,200.0,100000,36.46576690673828,-67.29956817626953,1.7396613359451294,-0.5548921227455139
135162,episode_end,487.25121941267014,197,0.1173256532269724,200.0,,,,,
135386,episode_end,445.6141335446771,224,0.11679029423218296,200.0,,,,,
135657,episode_end,443.31148961974185,271,0.1194009933203655,200.0,,,,,
135878,episode_end,491.8007022644867,221,0.12231017507455322,200.0,,,,,
136000,train_step,,,0.121929332288632,200.0,100000,59.691673278808594,-64.45466613769531,1.9066746234893799,-0.19638605415821075
136080,episode_end,485.8294821402054,202,0.12101570652646002,200.0,,,,,
136308,episode_end,480.98107814340653,228,0.11990401800688463,200.0,,,,,
136550,episode_end,486.8293683583726,242,0.11916492560301417,200.0,,,,,
136976,episode_end,457.10262580379657,426,0.11997681540489379,200.0,,,,,
137000,train_step,,,0.12052381401566367,200.0,100000,22.626728057861328,-70.76068115234375,2.0251450538635254,0.05320444330573082
137179,episode_end,500.2954036158416,203,0.12166203769473861,200.0,,,,,
137342,episode_end,444.25170592003496,163,0.12015023723604379,200.0,,,,,
137760,episode_end,222.06142684023058,418,0.1176843063715749,200.0,,,,,
138000,train_step,,,0.11698750863593771,200.0,100000,127.91925048828125,-70.35318756103516,1.7925384044647217,-0.44514787197113037
138135,episode_end,472.43344765327214,375,0.11705362503936075,200.0,,,,,
138410,episode_end,466.546919132218,275,0.1166969032257062,200.0,,,,,
138601,episode_end,457.8611327647271,191,0.11780760131491838,200.0,,,,,
138873,episode_end,498.1035257143797,272,0.12072353705205631,200.0,,,,,
139000,train_step,,,0.12166699520191102,200.0,100000,148.61923217773438,-71.52690887451172,2.0350358486175537,0.0738019347190857
139012,episode_end,492.70079358680107,139,0.121993524398068,200.0,,,,,
139257,episode_end,444.2636048061557,245,0.11663457598351303,200.0,,,,,
139463,episode_end,445.80904449853364,206,0.11386972550166495,200.0,,,,,
139707,episode_end,452.38069966870273,244,0.11119531360603693,200.0,,,,,
139971,episode_end,432.9494167984442,264,0.11028678991462375,200.0,,,,,
140000,train_step,,,0.11035971937997036,200.0,100000,123.81686401367188,-78.41535949707031,1.8696354627609253,-0.28732454776763916
140214,episode_end,443.0010160546866,243,0.11146007557232353,200.0,,,,,
140491,episode_end,494.7059551526009,277,0.10953438338232568,200.0,,,,,
140714,episode_end,466.4344662039077,223,0.10995338974116554,200.0,,,,,
141000,train_step,,,0.11026447444048293,200.0,100000,37.785152435302734,-77.19183349609375,1.785094976425171,-0.4738386273384094
141095,episode_end,395.3640123295201,381,0.11010585376956987,200.0,,,,,
141343,episode_end,501.20413833213263,248,0.10766543031963902,200.0,,,,,
141608,episode_end,474.77750529453755,265,0.10645443450933748,200.0,,,,,
141854,episode_end,442.16614218372405,246,0.11013279691054988,200.0,,,,,
142000,train_step,,,0.11191000815934181,200.0,100000,46.753135681152344,-83.72195434570312,1.8128926753997803,-0.4097762107849121
142064,episode_end,442.23448624738904,210,0.1111098161740151,200.0,,,,,
142250,episode_end,467.2321764719435,186,0.10926141568721481,200.0,,,,,
142509,episode_end,489.9613298979827,259,0.10888582341358587,200.0,,,,,
142777,episode_end,470.6786357028262,268,0.10943462326156596,200.0,,,,,
142922,episode_end,453.09520366527727,145,0.10951443053237914,200.0,,,,,
143000,train_step,,,0.10935196287994173,200.0,100000,25.87649154663086,-72.57567596435547,1.7785086631774902,-0.4902009963989258
143150,episode_end,459.67466883751405,228,0.11133431241739576,200.0,,,,,
143397,episode_end,434.4489823892723,247,0.11433028885994839,200.0,,,,,
143682,episode_end,466.71127488736164,285,0.11664244775672573,200.0,,,,,
144000,train_step,,,0.11675810284671263,200.0,100000,59.0380859375,-82.737548828125,2.0973124504089355,0.20899291336536407
144040,episode_end,469.15320843651637,358,0.11679751375670532,200.0,,,,,
144366,episode_end,467.9612414819505,326,0.11566950963988529,200.0,,,,,
144519,episode_end,492.15206844275644,153,0.11553322571565666,200.0,,,,,
144901,episode_end,270.48723853125495,382,0.11592304393225862,200.0,,,,,
145000,train_step,,,0.11595860226563437,200.0,100000,73.90286254882812,-83.49078369140625,2.0205938816070557,0.044369928538799286
145166,episode_end,473.68401926969375,265,0.11450039181471576,200.0,,,,,
145439,episode_end,493.69769808310974,273,0.1151766863020961,200.0,,,,,
145725,episode_end,488.88211260489004,286,0.11255446491587125,200.0,,,,,
145897,episode_end,485.2039806808234,172,0.1128226597698189,200.0,,,,,
146000,train_step,,,0.1121144737957511,200.0,100000,83.44352722167969,-78.92430877685547,1.895860195159912,-0.22788235545158386
146125,episode_end,499.7674837459078,228,0.11054349385573477,200.0,,,,,
146391,episode_end,492.4457959962144,266,0.11043300245289774,200.0,,,,,
146649,episode_end,480.0716940794466,258,0.11009583127485295,200.0,,,,,
146956,episode_end,472.837828294949,307,0.10837903677042174,200.0,,,,,
147000,train_step,,,0.10835850715946274,200.0,100000,21.62799835205078,-79.41028594970703,1.9173691272735596,-0.18363146483898163
147159,episode_end,486.0145353986161,203,0.10859925846343377,200.0,,,,,
147409,episode_end,481.54045030453983,250,0.10935775527214243,200.0,,,,,
147474,episode_end,-311.25942345650395,65,0.10767281933533146,200.0,,,,,
147663,episode_end,454.3705277315491,189,0.10603116490111032,200.0,,,,,
147805,episode_end,460.85072783119637,142,0.1065837170002012,200.0,,,,,
148000,train_step,,,0.10802774901098164,200.0,100000,35.58719253540039,-76.5422592163086,1.8353886604309082,-0.36632055044174194
148062,episode_end,489.5754791204091,257,0.10770119124847476,200.0,,,,,
148381,episode_end,461.38782062256587,319,0.10909454878474112,200.0,,,,,
148464,episode_end,25.381491683289227,83,0.10906793286528708,200.0,,,,,
148757,episode_end,509.3799004130712,293,0.10983520204955875,200.0,,,,,
149000,train_step,,,0.10934063513073809,200.0,100000,127.4631118774414,-75.43289184570312,2.1293606758117676,0.28631240129470825
149031,episode_end,464.76614664903076,274,0.10903688899146258,200.0,,,,,
149279,episode_end,511.27770089502076,248,0.1072132504827714,200.0,,,,,
149482,episode_end,454.42722665624103,203,0.1044360446458057,200.0,,,,,
149796,episode_end,473.27497811748333,314,0.10675919065563891,200.0,,,,,
150000,train_step,,,0.10523950265775693,200.0,100000,88.87922668457031,-83.94903564453125,1.897235631942749,-0.2313757985830307
150058,episode_end,438.0061732709472,262,0.10447492069605173,200.0,,,,,
150425,episode_end,463.4943501123625,367,0.10359184080864473,200.0,,,,,
150677,episode_end,468.26844720213694,252,0.10372395046222567,200.0,,,,,
151000,train_step,,,0.10494718831389208,200.0,100000,14.312189102172852,-74.51176452636719,2.004056215286255,0.009143762290477753
151023,episode_end,401.1633309138871,346,0.10484574355560625,200.0,,,,,
151462,episode_end,461.9273600954013,439,0.10824936925036988,200.0,,,,,
151720,episode_end,488.2662017202186,258,0.10890047024273275,200.0,,,,,
152000,train_step,,,0.10964233472919035,200.0,100000,58.334651947021484,-84.1119384765625,1.8091731071472168,-0.4218287765979767
152028,episode_end,482.693360611173,308,0.10992203217858991,200.0,,,,,
152183,episode_end,442.67237937623213,155,0.1088198114509869,200.0,,,,,
152460,episode_end,452.9858747293188,277,0.10961374219807975,200.0,,,,,
152751,episode_end,475.99308416226023,291,0.11037062636000057,200.0,,,,,
152971,episode_end,471.7454874265683,220,0.10926918656771044,200.0,,,,,
153000,train_step,,,0.10860720952183824,200.0,100000,65.36186218261719,-82.56561279296875,2.101510763168335,0.2253556251525879
153267,episode_end,485.8507249990033,296,0.11011338796869401,200.0,,,,,
153555,episode_end,487.8627850463578,288,0.10934983634023895,200.0,,,,,
153761,episode_end,453.530095666799,206,0.10916736688366904,200.0,,,,,
153957,episode_end,480.5009095594865,196,0.10762011700557976,200.0,,,,,
154000,train_step,,,0.10800946009907234,200.0,100000,17.682029724121094,-82.70436096191406,2.03582763671875,0.07973530888557434
154329,episode_end,452.41403111952036,372,0.10683581834807812,200.0,,,,,
154536,episode_end,506.67516400416093,207,0.10898866250739747,200.0,,,,,
154790,episode_end,463.4720041372224,254,0.11107975676328738,200.0,,,,,
155000,train_step,,,0.1103174401026132,200.0,100000,99.31827545166016,-85.15096282958984,1.9709149599075317,-0.0641147643327713
155033,episode_end,438.58039312377025,243,0.11036055097992878,200.0,,,,,
155208,episode_end,459.69696011103986,175,0.11129841701543974,200.0,,,,,
155394,episode_end,494.1052523066994,186,0.11187897975524856,200.0,,,,,
155577,episode_end,491.639495714404,183,0.11136544679411113,200.0,,,,,
155869,episode_end,492.5026334002244,292,0.11224082244242442,200.0,,,,,
156000,train_step,,,0.1121487276363041,200.0,100000,27.387218475341797,-89.08238983154297,1.7841649055480957,-0.47223201394081116
156030,episode_end,445.70168150970693,161,0.1118467925481555,200.0,,,,,
156209,episode_end,481.0051964484585,179,0.11032921414981059,200.0,,,,,
156393,episode_end,448.4014819509374,184,0.10943316482611122,200.0,,,,,
156569,episode_end,502.9419905647171,176,0.10819805868464627,200.0,,,,,
156943,episode_end,449.79059629874774,374,0.1094616485289563,200.0,,,,,
157000,train_step,,,0.10883336579545892,200.0,100000,48.45881271362305,-80.92961883544922,1.7527258396148682,-0.5484386682510376
157185,episode_end,473.9133041878762,242,0.10657920807591623,200.0,,,,,
157470,episode_end,503.9368762057533,285,0.10612556534098577,200.0,,,,,
157702,episode_end,461.8224536698049,232,0.10719186310981679,200.0,,,,,
158000,train_step,,,0.10833530719992143,200.0,100000,46.95379638671875,-83.3997802734375,1.7863308191299438,-0.47488516569137573
158002,episode_end,463.1051926407338,300,0.10829647296187021,200.0,,,,,
158224,episode_end,440.2323138295957,222,0.10626469488145006,200.0,,,,,
158446,episode_end,453.94052739967236,222,0.10879084779405619,200.0,,,,,
158597,episode_end,454.0058805522214,151,0.10859301345078153,200.0,,,,,
158786,episode_end,496.774101362059,189,0.10746102950860714,200.0,,,,,
159000,train_step,,,0.10678429851749452,200.0,100000,118.76470947265625,-90.11871337890625,1.9798073768615723,-0.04516936466097832
159069,episode_end,448.9466549777079,283,0.1071310660576396,200.0,,,,,
159268,episode_end,470.9135851284161,199,0.10492029217984555,200.0,,,,,
159543,episode_end,484.01271397533304,275,0.1057971554178211,200.0,,,,,
159647,episode_end,174.82418693181575,104,0.10701566366865091,200.0,,,,,
159838,episode_end,431.59530695265744,191,0.10735387453544057,200.0,,,,,
160000,train_step,,,0.10982106230252249,200.0,100000,20.158531188964844,-90.46504974365234,2.0867199897766113,0.19155558943748474
160030,episode_end,452.6843690434568,192,0.11014877675503491,200.0,,,,,
160279,episode_end,451.36716310953216,249,0.11144131331683339,200.0,,,,,
160526,episode_end,486.71528291490233,247,0.11336362795267607,200.0,,,,,
160685,episode_end,478.27927776882893,159,0.11567134516369738,200.0,,,,,
160913,episode_end,493.0289712255402,228,0.11598215066745812,200.0,,,,,
161000,train_step,,,0.11472696060146852,200.0,100000,151.9424591064453,-91.82872772216797,1.8408468961715698,-0.3445981740951538
161123,episode_end,506.01431106943363,210,0.11292013949313776,200.0,,,,,
161442,episode_end,476.23381161060627,319,0.11300703124401688,200.0,,,,,
161685,episode_end,497.43633738636606,243,0.115144677663317,200.0,,,,,
161960,episode_end,493.1656523997683,275,0.11425386100613827,200.0,,,,,
162000,train_step,,,0.11336134142115785,200.0,100000,26.565933227539062,-96.18746948242188,1.8422927856445312,-0.3433561623096466
162207,episode_end,480.90163412165174,247,0.11449698791611916,200.0,,,,,
162383,episode_end,441.50827288555865,176,0.11440015067076403,200.0,,,,,
162602,episode_end,467.34383146011277,219,0.1124224153206479,200.0,,,,,
162901,episode_end,489.90998902421586,299,0.10988198235670231,200.0,,,,,
163000,train_step,,,0.11150357767702512,200.0,100000,29.505212783813477,-91.60194396972656,2.007317304611206,0.016051962971687317
163082,episode_end,447.275803969093,181,0.11118304150260704,200.0,,,,,
163400,episode_end,476.85448478945733,318,0.11210047907128645,200.0,,,,,
163565,episode_end,445.42298063469485,165,0.11276685034750494,200.0,,,,,
163670,episode_end,202.55291407542052,105,0.11223764497545821,200.0,,,,,
163881,episode_end,478.67031091754006,211,0.11292771405953908,200.0,,,,,
164000,train_step,,,0.11337802096752665,200.0,100000,16.4232177734375,-96.82072448730469,1.9836639165878296,-0.03556402772665024
164021,episode_end,285.8136690747751,140,0.11331505197876203,200.0,,,,,
164182,episode_end,458.6682445779513,161,0.11095141690062828,200.0,,,,,
164384,episode_end,485.84938009091144,202,0.1096958645797965,200.0,,,,,
164709,episode_end,439.5116160840215,325,0.10919265226599018,200.0,,,,,
164844,episode_end,487.24090931516747,135,0.1099790780273895,200.0,,,,,
164973,episode_end,232.84165512846283,129,0.10937951079042628,200.0,,,,,
165000,train_step,,,0.10971731909786729,200.0,100000,41.429012298583984,-100.19512939453125,2.150463104248047,0.3325004279613495
165231,episode_end,487.404877607793,258,0.11091432676130054,200.0,,,,,
165421,episode_end,518.1714328889425,190,0.1094642668139737,200.0,,,,,
165525,episode_end,216.81046025026632,104,0.10975745506820904,200.0,,,,,
165590,episode_end,166.8531844345348,65,0.11146720424150894,200.0,,,,,
165704,episode_end,203.10989253120113,114,0.11174138135322799,200.0,,,,,
165829,episode_end,202.48985594154846,125,0.11080085978020988,200.0,,,,,
166000,train_step,,,0.11118988314489413,200.0,100000,90.39317321777344,-96.37452697753906,2.0048069953918457,0.0105585977435112
166065,episode_end,447.5053268970861,236,0.11085410752522533,200.0,,,,,
166177,episode_end,186.46550928667563,112,0.11190665665654376,200.0,,,,,
166430,episode_end,465.7200104401904,253,0.11210716634004518,200.0,,,,,
166661,episode_end,469.4935848925323,231,0.11055384467103913,200.0,,,,,
166929,episode_end,479.05215451664907,268,0.1111999021949284,200.0,,,,,
167000,train_step,,,0.11087264673687429,200.0,100000,34.02705383300781,-100.31028747558594,2.0798940658569336,0.17571651935577393
167142,episode_end,477.892047360753,213,0.11212706272071894,200.0,,,,,
167401,episode_end,496.54566798350294,259,0.11047128173186588,200.0,,,,,
167641,episode_end,468.0558997245182,240,0.10968133920064535,200.0,,,,,
167893,episode_end,463.60985579310267,252,0.10866775331417215,200.0,,,,,
168000,train_step,,,0.10905345822810537,200.0,100000,107.70973205566406,-98.66094970703125,2.0419697761535645,0.09300172328948975
168247,episode_end,424.80437587293045,354,0.10959565167890561,200.0,,,,,
168488,episode_end,463.8106669852172,241,0.10909250852638952,200.0,,,,,
168631,episode_end,491.49461226282915,143,0.1089671121679574,200.0,,,,,
168848,episode_end,497.30657579659606,217,0.1093132062277132,200.0,,,,,
169000,train_step,,,0.110198876170124,200.0,100000,20.767309188842773,-98.26129913330078,1.917536973953247,-0.18186941742897034
169007,episode_end,450.66901176241186,159,0.1101492522240147,200.0,,,,,
169246,episode_end,487.722242208088,239,0.10985004365369586,200.0,,,,,
169375,episode_end,468.0684567694394,129,0.10986265060862546,200.0,,,,,
169605,episode_end,456.6364087682429,230,0.11221327215199611,200.0,,,,,
169763,episode_end,459.2279713319675,158,0.11329514250365327,200.0,,,,,
169948,episode_end,472.18152472944814,185,0.11448316496418397,200.0,,,,,
170000,train_step,,,0.11426206521412234,200.0,100000,405.21649169921875,-111.06544494628906,2.305911064147949,0.6636008024215698
170217,episode_end,470.24043471754294,269,0.11399617904222357,200.0,,,,,
170337,episode_end,191.51436662970394,120,0.11365027000058059,200.0,,,,,
170610,episode_end,440.979744965285,273,0.11518456015992967,200.0,,,,,
170842,episode_end,451.9999545899946,232,0.11475835933023634,200.0,,,,,
171000,train_step,,,0.11654299303646452,200.0,100000,71.11996459960938,-97.33821105957031,1.9378633499145508,-0.1335621476173401
171069,episode_end,478.6658785351081,227,0.11685800130739771,200.0,,,,,
171156,episode_end,272.44402329513804,87,0.11726016582246078,200.0,,,,,
171339,episode_end,460.6324148500145,183,0.11817703737056146,200.0,,,,,
171608,episode_end,456.38464682287184,269,0.11890485834886451,200.0,,,,,
171835,episode_end,450.30490203359534,227,0.11965514999695878,200.0,,,,,
172000,train_step,,,0.12085230716795596,200.0,100000,88.33850860595703,-97.78239440917969,1.927366018295288,-0.15348908305168152
172065,episode_end,460.7711633367782,230,0.1207282482073791,200.0,,,,,
172350,episode_end,495.5400537105497,285,0.11822638251401758,200.0,,,,,
172585,episode_end,474.0012043573302,235,0.11644696818558228,200.0,,,,,
172879,episode_end,459.46673150032916,294,0.11410005890679481,200.0,,,,,
173000,train_step,,,0.11310142000578932,200.0,100000,31.71612548828125,-98.69914245605469,2.265784978866577,0.5792704820632935
173122,episode_end,491.813644974051,243,0.11332144120550022,200.0,,,,,
173350,episode_end,453.04946457067035,228,0.11281953589308408,200.0,,,,,
173584,episode_end,458.0659475783169,234,0.11652130005663747,200.0,,,,,
173717,episode_end,119.95916782634674,133,0.11679545228228425,200.0,,,,,
174000,train_step,,,0.11629734171076603,200.0,100000,36.23888397216797,-104.72163391113281,2.182332992553711,0.39230847358703613
174033,episode_end,489.71235857599305,316,0.1161224123945667,200.0,,,,,
174340,episode_end,488.9510100678899,307,0.11667394928686182,200.0,,,,,
174538,episode_end,454.79462525776466,198,0.11945480311351536,200.0,,,,,
175000,train_step,,,0.11949917820213068,200.0,100000,97.35941314697266,-102.94902038574219,1.9716477394104004,-0.06023270636796951
175538,episode_end,306.5612807589305,1000,0.11808713607783154,200.0,,,,,
176000,train_step,,,0.12255899227293554,200.0,100000,37.26170349121094,-109.32575225830078,1.8909481763839722,-0.22891777753829956
176538,episode_end,246.65587279116954,1000,0.12294660521661756,200.0,,,,,
176756,episode_end,465.0671856412325,218,0.1181740749671595,200.0,,,,,
177000,train_step,,,0.11468512944719599,200.0,100000,133.37417602539062,-112.17888641357422,1.8837792873382568,-0.2516835927963257
177352,episode_end,456.1632116176984,596,0.11305796972091788,200.0,,,,,
177792,episode_end,468.1355755775172,440,0.11496784258947604,200.0,,,,,
177938,episode_end,160.88742943028444,146,0.1162035854418993,200.0,,,,,
178000,train_step,,,0.11664737276167499,200.0,100000,207.81387329101562,-106.55442810058594,1.944103479385376,-0.12009909749031067
178228,episode_end,509.9478142896409,290,0.11509725649955894,200.0,,,,,
178464,episode_end,491.0623196106355,236,0.11443310185194859,200.0,,,,,
178682,episode_end,458.24224513170697,218,0.11682072957155855,200.0,,,,,
178967,episode_end,463.5469509537368,285,0.12117790514970027,200.0,,,,,
179000,train_step,,,0.12148493672374745,200.0,100000,122.7688217163086,-106.29338073730469,1.9848852157592773,-0.0318613238632679
179589,episode_end,449.1153642731652,622,0.11517400293763104,200.0,,,,,
179837,episode_end,487.4628089208421,248,0.11562417831358955,200.0,,,,,
180000,train_step,,,0.11600526273994945,200.0,100000,29.00910758972168,-99.90943908691406,1.8892326354980469,-0.23860633373260498
180009,episode_end,467.2345331892864,172,0.11587742551231582,200.0,,,,,
180399,episode_end,421.9116818809753,390,0.11723686083232768,200.0,,,,,
180625,episode_end,495.48904185995275,226,0.11674395168698962,200.0,,,,,
181000,train_step,,,0.11785280295708063,200.0,100000,23.15570068359375,-104.56161499023438,1.8529740571975708,-0.314388245344162
181625,episode_end,175.10004309086807,1000,0.1212480363292928,200.0,,,,,
181745,episode_end,-66.31999899897731,120,0.11963194480231643,200.0,,,,,
181990,episode_end,450.50484740876004,245,0.11957910771514262,200.0,,,,,
182000,train_step,,,0.11951041784573578,200.0,100000,45.79929733276367,-110.90583038330078,1.7243958711624146,-0.5854800939559937
182345,episode_end,432.2058629019129,355,0.1168747630794327,200.0,,,,,
182540,episode_end,512.262790397755,195,0.11535666417279417,200.0,,,,,
182784,episode_end,469.00100843242024,244,0.11604753648410321,200.0,,,,,
182987,episode_end,507.3246056235347,203,0.11608876247213466,200.0,,,,,
183000,train_step,,,0.11597527402650529,200.0,100000,20.223770141601562,-94.62911987304688,1.998566746711731,-0.003087863326072693
183226,episode_end,504.024211260256,239,0.113687550119381,200.0,,,,,
183518,episode_end,489.2377387818953,292,0.11421186135134037,200.0,,,,,
183695,episode_end,477.9004207943019,177,0.11350690533413149,200.0,,,,,
183966,episode_end,495.10847051560097,271,0.11236655238323595,200.0,,,,,
184000,train_step,,,0.11171614794990353,200.0,100000,112.73721313476562,-112.59732055664062,1.9551074504852295,-0.09839516878128052
184142,episode_end,467.2727645713033,176,0.10997844074520026,200.0,,,,,
184417,episode_end,468.25974437944126,275,0.11142868542715659,200.0,,,,,
184725,episode_end,482.6728214572583,308,0.11174022427148203,200.0,,,,,
184883,episode_end,452.2192168539691,158,0.11192100883513699,200.0,,,,,
185000,train_step,,,0.111437513418869,200.0,100000,118.55519104003906,-113.30744934082031,2.093712329864502,0.20563237369060516
185101,episode_end,411.30663804699407,218,0.11092075705660157,200.0,,,,,
185734,episode_end,434.19879235193343,633,0.11278047504253987,200.0,,,,,
185986,episode_end,486.5658794300797,252,0.1083910400511645,200.0,,,,,
186000,train_step,,,0.1083816371621205,200.0,100000,174.90255737304688,-106.04846954345703,1.9068399667739868,-0.20701062679290771
186750,episode_end,443.55525049814685,764,0.10588997765941939,200.0,,,,,
186997,episode_end,485.39765475385565,247,0.10475651843643442,200.0,,,,,
187000,train_step,,,0.1047513799063762,200.0,100000,98.84040069580078,-105.369140625,2.0559020042419434,0.1261245310306549
187254,episode_end,506.99216973317425,257,0.10591194164217532,200.0,,,,,
187433,episode_end,33.73112637775705,179,0.10598808357247452,200.0,,,,,
187716,episode_end,485.63780704968394,283,0.10745340419500893,200.0,,,,,
188000,train_step,,,0.10814919659530972,200.0,100000,168.82577514648438,-108.14619445800781,1.9981470108032227,-0.004121243953704834
188072,episode_end,476.1821278229977,356,0.10853128821826231,200.0,,,,,
188928,episode_end,434.50596202503436,856,0.11018026652042215,200.0,,,,,
189000,train_step,,,0.10978784756531375,200.0,100000,438.32489013671875,-116.75284576416016,2.207345962524414,0.4580695331096649
189094,episode_end,438.14471580764996,166,0.10946675390479231,200.0,,,,,
189301,episode_end,488.57204574992477,207,0.11071240937934389,200.0,,,,,
189537,episode_end,487.83755101203707,236,0.11047987059648076,200.0,,,,,
189811,episode_end,502.72149125244397,274,0.11103589788399068,200.0,,,,,
190000,train_step,,,0.11172998635748946,200.0,100000,35.02842330932617,-100.25567626953125,2.0758261680603027,0.1661856472492218
190124,episode_end,455.38643552960855,313,0.11017469674255223,200.0,,,,,
190373,episode_end,475.67513731309487,249,0.11208293645514601,200.0,,,,,
190677,episode_end,479.78863449125464,304,0.11130049754148816,200.0,,,,,
190904,episode_end,487.7265581665218,227,0.11290757394495196,200.0,,,,,
191000,train_step,,,0.11437828396120908,200.0,100000,235.41098022460938,-95.90607452392578,1.9753527641296387,-0.05344103276729584
191121,episode_end,478.2377203102692,217,0.1136793536303807,200.0,,,,,
191333,episode_end,478.27668765610713,212,0.11276519204251848,200.0,,,,,
191579,episode_end,472.4092268321293,246,0.1115487592474668,200.0,,,,,
191837,episode_end,460.76624990089863,258,0.111491730390069,200.0,,,,,
192000,train_step,,,0.11122078974574119,200.0,100000,94.91144561767578,-106.40040588378906,2.2178773880004883,0.4785109758377075
192723,episode_end,415.47125784963606,886,0.11303943373820044,200.0,,,,,
193000,train_step,,,0.11169900665230881,200.0,100000,53.685638427734375,-117.9443359375,1.9956302642822266,-0.009578138589859009
193120,episode_end,465.06278621420523,397,0.11109752893616387,200.0,,,,,
193425,episode_end,483.5233922834162,305,0.10941188396712567,200.0,,,,,
193659,episode_end,501.64388051513225,234,0.11030841794973134,200.0,,,,,
193899,episode_end,458.81130147303605,240,0.11234477335157929,200.0,,,,,
194000,train_step,,,0.11139882847102069,200.0,100000,108.29066467285156,-112.7609634399414,2.3173606395721436,0.696492075920105
194161,episode_end,458.2494469174791,262,0.11308771806932881,200.0,,,,,
194366,episode_end,454.7771206561531,205,0.11409345910076733,200.0,,,,,
194567,episode_end,507.83874376745945,201,0.1164099895868196,200.0,,,,,
194785,episode_end,461.9210371573089,218,0.11707737881867036,200.0,,,,,
195000,train_step,,,0.11683886466301013,200.0,100000,73.71694946289062,-101.52609252929688,1.9135774374008179,-0.18554583191871643
195031,episode_end,475.0673531335707,246,0.11712704471350302,200.0,,,,,
195266,episode_end,502.4723625150039,235,0.11453072198559712,200.0,,,,,
195568,episode_end,421.50476903882054,302,0.11360419756602107,200.0,,,,,
195855,episode_end,444.1381507718332,287,0.11212016767267897,200.0,,,,,
196000,train_step,,,0.11189094245659695,200.0,100000,28.61288833618164,-109.64529418945312,1.811816930770874,-0.4121644198894501
196010,episode_end,448.157704103849,155,0.11172570837690195,200.0,,,,,
196276,episode_end,463.4970551924817,266,0.11240321476970966,200.0,,,,,
196519,episode_end,476.49926267913315,243,0.1127605359597051,200.0,,,,,
196776,episode_end,486.11904738274586,257,0.1169973353384169,200.0,,,,,
197000,train_step,,,0.11681573113085415,200.0,100000,103.4794921875,-104.90482330322266,2.0880801677703857,0.18912166357040405
197043,episode_end,482.6209054135851,267,0.11746673197534081,200.0,,,,,
198000,train_step,,,0.11570159391397923,200.0,100000,139.29208374023438,-111.985107421875,1.9898135662078857,-0.02196953445672989
198043,episode_end,122.64779890522573,1000,0.11437459148325971,200.0,,,,,
198276,episode_end,476.3262943644767,233,0.1116773604064529,200.0,,,,,
198503,episode_end,503.6872001959902,227,0.11391816511126567,200.0,,,,,
198747,episode_end,461.11302741619613,244,0.1160532030669905,200.0,,,,,
198925,episode_end,472.42813081187114,178,0.11796105098776939,200.0,,,,,
199000,train_step,,,0.12063552430050405,200.0,100000,173.6793212890625,-107.16706848144531,1.884016990661621,-0.2453019767999649
199117,episode_end,454.1617551111489,192,0.1228105243389714,200.0,,,,,
199349,episode_end,466.62329175566543,232,0.12492132326971363,200.0,,,,,
199626,episode_end,441.07780671925855,277,0.12203601645606256,200.0,,,,,
200000,train_step,,,0.11814526830156163,200.0,100000,134.38705444335938,-108.94569396972656,2.1003103256225586,0.21424701809883118
200192,episode_end,444.5018869986949,566,0.11645577669615371,200.0,,,,,
200414,episode_end,470.4711013927856,222,0.11784640873420484,200.0,,,,,
200658,episode_end,479.3586018571171,244,0.11816895949502626,200.0,,,,,
200867,episode_end,447.82337867741126,209,0.11746923167585997,200.0,,,,,
201000,train_step,,,0.1179732157167144,200.0,100000,60.23113250732422,-107.3970718383789,1.7786368131637573,-0.4731192886829376
201072,episode_end,469.5395503332815,205,0.11739224052993984,200.0,,,,,
201302,episode_end,489.77903699273514,230,0.11803642108815335,200.0,,,,,
201538,episode_end,500.92775218438413,236,0.1179850264166411,200.0,,,,,
201767,episode_end,453.0642574568545,229,0.11743520201970521,200.0,,,,,
201987,episode_end,472.46131986556924,220,0.1164436116963064,200.0,,,,,
202000,train_step,,,0.11638673899098377,200.0,100000,47.42594528198242,-100.700439453125,2.1481499671936035,0.3186466693878174
202126,episode_end,459.98901939026587,139,0.11648618252374308,200.0,,,,,
202303,episode_end,460.42862040985995,177,0.11608015505826855,200.0,,,,,
202675,episode_end,466.9876493104903,372,0.1179628684745977,200.0,,,,,
202898,episode_end,452.22533060961575,223,0.1189328831012986,200.0,,,,,
203000,train_step,,,0.11874672394398064,200.0,100000,62.529998779296875,-107.81294250488281,2.0276870727539062,0.05899481847882271
203281,episode_end,405.5921059627119,383,0.11917112304006192,200.0,,,,,
203831,episode_end,392.56619852196485,550,0.11758993693873843,200.0,,,,,
204000,train_step,,,0.11553480226181459,200.0,100000,132.59805297851562,-114.19186401367188,2.209468364715576,0.45207101106643677
204057,episode_end,496.9098969934089,226,0.11514779592658263,200.0,,,,,
204314,episode_end,494.31002792739014,257,0.11218838777700238,200.0,,,,,
204586,episode_end,461.84734296787957,272,0.10952437469891972,200.0,,,,,
204824,episode_end,474.02345303501573,238,0.10932978567560203,200.0,,,,,
205000,train_step,,,0.1103288642158894,200.0,100000,92.24688720703125,-99.5987548828125,1.9567182064056396,-0.09540550410747528
205059,episode_end,487.8362457650954,235,0.11175623137463887,200.0,,,,,
205249,episode_end,468.40887633926417,190,0.11472131909203526,200.0,,,,,
205773,episode_end,409.1345393285155,524,0.11399718595624396,200.0,,,,,
206000,train_step,,,0.11266892222448738,200.0,100000,169.77139282226562,-109.92646026611328,2.065769910812378,0.1435956507921219
206115,episode_end,84.27510792647851,342,0.11230174614266386,200.0,,,,,
206303,episode_end,449.35464117428245,188,0.11129694107298255,200.0,,,,,
206576,episode_end,455.67169425436225,273,0.11054518004907497,200.0,,,,,
206820,episode_end,481.64281478850756,244,0.11319530502520236,200.0,,,,,
207000,train_step,,,0.11383945541316422,200.0,100000,26.909650802612305,-109.40409851074219,2.00653076171875,0.014191314578056335
207049,episode_end,497.768390944317,229,0.11472375560022183,200.0,,,,,
207673,episode_end,466.6819277004873,624,0.11597791036108045,200.0,,,,,
208000,train_step,,,0.11502609094566227,200.0,100000,26.974084854125977,-108.1282958984375,1.8062586784362793,-0.41898414492607117
208390,episode_end,417.7854092094099,717,0.11165875081398484,200.0,,,,,
208804,episode_end,476.3730715922523,414,0.11169921610347106,200.0,,,,,
209000,train_step,,,0.11327878605494512,200.0,100000,133.3621826171875,-102.72753143310547,1.8299241065979004,-0.3704090118408203
209136,episode_end,464.9265840952909,332,0.11409739849025786,200.0,,,,,
209343,episode_end,449.5800337675284,207,0.11494768447646478,200.0,,,,,
209548,episode_end,503.78584445734185,205,0.11107679607383857,200.0,,,,,
209786,episode_end,469.97971839906836,238,0.11053783983174223,200.0,,,,,
210000,train_step,,,0.11212848627434861,200.0,100000,73.74481201171875,-105.78012084960938,2.0396170616149902,0.08668630570173264
210017,episode_end,495.8763130063826,231,0.11259468128659339,200.0,,,,,
210309,episode_end,450.9144351473643,292,0.11070335112562571,200.0,,,,,
210490,episode_end,470.77017445685215,181,0.11149429897873327,200.0,,,,,
210726,episode_end,491.39282776543797,236,0.11296003422946276,200.0,,,,,
210983,episode_end,478.2841886880704,257,0.11242403430958013,200.0,,,,,
211000,train_step,,,0.11238641029456875,200.0,100000,44.80133056640625,-114.05195617675781,2.0567498207092285,0.12404502928256989
211830,episode_end,440.0055005654986,847,0.11770831015500781,200.0,,,,,
212000,train_step,,,0.11732917278509689,200.0,100000,30.93341636657715,-106.24510192871094,2.0465478897094727,0.09974155575037003
212019,episode_end,435.5322888868286,189,0.11703591904103101,200.0,,,,,
212193,episode_end,477.539958763101,174,0.11846750601203657,200.0,,,,,
212352,episode_end,464.11680554985094,159,0.11925099190050621,200.0,,,,,
212665,episode_end,485.17474863824236,313,0.11914851886303442,200.0,,,,,
212861,episode_end,461.1403615048606,196,0.11819194239012062,200.0,,,,,
213000,train_step,,,0.11539329580782595,200.0,100000,23.531702041625977,-108.78298950195312,1.7755224704742432,-0.48473867774009705
213207,episode_end,488.6508389687734,346,0.11313744414268286,200.0,,,,,
213384,episode_end,477.1336616295754,177,0.11441322030862336,200.0,,,,,
213528,episode_end,468.84530996339794,144,0.11399311084513912,200.0,,,,,
213665,episode_end,250.25314842712976,137,0.1135974173336776,200.0,,,,,
214000,train_step,,,0.11235936289768687,200.0,100000,144.19992065429688,-119.84385681152344,2.0882811546325684,0.19298692047595978
214307,episode_end,456.64402601016644,642,0.11060021658450547,200.0,,,,,
214501,episode_end,476.03804266233203,194,0.10978713847997527,200.0,,,,,
214735,episode_end,493.0445980090329,234,0.1084656195975191,200.0,,,,,
214932,episode_end,451.1613700107157,197,0.10851447108105172,200.0,,,,,
215000,train_step,,,0.10804861008869704,200.0,100000,18.95351791381836,-98.27198028564453,1.9971615076065063,-0.006316240876913071
215245,episode_end,478.0346112266904,313,0.10683006106552943,200.0,,,,,
215400,episode_end,446.81968229494004,155,0.10762496520262146,200.0,,,,,
215602,episode_end,462.037271270082,202,0.10686439007282,200.0,,,,,
215800,episode_end,480.33709435581886,198,0.1066864455952088,200.0,,,,,
215938,episode_end,480.0097012343828,138,0.10557682328067745,200.0,,,,,
216000,train_step,,,0.10461970925505028,200.0,100000,96.48107147216797,-122.22525024414062,1.9071810245513916,-0.20953147113323212
216278,episode_end,479.3173359044309,340,0.10515506146649532,200.0,,,,,
216462,episode_end,491.2745429114197,184,0.1050585607604089,200.0,,,,,
216674,episode_end,484.4016721456162,212,0.10645739801532729,200.0,,,,,
217000,train_step,,,0.10914477468962569,200.0,100000,54.90463638305664,-118.49610137939453,2.1146979331970215,0.2540649175643921
217267,episode_end,458.02758447591754,593,0.11030334097092254,200.0,,,,,
217527,episode_end,460.6372236782337,260,0.10906944123917485,200.0,,,,,
217702,episode_end,459.3254959822827,175,0.1089698026691262,200.0,,,,,
217876,episode_end,490.6828512226642,174,0.10691828964996072,200.0,,,,,
218000,train_step,,,0.10655278314884888,200.0,100000,228.58224487304688,-116.63224792480469,2.0709123611450195,0.15878111124038696
218075,episode_end,460.8548846525364,199,0.10566896350005442,200.0,,,,,
218233,episode_end,484.93589550374196,158,0.10557214599008817,200.0,,,,,
218386,episode_end,449.3327173315382,153,0.10578864012831102,200.0,,,,,
218585,episode_end,479.8426404574926,199,0.10509385046373267,200.0,,,,,
218821,episode_end,506.56280513618196,236,0.10351359252239188,200.0,,,,,
219000,train_step,,,0.10508474122907976,200.0,100000,19.329458236694336,-109.26109313964844,1.8273656368255615,-0.38894346356391907
219047,episode_end,477.65054137348625,226,0.10523724742305397,200.0,,,,,
219472,episode_end,436.871410976757,425,0.10973866434623364,200.0,,,,,
219667,episode_end,486.58076462889846,195,0.11043678111567837,200.0,,,,,
219858,episode_end,508.9235781348227,191,0.11039291301086829,200.0,,,,,
220000,train_step,,,0.1090552944038505,200.0,100000,14.758829116821289,-122.29911804199219,2.1347460746765137,0.2985840439796448
220145,episode_end,431.5627941859048,287,0.11057379287712656,200.0,,,,,
220294,episode_end,446.9322087396766,149,0.11151122378063145,200.0,,,,,
220574,episode_end,454.2797631677515,280,0.10913981784258014,200.0,,,,,
220866,episode_end,464.0255837147452,292,0.107794226918535,200.0,,,,,
221000,train_step,,,0.10787358386638887,200.0,100000,99.36703491210938,-120.06133270263672,2.070159435272217,0.1562308669090271
221221,episode_end,433.6976571821758,355,0.1081449720814782,200.0,,,,,
221424,episode_end,496.3573874441211,203,0.10790331207332894,200.0,,,,,
221610,episode_end,453.6044198134181,186,0.10655620103057764,200.0,,,,,
221792,episode_end,463.1794199654764,182,0.10424178109999219,200.0,,,,,
221950,episode_end,461.20996152450914,158,0.10347845939285864,200.0,,,,,
222000,train_step,,,0.1031866424051659,200.0,100000,70.00633239746094,-110.016845703125,2.054636001586914,0.12409064173698425
222164,episode_end,496.250844485872,214,0.10122278458977813,200.0,,,,,
222673,episode_end,454.87265713467906,509,0.1025871241962939,200.0,,,,,
222861,episode_end,461.3084764764089,188,0.10267225280574914,200.0,,,,,
223000,train_step,,,0.10336959165297266,200.0,100000,75.94145965576172,-116.67154693603516,2.1311802864074707,0.2977066934108734
223082,episode_end,484.624161867651,221,0.10240234892618597,200.0,,,,,
223242,episode_end,294.2501017628419,160,0.10160082449878681,200.0,,,,,
223408,episode_end,461.1741105965971,166,0.1012461093849841,200.0,,,,,
223570,episode_end,485.92089792866966,162,0.10055444580670345,200.0,,,,,
223748,episode_end,466.07203298433325,178,0.09886942478935695,200.0,,,,,
223940,episode_end,450.145286325913,192,0.09884310072517735,200.0,,,,,
224000,train_step,,,0.09869463453136347,200.0,100000,171.57366943359375,-113.65900421142578,2.172159194946289,0.39867305755615234
224198,episode_end,498.7747259819599,258,0.0995933471473786,200.0,,,,,
225000,train_step,,,0.09784799736584425,200.0,100000,27.908998489379883,-123.84772491455078,1.7996078729629517,-0.4657793641090393
225103,episode_end,474.9583253922568,905,0.09790008206658023,200.0,,,,,
225278,episode_end,442.777726078307,175,0.09710961484010774,200.0,,,,,
225513,episode_end,475.5065755431392,235,0.09739485280256951,200.0,,,,,
225726,episode_end,500.21507148521437,213,0.09941192439746545,200.0,,,,,
226000,train_step,,,0.100937374093099,200.0,100000,25.28820037841797,-124.76715850830078,1.9351983070373535,-0.14860686659812927
226081,episode_end,422.2876670790601,355,0.10176056080173876,200.0,,,,,
226268,episode_end,493.33818931269104,187,0.10029550851761154,200.0,,,,,
226605,episode_end,449.5651695597844,337,0.10165797105370762,200.0,,,,,
226814,episode_end,457.7845209086176,209,0.10189619546099597,200.0,,,,,
226982,episode_end,474.2763825992589,168,0.10155499707331944,200.0,,,,,
227000,train_step,,,0.10142413180947413,200.0,100000,50.83744812011719,-117.11550903320312,1.9183918237686157,-0.18675585091114044
227281,episode_end,480.41193820345194,299,0.10202329056557431,200.0,,,,,
227452,episode_end,460.02753416510143,171,0.10264719464538447,200.0,,,,,
227651,episode_end,492.51696818872125,199,0.10325317191129763,200.0,,,,,
227865,episode_end,470.2519396454119,214,0.10297825870811717,200.0,,,,,
228000,train_step,,,0.10225209716540302,200.0,100000,174.02401733398438,-117.70268249511719,2.0628771781921387,0.1433793604373932
228029,episode_end,460.8384521437215,164,0.10239218041830067,200.0,,,,,
228122,episode_end,39.58362962961874,93,0.10235151576852075,200.0,,,,,
228393,episode_end,438.96415616227756,271,0.10124395835538519,200.0,,,,,
228608,episode_end,484.48510467780545,215,0.09963243913937195,200.0,,,,,
229000,train_step,,,0.10011690772131858,200.0,100000,20.370328903198242,-116.75889587402344,1.760751485824585,-0.5506102442741394
229306,episode_end,475.7558089257526,698,0.0992355032573358,200.0,,,,,
229535,episode_end,488.9766499706795,229,0.09961979440575236,200.0,,,,,
229847,episode_end,277.6678302251561,312,0.09695017501761366,200.0,,,,,
230000,train_step,,,0.09724622317777866,200.0,100000,21.170869827270508,-119.97598266601562,1.95836341381073,-0.09703443944454193
230045,episode_end,498.5866441718251,198,0.09785413437765034,200.0,,,,,
230261,episode_end,487.69543778837317,216,0.0980746915106191,200.0,,,,,
230501,episode_end,495.1438731688793,240,0.09722555858331268,200.0,,,,,
230717,episode_end,454.15212736735356,216,0.09718290584833145,200.0,,,,,
230927,episode_end,478.660196938688,210,0.09861005321238096,200.0,,,,,
231000,train_step,,,0.09801746892587487,200.0,100000,125.1729736328125,-115.31034088134766,2.1282958984375,0.2979809641838074
231102,episode_end,461.67236765305415,175,0.0984940912233636,200.0,,,,,
231402,episode_end,502.56058160199944,300,0.09722850398366208,200.0,,,,,
231641,episode_end,494.34536029090543,239,0.09564381092845982,200.0,,,,,
231890,episode_end,476.5494932155759,249,0.09467653126596354,200.0,,,,,
232000,train_step,,,0.09409506609843575,200.0,100000,13.938596725463867,-113.50299072265625,1.9389963150024414,-0.14417921006679535
232043,episode_end,468.15410047334325,153,0.0939794263785731,200.0,,,,,
232178,episode_end,455.2440849515091,135,0.09391889262550036,200.0,,,,,
232399,episode_end,488.33010741533786,221,0.09447428487736531,200.0,,,,,
232597,episode_end,502.1011681231774,198,0.09323133651639115,200.0,,,,,
232818,episode_end,476.9804769863339,221,0.09356889057869544,200.0,,,,,
233000,train_step,,,0.09373904154658089,200.0,100000,24.529630661010742,-114.21151733398438,2.072073459625244,0.17061564326286316
233042,episode_end,486.28262140427285,224,0.09366867797296077,200.0,,,,,
233487,episode_end,487.93332731827337,445,0.09286336752792086,200.0,,,,,
233705,episode_end,474.31707853411604,218,0.0953427055067662,200.0,,,,,
233912,episode_end,461.06510153581576,207,0.09537163865495786,200.0,,,,,
234000,train_step,,,0.09571581966156574,200.0,100000,120.73739624023438,-124.93547058105469,2.0792951583862305,0.18605561554431915
234133,episode_end,459.6109211881122,221,0.0964972190996052,200.0,,,,,
234359,episode_end,461.6399013203091,226,0.09728177202366066,200.0,,,,,
234584,episode_end,463.993653659796,225,0.09668556138128291,200.0,,,,,
234802,episode_end,468.0283422760634,218,0.09696149128068522,200.0,,,,,
235000,train_step,,,0.09977743555776826,200.0,100000,17.343570709228516,-110.39437866210938,2.0297598838806152,0.0685909315943718
235034,episode_end,504.7576436515684,232,0.1001124618247972,200.0,,,,,
235257,episode_end,455.70187384273373,223,0.09945509047663136,200.0,,,,,
235719,episode_end,459.40922359691876,462,0.09999517892052241,200.0,,,,,
235913,episode_end,458.206856197613,194,0.1002499999280416,200.0,,,,,
236000,train_step,,,0.10131851434534962,200.0,100000,8.287549018859863,-115.01649475097656,1.8883819580078125,-0.25554823875427246
236135,episode_end,478.931452624769,222,0.10136206285795211,200.0,,,,,
236370,episode_end,494.551686585574,235,0.10036392664567684,200.0,,,,,
236569,episode_end,468.02080207994766,199,0.10045691969470902,200.0,,,,,
236823,episode_end,460.3526290642922,254,0.10025967788103783,200.0,,,,,
237000,train_step,,,0.1002772718496978,200.0,100000,75.0090103149414,-115.81053924560547,1.9527034759521484,-0.10877317190170288
237011,episode_end,512.431217024531,188,0.10024843034029501,200.0,,,,,
237145,episode_end,493.8933232859221,134,0.09976292086201098,200.0,,,,,
237378,episode_end,443.6690969112952,233,0.09990493612044557,200.0,,,,,
237527,episode_end,459.47846837564003,149,0.10070128025443528,200.0,,,,,
237695,episode_end,487.4715010709578,168,0.10114524898032402,200.0,,,,,
237965,episode_end,473.38333995510766,270,0.0991554503733685,200.0,,,,,
238000,train_step,,,0.09922462223642595,200.0,100000,14.307412147521973,-120.67369079589844,1.935455083847046,-0.1491224765777588
238170,episode_end,495.75467459563595,205,0.09978066136312538,200.0,,,,,
238364,episode_end,475.946773176421,194,0.10011435298094609,200.0,,,,,
238577,episode_end,503.7846895365637,213,0.10102459021921878,200.0,,,,,
238770,episode_end,478.94961572367714,193,0.10315941384217364,200.0,,,,,
238983,episode_end,514.8252327596076,213,0.10558234315300573,200.0,,,,,
239000,train_step,,,0.1057660310484755,200.0,100000,63.314666748046875,-119.20182800292969,2.075199604034424,0.16893765330314636
239166,episode_end,483.7708754147426,183,0.10510012012952999,200.0,,,,,
239360,episode_end,491.3391809692612,194,0.10358838844817216,200.0,,,,,
239567,episode_end,490.98054661587827,207,0.10306207689615426,200.0,,,,,
239700,episode_end,474.33478603728105,133,0.1030358124986692,200.0,,,,,
239887,episode_end,473.2814949843479,187,0.10299267073697856,200.0,,,,,
240000,train_step,,,0.10304321328811049,200.0,100000,56.43422317504883,-128.85415649414062,1.832890272140503,-0.37977486848831177
240078,episode_end,489.0610686645074,191,0.10268345262495843,200.0,,,,,
240232,episode_end,304.8923010625965,154,0.10199546456669203,200.0,,,,,
240401,episode_end,485.7622824077518,169,0.10083158309028085,200.0,,,,,
240612,episode_end,480.80891265806036,211,0.09907769467455584,200.0,,,,,
240823,episode_end,509.0087229639936,211,0.09789923756638724,200.0,,,,,
241000,train_step,,,0.09790966903887056,200.0,100000,52.001731872558594,-128.55125427246094,2.0677762031555176,0.15749220550060272
241014,episode_end,471.27371838814435,191,0.09794214267799758,200.0,,,,,
241156,episode_end,256.56605805585195,142,0.09743944733163078,200.0,,,,,
241323,episode_end,471.0226006853698,167,0.09764826457474081,200.0,,,,,
241542,episode_end,465.1792975454425,219,0.09769972377665505,200.0,,,,,
241738,episode_end,455.67625938958497,196,0.09710304541098666,200.0,,,,,
241951,episode_end,453.1442385123658,213,0.09714921795469646,200.0,,,,,
242000,train_step,,,0.09696910129804773,200.0,100000,13.738680839538574,-117.91236877441406,1.9823033809661865,-0.041292428970336914
242174,episode_end,490.9631795032454,223,0.09714027061429398,200.0,,,,,
242385,episode_end,503.99789271152747,211,0.09802901007711085,200.0,,,,,
242630,episode_end,508.0088243646261,245,0.09854284815840256,200.0,,,,,
242763,episode_end,462.65526618580856,133,0.09928547367450877,200.0,,,,,
242897,episode_end,488.65418396860446,134,0.09956757173954889,200.0,,,,,
243000,train_step,,,0.10017246621760044,200.0,100000,341.95831298828125,-118.13151550292969,1.9874578714370728,-0.02885773777961731
243098,episode_end,476.41762731729483,201,0.0997286446864582,200.0,,,,,
243281,episode_end,459.4852447614275,183,0.0993354538526304,200.0,,,,,
243490,episode_end,455.9833189746053,209,0.09889048840881887,200.0,,,,,
243616,episode_end,479.53840705614823,126,0.09748938984983553,200.0,,,,,
243829,episode_end,468.2068727032062,213,0.09834495173668192,200.0,,,,,
244000,train_step,,,0.09825102366593957,200.0,100000,15.251493453979492,-128.83348083496094,1.8298227787017822,-0.3948502540588379
244022,episode_end,491.35701274141104,193,0.09804906032408779,200.0,,,,,
244173,episode_end,453.4147503328742,151,0.09751636298546541,200.0,,,,,
244402,episode_end,498.2193072147907,229,0.09594861346291209,200.0,,,,,
244593,episode_end,484.53816617352754,191,0.0951568899156833,200.0,,,,,
244775,episode_end,473.5160256612711,182,0.09450273265832705,200.0,,,,,
245000,train_step,,,0.09442868098915043,200.0,100000,217.79458618164062,-120.93689727783203,2.1083545684814453,0.25570693612098694
245016,episode_end,496.7796698665297,241,0.09432626049082975,200.0,,,,,
245239,episode_end,472.8550755633524,223,0.09404458167497139,200.0,,,,,
245479,episode_end,496.8810719362894,240,0.09360653790608917,200.0,,,,,
245644,episode_end,445.041850023718,165,0.09358547872016154,200.0,,,,,
245868,episode_end,493.9448252696011,224,0.094649245985917,200.0,,,,,
246000,train_step,,,0.09317131586569327,200.0,100000,11.075172424316406,-118.14595031738281,2.045976400375366,0.10911649465560913
246091,episode_end,478.45200196018413,223,0.09383183500924855,200.0,,,,,
246232,episode_end,478.1734302689014,141,0.09343441472867839,200.0,,,,,
246475,episode_end,468.9185347870235,243,0.09363637446829251,200.0,,,,,
246659,episode_end,479.90415162629716,184,0.09498089631711873,200.0,,,,,
246903,episode_end,496.28981026486514,244,0.09663915717823264,200.0,,,,,
247000,train_step,,,0.09743299474327799,200.0,100000,163.47821044921875,-127.62809753417969,1.950878381729126,-0.1143842339515686
247125,episode_end,484.92257493311195,222,0.0965630408749492,200.0,,,,,
247299,episode_end,444.923424841248,174,0.09659365828493441,200.0,,,,,
247531,episode_end,478.93196411429494,232,0.09841949894238493,200.0,,,,,
247708,episode_end,470.15534594080816,177,0.09641565728884648,200.0,,,,,
247918,episode_end,477.3804200552076,210,0.09394919558373167,200.0,,,,,
248000,train_step,,,0.0937651494426155,200.0,100000,17.56205177307129,-129.13543701171875,2.0755460262298584,0.17881447076797485
248089,episode_end,475.21872835720694,171,0.09457038379105762,200.0,,,,,
248747,episode_end,459.2028411351866,658,0.09947439269289146,200.0,,,,,
248898,episode_end,463.52340283841164,151,0.10136210762995768,200.0,,,,,
249000,train_step,,,0.10094352821057044,200.0,100000,87.15361022949219,-128.14804077148438,1.9498379230499268,-0.11503100395202637
249136,episode_end,515.0643930064417,238,0.10089927658954985,200.0,,,,,
249354,episode_end,482.2839757329773,218,0.1009548438320643,200.0,,,,,
249501,episode_end,454.0573653801793,147,0.10011279850332337,200.0,,,,,
249689,episode_end,474.24507271404815,188,0.1004301592698859,200.0,,,,,
249956,episode_end,493.04240542266325,267,0.09859150335045512,200.0,,,,,
250000,train_step,,,0.09882855945115715,200.0,100000,84.99649047851562,-120.9576416015625,1.9727976322174072,-0.0629563182592392
250137,episode_end,474.4930149268178,181,0.09981273282213643,200.0,,,,,
250271,episode_end,473.6640504534898,134,0.10115334524546642,200.0,,,,,
250449,episode_end,467.82619335342713,178,0.10033886136321572,200.0,,,,,
250678,episode_end,489.7902000698468,229,0.0994260961738973,200.0,,,,,
250862,episode_end,491.46853382347314,184,0.09839488231974501,200.0,,,,,
251000,train_step,,,0.09801057053847681,200.0,100000,46.92352294921875,-116.90007781982422,1.9169819355010986,-0.19282418489456177
251044,episode_end,495.99320875549756,182,0.09730009818188148,200.0,,,,,
251232,episode_end,484.74538528101806,188,0.09346629867601115,200.0,,,,,
251472,episode_end,514.9124968559604,240,0.09372963477520063,200.0,,,,,
251697,episode_end,451.0528602112157,225,0.09474704372952149,200.0,,,,,
251850,episode_end,482.71805811819274,153,0.09507242918886896,200.0,,,,,
252000,train_step,,,0.09533878199096332,200.0,100000,109.16291809082031,-126.76473999023438,2.044013738632202,0.10344657301902771
252107,episode_end,503.23045691344174,257,0.09512758630818602,200.0,,,,,
252328,episode_end,487.0935599853937,221,0.09549157195718162,200.0,,,,,
252528,episode_end,489.55361344815066,200,0.09369714797164622,200.0,,,,,
252688,episode_end,459.98970342572716,160,0.0917604915056162,200.0,,,,,
253000,train_step,,,0.09202926347530363,200.0,100000,76.69615173339844,-121.5965347290039,2.0544729232788086,0.12995290756225586
253295,episode_end,-13.00122687501947,607,0.09221033826340387,200.0,,,,,
253478,episode_end,481.0029709797771,183,0.09373634481210863,200.0,,,,,
253772,episode_end,475.9876532459172,294,0.09360589242844951,200.0,,,,,
253935,episode_end,469.85819892309445,163,0.09363062459181405,200.0,,,,,
254000,train_step,,,0.09319965626358159,200.0,100000,158.25994873046875,-121.6263656616211,1.9292584657669067,-0.16787025332450867
254086,episode_end,462.01333892516254,151,0.09402011215181512,200.0,,,,,
254330,episode_end,466.0149897185346,244,0.09499107173653591,200.0,,,,,
254559,episode_end,493.6404682555572,229,0.09537832566301276,200.0,,,,,
254742,episode_end,483.75330769595655,183,0.0962751848666144,200.0,,,,,
254880,episode_end,457.8372662511488,138,0.09503556204090226,200.0,,,,,
255000,train_step,,,0.09568089416282409,200.0,100000,19.563663482666016,-126.60750579833984,2.2721433639526367,0.6386489868164062
255044,episode_end,454.748388391665,164,0.09629385780122078,200.0,,,,,
255196,episode_end,281.21123285875836,152,0.09567380741686331,200.0,,,,,
255389,episode_end,279.504310867153,193,0.09580368520198186,200.0,,,,,
255807,episode_end,470.9522604674662,418,0.09675598072558832,200.0,,,,,
256000,train_step,,,0.0966354513089956,200.0,100000,113.52041625976562,-129.55467224121094,1.942030906677246,-0.13546288013458252
256013,episode_end,474.5592038689819,206,0.09645060193444294,200.0,,,,,
256223,episode_end,503.37993432698755,210,0.09521906179167909,200.0,,,,,
256492,episode_end,458.8771112214749,269,0.09393536906561878,200.0,,,,,
256669,episode_end,475.2290496319568,177,0.09471729446429537,200.0,,,,,
256849,episode_end,484.0812609144638,180,0.09337791722870868,200.0,,,,,
257000,train_step,,,0.09301810191456475,200.0,100000,65.95722961425781,-118.51992797851562,1.7527580261230469,-0.5871900320053101
257020,episode_end,451.4773649708565,171,0.0925369896046594,200.0,,,,,
257176,episode_end,275.0823029420235,156,0.09144329346862799,200.0,,,,,
257367,episode_end,490.0052255231674,191,0.0894533034352961,200.0,,,,,
257775,episode_end,441.65305192670405,408,0.08985358810600731,200.0,,,,,
257956,episode_end,272.8437160925017,181,0.09079703381468643,200.0,,,,,
258000,train_step,,,0.09119168359807583,200.0,100000,37.75152587890625,-120.55984497070312,2.0244457721710205,0.05854254961013794
258234,episode_end,459.76340061798106,278,0.09331362831985368,200.0,,,,,
258419,episode_end,252.00115781162575,185,0.09343057863001579,200.0,,,,,
258795,episode_end,470.00458924749523,376,0.09507554892843872,200.0,,,,,
259000,train_step,,,0.09546804961326878,200.0,100000,18.55234146118164,-116.13509368896484,1.9938488006591797,-0.01444891095161438
259016,episode_end,192.44434195000275,221,0.09567691095902275,200.0,,,,,
259198,episode_end,289.4901724048043,182,0.09818639839649726,200.0,,,,,
259415,episode_end,508.6980002432953,217,0.09941618386516153,200.0,,,,,
259759,episode_end,463.2970305283807,344,0.09817322438333989,200.0,,,,,
259986,episode_end,487.9978918237439,227,0.09629664377260364,200.0,,,,,
260000,train_step,,,0.09619606553384978,200.0,100000,16.091093063354492,-116.07589721679688,2.0002520084381104,0.000589907169342041
260269,episode_end,451.0371469233799,283,0.09522919771613413,200.0,,,,,
260449,episode_end,489.9494475321902,180,0.09415110869779296,200.0,,,,,
260632,episode_end,482.06262241624194,183,0.09319104894214474,200.0,,,,,
260858,episode_end,466.3390175722317,226,0.09559855140944323,200.0,,,,,
261000,train_step,,,0.09519839466895001,200.0,100000,72.63449096679688,-112.86300659179688,1.95683753490448,-0.10150927305221558
261111,episode_end,472.3551537647879,253,0.09513643314148171,200.0,,,,,
261328,episode_end,464.75409760189325,217,0.09396402926282454,200.0,,,,,
261557,episode_end,474.5409985721471,229,0.09328112834377487,200.0,,,,,
261997,episode_end,479.9345112645839,440,0.09459904001428782,200.0,,,,,
262000,train_step,,,0.09467252883654932,200.0,100000,38.53249740600586,-127.97761535644531,2.1634180545806885,0.38523054122924805
262162,episode_end,452.6560678742104,165,0.09476533652553489,200.0,,,,,
262454,episode_end,445.3757586706089,292,0.09558717184720802,200.0,,,,,
262635,episode_end,454.33500042860567,181,0.09643253780078463,200.0,,,,,
262877,episode_end,461.10788811337017,242,0.09604745896407706,200.0,,,,,
263000,train_step,,,0.09598815246573265,200.0,100000,153.15863037109375,-120.76579284667969,1.9151278734207153,-0.19890035688877106
263070,episode_end,434.53404339468733,193,0.09593790845262465,200.0,,,,,
263292,episode_end,490.6396505751178,222,0.09636669492224333,200.0,,,,,
263511,episode_end,477.0797625906748,219,0.09628819124562439,200.0,,,,,
263745,episode_end,474.0971399891342,234,0.09521049879684626,200.0,,,,,
264000,train_step,,,0.093747565133967,200.0,100000,25.7794189453125,-116.56206512451172,2.2087574005126953,0.4941602051258087
264029,episode_end,436.58220124440595,284,0.09410591986459622,200.0,,,,,
264215,episode_end,453.4894764961693,186,0.09463790612783012,200.0,,,,,
264420,episode_end,456.89779243858544,205,0.09477451035388185,200.0,,,,,
264567,episode_end,168.05000185205483,147,0.09480516880832868,200.0,,,,,
264759,episode_end,455.2225919113512,192,0.09550209826397411,200.0,,,,,
264974,episode_end,485.9952869607682,215,0.09628740180073979,200.0,,,,,
265000,train_step,,,0.0966870194163972,200.0,100000,39.274078369140625,-120.117919921875,2.098148822784424,0.22930294275283813
265146,episode_end,472.0989302476431,172,0.09624403710071557,200.0,,,,,
265338,episode_end,460.0336322276529,192,0.09784762691673868,200.0,,,,,
265573,episode_end,490.8999462163192,235,0.09992816576413524,200.0,,,,,
265776,episode_end,462.9364703479587,203,0.10127951013637841,200.0,,,,,
265935,episode_end,477.08674259848146,159,0.10111053757484867,200.0,,,,,
266000,train_step,,,0.1006848081328977,200.0,100000,40.906593322753906,-126.05889892578125,1.979355812072754,-0.04739430546760559
266126,episode_end,504.9058246406605,191,0.09992640933998027,200.0,,,,,
266303,episode_end,493.45337723287184,177,0.09999008644628721,200.0,,,,,
266532,episode_end,496.627649909404,229,0.09855157815201619,200.0,,,,,
266735,episode_end,477.9770339212826,203,0.0982488309469727,200.0,,,,,
266935,episode_end,492.5822321764348,200,0.09860689085654904,200.0,,,,,
267000,train_step,,,0.09752642986945356,200.0,100000,7.571839809417725,-119.6317138671875,2.0873656272888184,0.20335505902767181
267124,episode_end,456.5414876637443,189,0.09678850013896685,200.0,,,,,
267378,episode_end,-106.43527161028365,254,0.09699393701159106,200.0,,,,,
267608,episode_end,487.2669101319416,230,0.09621124224705178,200.0,,,,,
267903,episode_end,494.9166748591768,295,0.09761983281196407,200.0,,,,,
268000,train_step,,,0.09801594760414944,200.0,100000,256.12908935546875,-128.34230041503906,2.0112464427948,0.026121079921722412
268127,episode_end,467.59682017052097,224,0.09869699026874396,200.0,,,,,
268320,episode_end,470.9914665295357,193,0.10004312629913312,200.0,,,,,
268621,episode_end,254.75066098089366,301,0.10008576325803308,200.0,,,,,
268837,episode_end,486.8639573446669,216,0.0992276380366088,200.0,,,,,
269000,train_step,,,0.09947065395446635,200.0,100000,339.9873046875,-125.1315689086914,1.8732812404632568,-0.29245343804359436
269035,episode_end,488.3447839841822,198,0.09899287536942654,200.0,,,,,
269212,episode_end,462.63728530039424,177,0.0968230585293037,200.0,,,,,
269420,episode_end,512.2606428484842,208,0.09672382393608449,200.0,,,,,
269599,episode_end,482.46261993441675,179,0.0971498943926732,200.0,,,,,
269868,episode_end,487.45624874453716,269,0.09722194594727913,200.0,,,,,
270000,train_step,,,0.09849537101633556,200.0,100000,75.4975814819336,-120.94990539550781,1.9172611236572266,-0.1917678415775299
270076,episode_end,472.12158226301926,208,0.0988312131347029,200.0,,,,,
270325,episode_end,500.1859286080095,249,0.0977976494832734,200.0,,,,,
270514,episode_end,463.7184604762703,189,0.09704715296617096,200.0,,,,,
270607,episode_end,169.8862527064391,93,0.09615543193642964,200.0,,,,,
270815,episode_end,472.7430885864813,208,0.09403308122700937,200.0,,,,,
271000,train_step,,,0.0918562753042601,200.0,100000,63.22620391845703,-115.79083251953125,1.9309604167938232,-0.16483406722545624
271016,episode_end,477.06044387004505,201,0.09168752556341975,200.0,,,,,
271204,episode_end,468.8108856898633,188,0.09120890197126699,200.0,,,,,
271413,episode_end,474.00723734053486,209,0.09044329209450433,200.0,,,,,
271680,episode_end,477.8642417454775,267,0.08998712156557256,200.0,,,,,
272000,train_step,,,0.09029068973126876,200.0,100000,36.66602325439453,-122.60551452636719,1.8034582138061523,-0.4726279675960541
272174,episode_end,418.08222979670455,494,0.09020307409677666,200.0,,,,,
272379,episode_end,446.54610622912963,205,0.09009862682241634,200.0,,,,,
272578,episode_end,458.8231950669953,199,0.0903788065159216,200.0,,,,,
272829,episode_end,492.7858639136187,251,0.09031377588387844,200.0,,,,,
273000,train_step,,,0.0909238992818325,200.0,100000,52.931278228759766,-126.33039855957031,1.9992454051971436,-0.0018094033002853394
273026,episode_end,468.10415135083707,197,0.09107000668595043,200.0,,,,,
273239,episode_end,473.19476383371585,213,0.0925382743907212,200.0,,,,,
273385,episode_end,-41.80685322715853,146,0.09285653376914028,200.0,,,,,
273511,episode_end,469.0893256506576,126,0.0935910670737439,200.0,,,,,
273737,episode_end,472.5674137053389,226,0.09305510423417146,200.0,,,,,
273939,episode_end,498.5313495728452,202,0.09423212503101613,200.0,,,,,
274000,train_step,,,0.09517081993373719,200.0,100000,13.404444694519043,-124.61161041259766,1.8109663724899292,-0.4446225166320801
274270,episode_end,471.70708132702697,331,0.09457445454927792,200.0,,,,,
274384,episode_end,114.8108772703952,114,0.09464275300523767,200.0,,,,,
274598,episode_end,475.877146700177,214,0.09550392943840956,200.0,,,,,
274741,episode_end,125.38567473321163,143,0.09524361281899664,200.0,,,,,
274942,episode_end,504.1904800078361,201,0.0951196291746479,200.0,,,,,
275000,train_step,,,0.09529270995747756,200.0,100000,110.30553436279297,-125.379150390625,1.832289218902588,-0.3942548632621765
275078,episode_end,478.1846644515747,136,0.09518955134490312,200.0,,,,,
275762,episode_end,383.6479749986333,684,0.09478243215533116,200.0,,,,,
275888,episode_end,146.39917505349254,126,0.09393706334068688,200.0,,,,,
276000,train_step,,,0.09364860911970481,200.0,100000,19.5849609375,-121.8643798828125,2.1868317127227783,0.442455917596817
276057,episode_end,450.89123290893133,169,0.09390209647013412,200.0,,,,,
276193,episode_end,125.0080081856157,136,0.09454919103475322,200.0,,,,,
276328,episode_end,135.67304698902396,135,0.09503987219270692,200.0,,,,,
276493,episode_end,473.5084150941781,165,0.09600701155136729,200.0,,,,,
276903,episode_end,483.10635477583435,410,0.0978942871448809,200.0,,,,,
277000,train_step,,,0.09833018165675257,200.0,100000,27.69618034362793,-126.50546264648438,1.9179034233093262,-0.19041676819324493
277117,episode_end,493.2851065868206,214,0.09841748055896439,200.0,,,,,
277292,episode_end,477.1096955046262,175,0.09882687006059568,200.0,,,,,
277568,episode_end,454.0923138827926,276,0.0988767281545882,200.0,,,,,
277722,episode_end,152.0880890730001,154,0.09878024720274349,200.0,,,,,
277857,episode_end,477.8278062492966,135,0.09987402381041781,200.0,,,,,
277987,episode_end,193.82131763515167,130,0.09962547350586651,200.0,,,,,
278000,train_step,,,0.09979951442544899,200.0,100000,14.459733963012695,-123.75198364257812,2.2060508728027344,0.4748632311820984
278071,episode_end,-90.73218146052216,84,0.10049776401558289,200.0,,,,,
278234,episode_end,465.9055791606374,163,0.10234105385436991,200.0,,,,,
278370,episode_end,482.6109208345566,136,0.10318125485472059,200.0,,,,,
278647,episode_end,454.4836552087204,277,0.10678508805619157,200.0,,,,,
278790,episode_end,446.9089678772424,143,0.10851254836839908,200.0,,,,,
278984,episode_end,483.75534333657555,194,0.1097993559000159,200.0,,,,,
279000,train_step,,,0.1097356166563166,200.0,100000,14.595528602600098,-126.05271911621094,1.799260139465332,-0.4435712397098541
279154,episode_end,469.819106874238,170,0.11119837489077271,200.0,,,,,
279329,episode_end,452.46129638330626,175,0.11338237022574611,200.0,,,,,
279510,episode_end,472.54946883389283,181,0.11009557851054515,200.0,,,,,
279707,episode_end,452.6387065925796,197,0.10565572668388956,200.0,,,,,
279880,episode_end,463.07400316106447,173,0.10184571354149322,200.0,,,,,
280000,train_step,,,0.1010529943653587,200.0,100000,25.476850509643555,-120.32389831542969,1.8912111520767212,-0.249356210231781
280110,episode_end,487.1776486663326,230,0.10081872808670592,200.0,,,,,
280405,episode_end,477.34010454663473,295,0.10255570580959711,200.0,,,,,
280600,episode_end,497.1197406858522,195,0.10260474099002277,200.0,,,,,
280828,episode_end,488.7192854458027,228,0.10480632246571757,200.0,,,,,
280964,episode_end,472.1051689583771,136,0.10562060748520338,200.0,,,,,
281000,train_step,,,0.10540184227113736,200.0,100000,61.121368408203125,-129.55067443847656,2.223316192626953,0.5024559497833252
281174,episode_end,493.02291588439857,210,0.10714358015078045,200.0,,,,,
281340,episode_end,461.59269952578285,166,0.10865175238831733,200.0,,,,,
281588,episode_end,489.86241535416843,248,0.11032465300939273,200.0,,,,,
281928,episode_end,465.47316335298757,340,0.1108414908583508,200.0,,,,,
282000,train_step,,,0.11171900953451981,200.0,100000,44.505889892578125,-121.53840637207031,1.6676592826843262,-0.7284135818481445
282128,episode_end,304.20521950181444,200,0.11330216619440912,200.0,,,,,
282343,episode_end,488.10515880061695,215,0.11236567783463598,200.0,,,,,
282553,episode_end,497.7713075623978,210,0.11231591407058801,200.0,,,,,
282713,episode_end,487.6532186605135,160,0.11032846782385614,200.0,,,,,
282869,episode_end,490.39923620605873,156,0.1109695656609397,200.0,,,,,
283000,train_step,,,0.11073502280003722,200.0,100000,86.42061614990234,-119.97169494628906,2.133450984954834,0.293674111366272
283071,episode_end,448.2038779168009,202,0.10996346151881996,200.0,,,,,
283237,episode_end,471.75691929990256,166,0.11001693727017685,200.0,,,,,
283443,episode_end,478.95972406207505,206,0.1115016998064641,200.0,,,,,
283632,episode_end,484.0112319895495,189,0.11113653622936566,200.0,,,,,
283819,episode_end,471.83284156021114,187,0.10944795593182488,200.0,,,,,
284000,train_step,,,0.1084248802000239,200.0,100000,119.60929107666016,-131.614990234375,1.864672064781189,-0.3006577789783478
284027,episode_end,500.33873462333395,208,0.10818664216377516,200.0,,,,,
284254,episode_end,478.056527410264,227,0.10801451780473478,200.0,,,,,
284451,episode_end,489.9591202496657,197,0.107724087019746,200.0,,,,,
284619,episode_end,449.4994305168743,168,0.10789973198370133,200.0,,,,,
284840,episode_end,474.01788229549135,221,0.10940924766902842,200.0,,,,,
285000,train_step,,,0.11203627872663993,200.0,100000,10.754648208618164,-120.11207580566406,1.8343303203582764,-0.36263978481292725
285093,episode_end,464.18343665247676,253,0.11207664085991516,200.0,,,,,
285300,episode_end,495.27088900402185,207,0.11297128107738151,200.0,,,,,
285895,episode_end,-201.9029556645606,595,0.11050225211659917,200.0,,,,,
286000,train_step,,,0.10966671251306279,200.0,100000,106.89668273925781,-141.28677368164062,2.1559290885925293,0.3446515202522278
286056,episode_end,480.6543298202897,161,0.11004066631693697,200.0,,,,,
286532,episode_end,231.7608061100924,476,0.11226482406510668,200.0,,,,,
286716,episode_end,473.75451484104553,184,0.11122981631560902,200.0,,,,,
287000,train_step,,,0.10871931821945068,200.0,100000,21.0291805267334,-127.32764434814453,1.7245302200317383,-0.6112635135650635
287011,episode_end,500.0727540542364,295,0.10870839038871567,200.0,,,,,
287239,episode_end,469.63046847051817,228,0.10826258691210551,200.0,,,,,
287404,episode_end,466.87512615115656,165,0.10751173092143794,200.0,,,,,
287538,episode_end,126.23295577406518,134,0.10774903027141894,200.0,,,,,
287750,episode_end,469.4149752574324,212,0.10945982269699175,200.0,,,,,
287942,episode_end,471.54037198838375,192,0.11055623360747363,200.0,,,,,
288000,train_step,,,0.11038759517641752,200.0,100000,36.526344299316406,-144.02294921875,2.0979490280151367,0.21585549414157867
288094,episode_end,480.63255799688784,152,0.11017960609315425,200.0,,,,,
288270,episode_end,469.28382881901814,176,0.10945758187728132,200.0,,,,,
288489,episode_end,452.79142650014,219,0.10780909106234732,200.0,,,,,
288875,episode_end,473.5825276986682,386,0.1090500188876641,200.0,,,,,
289000,train_step,,,0.10902894852771142,200.0,100000,35.266204833984375,-133.4290008544922,2.207690954208374,0.4602726697921753
289010,episode_end,470.4865701851887,135,0.10912920361707122,200.0,,,,,
289332,episode_end,475.0879038153335,322,0.10751853989801106,200.0,,,,,
289578,episode_end,461.9157882021238,246,0.10862051950442896,200.0,,,,,
289825,episode_end,487.32885478696875,247,0.10684093432190009,200.0,,,,,
290000,train_step,,,0.10534529164955074,200.0,100000,13.062210083007812,-127.9129638671875,1.8038054704666138,-0.4415381848812103
290042,episode_end,481.7403485614194,217,0.10429614614563092,200.0,,,,,
290225,episode_end,443.9987949053544,183,0.10478616838932041,200.0,,,,,
290479,episode_end,452.13607953154803,254,0.10386363709584989,200.0,,,,,
290722,episode_end,464.7352015222365,243,0.10463925877954477,200.0,,,,,
290855,episode_end,468.9109351834503,133,0.10400796256150731,200.0,,,,,
291000,train_step,,,0.10363437547462731,200.0,100000,21.84967803955078,-134.45770263671875,1.8254573345184326,-0.39566829800605774
291038,episode_end,481.68439985969883,183,0.1039627291975756,200.0,,,,,
291208,episode_end,462.6140230725597,170,0.10352981083129228,200.0,,,,,
291450,episode_end,504.9676690986826,242,0.10092883272658151,200.0,,,,,
291513,episode_end,-31.155676101302973,63,0.10165297748246156,200.0,,,,,
291685,episode_end,472.82185415319225,172,0.10106788876451538,200.0,,,,,
291876,episode_end,447.8416300717904,191,0.09914096402637229,200.0,,,,,
292000,train_step,,,0.09947550700089361,200.0,100000,17.126752853393555,-133.33444213867188,1.9227573871612549,-0.17826396226882935
292090,episode_end,467.90404338570875,214,0.10094962833711249,200.0,,,,,
292285,episode_end,491.56093515302814,195,0.10049097560344687,200.0,,,,,
292486,episode_end,444.285599042088,201,0.09974069073973292,200.0,,,,,
292692,episode_end,478.9483531837477,206,0.10049099858619821,200.0,,,,,
292906,episode_end,507.53978823624897,214,0.10228675630245221,200.0,,,,,
293000,train_step,,,0.10287097120557513,200.0,100000,115.0051040649414,-137.88771057128906,2.154315948486328,0.3509577512741089
293107,episode_end,458.8057848790287,201,0.10476041322312418,200.0,,,,,
293322,episode_end,473.7262952164369,215,0.10243811570042909,200.0,,,,,
293556,episode_end,486.79441768432457,234,0.10060190669489961,200.0,,,,,
293803,episode_end,469.31067286218627,247,0.10007015144980927,200.0,,,,,
293889,episode_end,182.6405129842023,86,0.09938857674477761,200.0,,,,,
294000,train_step,,,0.09888564524043324,200.0,100000,23.14846420288086,-133.55026245117188,2.166861057281494,0.3860813081264496
294089,episode_end,481.6881681101051,200,0.09875464245711602,200.0,,,,,
294264,episode_end,458.74832299612797,175,0.096896107044781,200.0,,,,,
294467,episode_end,492.6920617949584,203,0.0968947053455272,200.0,,,,,
294717,episode_end,504.11357027942705,250,0.09769376605577933,200.0,,,,,
294869,episode_end,449.46688898754456,152,0.0982645341916319,200.0,,,,,
295000,train_step,,,0.09862227495586041,200.0,100000,180.4961395263672,-137.646484375,2.0026984214782715,0.006250511854887009
295172,episode_end,508.4696306836433,303,0.09980668902118929,200.0,,,,,
295573,episode_end,429.5385564797875,401,0.10091475153678847,200.0,,,,,
295777,episode_end,508.86772721943095,204,0.10067919812620177,200.0,,,,,
295997,episode_end,474.10455128297275,220,0.09860286105127941,200.0,,,,,
296000,train_step,,,0.09859455860129282,200.0,100000,97.91473388671875,-134.8712158203125,1.8433663845062256,-0.36287957429885864
296201,episode_end,476.4296914595066,204,0.09731637066907271,200.0,,,,,
296461,episode_end,478.575195724208,260,0.0996701842980083,200.0,,,,,
296652,episode_end,451.55675020140734,191,0.10197527034333816,200.0,,,,,
296909,episode_end,477.76079082467203,257,0.10149065900902521,200.0,,,,,
297000,train_step,,,0.10025735833114034,200.0,100000,15.960746765136719,-136.2029571533203,2.046535015106201,0.10703154653310776
297084,episode_end,489.25632740860385,175,0.09985358230528137,200.0,,,,,
297269,episode_end,454.82786143905923,185,0.09972609984869531,200.0,,,,,
297467,episode_end,521.5483845955491,198,0.09748418743475307,200.0,,,,,
297691,episode_end,513.415191014312,224,0.09493607256395263,200.0,,,,,
297832,episode_end,249.5629537590708,141,0.09362746690302647,200.0,,,,,
298000,train_step,,,0.09363877509815242,200.0,100000,39.13127899169922,-137.23556518554688,1.6916136741638184,-0.7303546667098999
298035,episode_end,443.1028983617989,203,0.09308477150838732,200.0,,,,,
298271,episode_end,484.243016515152,236,0.09291594866684666,200.0,,,,,
298438,episode_end,474.10443328727894,167,0.09252349051867685,200.0,,,,,
298640,episode_end,489.936619157299,202,0.09189819635519869,200.0,,,,,
298866,episode_end,470.90490211614144,226,0.09024239636900218,200.0,,,,,
299000,train_step,,,0.09147176523927515,200.0,100000,92.07209777832031,-130.85751342773438,1.9482556581497192,-0.1237582191824913
299013,episode_end,495.39104587094306,147,0.09146297563603713,200.0,,,,,
299186,episode_end,483.44674139453366,173,0.092499815350499,200.0,,,,,
299387,episode_end,476.7694619952082,201,0.09263586555741274,200.0,,,,,
299687,episode_end,433.93616039242494,300,0.09088971341253892,200.0,,,,,
299871,episode_end,463.69991784265846,184,0.08985846274000137,200.0,,,,,
300000,train_step,,,0.09004697726921086,200.0,100000,18.469552993774414,-132.67446899414062,1.7587629556655884,-0.5807597637176514
300109,episode_end,475.15686843561724,238,0.08992486851465242,-100.0,,,,,
300251,episode_end,-38.02178365909373,142,0.09027632289798794,-100.0,,,,,
300524,episode_end,204.3415143735549,273,0.08938273044197075,-100.0,,,,,
300793,episode_end,160.07818589447507,269,0.09060099710463533,-100.0,,,,,
300962,episode_end,145.26290256739185,169,0.08893785989675293,-100.0,,,,,
301000,train_step,,,0.08892691774581529,-100.0,100000,58.87678527832031,-127.82473754882812,2.0936501026153564,0.22662770748138428
301191,episode_end,192.67272288774953,229,0.0884882777141001,-100.0,,,,,
301407,episode_end,197.56901772461336,216,0.08924011854749304,-100.0,,,,,
301592,episode_end,187.277105960341,185,0.08815816798132045,-100.0,,,,,
301721,episode_end,-25.534495313845724,129,0.08936770571684818,-100.0,,,,,
301989,episode_end,195.6076586216197,268,0.09099507287963485,-100.0,,,,,
302000,train_step,,,0.09118159662086378,-100.0,100000,63.427757263183594,-133.05911254882812,2.083198308944702,0.1992516815662384
302174,episode_end,216.27280194924435,185,0.08990768663688091,-100.0,,,,,
302310,episode_end,-8.814916621960407,136,0.08944796056464001,-100.0,,,,,
302431,episode_end,-54.99976462177557,121,0.08800266193633444,-100.0,,,,,
302659,episode_end,130.08707974444926,228,0.0877174022127793,-100.0,,,,,
302920,episode_end,195.47801733821262,261,0.08773124232134309,-100.0,,,,,
303000,train_step,,,0.08871913769115936,-100.0,100000,62.979095458984375,-134.44166564941406,2.1524858474731445,0.3693631887435913
303129,episode_end,149.23798267396347,209,0.0905730095758808,-100.0,,,,,
303281,episode_end,187.13028712721197,152,0.0920236987927028,-100.0,,,,,
303491,episode_end,175.4377944854918,210,0.09487422067669024,-100.0,,,,,
303690,episode_end,167.6380724110536,199,0.09494988534966332,-100.0,,,,,
303871,episode_end,203.35929163576327,181,0.09414377972118157,-100.0,,,,,
304000,train_step,,,0.09416127149231046,-100.0,100000,30.065032958984375,-135.52822875976562,2.023526191711426,0.05558633804321289
304068,episode_end,212.04167488788931,197,0.09383789737459797,-100.0,,,,,
304251,episode_end,201.07382285098754,183,0.09448835424084336,-100.0,,,,,
304447,episode_end,169.57551096074405,196,0.0955288360112744,-100.0,,,,,
304613,episode_end,179.39982643690809,166,0.09729882762820943,-100.0,,,,,
304828,episode_end,177.39246393051326,215,0.09647542836325732,-100.0,,,,,
305000,train_step,,,0.09747464778225703,-100.0,100000,17.967912673950195,-146.9176788330078,2.021108627319336,0.04914425313472748
305055,episode_end,157.94021861516916,227,0.09751776302900642,-100.0,,,,,
305247,episode_end,185.1542613269895,192,0.09662047203283883,-100.0,,,,,
305548,episode_end,180.93959927131885,301,0.09421937192310266,-100.0,,,,,
305743,episode_end,202.96531168099025,195,0.09347457031508564,-100.0,,,,,
305953,episode_end,199.96641452317658,210,0.09189629738273977,-100.0,,,,,
306000,train_step,,,0.09209478203464788,-100.0,100000,9.612038612365723,-133.0147705078125,1.7376675605773926,-0.6256462931632996
306167,episode_end,152.08404131564606,214,0.09452870431556237,-100.0,,,,,
306357,episode_end,151.65130962752872,190,0.09681729197088625,-100.0,,,,,
306605,episode_end,203.06266207060642,248,0.09641107997993978,-100.0,,,,,
306817,episode_end,191.77036956301063,212,0.09674886757439395,-100.0,,,,,
307000,train_step,,,0.09593484789862286,-100.0,100000,49.78238296508789,-137.81561279296875,1.9209401607513428,-0.18532319366931915
307059,episode_end,214.36278417972264,242,0.09629766691521578,-100.0,,,,,
307244,episode_end,173.4767107297368,185,0.09578526274946726,-100.0,,,,,
307451,episode_end,160.22788878638124,207,0.09574257607562231,-100.0,,,,,
307678,episode_end,189.6280292761417,227,0.09535443470539529,-100.0,,,,,
307927,episode_end,171.6126072275125,249,0.09443316668607535,-100.0,,,,,
308000,train_step,,,0.09348054501496747,-100.0,100000,42.14611053466797,-139.61318969726562,2.088132619857788,0.2088744044303894
308168,episode_end,163.30083580264164,241,0.09456386580601756,-100.0,,,,,
308335,episode_end,152.01751061440174,167,0.09517151826756269,-100.0,,,,,
308580,episode_end,194.92343743040766,245,0.09363313867434535,-100.0,,,,,
308838,episode_end,189.01817933994067,258,0.09299680020356876,-100.0,,,,,
309000,train_step,,,0.09411616757317473,-100.0,100000,63.30451965332031,-136.27716064453125,1.9426852464675903,-0.1354476809501648
309061,episode_end,181.4472619947955,223,0.09340128097143788,-100.0,,,,,
309274,episode_end,147.31938067640309,213,0.09110328967256424,-100.0,,,,,
309510,episode_end,192.42750308974973,236,0.08764208681279562,-100.0,,,,,
309824,episode_end,210.19990908080382,314,0.08931790578588455,-100.0,,,,,
309996,episode_end,135.86345889358532,172,0.08959738094017415,-100.0,,,,,
310000,train_step,,,0.0896310064618656,-100.0,100000,204.43829345703125,-131.78857421875,2.1017894744873047,0.24552181363105774
310204,episode_end,164.8725190733252,208,0.09175160606410222,-100.0,,,,,
310363,episode_end,148.64506802980478,159,0.09335806071724802,-100.0,,,,,
310625,episode_end,157.9081172771891,262,0.0914840317325722,-100.0,,,,,
310881,episode_end,165.09202903485817,256,0.08839141558281088,-100.0,,,,,
311000,train_step,,,0.08796716827085622,-100.0,100000,336.25244140625,-130.935546875,2.051851272583008,0.12603940069675446
311082,episode_end,184.96720842722004,201,0.0881177818679234,-100.0,,,,,
311339,episode_end,182.77180145052372,257,0.08696689222011733,-100.0,,,,,
311594,episode_end,208.25363713120217,255,0.09200175196396075,-100.0,,,,,
311818,episode_end,155.7433377473089,224,0.09221540112100494,-100.0,,,,,
311983,episode_end,175.2375356450919,165,0.09153292928842686,-100.0,,,,,
312000,train_step,,,0.09139931300028589,-100.0,100000,48.016334533691406,-130.88272094726562,2.015561103820801,0.03723040223121643
312209,episode_end,197.1768774469984,226,0.08916702141441409,-100.0,,,,,
312417,episode_end,184.51022389136318,208,0.08780652978155189,-100.0,,,,,
312695,episode_end,192.0453714729103,278,0.08672034893779748,-100.0,,,,,
312864,episode_end,165.39146033628722,169,0.08691594975541363,-100.0,,,,,
313000,train_step,,,0.0854861682505442,-100.0,100000,557.5702514648438,-131.24916076660156,1.9531066417694092,-0.11532951891422272
313142,episode_end,168.0186720312209,278,0.08624396393245862,-100.0,,,,,
313333,episode_end,169.0888102259183,191,0.08666583905136054,-100.0,,,,,
313588,episode_end,186.96814485611907,255,0.0913072150563075,-100.0,,,,,
313899,episode_end,175.32882208320703,311,0.09110266083608934,-100.0,,,,,
314000,train_step,,,0.09117707211249197,-100.0,100000,100.22652435302734,-129.8287353515625,2.1923153400421143,0.4605861306190491
314110,episode_end,155.44052752995236,211,0.09143941622902105,-100.0,,,,,
314330,episode_end,183.8252347051657,220,0.09206113010947053,-100.0,,,,,
314589,episode_end,169.06948225243576,259,0.09187301433716291,-100.0,,,,,
314736,episode_end,-73.78294957215343,147,0.0914022593667098,-100.0,,,,,
314948,episode_end,188.3332833978964,212,0.09118874673600667,-100.0,,,,,
315000,train_step,,,0.09112698650681174,-100.0,100000,273.9941711425781,-130.20758056640625,1.9768153429031372,-0.05553916096687317
315129,episode_end,161.32775738331756,181,0.09205001426666719,-100.0,,,,,
315341,episode_end,185.72692841242366,212,0.0919171971651278,-100.0,,,,,
315595,episode_end,200.0677244768289,254,0.09206256848659074,-100.0,,,,,
315849,episode_end,188.59951519182417,254,0.09096444480784856,-100.0,,,,,
316000,train_step,,,0.09073554474865525,-100.0,100000,317.3533935546875,-128.2553253173828,2.2361650466918945,0.5667504072189331
316066,episode_end,172.43196447575468,217,0.09134043664564372,-100.0,,,,,
316334,episode_end,154.83217424311835,268,0.09614394440231978,-100.0,,,,,
316566,episode_end,166.26882298485032,232,0.09596561456252142,-100.0,,,,,
316769,episode_end,193.44119736601266,203,0.09426311485861245,-100.0,,,,,
317000,train_step,,,0.09521251377422377,-100.0,100000,140.53985595703125,-137.30621337890625,1.9787578582763672,-0.04995378851890564
317024,episode_end,211.25769677215555,255,0.09493099218509693,-100.0,,,,,
317233,episode_end,185.67300916089806,209,0.09671101012466074,-100.0,,,,,
317461,episode_end,178.06241810603007,228,0.0978305682642505,-100.0,,,,,
317639,episode_end,176.65877184597662,178,0.09735816836892668,-100.0,,,,,
317864,episode_end,176.6644172328961,225,0.09596228351537192,-100.0,,,,,
318000,train_step,,,0.09811292073884313,-100.0,100000,56.07972717285156,-125.36148071289062,1.8811619281768799,-0.27589866518974304
318076,episode_end,193.2633983413389,212,0.09809095159152613,-100.0,,,,,
318354,episode_end,282.0234708979017,278,0.09973268769185184,-100.0,,,,,
318578,episode_end,201.72947852032013,224,0.09708346556966019,-100.0,,,,,
318754,episode_end,175.4198391434772,176,0.0939799592719119,-100.0,,,,,
318956,episode_end,192.5880841186225,202,0.09163917712363283,-100.0,,,,,
319000,train_step,,,0.091254014192273,-100.0,100000,29.309358596801758,-118.82356262207031,2.2989065647125244,0.7156147956848145
319154,episode_end,153.04426951896556,198,0.09154485791777149,-100.0,,,,,
319401,episode_end,159.49930015348133,247,0.09235046981051474,-100.0,,,,,
319725,episode_end,129.25818539095778,324,0.09427380375193137,-100.0,,,,,
319911,episode_end,164.32188957936717,186,0.09731266779499839,-100.0,,,,,
320000,train_step,,,0.09802696290775896,-100.0,100000,24.268321990966797,-124.14627075195312,2.274813652038574,0.6382583379745483
320146,episode_end,168.07113995810658,235,0.09982240455142387,-100.0,,,,,
320328,episode_end,180.28841470637454,182,0.1010616808421339,-100.0,,,,,
320576,episode_end,204.75524416124657,248,0.10181342776755317,-100.0,,,,,
320784,episode_end,165.6247314436698,208,0.10267282400398613,-100.0,,,,,
321000,train_step,,,0.10346450567542693,-100.0,100000,31.807273864746094,-121.7917251586914,2.1219327449798584,0.27660810947418213
321008,episode_end,204.10811588438173,224,0.10344747715120672,-100.0,,,,,
321263,episode_end,188.0965875778101,255,0.10203034024497637,-100.0,,,,,
321447,episode_end,152.95308277375057,184,0.10089599374758645,-100.0,,,,,
321597,episode_end,163.53441430472628,150,0.1000066898822388,-100.0,,,,,
321787,episode_end,212.11455054244533,190,0.1006556054748134,-100.0,,,,,
321966,episode_end,153.911238190667,179,0.10252539281196187,-100.0,,,,,
322000,train_step,,,0.10274817684123906,-100.0,100000,104.04759979248047,-124.46182250976562,1.8524930477142334,-0.3356480002403259
322112,episode_end,153.74740441668393,146,0.10201690676316057,-100.0,,,,,
322332,episode_end,181.7071388279628,220,0.10262054546064356,-100.0,,,,,
322569,episode_end,189.05827034923573,237,0.10236399181523877,-100.0,,,,,
322796,episode_end,183.7918253300577,227,0.10299674971634054,-100.0,,,,,
322982,episode_end,184.7570422836834,186,0.10255949620220339,-100.0,,,,,
323000,train_step,,,0.10287424552345352,-100.0,100000,299.2112731933594,-126.13734436035156,2.014096260070801,0.03205817565321922
323146,episode_end,196.21561146419398,164,0.10402413433186326,-100.0,,,,,
323402,episode_end,191.2480303309734,256,0.10269680672401069,-100.0,,,,,
323606,episode_end,190.99005822011367,204,0.10533428201882453,-100.0,,,,,
323781,episode_end,178.88977512023527,175,0.10654344294710952,-100.0,,,,,
323993,episode_end,155.21352006581986,212,0.11078961160284803,-100.0,,,,,
324000,train_step,,,0.11100974929003497,-100.0,100000,195.3054656982422,-129.62673950195312,2.108074188232422,0.23756185173988342
324228,episode_end,154.58432288760378,235,0.11235779564365245,-100.0,,,,,
324431,episode_end,303.28575851403775,203,0.11140804228545281,-100.0,,,,,
324680,episode_end,196.7619857477314,249,0.10763078411606075,-100.0,,,,,
324932,episode_end,174.35033146618173,252,0.10845721195596954,-100.0,,,,,
325000,train_step,,,0.10836656800667846,-100.0,100000,149.34764099121094,-131.5455780029297,1.7779852151870728,-0.49336931109428406
325151,episode_end,202.19866367728235,219,0.10746109935497164,-100.0,,,,,
325370,episode_end,197.33815382986154,219,0.10744341424883136,-100.0,,,,,
325584,episode_end,204.0782216440291,214,0.10889502531920446,-100.0,,,,,
325726,episode_end,183.87254185025373,142,0.1110256371017014,-100.0,,,,,
325863,episode_end,189.9497441566385,137,0.10936277206851172,-100.0,,,,,
326000,train_step,,,0.10835053462571431,-100.0,100000,49.01811218261719,-134.82516479492188,1.6874980926513672,-0.694499135017395
326015,episode_end,136.47949316862665,152,0.10828184683883713,-100.0,,,,,
326167,episode_end,170.9865720757804,152,0.10896639409780116,-100.0,,,,,
326379,episode_end,151.0733567475371,212,0.10841442464951669,-100.0,,,,,
326587,episode_end,306.7974613435463,208,0.10956223489686,-100.0,,,,,
326767,episode_end,193.16821400697665,180,0.11026351025111901,-100.0,,,,,
326984,episode_end,201.75538254140812,217,0.108979050928095,-100.0,,,,,
327000,train_step,,,0.10876736426385829,-100.0,100000,32.898807525634766,-132.1298828125,1.902029037475586,-0.21735277771949768
327139,episode_end,153.80780323592046,155,0.10790828947229766,-100.0,,,,,
327359,episode_end,193.1977693106087,220,0.10646123778785312,-100.0,,,,,
327723,episode_end,202.9434807642687,364,0.10816009085849083,-100.0,,,,,
327922,episode_end,187.59915573834797,199,0.11042636036613744,-100.0,,,,,
328000,train_step,,,0.11023328740607846,-100.0,100000,293.63018798828125,-124.79393005371094,2.0250959396362305,0.05534042418003082
328156,episode_end,169.49408780164583,234,0.11217608934091695,-100.0,,,,,
328346,episode_end,306.34116154081306,190,0.10880470792673222,-100.0,,,,,
328579,episode_end,192.17866651994393,233,0.10729176771892136,-100.0,,,,,
328739,episode_end,191.56063446267086,160,0.10379622841682624,-100.0,,,,,
328978,episode_end,185.9666811604944,239,0.10020240356873099,-100.0,,,,,
329000,train_step,,,0.099893641238251,-100.0,100000,462.8143310546875,-126.42294311523438,1.7617945671081543,-0.5487419962882996
329113,episode_end,186.48570843746302,135,0.09950941612082503,-100.0,,,,,
329327,episode_end,159.3686118411739,214,0.10218481904516005,-100.0,,,,,
329557,episode_end,181.49741487850656,230,0.10173654172460318,-100.0,,,,,
329759,episode_end,192.15292103136036,202,0.10212172793673968,-100.0,,,,,
329931,episode_end,156.43758582743243,172,0.10321986881125143,-100.0,,,,,
330000,train_step,,,0.1033922478312925,-100.0,100000,15.041116714477539,-125.57376861572266,2.1255977153778076,0.2850094735622406
330084,episode_end,200.83938190271084,153,0.10339723265337668,-100.0,,,,,
330299,episode_end,215.2002018686337,215,0.10131399506933363,-100.0,,,,,
330473,episode_end,154.43603634607797,174,0.10095432584562422,-100.0,,,,,
330643,episode_end,155.16454048736378,170,0.10024317130826799,-100.0,,,,,
330849,episode_end,186.09371535868345,206,0.09924677050595206,-100.0,,,,,
331000,episode_end,192.9168728827262,151,0.09684278383030111,-100.0,,,,,
331000,train_step,,,0.09684278383030111,-100.0,100000,142.87364196777344,-130.85125732421875,1.9152402877807617,-0.19788560271263123
331160,episode_end,320.94589272260623,160,0.09613237044837096,-100.0,,,,,
331327,episode_end,188.3223053328549,167,0.0973359841361617,-100.0,,,,,
331575,episode_end,279.421147146416,248,0.09900704225330108,-100.0,,,,,
331741,episode_end,181.1385359226431,166,0.09997625989267592,-100.0,,,,,
331932,episode_end,141.8216663481945,191,0.10080594781627396,-100.0,,,,,
332000,train_step,,,0.10020513280814654,-100.0,100000,120.89544677734375,-121.93049621582031,1.8218623399734497,-0.40981215238571167
332146,episode_end,177.89258808260087,214,0.10038753357669966,-100.0,,,,,
332657,episode_end,198.91150844865274,511,0.09970450939542497,-100.0,,,,,
332868,episode_end,152.85578773335808,211,0.09823171061156911,-100.0,,,,,
333000,train_step,,,0.09748874946263755,-100.0,100000,199.93328857421875,-132.34735107421875,2.1341984272003174,0.3124162256717682
333019,episode_end,183.41794081309035,151,0.09763062545110066,-100.0,,,,,
333219,episode_end,200.92962605462307,200,0.09579797097647752,-100.0,,,,,
333460,episode_end,222.56585083286393,241,0.09679820626533724,-100.0,,,,,
333722,episode_end,203.25609364939956,262,0.09460363639482845,-100.0,,,,,
333888,episode_end,155.64599628506812,166,0.0945512122522464,-100.0,,,,,
334000,train_step,,,0.09393551843211898,-100.0,100000,106.84423828125,-128.17324829101562,1.9493106603622437,-0.11988776922225952
334085,episode_end,302.9969598291572,197,0.09505379461370259,-100.0,,,,,
334299,episode_end,192.9656770172131,214,0.09746134093790612,-100.0,,,,,
334494,episode_end,170.1995292886633,195,0.09904315472924594,-100.0,,,,,
334721,episode_end,181.7735861821585,227,0.10015914588931556,-100.0,,,,,
334936,episode_end,172.81623134987535,215,0.09935094516834349,-100.0,,,,,
335000,train_step,,,0.09988820803360435,-100.0,100000,92.55952453613281,-132.71351623535156,1.9291568994522095,-0.16320151090621948
335127,episode_end,174.7851735428114,191,0.09868670817765729,-100.0,,,,,
335351,episode_end,179.32902680213607,224,0.10349735680787575,-100.0,,,,,
335568,episode_end,191.6661971207899,217,0.10536500123629047,-100.0,,,,,
335728,episode_end,143.58932908702593,160,0.10587981275482074,-100.0,,,,,
335911,episode_end,186.89364329799673,183,0.10661435651334218,-100.0,,,,,
336000,train_step,,,0.10600842452073561,-100.0,100000,61.561119079589844,-117.76338195800781,2.0872340202331543,0.1957741230726242
336099,episode_end,172.58848754535143,188,0.10540768355200743,-100.0,,,,,
336557,episode_end,174.8231517607777,458,0.10298756756983998,-100.0,,,,,
336733,episode_end,172.70641154656084,176,0.10248014605747965,-100.0,,,,,
336940,episode_end,186.26372228318579,207,0.10196004867398387,-100.0,,,,,
337000,train_step,,,0.1022636964646826,-100.0,100000,20.255199432373047,-122.61184692382812,2.0450901985168457,0.1028144508600235
337312,episode_end,125.77270449772766,372,0.10433275508357068,-100.0,,,,,
337603,episode_end,-225.61529096947802,291,0.10154224322076538,-100.0,,,,,
337892,episode_end,174.29204120804195,289,0.10150980538374858,-100.0,,,,,
338000,train_step,,,0.10209529541764265,-100.0,100000,127.93190002441406,-121.29924011230469,1.7866417169570923,-0.4868512749671936
338049,episode_end,184.7364725075381,157,0.10169200233661528,-100.0,,,,,
338286,episode_end,178.8439925126997,237,0.10459073477837671,-100.0,,,,,
338498,episode_end,178.01873345214625,212,0.1047221274437604,-100.0,,,,,
338661,episode_end,176.71371798417135,163,0.1043101470570514,-100.0,,,,,
338897,episode_end,197.3267441583895,236,0.10483481621006512,-100.0,,,,,
339000,train_step,,,0.10485793662996602,-100.0,100000,125.56484985351562,-127.25237274169922,1.993019700050354,-0.015741713345050812
339076,episode_end,-469.15125342356396,179,0.10594825261998461,-100.0,,,,,
339238,episode_end,-73.05315275412855,162,0.10813846039526882,-100.0,,,,,
339933,episode_end,144.83425769392744,695,0.11411383834245693,-100.0,,,,,
340000,train_step,,,0.11527993426382087,-100.0,100000,160.69155883789062,-121.6576919555664,1.9847807884216309,-0.03287925571203232
340131,episode_end,206.56484080495926,198,0.11533718165585156,-100.0,,,,,
340329,episode_end,192.1274080830867,198,0.11562295348343586,-100.0,,,,,
340512,episode_end,170.49763393268177,183,0.11665640586667128,-100.0,,,,,
340988,episode_end,229.53705925947202,476,0.11149265902357099,-100.0,,,,,
341000,train_step,,,0.11147062263099303,-100.0,100000,367.8537902832031,-127.83657836914062,2.2033462524414062,0.44614070653915405
341303,episode_end,203.04228949878743,315,0.1113994594678247,-100.0,,,,,
341495,episode_end,205.4609532285746,192,0.11217017091620786,-100.0,,,,,
341654,episode_end,156.23466948634677,159,0.10985942623699575,-100.0,,,,,
341846,episode_end,163.33829613892507,192,0.1096860835906262,-100.0,,,,,
342000,train_step,,,0.10974143060586748,-100.0,100000,30.902170181274414,-113.67295837402344,2.056330442428589,0.12446947395801544
342045,episode_end,189.6735282387802,199,0.11026715507896306,-100.0,,,,,
342268,episode_end,186.39163596001373,223,0.11481358988813319,-100.0,,,,,
342432,episode_end,175.26669494050907,164,0.11628174924959035,-100.0,,,,,
342659,episode_end,168.90985019501574,227,0.11601568086944145,-100.0,,,,,
342822,episode_end,156.16075679247845,163,0.11397681967205682,-100.0,,,,,
343000,train_step,,,0.11329581925876726,-100.0,100000,556.8651123046875,-120.3807601928711,2.0314579010009766,0.06850723922252655
343048,episode_end,181.20344544356703,226,0.11319103302034592,-100.0,,,,,
343267,episode_end,174.39010534666943,219,0.11354431873947057,-100.0,,,,,
343396,episode_end,-23.997192010861994,129,0.11317093589107814,-100.0,,,,,
343645,episode_end,189.3758831305272,249,0.11177684319211882,-100.0,,,,,
343818,episode_end,180.3490557843434,173,0.11136203440766411,-100.0,,,,,
344000,train_step,,,0.1096736185754037,-100.0,100000,316.6463623046875,-126.61595153808594,2.322549819946289,0.7129145860671997
344475,episode_end,243.59563497434686,657,0.10807225514190219,-100.0,,,,,
344661,episode_end,167.75812653396872,186,0.10508099714701,-100.0,,,,,
344850,episode_end,173.02600958311342,189,0.10434074284995248,-100.0,,,,,
344986,episode_end,-42.15804162389215,136,0.1039949451904067,-100.0,,,,,
345000,train_step,,,0.10407693819438095,-100.0,100000,118.53882598876953,-127.66259765625,2.110844612121582,0.25079941749572754
345632,episode_end,162.35292373182443,646,0.11057541957862822,-100.0,,,,,
345897,episode_end,214.71694309260602,265,0.11131396592353181,-100.0,,,,,
346000,train_step,,,0.11163288996880706,-100.0,100000,24.272274017333984,-118.12890625,1.8625223636627197,-0.301425039768219
346160,episode_end,139.07860978455977,263,0.11019718287783889,-100.0,,,,,
346391,episode_end,193.15434431389252,231,0.10709447410216755,-100.0,,,,,
346601,episode_end,191.09296209888095,210,0.1078377959202865,-100.0,,,,,
346858,episode_end,169.69078942093768,257,0.10668606889488132,-100.0,,,,,
347000,train_step,,,0.10801743996314565,-100.0,100000,348.2178955078125,-118.97772216796875,2.246213674545288,0.5479391813278198
347058,episode_end,175.49743508625886,200,0.10842293518647943,-100.0,,,,,
347267,episode_end,173.1346842624729,209,0.10780890471444247,-100.0,,,,,
347479,episode_end,164.107498643887,212,0.10503093789767955,-100.0,,,,,
347699,episode_end,184.3349012208681,220,0.10454301885063205,-100.0,,,,,
347906,episode_end,193.15180857777642,207,0.10336813695112594,-100.0,,,,,
348000,train_step,,,0.10455878911809309,-100.0,100000,22.47922134399414,-108.91668701171875,1.830275058746338,-0.38324007391929626
348150,episode_end,166.7106392806405,244,0.10327159039732883,-100.0,,,,,
348393,episode_end,193.70665755495384,243,0.10604468156047736,-100.0,,,,,
348600,episode_end,190.81113202257768,207,0.10689806960285413,-100.0,,,,,
348831,episode_end,184.76434660525217,231,0.10974972853495478,-100.0,,,,,
349000,train_step,,,0.11103973427070658,-100.0,100000,106.741943359375,-115.23504638671875,1.9917672872543335,-0.018094509840011597
349092,episode_end,154.54313825027975,261,0.1107320835975763,-100.0,,,,,
349269,episode_end,146.43461701418647,177,0.11038855354417416,-100.0,,,,,
349453,episode_end,146.6722052755382,184,0.1099665725634022,-100.0,,,,,
349648,episode_end,172.34469864971757,195,0.11137359497997504,-100.0,,,,,
349920,episode_end,156.69993940479202,272,0.11218282721038744,-100.0,,,,,
350000,train_step,,,0.11327860846886183,-100.0,100000,42.388671875,-115.47010040283203,2.129423141479492,0.28187116980552673
350224,episode_end,170.31117735001735,304,0.11568691712170413,-100.0,,,,,
350470,episode_end,158.43738855525382,246,0.11634994612054517,-100.0,,,,,
350686,episode_end,178.8262520868562,216,0.11503550950081451,-100.0,,,,,
350875,episode_end,181.2661895862592,189,0.11667296557816505,-100.0,,,,,
351000,train_step,,,0.11524339086545794,-100.0,100000,33.50288391113281,-111.803955078125,1.8480901718139648,-0.3282327950000763
351072,episode_end,202.19632240891048,197,0.11527789514590678,-100.0,,,,,
351348,episode_end,143.17369754074016,276,0.1173008985624705,-100.0,,,,,
351556,episode_end,184.73188517613056,208,0.11867670464243246,-100.0,,,,,
351773,episode_end,194.9191235953847,217,0.11589784898779058,-100.0,,,,,
352000,train_step,,,0.11412280247442104,-100.0,100000,147.2172088623047,-115.93663787841797,1.911705493927002,-0.19164156913757324
352056,episode_end,193.98426928121245,283,0.11425678141450259,-100.0,,,,,
352320,episode_end,180.49661601455102,264,0.11535435273761295,-100.0,,,,,
352616,episode_end,159.07484987930383,296,0.11074462805289288,-100.0,,,,,
352921,episode_end,156.5683897706706,305,0.10990550468154194,-100.0,,,,,
353000,train_step,,,0.10950447780009968,-100.0,100000,517.8555908203125,-115.1158447265625,2.1448159217834473,0.32030248641967773
353198,episode_end,267.08217395903307,277,0.10571104530432886,-100.0,,,,,
353408,episode_end,205.3029077534851,210,0.10426914452129758,-100.0,,,,,
353606,episode_end,195.1451703316397,198,0.10505325185645238,-100.0,,,,,
353865,episode_end,151.8535859842837,259,0.10479800657443684,-100.0,,,,,
354000,train_step,,,0.10516498645396573,-100.0,100000,32.32720947265625,-114.24445343017578,2.0954575538635254,0.2149912714958191
354191,episode_end,190.20820271709803,326,0.10544762826360375,-100.0,,,,,
354397,episode_end,197.80662980379304,206,0.10694042429931755,-100.0,,,,,
354707,episode_end,183.01423881163743,310,0.112749678761458,-100.0,,,,,
354897,episode_end,170.855946782073,190,0.10845620411327135,-100.0,,,,,
355000,train_step,,,0.10771218257555146,-100.0,100000,185.8199462890625,-113.11648559570312,1.8994617462158203,-0.22402885556221008
355111,episode_end,178.84307387912034,214,0.10614601249209117,-100.0,,,,,
355266,episode_end,180.6573774663275,155,0.10577857952400829,-100.0,,,,,
355583,episode_end,186.89825537275888,317,0.10387389317102641,-100.0,,,,,
355875,episode_end,154.16701347468668,292,0.1066380385173563,-100.0,,,,,
356000,train_step,,,0.10788891020527004,-100.0,100000,793.0506591796875,-112.70836639404297,2.0819687843322754,0.1825161874294281
356089,episode_end,219.5492785812671,214,0.10923395063970837,-100.0,,,,,
356384,episode_end,144.73663709781323,295,0.11542193227291309,-100.0,,,,,
356609,episode_end,155.58510123243116,225,0.11739031801840998,-100.0,,,,,
356891,episode_end,173.53977602447924,282,0.11850990666410355,-100.0,,,,,
357000,train_step,,,0.11879414667055287,-100.0,100000,646.34130859375,-108.6519546508789,2.0371949672698975,0.07923877984285355
357187,episode_end,264.9335139590426,296,0.11822065411842173,-100.0,,,,,
357494,episode_end,241.93547148917807,307,0.11808171087187153,-100.0,,,,,
357912,episode_end,166.2154101646792,418,0.12033590130547278,-100.0,,,,,
358000,train_step,,,0.11955961297306399,-100.0,100000,108.3701171875,-109.24726867675781,1.8905194997787476,-0.23253017663955688
358156,episode_end,205.51403890436123,244,0.11844042590960276,-100.0,,,,,
358306,episode_end,180.90719461434637,150,0.11757462881988621,-100.0,,,,,
358628,episode_end,-486.3818234245409,322,0.1190467222223307,-100.0,,,,,
358852,episode_end,207.26382737114238,224,0.11985813249788076,-100.0,,,,,
359000,train_step,,,0.12017292202291456,-100.0,100000,26.262683868408203,-114.46476745605469,1.8365780115127563,-0.34626227617263794
359025,episode_end,144.25622476933427,173,0.12030078645425311,-100.0,,,,,
359172,episode_end,174.550945750288,147,0.11823174813453466,-100.0,,,,,
359448,episode_end,160.64695159396845,276,0.11836485797424875,-100.0,,,,,
359593,episode_end,183.40698534114006,145,0.1188249807152363,-100.0,,,,,
359775,episode_end,160.00111499412708,182,0.11965405934463488,-100.0,,,,,
359941,episode_end,175.87538905514373,166,0.11923073078843621,-100.0,,,,,
360000,train_step,,,0.11875778403395194,-100.0,100000,121.27131652832031,-113.2423324584961,1.975201964378357,-0.05283641815185547
360141,episode_end,195.14129321998394,200,0.11943349321871516,-100.0,,,,,
360288,episode_end,179.01474863528986,147,0.11942560553744623,-100.0,,,,,
360431,episode_end,190.24984404331545,143,0.11927529274079324,-100.0,,,,,
360644,episode_end,185.3286862272399,213,0.1194897402727028,-100.0,,,,,
360891,episode_end,186.35534700250386,247,0.12062201862952925,-100.0,,,,,
361000,train_step,,,0.12133697244610747,-100.0,100000,367.0942687988281,-110.88394165039062,1.9207565784454346,-0.16713908314704895
361073,episode_end,160.76788016079024,182,0.12152330211054398,-100.0,,,,,
361393,episode_end,168.435318726719,320,0.1224858417587584,-100.0,,,,,
361655,episode_end,140.46473250805744,262,0.12199999511105075,-100.0,,,,,
361846,episode_end,180.51958519487414,191,0.12225852274177494,-100.0,,,,,
362000,train_step,,,0.12166863355891593,-100.0,100000,135.70950317382812,-108.35653686523438,2.094870090484619,0.19983968138694763
362142,episode_end,262.7735260075234,296,0.12257828867913471,-100.0,,,,,
362290,episode_end,-359.7985777462232,148,0.12014696134565453,-100.0,,,,,
362434,episode_end,164.37207891573703,144,0.11886219218155125,-100.0,,,,,
362703,episode_end,168.45470443837593,269,0.11811578483228301,-100.0,,,,,
362929,episode_end,166.64524862403553,226,0.11612852368181956,-100.0,,,,,
363000,train_step,,,0.11638101722906173,-100.0,100000,27.67100715637207,-111.73722076416016,1.7238672971725464,-0.5939299464225769
363147,episode_end,168.41706865803278,218,0.11592670598191256,-100.0,,,,,
363353,episode_end,195.67577957207587,206,0.1146477653710709,-100.0,,,,,
363539,episode_end,192.86426611331078,186,0.11421191653436721,-100.0,,,,,
363726,episode_end,171.40910261806755,187,0.11397444530941692,-100.0,,,,,
363923,episode_end,176.96993902369385,197,0.11388175213616553,-100.0,,,,,
364000,train_step,,,0.11474161050368893,-100.0,100000,305.0494384765625,-118.86616516113281,1.8355562686920166,-0.35603272914886475
364107,episode_end,177.49778146348172,184,0.11553171278987802,-100.0,,,,,
364324,episode_end,201.5057127966702,217,0.11884635844812003,-100.0,,,,,
364489,episode_end,193.4202590997618,165,0.12021094593981362,-100.0,,,,,
364639,episode_end,150.7368442896917,150,0.11657017602177627,-100.0,,,,,
364890,episode_end,151.6756852862531,251,0.11477398435591986,-100.0,,,,,
365000,train_step,,,0.1154575639518584,-100.0,100000,53.823890686035156,-110.9130859375,2.111250400543213,0.24017280340194702
365078,episode_end,177.0394967093901,188,0.11536381503310857,-100.0,,,,,
365277,episode_end,206.18952358414077,199,0.1165839832298099,-100.0,,,,,
365460,episode_end,190.1071569438621,183,0.11867528566037562,-100.0,,,,,
365673,episode_end,162.28469950949057,213,0.11897266558630096,-100.0,,,,,
365835,episode_end,167.26940996958598,162,0.12038759597764244,-100.0,,,,,
365996,episode_end,181.65800855514632,161,0.12233891002704292,-100.0,,,,,
366000,train_step,,,0.1224028915065974,-100.0,100000,127.76025390625,-105.53845977783203,2.110698699951172,0.23251570761203766
366222,episode_end,191.10748421527404,226,0.12581799192712828,-100.0,,,,,
366497,episode_end,183.55241692613535,275,0.12432690299116955,-100.0,,,,,
366688,episode_end,181.67347387508465,191,0.12798616561522239,-100.0,,,,,
366894,episode_end,215.85844808883886,206,0.12792483106009642,-100.0,,,,,
367000,train_step,,,0.12896825078978805,-100.0,100000,30.267974853515625,-114.27384185791016,2.10542631149292,0.2159327268600464
367164,episode_end,161.42269790158048,270,0.13056931460467613,-100.0,,,,,
367352,episode_end,211.35753957482768,188,0.1301906007817862,-100.0,,,,,
367481,episode_end,162.87833191691266,129,0.13026113761817668,-100.0,,,,,
367672,episode_end,303.1770426998097,191,0.1304116830190207,-100.0,,,,,
367969,episode_end,140.3214039813428,297,0.13121746395703568,-100.0,,,,,
368000,train_step,,,0.13064529016849633,-100.0,100000,108.018310546875,-101.68226623535156,1.9484336376190186,-0.10495175421237946
368164,episode_end,172.91873028308453,195,0.13096379211943737,-100.0,,,,,
368340,episode_end,287.72175734158907,176,0.13299257573048437,-100.0,,,,,
368479,episode_end,-299.46328176060314,139,0.13420648150330206,-100.0,,,,,
368647,episode_end,167.91692280782462,168,0.13615401730558102,-100.0,,,,,
368867,episode_end,160.30877050309212,220,0.13637814476358273,-100.0,,,,,
369000,train_step,,,0.1370059806670617,-100.0,100000,171.91943359375,-105.58857727050781,2.0625667572021484,0.124365895986557
369056,episode_end,205.02684046276946,189,0.1365814763868593,-100.0,,,,,
369178,episode_end,-170.75905743619683,122,0.13583042406796997,-100.0,,,,,
369508,episode_end,269.8087016722527,330,0.13590753988207374,-100.0,,,,,
369778,episode_end,192.97421715901254,270,0.13555927802305245,-100.0,,,,,
369940,episode_end,140.82512555595252,162,0.13578413483639507,-100.0,,,,,
370000,train_step,,,0.13449085443583988,-100.0,100000,210.17752075195312,-105.58098602294922,1.8611812591552734,-0.2785061001777649
370090,episode_end,143.60289435819948,150,0.1342402624257501,-100.0,,,,,
370235,episode_end,172.7809274054382,145,0.13349908440188427,-100.0,,,,,
370328,episode_end,-83.46047125036732,93,0.13419355613972836,-100.0,,,,,
370533,episode_end,-291.9058656289634,205,0.13550236699230614,-100.0,,,,,
370729,episode_end,177.9929367742148,196,0.135306834514645,-100.0,,,,,
370932,episode_end,211.4943892798036,203,0.13735828067736708,-100.0,,,,,
371000,train_step,,,0.13811988841908324,-100.0,100000,365.87506103515625,-109.2293930053711,2.064145803451538,0.12698523700237274
371136,episode_end,279.29898611709297,204,0.13909811893691457,-100.0,,,,,
371311,episode_end,210.72374332503685,175,0.140124993893569,-100.0,,,,,
371522,episode_end,155.21436372897523,211,0.13830814390390644,-100.0,,,,,
371737,episode_end,133.80251342055035,215,0.13611267893820778,-100.0,,,,,
371968,episode_end,197.5118445266362,231,0.13408444999206587,-100.0,,,,,
372000,train_step,,,0.13362317159679807,-100.0,100000,232.58468627929688,-105.84534454345703,1.8260596990585327,-0.35009515285491943
372280,episode_end,175.59876424895964,312,0.13247427414394342,-100.0,,,,,
372456,episode_end,148.60208099912913,176,0.1319973018832547,-100.0,,,,,
372710,episode_end,175.3870102384352,254,0.13491302089832277,-100.0,,,,,
372932,episode_end,175.04332308407157,222,0.13528590161892906,-100.0,,,,,
373000,train_step,,,0.1368449922013463,-100.0,100000,282.6256103515625,-104.9631118774414,2.0915350914001465,0.18205475807189941
373167,episode_end,175.30131529232077,235,0.13970444312088204,-100.0,,,,,
373356,episode_end,175.13574254684522,189,0.1383803750013118,-100.0,,,,,
373509,episode_end,193.38339305313139,153,0.1385060781830506,-100.0,,,,,
373699,episode_end,187.75519990930874,190,0.138670967272789,-100.0,,,,,
373928,episode_end,176.93377880728025,229,0.13849508712507605,-100.0,,,,,
374000,train_step,,,0.13901493036039295,-100.0,100000,168.3035430908203,-96.00578308105469,1.6995935440063477,-0.5927543640136719
374186,episode_end,186.75605630264488,258,0.1370097816920403,-100.0,,,,,
374405,episode_end,163.5966200481252,219,0.13935755550317053,-100.0,,,,,
374680,episode_end,155.46428138059093,275,0.1413206879410046,-100.0,,,,,
374869,episode_end,176.93566921216157,189,0.14183807109962004,-100.0,,,,,
375000,train_step,,,0.1410290050423688,-100.0,100000,345.420654296875,-101.60360717773438,2.1431965827941895,0.2804921269416809
375081,episode_end,165.22693103201902,212,0.14212060412845254,-100.0,,,,,
375302,episode_end,266.253945689264,221,0.13881074564602994,-100.0,,,,,
375456,episode_end,141.68380716611753,154,0.13909723048237546,-100.0,,,,,
375650,episode_end,146.961010860637,194,0.13689121835114337,-100.0,,,,,
375826,episode_end,172.99486997061473,176,0.13716826265681628,-100.0,,,,,
375998,episode_end,168.40853410329763,172,0.13742093807596112,-100.0,,,,,
376000,train_step,,,0.13741784099443966,-100.0,100000,80.0583724975586,-96.07048797607422,1.9742624759674072,-0.051082007586956024
376765,episode_end,278.1523226221583,767,0.13218590432431535,-100.0,,,,,
376973,episode_end,179.9095670188773,208,0.13016482586108194,-100.0,,,,,
377000,train_step,,,0.1296403717579671,-100.0,100000,113.49838256835938,-100.4171371459961,1.80128014087677,-0.40598294138908386
377136,episode_end,172.96993596331035,163,0.12843885071088043,-100.0,,,,,
377334,episode_end,182.64391112241088,198,0.13040382327340297,-100.0,,,,,
377576,episode_end,190.22934040244093,242,0.12838612852642478,-100.0,,,,,
377800,episode_end,192.25754438037208,224,0.1296653543068303,-100.0,,,,,
378000,train_step,,,0.1291640321843566,-100.0,100000,23.139625549316406,-93.90992736816406,2.0184273719787598,0.03771489858627319
378016,episode_end,184.28346472876044,216,0.12889579097816464,-100.0,,,,,
378255,episode_end,162.75671260600117,239,0.1262511245719199,-100.0,,,,,
378480,episode_end,166.08494499279206,225,0.12940535400091352,-100.0,,,,,
378671,episode_end,151.83907691174122,191,0.1299771544273127,-100.0,,,,,
378896,episode_end,198.17669897738588,225,0.12867144396689845,-100.0,,,,,
379000,train_step,,,0.12885857301465378,-100.0,100000,68.43363189697266,-97.367431640625,2.0481176376342773,0.09859471023082733
379120,episode_end,137.07787837897553,224,0.12866928353703125,-100.0,,,,,
379379,episode_end,168.03345636160844,259,0.12574101908407714,-100.0,,,,,
379613,episode_end,179.1068399865611,234,0.12365009409282358,-100.0,,,,,
379851,episode_end,192.2731325957664,238,0.12271811935526164,-100.0,,,,,
380000,train_step,,,0.12087272770272789,-100.0,100000,181.7248992919922,-97.28797912597656,1.9112507104873657,-0.18752864003181458
380112,episode_end,156.17669565557551,261,0.11999584478750897,-100.0,,,,,
380335,episode_end,186.53981025760356,223,0.11851312050875204,-100.0,,,,,
380609,episode_end,178.79095069700907,274,0.12194130135032288,-100.0,,,,,
380914,episode_end,165.49515456073397,305,0.12256995450186099,-100.0,,,,,
381000,train_step,,,0.12293117984877554,-100.0,100000,82.3068618774414,-96.34237670898438,2.0111284255981445,0.023326456546783447
381239,episode_end,170.47107222722377,325,0.1233820786090241,-100.0,,,,,
381419,episode_end,165.64857828805214,180,0.12133526980821994,-100.0,,,,,
381627,episode_end,192.65251328947676,208,0.1181427331243235,-100.0,,,,,
382000,train_step,,,0.11648550176162284,-100.0,100000,14.746664047241211,-96.47879028320312,1.6878279447555542,-0.6711663007736206
382163,episode_end,107.00562666777279,536,0.11636460962043467,-100.0,,,,,
382384,episode_end,136.76188918454326,221,0.11585118514831093,-100.0,,,,,
382640,episode_end,169.2361718320314,256,0.11411726115581537,-100.0,,,,,
382792,episode_end,170.60255072133856,152,0.11527167465680788,-100.0,,,,,
383000,train_step,,,0.11544227926368161,-100.0,100000,406.7816162109375,-91.1449203491211,2.163545608520508,0.35309261083602905
383013,episode_end,161.2795951464762,221,0.11552231717876564,-100.0,,,,,
383317,episode_end,185.41371173509194,304,0.11903298186808223,-100.0,,,,,
383606,episode_end,192.69060002896765,289,0.11940292099475544,-100.0,,,,,
383829,episode_end,184.91710882212905,223,0.11746205724622223,-100.0,,,,,
384000,train_step,,,0.11787322079237621,-100.0,100000,19.540199279785156,-92.51687622070312,1.8594419956207275,-0.3005334138870239
384035,episode_end,179.71318946421377,206,0.1181815616071796,-100.0,,,,,
384351,episode_end,161.0218483866269,316,0.11897936449192213,-100.0,,,,,
384563,episode_end,201.59559959259178,212,0.12022973799308592,-100.0,,,,,
384750,episode_end,132.75462680237484,187,0.11824014192668517,-100.0,,,,,
384948,episode_end,181.2130024166122,198,0.11731290875634395,-100.0,,,,,
385000,train_step,,,0.11695222502431071,-100.0,100000,167.8009490966797,-89.97465515136719,1.9615893363952637,-0.08242905884981155
385166,episode_end,308.03150583028133,218,0.11678815642789227,-100.0,,,,,
385367,episode_end,178.0400236371307,201,0.1195476207198844,-100.0,,,,,
385571,episode_end,168.10245488536765,204,0.12020845715089142,-100.0,,,,,
385862,episode_end,135.6539557538274,291,0.12150953251047923,-100.0,,,,,
386000,train_step,,,0.12094251655695648,-100.0,100000,157.48281860351562,-92.23265075683594,2.0396945476531982,0.08385249227285385
386067,episode_end,175.93962590138213,205,0.11969005029094204,-100.0,,,,,
386421,episode_end,122.51984023448621,354,0.11860521438670385,-100.0,,,,,
386820,episode_end,130.99990325698818,399,0.11945632487845557,-100.0,,,,,
387000,train_step,,,0.1208648558667523,-100.0,100000,152.07064819335938,-88.1287841796875,1.9275649785995483,-0.15306107699871063
387057,episode_end,172.04620224294928,237,0.12198761766551214,-100.0,,,,,
387267,episode_end,189.68031786376548,210,0.1223660094278358,-100.0,,,,,
387508,episode_end,170.7641691544331,241,0.12306892677268719,-100.0,,,,,
387759,episode_end,200.87348666894366,251,0.12444603540196775,-100.0,,,,,
388000,train_step,,,0.12622861977383568,-100.0,100000,29.85835838317871,-89.3945541381836,1.8580787181854248,-0.29372867941856384
388054,episode_end,237.43324188907656,295,0.1260802696556093,-100.0,,,,,
388265,episode_end,198.18415294777247,211,0.12401293926792384,-100.0,,,,,
388461,episode_end,194.92972733063357,196,0.12174072815440452,-100.0,,,,,
388677,episode_end,184.35455573247324,216,0.11861940944651585,-100.0,,,,,
388896,episode_end,169.69521281919424,219,0.12030204923800294,-100.0,,,,,
389000,train_step,,,0.12222661571712508,-100.0,100000,27.26626968383789,-87.28173828125,2.1250503063201904,0.2628406882286072
389114,episode_end,131.33522126547055,218,0.12213212419226738,-100.0,,,,,
389358,episode_end,249.36652793020207,244,0.12181394022047877,-100.0,,,,,
389484,episode_end,15.66553717311642,126,0.12181926563453473,-100.0,,,,,
389669,episode_end,181.37000145834236,185,0.12137915780503643,-100.0,,,,,
389867,episode_end,162.6626528554766,198,0.12154301867469045,-100.0,,,,,
390000,train_step,,,0.12068180647550387,-100.0,100000,373.8001708984375,-88.23692321777344,1.443858027458191,-1.1760165691375732
390152,episode_end,172.52683538692025,285,0.11913103508734414,-100.0,,,,,
390355,episode_end,158.81452546415477,203,0.11915053699341953,-100.0,,,,,
390608,episode_end,161.65098933121493,253,0.11845167617103243,-100.0,,,,,
390811,episode_end,203.72972636649155,203,0.11673609073677506,-100.0,,,,,
391000,train_step,,,0.11773680667986267,-100.0,100000,512.7225341796875,-86.78750610351562,1.9913909435272217,-0.01841723918914795
391093,episode_end,179.12960731976221,282,0.11740435304775639,-100.0,,,,,
391376,episode_end,166.5288013296341,283,0.11731778835254508,-100.0,,,,,
391649,episode_end,202.2817238632029,273,0.1152156509492597,-100.0,,,,,
391851,episode_end,291.8107196499201,202,0.11534205931207617,-100.0,,,,,
392000,train_step,,,0.11563252169801493,-100.0,100000,25.600921630859375,-88.79735565185547,1.8743464946746826,-0.2710770070552826
392117,episode_end,139.4273067014459,266,0.11644506585346838,-100.0,,,,,
392401,episode_end,290.88634888787726,284,0.1180959023014193,-100.0,,,,,
392672,episode_end,251.8942009681551,271,0.11925799414251015,-100.0,,,,,
393000,train_step,,,0.11944579901140083,-100.0,100000,23.456512451171875,-89.87688446044922,1.8100603818893433,-0.40360110998153687
393544,episode_end,51.84875210249858,872,0.11170829777714955,-100.0,,,,,
393828,episode_end,240.66320435936166,284,0.11026004346248863,-100.0,,,,,
394000,train_step,,,0.11138613653824983,-100.0,100000,210.6982421875,-87.936767578125,1.8366572856903076,-0.3584967851638794
394014,episode_end,192.97468024673938,186,0.11146163618073644,-100.0,,,,,
394252,episode_end,317.45782036038236,238,0.10975417429669805,-100.0,,,,,
394538,episode_end,192.90061366984963,286,0.10980765136454898,-100.0,,,,,
394812,episode_end,129.42485063573997,274,0.10805518196851888,-100.0,,,,,
395000,train_step,,,0.10682929044558892,-100.0,100000,28.22235107421875,-87.53669738769531,2.0986711978912354,0.2206806093454361
395064,episode_end,156.5766299419928,252,0.10596803333156299,-100.0,,,,,
395340,episode_end,175.89287806032567,276,0.10504509644033287,-100.0,,,,,
395591,episode_end,189.51072691165268,251,0.10540855543530953,-100.0,,,,,
395859,episode_end,261.8900559539305,268,0.10650350845586631,-100.0,,,,,
396000,train_step,,,0.10508074232635546,-100.0,100000,54.612281799316406,-84.15843200683594,1.8278930187225342,-0.3877618908882141
396076,episode_end,212.35557933641314,217,0.10536152610013699,-100.0,,,,,
396271,episode_end,174.66481468433864,195,0.10556848705442233,-100.0,,,,,
396485,episode_end,305.35182618036276,214,0.1064854373567617,-100.0,,,,,
396804,episode_end,180.1245609604166,319,0.10570133992992976,-100.0,,,,,
397000,train_step,,,0.10617879789497787,-100.0,100000,82.36792755126953,-83.18147277832031,1.8115190267562866,-0.42269325256347656
397004,episode_end,191.35010183945963,200,0.10611712277558928,-100.0,,,,,
397308,episode_end,159.15053673430037,304,0.10108502097136632,-100.0,,,,,
397538,episode_end,185.92632646094322,230,0.09767558739327921,-100.0,,,,,
397738,episode_end,165.17322853640644,200,0.09789513538065034,-100.0,,,,,
398000,train_step,,,0.097768872664257,-100.0,100000,75.86721801757812,-87.06877136230469,2.075425624847412,0.17537608742713928
398203,episode_end,162.9817676666048,465,0.09711906646327748,-100.0,,,,,
398421,episode_end,299.41032940176177,218,0.09431814320398815,-100.0,,,,,
398620,episode_end,180.9914709344938,199,0.09374642467877942,-100.0,,,,,
398824,episode_end,169.6847773628726,204,0.09478250843922952,-100.0,,,,,
399000,train_step,,,0.09397433080338126,-100.0,100000,42.32476806640625,-82.47500610351562,2.1602563858032227,0.3789637088775635
399012,episode_end,143.39106023047256,188,0.0939404231548098,-100.0,,,,,
399233,episode_end,180.55694864878683,221,0.0933689912282927,-100.0,,,,,
399428,episode_end,304.74013775775376,195,0.09444520418683755,-100.0,,,,,
399626,episode_end,180.09356740556592,198,0.09561164517935837,-100.0,,,,,
399847,episode_end,306.1240756143293,221,0.09407882480241032,-100.0,,,,,
400000,train_step,,,0.09401591360528276,-100.0,100000,134.81361389160156,-83.95463562011719,2.0568835735321045,0.13448919355869293
400051,episode_end,179.2466541679011,204,0.09420253570367426,-100.0,,,,,
400235,episode_end,183.00919668795922,184,0.09371636728664613,-100.0,,,,,
400467,episode_end,293.80181413013213,232,0.09406139230606592,-100.0,,,,,
400707,episode_end,306.3375564232724,240,0.0934006417966293,-100.0,,,,,
400948,episode_end,169.03969657202867,241,0.09351023027365074,-100.0,,,,,
401000,train_step,,,0.09442618198167935,-100.0,100000,78.45199584960938,-80.01782989501953,2.329665184020996,0.7779889106750488
401158,episode_end,167.4910832916847,210,0.0953481082162732,-100.0,,,,,
401359,episode_end,298.70523938398884,201,0.09498040819221439,-100.0,,,,,
401612,episode_end,302.78807872415655,253,0.09534349149404853,-100.0,,,,,
401814,episode_end,184.91027560374394,202,0.09372418212422612,-100.0,,,,,
402000,train_step,,,0.09326445036638864,-100.0,100000,20.508142471313477,-84.60519409179688,1.8996119499206543,-0.23815219104290009
402055,episode_end,304.9329032712012,241,0.09336114014074347,-100.0,,,,,
402250,episode_end,314.9173123374353,195,0.09268819574351447,-100.0,,,,,
402459,episode_end,149.21467579438703,209,0.09174737134036193,-100.0,,,,,
402647,episode_end,307.2915085997167,188,0.0919531113303727,-100.0,,,,,
402891,episode_end,163.76621870979272,244,0.09045066349361752,-100.0,,,,,
403000,train_step,,,0.0907977801577374,-100.0,100000,54.98877716064453,-81.5899429321289,1.9437241554260254,-0.13501258194446564
403106,episode_end,176.0593199079897,215,0.09130849880008936,-100.0,,,,,
403356,episode_end,170.40275190455583,250,0.09051926917145972,-100.0,,,,,
403569,episode_end,146.43484769146934,213,0.09280870533658532,-100.0,,,,,
403744,episode_end,162.4619726340324,175,0.09335882620263515,-100.0,,,,,
403983,episode_end,172.195988458688,239,0.09275101374589388,-100.0,,,,,
404000,train_step,,,0.09278940178664513,-100.0,100000,119.80156707763672,-79.76313781738281,2.1080105304718018,0.2567864954471588
404192,episode_end,160.985287637807,209,0.09470690229966522,-100.0,,,,,
405000,train_step,,,0.09415720895634143,-100.0,100000,106.12187194824219,-80.116943359375,1.9121394157409668,-0.20759600400924683
405126,episode_end,296.5461315747081,934,0.09601039387497352,-100.0,,,,,
405293,episode_end,189.02803824998796,167,0.0951465417315157,-100.0,,,,,
405512,episode_end,179.26459361954545,219,0.09397171852180858,-100.0,,,,,
405731,episode_end,170.26441038359036,219,0.09275702562929089,-100.0,,,,,
405913,episode_end,147.87607142424494,182,0.09396901077252331,-100.0,,,,,
406000,train_step,,,0.09396760344666545,-100.0,100000,50.67376708984375,-80.3011703491211,2.1107048988342285,0.2617955505847931
406105,episode_end,171.24833480751647,192,0.09439754214631925,-100.0,,,,,
406376,episode_end,309.31039348853795,271,0.09582458902989635,-100.0,,,,,
406628,episode_end,206.06301595374998,252,0.0985270927923488,-100.0,,,,,
406820,episode_end,165.5240804360454,192,0.09937060763990947,-100.0,,,,,
407000,episode_end,172.89546997739856,180,0.09710977035239507,-100.0,,,,,
407000,train_step,,,0.09710977035239507,-100.0,100000,41.3297004699707,-81.38026428222656,1.9262354373931885,-0.17201238870620728
407173,episode_end,164.73001234467785,173,0.09703636949057605,-100.0,,,,,
407424,episode_end,167.33137273614693,251,0.09486779352964768,-100.0,,,,,
407634,episode_end,297.84213585626014,210,0.09402501864592624,-100.0,,,,,
407881,episode_end,290.0572454292897,247,0.09189660012280582,-100.0,,,,,
408000,train_step,,,0.09142472633042617,-100.0,100000,110.36640930175781,-82.86236572265625,2.040891170501709,0.09782152622938156
408133,episode_end,209.5274012464641,252,0.09045933958429739,-100.0,,,,,
408305,episode_end,176.91702761679866,172,0.09301287477707906,-100.0,,,,,
408405,episode_end,-331.1017602242482,100,0.09337553019880253,-100.0,,,,,
408591,episode_end,171.14875258095805,186,0.09416905972569196,-100.0,,,,,
408790,episode_end,164.1141449668378,199,0.09583299583787862,-100.0,,,,,
408986,episode_end,185.92251875995174,196,0.09663686823159696,-100.0,,,,,
409000,train_step,,,0.09649631729515203,-100.0,100000,128.8380889892578,-79.98954010009766,2.1433489322662354,0.33518552780151367
409192,episode_end,184.18716404861397,206,0.09543714611508923,-100.0,,,,,
409898,episode_end,284.59570145983844,706,0.09145164960583192,-100.0,,,,,
410000,train_step,,,0.09183433673417771,-100.0,100000,136.39205932617188,-77.42189025878906,2.0099544525146484,0.023769333958625793
410120,episode_end,281.7813011350749,222,0.0916520601569885,-100.0,,,,,
410292,episode_end,188.32200067460076,172,0.091068474664024,-100.0,,,,,
410577,episode_end,169.77596751766578,285,0.09130752770644111,-100.0,,,,,
410788,episode_end,176.58231832033448,211,0.09167691503805712,-100.0,,,,,
411000,train_step,,,0.09034789185516012,-100.0,100000,83.33759307861328,-78.0020523071289,1.871647834777832,-0.3085694909095764
411026,episode_end,294.77266387339944,238,0.090064743407977,-100.0,,,,,
411231,episode_end,161.85838541184637,205,0.09065176953399785,-100.0,,,,,
411439,episode_end,184.38219079497932,208,0.08914615737290243,-100.0,,,,,
411610,episode_end,165.0176753504536,171,0.088723021275779,-100.0,,,,,
412000,train_step,,,0.08651588281571126,-100.0,100000,98.22976684570312,-75.53292846679688,1.7323274612426758,-0.6551092267036438
412427,episode_end,282.049044883487,817,0.08561380860303161,-100.0,,,,,
413000,train_step,,,0.08773196111318696,-100.0,100000,134.5024871826172,-79.53584289550781,1.9535131454467773,-0.11312448978424072
413213,episode_end,307.2946900097351,786,0.08638654513398754,-100.0,,,,,
413433,episode_end,157.75922323145306,220,0.08704042159161712,-100.0,,,,,
413594,episode_end,154.92177016109213,161,0.08767520093157652,-100.0,,,,,
413858,episode_end,162.5438572421328,264,0.08802981340396936,-100.0,,,,,
414000,train_step,,,0.08838079534550877,-100.0,100000,15.940518379211426,-73.47098541259766,2.0393896102905273,0.09556293487548828
414030,episode_end,184.44107848464154,172,0.08891395807922023,-100.0,,,,,
414356,episode_end,307.80201741813534,326,0.0894631264173275,-100.0,,,,,
414506,episode_end,177.11983731299858,150,0.08905420526138161,-100.0,,,,,
414717,episode_end,262.3637350154571,211,0.08804636190334411,-100.0,,,,,
414967,episode_end,297.83772385577544,250,0.08740133155831108,-100.0,,,,,
415000,train_step,,,0.08738513952342003,-100.0,100000,77.6014175415039,-75.74374389648438,1.856903076171875,-0.34878891706466675
415075,episode_end,23.242399709595773,108,0.08622229735295608,-100.0,,,,,
415291,episode_end,183.76968103928255,216,0.08485739842119414,-100.0,,,,,
415472,episode_end,173.53915833900447,181,0.08545167938010022,-100.0,,,,,
416000,train_step,,,0.08631928537924019,-100.0,100000,143.04782104492188,-75.80079650878906,1.8686707019805908,-0.32171738147735596
416415,episode_end,264.4020656428178,943,0.08888259883199962,-100.0,,,,,
416597,episode_end,179.43893902339408,182,0.08870406582915996,-100.0,,,,,
416796,episode_end,264.60885415792774,199,0.08838657762689686,-100.0,,,,,
417000,train_step,,,0.08681212574545027,-100.0,100000,51.048423767089844,-75.97151184082031,1.8153150081634521,-0.4513719081878662
417008,episode_end,258.08522465120524,212,0.08676168465750617,-100.0,,,,,
417285,episode_end,278.69207884236386,277,0.08501669077950773,-100.0,,,,,
417836,episode_end,264.3334536897854,551,0.08632576411375346,-100.0,,,,,
418000,train_step,,,0.08790695281149045,-100.0,100000,28.682472229003906,-75.25636291503906,2.0092172622680664,0.02241174876689911
418303,episode_end,268.918823553771,467,0.0861384704734724,-100.0,,,,,
418466,episode_end,155.737984149893,163,0.0874761148557742,-100.0,,,,,
418737,episode_end,309.9276148838999,271,0.08718763073438218,-100.0,,,,,
418943,episode_end,303.63007933437507,206,0.08680971182537753,-100.0,,,,,
419000,train_step,,,0.08706154241446927,-100.0,100000,132.129150390625,-76.50918579101562,1.945906162261963,-0.13205057382583618
419086,episode_end,190.6029462895545,143,0.08725386411151455,-100.0,,,,,
419246,episode_end,155.23331834219135,160,0.08619630511686364,-100.0,,,,,
419420,episode_end,154.77310187467276,174,0.08818468801114608,-100.0,,,,,
419965,episode_end,249.91697976084885,545,0.08747612526222828,-100.0,,,,,
420000,train_step,,,0.08721519288945048,-100.0,100000,17.638965606689453,-74.1691665649414,1.9445867538452148,-0.1351737678050995
420280,episode_end,157.14779211190108,315,0.0861569649534844,-100.0,,,,,
420420,episode_end,188.21074696092847,140,0.08594831854085805,-100.0,,,,,
420752,episode_end,271.1037028587622,332,0.0868620154156964,-100.0,,,,,
420946,episode_end,246.990687510044,194,0.08667548621423299,-100.0,,,,,
421000,train_step,,,0.08624952051107339,-100.0,100000,68.85430908203125,-71.38548278808594,2.2383084297180176,0.5839771032333374
421199,episode_end,-51.26698100178226,253,0.08648505934432649,-100.0,,,,,
421389,episode_end,273.7775841414754,190,0.08676204428441718,-100.0,,,,,
421698,episode_end,140.8568977577982,309,0.08738181535709773,-100.0,,,,,
421900,episode_end,158.46164537549143,202,0.08773762647423401,-100.0,,,,,
422000,train_step,,,0.08729943788756944,-100.0,100000,27.194181442260742,-75.04663848876953,1.8793268203735352,-0.29425087571144104
422083,episode_end,258.1688733954907,183,0.08683634889042817,-100.0,,,,,
422480,episode_end,135.30110627126692,397,0.08519072832271123,-100.0,,,,,
422663,episode_end,165.62384281013095,183,0.08329255025900774,-100.0,,,,,
422877,episode_end,173.76878263214462,214,0.08164886420997863,-100.0,,,,,
423000,train_step,,,0.08208851108746731,-100.0,100000,163.60772705078125,-70.71745300292969,2.0292060375213623,0.07301388680934906
423143,episode_end,271.3162084274695,266,0.08265201777053391,-100.0,,,,,
423412,episode_end,154.08610865308478,269,0.08284489436159945,-100.0,,,,,
423658,episode_end,282.29865509335264,246,0.08338090179065402,-100.0,,,,,
423850,episode_end,269.54450531358793,192,0.08496496071764785,-100.0,,,,,
424000,train_step,,,0.08485590643163402,-100.0,100000,22.40826988220215,-72.98974609375,1.8520338535308838,-0.36500293016433716
424134,episode_end,277.74205593086947,284,0.08504722607359932,-100.0,,,,,
424422,episode_end,182.73596992057784,288,0.08683158047357731,-100.0,,,,,
424681,episode_end,293.0200600397806,259,0.08699385399667109,-100.0,,,,,
425000,train_step,,,0.08454759033822212,-100.0,100000,91.8360595703125,-71.11145782470703,1.9135713577270508,-0.21351681649684906
425291,episode_end,247.51387503905593,610,0.08478863127814773,-100.0,,,,,
425568,episode_end,277.850787073325,277,0.08562290780603402,-100.0,,,,,
425796,episode_end,181.33470205672134,228,0.08567850345518101,-100.0,,,,,
425988,episode_end,227.77496711475607,192,0.08431148814600682,-100.0,,,,,
426000,train_step,,,0.08429853855108504,-100.0,100000,82.81849670410156,-70.50389099121094,2.1319081783294678,0.3262605667114258
426181,episode_end,207.16260548124666,193,0.08489852394539134,-100.0,,,,,
426644,episode_end,256.00432026997964,463,0.08694592243281221,-100.0,,,,,
426922,episode_end,287.21825117543494,278,0.08699197526361448,-100.0,,,,,
427000,train_step,,,0.08686974257447919,-100.0,100000,93.82817840576172,-76.5280532836914,1.7904704809188843,-0.5119529962539673
427152,episode_end,66.38256332021405,230,0.08647326353180865,-100.0,,,,,
427393,episode_end,186.83560464661335,241,0.08496238364744563,-100.0,,,,,
427554,episode_end,168.45718335545234,161,0.08398212663758786,-100.0,,,,,
427744,episode_end,160.58710389048673,190,0.08341929337632331,-100.0,,,,,
428000,train_step,,,0.08325238931834088,-100.0,100000,63.047969818115234,-73.86875915527344,1.8442317247390747,-0.3872208595275879
428056,episode_end,177.62316977694036,312,0.08323277599745749,-100.0,,,,,
428283,episode_end,294.2906530448804,227,0.08524149727265397,-100.0,,,,,
428474,episode_end,259.26916086888,191,0.08313322619579129,-100.0,,,,,
428906,episode_end,139.6121763765366,432,0.08500411615857952,-100.0,,,,,
429000,train_step,,,0.08588468459641589,-100.0,100000,144.83531188964844,-69.65408325195312,2.153386116027832,0.37652453780174255
429074,episode_end,188.91966306704975,168,0.08617262828898767,-100.0,,,,,
429511,episode_end,122.92101802761434,437,0.08527171248951372,-100.0,,,,,
429729,episode_end,252.5771637709116,218,0.08394218019896224,-100.0,,,,,
430000,train_step,,,0.08178877813400011,-100.0,100000,16.019607543945312,-66.34051513671875,1.7815744876861572,-0.546853244304657
430358,episode_end,182.7932905103899,629,0.08338664307133176,-100.0,,,,,
430556,episode_end,272.60178919968564,198,0.0839959319946364,-100.0,,,,,
430797,episode_end,303.6366176102098,241,0.08370800954482192,-100.0,,,,,
430984,episode_end,259.649976847182,187,0.0830890405386214,-100.0,,,,,
431000,train_step,,,0.08324541310491682,-100.0,100000,64.55511474609375,-69.73013305664062,1.898383617401123,-0.25261440873146057
431438,episode_end,229.22734739844648,454,0.08475449363534786,-100.0,,,,,
431620,episode_end,139.55726298233054,182,0.08579968628217155,-100.0,,,,,
431855,episode_end,244.2331237198867,235,0.08486432771293553,-100.0,,,,,
432000,train_step,,,0.08412345489551319,-100.0,100000,87.87228393554688,-68.42024993896484,2.052652359008789,0.13033902645111084
432047,episode_end,180.01447150423422,192,0.08404481898425446,-100.0,,,,,
432200,episode_end,266.2039253699628,153,0.08295809894665244,-100.0,,,,,
433000,train_step,,,0.08198545958910962,-100.0,100000,72.79541778564453,-67.9883804321289,2.0151331424713135,0.03785128891468048
433200,episode_end,-166.26986223972133,1000,0.08172579040450162,-100.0,,,,,
433321,episode_end,7.824285815882192,121,0.082037179415034,-100.0,,,,,
433549,episode_end,264.1449003735023,228,0.08293130207950901,-100.0,,,,,
433765,episode_end,302.87066356406075,216,0.08432304685427991,-100.0,,,,,
433941,episode_end,150.19566155343057,176,0.08620766045215177,-100.0,,,,,
434000,train_step,,,0.08624486549983257,-100.0,100000,92.34095001220703,-72.04110717773438,2.0050039291381836,0.012262627482414246
434226,episode_end,118.91253194544149,285,0.08792471012347941,-100.0,,,,,
434562,episode_end,226.7792588479855,336,0.08715760084433319,-100.0,,,,,
434712,episode_end,145.2900414946551,150,0.08540983710721914,-100.0,,,,,
434864,episode_end,118.04106056669369,152,0.08518890555590146,-100.0,,,,,
435000,train_step,,,0.08751334650875736,-100.0,100000,103.7396240234375,-68.80574035644531,2.1046624183654785,0.25495362281799316
435041,episode_end,189.59156644381522,177,0.08816893121914965,-100.0,,,,,
435271,episode_end,285.1169475956485,230,0.09019095387119973,-100.0,,,,,
435538,episode_end,281.03799771787806,267,0.08883205094477568,-100.0,,,,,
435732,episode_end,236.16205247021975,194,0.08936923896289782,-100.0,,,,,
435869,episode_end,174.47344595115317,137,0.09054335608122815,-100.0,,,,,
436000,train_step,,,0.09126182559599798,-100.0,100000,40.92032241821289,-69.56118774414062,2.0639402866363525,0.15307453274726868
436067,episode_end,176.74756704519072,198,0.0919970247229785,-100.0,,,,,
436305,episode_end,200.78791320684675,238,0.09291867982122373,-100.0,,,,,
436946,episode_end,190.72260979569737,641,0.09037318155386279,-100.0,,,,,
437000,train_step,,,0.08978624133180468,-100.0,100000,21.787925720214844,-70.85496520996094,1.966526985168457,-0.08068089932203293
437149,episode_end,160.72389202482415,203,0.09139083268459026,-100.0,,,,,
437443,episode_end,190.04802932004304,294,0.0924240227674309,-100.0,,,,,
437611,episode_end,170.4851735369424,168,0.09320824521774687,-100.0,,,,,
437832,episode_end,139.37732834527435,221,0.09237891879963872,-100.0,,,,,
438000,train_step,,,0.09329371292387625,-100.0,100000,54.039268493652344,-69.94831085205078,2.1346335411071777,0.3193507492542267
438117,episode_end,172.96687102997146,285,0.09280040073497473,-100.0,,,,,
438264,episode_end,179.51169416187605,147,0.09212393550940491,-100.0,,,,,
438470,episode_end,187.55884961280805,206,0.09162316171317335,-100.0,,,,,
438670,episode_end,277.96019928882833,200,0.09239340908093487,-100.0,,,,,
438840,episode_end,185.7720942567604,170,0.09225434958577008,-100.0,,,,,
439000,train_step,,,0.09070703011696425,-100.0,100000,28.3052978515625,-72.68773651123047,1.9548447132110596,-0.1083780974149704
439067,episode_end,188.858130056907,227,0.08954710595266731,-100.0,,,,,
439269,episode_end,170.72944910774203,202,0.08797629412187404,-100.0,,,,,
439484,episode_end,164.9896957040408,215,0.08399931760531748,-100.0,,,,,
439767,episode_end,311.52566961401294,283,0.08130288029864736,-100.0,,,,,
440000,train_step,,,0.08058401979502317,-100.0,100000,30.930068969726562,-71.78395080566406,1.9661269187927246,-0.08530796319246292
440043,episode_end,310.76265213446186,276,0.08092068495524203,-100.0,,,,,
440251,episode_end,265.714256478525,208,0.08047724092734593,-100.0,,,,,
440424,episode_end,155.5911937793221,173,0.07971298805328692,-100.0,,,,,
440583,episode_end,288.61521326009097,159,0.07968179289512178,-100.0,,,,,
440846,episode_end,274.9607695765724,263,0.08148535512675692,-100.0,,,,,
441000,train_step,,,0.08070983665813619,-100.0,100000,35.20103454589844,-68.3553466796875,1.78529691696167,-0.5403850078582764
441039,episode_end,157.06735735368255,193,0.08033021170422788,-100.0,,,,,
441232,episode_end,253.6008906451148,193,0.0786889416542672,-100.0,,,,,
441409,episode_end,273.87361323690345,177,0.07755758071617276,-100.0,,,,,
441611,episode_end,279.1470784963993,202,0.0776530436732649,-100.0,,,,,
441821,episode_end,272.1914943379355,210,0.07883886715044379,-100.0,,,,,
442000,train_step,,,0.079870027811564,-100.0,100000,65.75245666503906,-67.90962219238281,1.8906421661376953,-0.2763862907886505
442009,episode_end,182.01514958128433,188,0.07985550309097376,-100.0,,,,,
442183,episode_end,154.05839826442502,174,0.08011478162560612,-100.0,,,,,
442378,episode_end,288.5037301015088,195,0.0796324339609335,-100.0,,,,,
442560,episode_end,165.5574674094803,182,0.07785431737728475,-100.0,,,,,
442738,episode_end,277.9754771654967,178,0.07805035470490922,-100.0,,,,,
442906,episode_end,153.6321789198733,168,0.07808249181262376,-100.0,,,,,
443000,train_step,,,0.07894609245203141,-100.0,100000,145.33831787109375,-71.9241943359375,1.9710693359375,-0.07345452159643173
443172,episode_end,279.83927035972494,266,0.07849767059219362,-100.0,,,,,
443355,episode_end,288.0280823607334,183,0.07859799015361793,-100.0,,,,,
443882,episode_end,277.5996881613194,527,0.077030090874065,-100.0,,,,,
444000,train_step,,,0.0766530347899295,-100.0,100000,137.0924530029297,-72.36454772949219,1.9629580974578857,-0.09514100849628448
444121,episode_end,271.9691454608259,239,0.0772396451230356,-100.0,,,,,
444345,episode_end,291.95233250812817,224,0.07406961396815086,-100.0,,,,,
444546,episode_end,161.57460194559042,201,0.0735714292803948,-100.0,,,,,
444878,episode_end,227.52188367742946,332,0.07360886707530148,-100.0,,,,,
445000,train_step,,,0.07271630110681696,-100.0,100000,52.60073471069336,-68.54008483886719,1.880683422088623,-0.3127511143684387
445054,episode_end,269.5940569283315,176,0.07289085144406852,-100.0,,,,,
445243,episode_end,289.9463971080431,189,0.07546090743030269,-100.0,,,,,
445499,episode_end,317.21316999493786,256,0.07537233819653602,-100.0,,,,,
445743,episode_end,164.37179576040518,244,0.07468556456377552,-100.0,,,,,
445979,episode_end,297.5032998790688,236,0.07481481145174475,-100.0,,,,,
446000,train_step,,,0.07479111821881063,-100.0,100000,101.05357360839844,-66.88876342773438,2.2292933464050293,0.5945705771446228
446182,episode_end,264.1328092544685,203,0.07533455838909954,-100.0,,,,,
446637,episode_end,267.4066866376854,455,0.07263173826314942,-100.0,,,,,
446839,episode_end,244.9091015226555,202,0.07248500961644512,-100.0,,,,,
447000,train_step,,,0.07349463962607264,-100.0,100000,55.93873977661133,-69.42485046386719,1.9284002780914307,-0.1869140863418579
447028,episode_end,151.0130723845624,189,0.07330213170846235,-100.0,,,,,
447202,episode_end,270.85207175406015,174,0.07258604540667984,-100.0,,,,,
447514,episode_end,263.79416447411177,312,0.07244030078335269,-100.0,,,,,
447931,episode_end,257.03031259816953,417,0.07132427709175418,-100.0,,,,,
448000,train_step,,,0.0712717947689347,-100.0,100000,9.795448303222656,-66.62921142578125,2.267707347869873,0.7070831060409546
448167,episode_end,161.63016661909347,236,0.07426460983134142,-100.0,,,,,
448349,episode_end,272.66300395097505,182,0.07496561625479477,-100.0,,,,,
448600,episode_end,206.68462382959592,251,0.07352478442829952,-100.0,,,,,
448807,episode_end,254.99058388898027,207,0.07358319188648599,-100.0,,,,,
449000,episode_end,267.03454940880727,193,0.07340648616718036,-100.0,,,,,
449000,train_step,,,0.07340648616718036,-100.0,100000,37.24232482910156,-69.72721862792969,1.876678228378296,-0.32208484411239624
449252,episode_end,131.15253702781558,252,0.07248938890057763,-100.0,,,,,
449612,episode_end,280.7008439957975,360,0.07166137544857674,-100.0,,,,,
449856,episode_end,164.92810114646107,244,0.07218219129846308,-100.0,,,,,
450000,train_step,,,0.07178422817277078,-100.0,100000,57.436458587646484,-66.27336120605469,2.0920190811157227,0.2423863559961319
450048,episode_end,309.65019404805645,192,0.07183563297274421,-100.0,,,,,
450303,episode_end,176.75925353200583,255,0.07093452038345024,-100.0,,,,,
450474,episode_end,284.95168405288155,171,0.07108566367641234,-100.0,,,,,
450728,episode_end,253.2874632101438,254,0.06979525324464207,-100.0,,,,,
450981,episode_end,254.97039631161874,253,0.07053402127167659,-100.0,,,,,
451000,train_step,,,0.07084918315679661,-100.0,100000,15.918989181518555,-70.7115707397461,2.161910057067871,0.4286086857318878
451180,episode_end,302.68060543280046,199,0.07091466499244663,-100.0,,,,,
451384,episode_end,313.18478483094793,204,0.06964271838715638,-100.0,,,,,
451566,episode_end,284.9493532175591,182,0.07152195365682423,-100.0,,,,,
451757,episode_end,300.2703733658435,191,0.07424402161999655,-100.0,,,,,
451923,episode_end,277.1125473291591,166,0.07364287902612318,-100.0,,,,,
452000,train_step,,,0.07390383355983013,-100.0,100000,12.05895709991455,-69.21723175048828,2.161731719970703,0.42130938172340393
452135,episode_end,185.26101515025917,212,0.07524873687939572,-100.0,,,,,
452358,episode_end,260.93604071474795,223,0.07440306066913054,-100.0,,,,,
452556,episode_end,306.03695041703725,198,0.0743280656011452,-100.0,,,,,
452722,episode_end,271.9171129668732,166,0.07412411264132159,-100.0,,,,,
452984,episode_end,256.4790935291341,262,0.0731631972751137,-100.0,,,,,
453000,train_step,,,0.07333319987755081,-100.0,100000,89.15016174316406,-67.44009399414062,2.0418882369995117,0.1094428300857544
453247,episode_end,287.23456369779046,263,0.07490903871643849,-100.0,,,,,
453432,episode_end,291.9208204503958,185,0.07391198503860871,-100.0,,,,,
453646,episode_end,266.19552595848313,214,0.07419653904491984,-100.0,,,,,
453863,episode_end,272.49049831417807,217,0.07587647443463515,-100.0,,,,,
454000,train_step,,,0.07634762146933417,-100.0,100000,45.996376037597656,-66.35055541992188,1.9707744121551514,-0.07518179714679718
454047,episode_end,290.57885678548394,184,0.07601856397948663,-100.0,,,,,
454308,episode_end,297.68612646939755,261,0.07721519960144115,-100.0,,,,,
454510,episode_end,239.99633069201107,202,0.07677758889432734,-100.0,,,,,
454691,episode_end,260.4401505817784,181,0.07915894705452645,-100.0,,,,,
454874,episode_end,261.7491064697691,183,0.08130428660327726,-100.0,,,,,
455000,train_step,,,0.08064064388761537,-100.0,100000,19.849544525146484,-72.0098876953125,1.9955343008041382,-0.011243700981140137
455114,episode_end,262.999274337263,240,0.0793570259645399,-100.0,,,,,
455317,episode_end,312.7595496669694,203,0.07826848619022131,-100.0,,,,,
455562,episode_end,283.61621482011327,245,0.07818601792605177,-100.0,,,,,
455864,episode_end,265.40471116535065,302,0.07621835824336133,-100.0,,,,,
456000,train_step,,,0.07542440864906538,-100.0,100000,23.612791061401367,-67.92967224121094,2.078737735748291,0.20350727438926697
456061,episode_end,254.42688760716462,197,0.07524889666199235,-100.0,,,,,
457000,train_step,,,0.07245058084212094,-100.0,100000,18.180383682250977,-70.42133331298828,2.279222011566162,0.7329157590866089
457061,episode_end,149.93067419424537,1000,0.07269702110372381,-100.0,,,,,
457286,episode_end,254.34099116834665,225,0.07312959279982476,-100.0,,,,,
457448,episode_end,305.2071361102063,162,0.07313166314433493,-100.0,,,,,
457602,episode_end,290.91501483868683,154,0.07414469591868235,-100.0,,,,,
457771,episode_end,263.506330796406,169,0.0723459156611731,-100.0,,,,,
457989,episode_end,272.7103607434798,218,0.07150404675673869,-100.0,,,,,
458000,train_step,,,0.0713616869049212,-100.0,100000,56.68793487548828,-72.04751586914062,1.9685426950454712,-0.08304719626903534
458088,episode_end,4.5910034375380775,99,0.07123655142279489,-100.0,,,,,
458792,episode_end,218.68991633057465,704,0.06867866981668526,-100.0,,,,,
459000,train_step,,,0.06693126081806831,-100.0,100000,17.18408966064453,-73.27645874023438,2.175352096557617,0.4741674065589905
459144,episode_end,140.47712215644628,352,0.0670784781978168,-100.0,,,,,
459511,episode_end,261.7935050568346,367,0.06681682777904249,-100.0,,,,,
459823,episode_end,153.48314328110644,312,0.06773534070376479,-100.0,,,,,
460000,train_step,,,0.06944279121293619,-100.0,100000,19.937965393066406,-67.95375061035156,1.979076623916626,-0.05580756068229675
460135,episode_end,287.8849381204329,312,0.07004970379858078,-100.0,,,,,
460382,episode_end,149.29377215477047,247,0.0695978024374268,-100.0,,,,,
460522,episode_end,-54.63193481835913,140,0.06986402595102485,-100.0,,,,,
460730,episode_end,250.09155207459517,208,0.06864264769161257,-100.0,,,,,
461000,train_step,,,0.06671751686657659,-100.0,100000,44.128692626953125,-66.4423828125,1.977433443069458,-0.061094075441360474
461037,episode_end,255.99622337860134,307,0.06620350310929854,-100.0,,,,,
461337,episode_end,252.87777701485422,300,0.06575658553961503,-100.0,,,,,
461472,episode_end,183.91960173376836,135,0.06577483383409995,-100.0,,,,,
461719,episode_end,269.18308926802797,247,0.06645636275613984,-100.0,,,,,
461860,episode_end,188.98956962566157,141,0.06658583246556743,-100.0,,,,,
462000,train_step,,,0.06665678083387017,-100.0,100000,13.92016887664795,-73.34180450439453,2.0128793716430664,0.034879811108112335
462123,episode_end,288.04515612247434,263,0.06657424423581085,-100.0,,,,,
462347,episode_end,235.6964018583918,224,0.06703023898806071,-100.0,,,,,
462539,episode_end,169.2211081823699,192,0.06866444014493975,-100.0,,,,,
462778,episode_end,294.2334881284454,239,0.06971651761734769,-100.0,,,,,
463000,train_step,,,0.07066660250203481,-100.0,100000,16.082687377929688,-70.95460510253906,2.0748233795166016,0.1982656568288803
463096,episode_end,223.11728167660124,318,0.0705739152920877,-100.0,,,,,
463393,episode_end,293.45163496585803,297,0.07018262911844267,-100.0,,,,,
463587,episode_end,291.46074199273914,194,0.06861582113542228,-100.0,,,,,
464000,train_step,,,0.06921683760443717,-100.0,100000,22.299224853515625,-69.8330307006836,1.7490894794464111,-0.6700589656829834
464295,episode_end,281.7361027869748,708,0.0670892858935465,-100.0,,,,,
464552,episode_end,284.97668611946585,257,0.0670663698926029,-100.0,,,,,
464864,episode_end,311.5953137872268,312,0.06727442863945596,-100.0,,,,,
465000,train_step,,,0.06757549433403859,-100.0,100000,98.67185974121094,-67.43482208251953,2.0195717811584473,0.052736520767211914
465105,episode_end,269.98210461124006,241,0.06767496021133672,-100.0,,,,,
465647,episode_end,276.6126299622497,542,0.0695743266411957,-100.0,,,,,
465905,episode_end,262.83664816355474,258,0.07039381226937777,-100.0,,,,,
466000,train_step,,,0.07128034050740871,-100.0,100000,14.145853042602539,-68.98927307128906,2.1234164237976074,0.32595956325531006
466313,episode_end,274.92814641452105,408,0.07333066504884275,-100.0,,,,,
466580,episode_end,248.8541535789933,267,0.07064273060675687,-100.0,,,,,
466841,episode_end,284.013842986946,261,0.06968061478425855,-100.0,,,,,
467000,train_step,,,0.07141925697353585,-100.0,100000,62.59037780761719,-66.80682373046875,2.1732676029205322,0.45728588104248047
467097,episode_end,260.6314706051088,256,0.07169856089020067,-100.0,,,,,
467424,episode_end,224.85013309221574,327,0.06785251219028882,-100.0,,,,,
467665,episode_end,268.7408035578527,241,0.06651510743399779,-100.0,,,,,
467876,episode_end,276.41973769968484,211,0.06626490123020985,-100.0,,,,,
468000,train_step,,,0.06541089102731933,-100.0,100000,55.034812927246094,-71.11604309082031,2.0777459144592285,0.21201784908771515
468084,episode_end,143.23818558819312,208,0.0660358367236588,-100.0,,,,,
468420,episode_end,251.73028261885767,336,0.06445182982094516,-100.0,,,,,
468647,episode_end,280.39224138358827,227,0.06333521556177815,-100.0,,,,,
468879,episode_end,295.84955802069453,232,0.06401678681486721,-100.0,,,,,
469000,train_step,,,0.06466457624165992,-100.0,100000,48.605628967285156,-69.32391357421875,1.7700953483581543,-0.6296036839485168
469040,episode_end,166.74851955215368,161,0.06481262935298042,-100.0,,,,,
469259,episode_end,261.30002707104467,219,0.0642784077458404,-100.0,,,,,
469481,episode_end,295.37568291003936,222,0.06469946111590295,-100.0,,,,,
469701,episode_end,296.3305605771768,220,0.06376977152383466,-100.0,,,,,
470000,train_step,,,0.06386105319073684,-100.0,100000,149.31173706054688,-73.10594177246094,2.269770622253418,0.7421512007713318
470163,episode_end,259.9044403387464,462,0.06455516956345607,-100.0,,,,,
470367,episode_end,284.0037142601451,204,0.0641779085931666,-100.0,,,,,
470590,episode_end,292.7088853844208,223,0.06578090897594067,-100.0,,,,,
471000,train_step,,,0.06431556670079593,-100.0,100000,15.381330490112305,-68.30996704101562,1.8978674411773682,-0.28024670481681824
471149,episode_end,256.1444861453149,559,0.06400668980863901,-100.0,,,,,
471304,episode_end,159.29581232558073,155,0.06433776910514867,-100.0,,,,,
472000,train_step,,,0.0612875949793667,-100.0,100000,93.38504791259766,-67.19361877441406,2.2062296867370605,0.5758299231529236
472020,episode_end,271.14711489376384,716,0.061328559573684736,-100.0,,,,,
472467,episode_end,276.7118482382753,447,0.061422184091499354,-100.0,,,,,
472785,episode_end,261.9494783852087,318,0.06234169328172981,-100.0,,,,,
472992,episode_end,150.62232912002688,207,0.06099176973996083,-100.0,,,,,
473000,train_step,,,0.06087185632570511,-100.0,100000,16.762855529785156,-72.52586364746094,1.9201345443725586,-0.22354218363761902
473232,episode_end,279.5778422308599,240,0.05863653164882225,-100.0,,,,,
473434,episode_end,275.38788893535053,202,0.05846365988948565,-100.0,,,,,
473647,episode_end,252.38593722048358,213,0.05755608471372709,-100.0,,,,,
473847,episode_end,271.18686978261064,200,0.05855801774694936,-100.0,,,,,
474000,train_step,,,0.058648665381181776,-100.0,100000,79.83069610595703,-73.77368927001953,1.8591105937957764,-0.39958876371383667
474114,episode_end,262.2374883300637,267,0.06021380798346398,-100.0,,,,,
474341,episode_end,259.4057679472702,227,0.06040231263196018,-100.0,,,,,
474574,episode_end,263.1494490877358,233,0.061459437609645215,-100.0,,,,,
475000,train_step,,,0.06081752306253134,-100.0,100000,100.98280334472656,-70.57666015625,2.0249719619750977,0.06991870701313019
475324,episode_end,254.60587661942157,750,0.06081489717082422,-100.0,,,,,
475489,episode_end,280.9040444776355,165,0.05978992165188966,-100.0,,,,,
475831,episode_end,276.65608348038865,342,0.058114465574452656,-100.0,,,,,
476000,train_step,,,0.058234915246510206,-100.0,100000,41.349761962890625,-69.88087463378906,2.1781835556030273,0.5066237449645996
476027,episode_end,281.11279133241203,196,0.05844541179613341,-100.0,,,,,
476413,episode_end,271.2471589285449,386,0.060295690691334204,-100.0,,,,,
476643,episode_end,249.7085919081742,230,0.06058653610911176,-100.0,,,,,
477000,train_step,,,0.05967873375722329,-100.0,100000,29.03855323791504,-67.89118957519531,2.0264458656311035,0.07454465329647064
477266,episode_end,260.5020978166053,623,0.05938679492013427,-100.0,,,,,
477498,episode_end,133.49721679648553,232,0.05837015712779506,-100.0,,,,,
477609,episode_end,88.80213453164131,111,0.05801420163042251,-100.0,,,,,
477854,episode_end,302.8930670880708,245,0.05813778546639608,-100.0,,,,,
478000,train_step,,,0.058813872261637624,-100.0,100000,60.717498779296875,-70.60865783691406,2.0943524837493896,0.2673364579677582
478228,episode_end,281.7562001580563,374,0.06159564663803114,-100.0,,,,,
478943,episode_end,254.26828242864232,715,0.06297943902157921,-100.0,,,,,
479000,train_step,,,0.06361149401978579,-100.0,100000,6.704230308532715,-72.59717559814453,1.8880720138549805,-0.30835726857185364
479141,episode_end,273.24366989023207,198,0.06250450400414359,-100.0,,,,,
479776,episode_end,256.02826656102275,635,0.06098850907931637,-100.0,,,,,
479949,episode_end,265.57829502572844,173,0.06116566851362829,-100.0,,,,,
480000,train_step,,,0.06103021821050888,-100.0,100000,13.950052261352539,-70.498291015625,2.132805824279785,0.37137705087661743
480079,episode_end,173.91526897571583,130,0.06119070333595038,-100.0,,,,,
480228,episode_end,148.04701536759586,149,0.06144621392804017,-100.0,,,,,
480437,episode_end,253.67936874402645,209,0.061013772521639364,-100.0,,,,,
480614,episode_end,165.86882533251458,177,0.06079673812496569,-100.0,,,,,
480807,episode_end,133.4797013444031,193,0.06142481501223224,-100.0,,,,,
480961,episode_end,292.17063121457977,154,0.060796841898832714,-100.0,,,,,
481000,train_step,,,0.06064127160586949,-100.0,100000,94.844970703125,-70.16616821289062,1.7933388948440552,-0.5792255401611328
481131,episode_end,183.5774104077864,170,0.060902377524576674,-100.0,,,,,
481274,episode_end,162.43667488516172,143,0.06138308859918349,-100.0,,,,,
482000,train_step,,,0.062264821745192066,-100.0,100000,90.57106018066406,-71.46029663085938,2.0438754558563232,0.12181398272514343
482038,episode_end,261.3978795519222,764,0.06281004432794166,-100.0,,,,,
482545,episode_end,277.65010728313905,507,0.06530688783260405,-100.0,,,,,
482810,episode_end,278.166055926185,265,0.06592040733657252,-100.0,,,,,
482993,episode_end,297.01811158640123,183,0.06745147499238885,-100.0,,,,,
483000,train_step,,,0.06749594550475703,-100.0,100000,19.513233184814453,-73.04802703857422,1.7848443984985352,-0.579992413520813
483220,episode_end,284.7631229111061,227,0.06701526842764789,-100.0,,,,,
483410,episode_end,157.47728128397617,190,0.06637756281682419,-100.0,,,,,
483561,episode_end,178.93632407131076,151,0.06685524393301408,-100.0,,,,,
484000,train_step,,,0.06418576627705623,-100.0,100000,32.14076232910156,-70.95564270019531,1.8943798542022705,-0.29003000259399414
484167,episode_end,256.0917224651273,606,0.06464978036867315,-100.0,,,,,
484382,episode_end,248.87251194419179,215,0.06452906697642813,-100.0,,,,,
484691,episode_end,282.0816986777911,309,0.06579686137287548,-100.0,,,,,
485000,train_step,,,0.06684169406793533,-100.0,100000,8.455158233642578,-69.44268035888672,2.00886869430542,0.023993879556655884
485498,episode_end,265.9733345198017,807,0.06509589703638023,-100.0,,,,,
485639,episode_end,0.6014608854681143,141,0.0649046006552158,-100.0,,,,,
485901,episode_end,249.79868440737556,262,0.06451421839978688,-100.0,,,,,
486000,train_step,,,0.0645357719165364,-100.0,100000,19.587430953979492,-73.03236389160156,1.9753985404968262,-0.06742098927497864
486230,episode_end,261.62006459536235,329,0.06453734821771596,-100.0,,,,,
486540,episode_end,261.27544528883107,310,0.062310978271842975,-100.0,,,,,
486773,episode_end,295.7450173135313,233,0.062111596887019,-100.0,,,,,
486992,episode_end,156.61307746859475,219,0.06303309427851254,-100.0,,,,,
487000,train_step,,,0.06309226296091333,-100.0,100000,41.58280944824219,-70.16973114013672,2.406513214111328,1.123260498046875
487321,episode_end,249.93501828527883,329,0.0632940780922234,-100.0,,,,,
487555,episode_end,265.2407455919248,234,0.06276169516482889,-100.0,,,,,
487741,episode_end,262.15064283976324,186,0.0622418498778552,-100.0,,,,,
488000,train_step,,,0.061192009153865745,-100.0,100000,19.579822540283203,-71.41488647460938,1.8914629220962524,-0.30322420597076416
488018,episode_end,293.0308215382075,277,0.06119159361206155,-100.0,,,,,
488251,episode_end,285.17928444953304,233,0.06118060805625199,-100.0,,,,,
488554,episode_end,276.5770255941618,303,0.06094276423625243,-100.0,,,,,
488809,episode_end,288.40965670877165,255,0.06331044746451912,-100.0,,,,,
489000,train_step,,,0.06540950033142792,-100.0,100000,70.51261138916016,-68.18640899658203,1.8635780811309814,-0.37203434109687805
489041,episode_end,271.7746280293966,232,0.06531842672341794,-100.0,,,,,
489313,episode_end,277.72118412217276,272,0.06506136797126746,-100.0,,,,,
489631,episode_end,276.5078721059358,318,0.06444419909397485,-100.0,,,,,
490000,train_step,,,0.061796707027784226,-100.0,100000,43.90094757080078,-71.10456848144531,2.034592390060425,0.09630172699689865
490035,episode_end,256.66914575889314,404,0.061809039639656116,-100.0,,,,,
490311,episode_end,308.4094510598906,276,0.059996060658342176,-100.0,,,,,
490567,episode_end,257.8654516191819,256,0.060111413893304474,-100.0,,,,,
490850,episode_end,226.85623539990107,283,0.06033955751001274,-100.0,,,,,
491000,train_step,,,0.0614182844696249,-100.0,100000,5.596449851989746,-74.19376373291016,1.879820466041565,-0.3353065848350525
491055,episode_end,294.21556135171795,205,0.061792061328947864,-100.0,,,,,
491249,episode_end,254.54991344447302,194,0.06324286934048001,-100.0,,,,,
491453,episode_end,267.7490211808706,204,0.0651825934600241,-100.0,,,,,
491685,episode_end,294.6557376982837,232,0.06682002051627249,-100.0,,,,,
491956,episode_end,271.84809336430015,271,0.06627193738167614,-100.0,,,,,
492000,train_step,,,0.06606915030805705,-100.0,100000,14.576690673828125,-70.34022521972656,2.0435662269592285,0.11837200820446014
492172,episode_end,284.5914495919462,216,0.06596724721056561,-100.0,,,,,
492360,episode_end,286.71104528834286,188,0.06684573571572537,-100.0,,,,,
492625,episode_end,141.7068940600802,265,0.06472227708776788,-100.0,,,,,
492845,episode_end,253.29721475018857,220,0.06485036660563298,-100.0,,,,,
493000,train_step,,,0.06604438388042505,-100.0,100000,46.480525970458984,-70.36004638671875,2.159393548965454,0.43314021825790405
493092,episode_end,273.378378385191,247,0.06616853066575683,-100.0,,,,,
493327,episode_end,301.9302005549154,235,0.06705128204648886,-100.0,,,,,
493547,episode_end,284.76257077603174,220,0.06870298591453138,-100.0,,,,,
493792,episode_end,128.35831974801403,245,0.06957913553704319,-100.0,,,,,
494000,train_step,,,0.06971529740909836,-100.0,100000,8.838829040527344,-69.43409729003906,2.1479744911193848,0.39410528540611267
494032,episode_end,300.0645171393654,240,0.06968321391843303,-100.0,,,,,
494285,episode_end,296.4072486013276,253,0.06972552592632689,-100.0,,,,,
494600,episode_end,133.09327304752662,315,0.06913801769212025,-100.0,,,,,
494834,episode_end,250.0051526940251,234,0.06982318780422599,-100.0,,,,,
495000,train_step,,,0.07039140593073502,-100.0,100000,35.225563049316406,-69.99676513671875,2.0488171577453613,0.12954549491405487
495044,episode_end,302.46392126025114,210,0.0707971934653841,-100.0,,,,,
495218,episode_end,286.8906778042259,174,0.07011195373363013,-100.0,,,,,
495561,episode_end,235.73723863676997,343,0.06814021353594882,-100.0,,,,,
495759,episode_end,273.0976108080919,198,0.06918047756286165,-100.0,,,,,
496000,train_step,,,0.06698557729258653,-100.0,100000,21.056135177612305,-73.44673156738281,2.224621295928955,0.6072134971618652
496042,episode_end,267.0338550838974,283,0.06731047264862815,-100.0,,,,,
496208,episode_end,291.8439773954249,166,0.0667486830350359,-100.0,,,,,
496673,episode_end,106.68371007393671,465,0.06580334837330845,-100.0,,,,,
496871,episode_end,281.85782247751104,198,0.06738620058413629,-100.0,,,,,
497000,train_step,,,0.06703539487024443,-100.0,100000,19.265504837036133,-74.38420104980469,1.9402458667755127,-0.16148757934570312
497069,episode_end,261.22738386023394,198,0.06658809807303552,-100.0,,,,,
497278,episode_end,297.78577788055395,209,0.06584255896527129,-100.0,,,,,
497522,episode_end,280.00287088149315,244,0.06628316470532074,-100.0,,,,,
497724,episode_end,263.48210611869365,202,0.0655790484596605,-100.0,,,,,
497911,episode_end,291.70014443180776,187,0.06480642044326673,-100.0,,,,,
498000,train_step,,,0.06496153270506488,-100.0,100000,90.15257263183594,-73.60322570800781,1.9574841260910034,-0.11623667180538177
498334,episode_end,243.09121277347523,423,0.06373849940449605,-100.0,,,,,
498715,episode_end,253.80207422475553,381,0.0627262766263997,-100.0,,,,,
498905,episode_end,282.467623117161,190,0.06134695685938852,-100.0,,,,,
499000,train_step,,,0.0598928141522469,-100.0,100000,38.472450256347656,-70.16456604003906,1.7753589153289795,-0.6324092149734497
499207,episode_end,141.34004449312442,302,0.060923423310189004,-100.0,,,,,
499635,episode_end,-180.2750044241563,428,0.06201875129382034,-100.0,,,,,
499972,episode_end,109.34620299345215,337,0.059957459912065386,-100.0,,,,,
500000,train_step,,,0.06003782194390887,-100.0,100000,35.04698181152344,-71.67424011230469,2.0144498348236084,0.040644437074661255
500258,episode_end,270.05482909480924,286,0.06188668043478456,-100.0,,,,,
500493,episode_end,299.7150353327403,235,0.06345067597090068,-100.0,,,,,
500710,episode_end,308.0069418101907,217,0.0638312080068091,-100.0,,,,,
500896,episode_end,163.31131814219773,186,0.06174296465470278,-100.0,,,,,
501000,train_step,,,0.06051570704424965,-100.0,100000,51.029701232910156,-71.69000244140625,1.798759937286377,-0.5644486546516418
501119,episode_end,281.3860593052284,223,0.06011153900740806,-100.0,,,,,
501322,episode_end,262.62463890564106,203,0.05989662049041359,-100.0,,,,,
501549,episode_end,300.52036790428116,227,0.05869606390048265,-100.0,,,,,
501771,episode_end,308.30797997219406,222,0.0586429992021431,-100.0,,,,,
501986,episode_end,262.8455145542356,215,0.05826874044113464,-100.0,,,,,
502000,train_step,,,0.058236804200973116,-100.0,100000,18.38612174987793,-73.94229125976562,2.0830068588256836,0.23600855469703674
502240,episode_end,133.15068238712036,254,0.05795929402838389,-100.0,,,,,
502475,episode_end,273.1105883619541,235,0.06046313400171838,-100.0,,,,,
502668,episode_end,153.9664591868347,193,0.06069816538087188,-100.0,,,,,
502923,episode_end,291.4289640180574,255,0.058922735898407894,-100.0,,,,,
503000,train_step,,,0.058896157685181375,-100.0,100000,17.13748550415039,-73.73692321777344,1.8733582496643066,-0.35864710807800293
503115,episode_end,291.1526494296567,192,0.05876658664416273,-100.0,,,,,
503367,episode_end,270.9083679583985,252,0.06008457830973015,-100.0,,,,,
503576,episode_end,308.34681640060677,209,0.0586329939594643,-100.0,,,,,
503808,episode_end,279.7077487067329,232,0.05837291668344647,-100.0,,,,,
504000,train_step,,,0.058779566037998505,-100.0,100000,19.936111450195312,-70.84825134277344,1.9589146375656128,-0.1164344847202301
504051,episode_end,192.94030688834175,243,0.059837964524608954,-100.0,,,,,
504290,episode_end,307.15640179985184,239,0.06156086946593083,-100.0,,,,,
504726,episode_end,114.45435032983337,436,0.05885343514877152,-100.0,,,,,
504931,episode_end,268.5842553409817,205,0.05819037213621194,-100.0,,,,,
505000,train_step,,,0.05846123818500188,-100.0,100000,8.305681228637695,-71.30753326416016,1.9030177593231201,-0.27537044882774353
505120,episode_end,277.1618597070018,189,0.059323557659550885,-100.0,,,,,
505418,episode_end,238.95726868843025,298,0.05804925087475112,-100.0,,,,,
505648,episode_end,281.65706445445574,230,0.05814034265200491,-100.0,,,,,
505859,episode_end,267.5318202914508,211,0.05958454947575252,-100.0,,,,,
506000,train_step,,,0.06004102118199327,-100.0,100000,85.61847686767578,-70.92311096191406,1.9030345678329468,-0.27273762226104736
506082,episode_end,294.9305567308538,223,0.05978434145755492,-100.0,,,,,
506366,episode_end,275.00100326909416,284,0.0587586895342176,-100.0,,,,,
506603,episode_end,296.9999213588735,237,0.05852748984794751,-100.0,,,,,
506947,episode_end,253.33256618793862,344,0.06050153822903939,-100.0,,,,,
507000,train_step,,,0.06075248406616793,-100.0,100000,32.78855895996094,-70.21936798095703,1.7861597537994385,-0.5989553928375244
507214,episode_end,174.85284039938134,267,0.06019859983097006,-100.0,,,,,
507470,episode_end,267.2761591822158,256,0.05923729557921232,-100.0,,,,,
507652,episode_end,257.7684341247124,182,0.058900478961645755,-100.0,,,,,
507853,episode_end,280.59888970739127,201,0.058257075261322816,-100.0,,,,,
508000,train_step,,,0.059170913142258426,-100.0,100000,61.35157012939453,-73.37214660644531,2.0059049129486084,0.016695372760295868
508066,episode_end,236.6618355821554,213,0.059856951000491154,-100.0,,,,,
508282,episode_end,311.10865972425614,216,0.059768186945770144,-100.0,,,,,
508534,episode_end,273.6842385514506,252,0.05952715474727447,-100.0,,,,,
508758,episode_end,262.084589531805,224,0.05784620501298855,-100.0,,,,,
508906,episode_end,313.78097181602095,148,0.05802978734651836,-100.0,,,,,
509000,train_step,,,0.05803539427279567,-100.0,100000,52.995262145996094,-71.27027893066406,1.9642181396484375,-0.10186022520065308
509130,episode_end,291.6464807068148,224,0.05846424898271491,-100.0,,,,,
509299,episode_end,37.08117468105411,169,0.059182403723140264,-100.0,,,,,
509568,episode_end,253.8426327026235,269,0.05982005750981413,-100.0,,,,,
509792,episode_end,272.63363798141415,224,0.05897881291062078,-100.0,,,,,
510000,train_step,,,0.05929822785214375,-100.0,100000,28.640316009521484,-72.01130676269531,1.8686168193817139,-0.3711804151535034
510792,episode_end,133.79505288695432,1000,0.058663995574427676,-100.0,,,,,
511000,train_step,,,0.058335193279937685,-100.0,100000,6.291891574859619,-73.01924133300781,1.662545919418335,-0.9588927030563354
511099,episode_end,306.8663801236405,307,0.05840564345076607,-100.0,,,,,
511508,episode_end,271.33934598198545,409,0.05734305482802108,-100.0,,,,,
511690,episode_end,249.0366659580572,182,0.055828602456490295,-100.0,,,,,
511898,episode_end,264.49436254345915,208,0.05522204194509237,-100.0,,,,,
512000,train_step,,,0.05456277580543537,-100.0,100000,6.56232213973999,-71.99024963378906,2.0196869373321533,0.057257503271102905
512159,episode_end,236.410246255742,261,0.054596851204174006,-100.0,,,,,
512372,episode_end,283.84048284869687,213,0.05556709044793836,-100.0,,,,,
512581,episode_end,298.2487183092513,209,0.05713997006865231,-100.0,,,,,
512784,episode_end,277.9468189063961,203,0.05713254641114631,-100.0,,,,,
513000,train_step,,,0.056830016793625426,-100.0,100000,8.371360778808594,-69.45304870605469,2.0075430870056152,0.021630849689245224
513294,episode_end,287.2640343704377,510,0.05588138368277963,-100.0,,,,,
513573,episode_end,154.9957726990266,279,0.0563999341456641,-100.0,,,,,
513760,episode_end,299.80001188505923,187,0.05706564887320291,-100.0,,,,,
513914,episode_end,280.7348700183413,154,0.05748298601829945,-100.0,,,,,
514000,train_step,,,0.056985352893389,-100.0,100000,5.4241414070129395,-72.58556365966797,2.10587477684021,0.303326815366745
514081,episode_end,288.9878387946564,167,0.05686665663401301,-100.0,,,,,
514331,episode_end,275.68789420171237,250,0.05828532403256551,-100.0,,,,,
514645,episode_end,243.44727830110114,314,0.05943594779648121,-100.0,,,,,
514837,episode_end,281.65061498363264,192,0.05829582914908922,-100.0,,,,,
515000,train_step,,,0.05815208100361007,-100.0,100000,9.821310043334961,-72.16783142089844,2.0846986770629883,0.24094146490097046
515025,episode_end,286.3502589040139,188,0.05827396969714506,-100.0,,,,,
515942,episode_end,113.92103688599899,917,0.05722115450083268,-100.0,,,,,
516000,train_step,,,0.0573359084253507,-100.0,100000,74.39468383789062,-72.39006042480469,1.7927935123443604,-0.5923678874969482
516122,episode_end,248.67664433661378,180,0.05700396755484101,-100.0,,,,,
516351,episode_end,247.24570780281323,229,0.05617805597537662,-100.0,,,,,
516532,episode_end,266.49551480204923,181,0.05643356242022426,-100.0,,,,,
516731,episode_end,182.37252344798213,199,0.05644617302920861,-100.0,,,,,
517000,train_step,,,0.05710516697938324,-100.0,100000,13.274480819702148,-74.53062438964844,2.1382622718811035,0.3958258032798767
517003,episode_end,293.0284745261541,272,0.057097422719536044,-100.0,,,,,
517200,episode_end,281.34109135232984,197,0.05750585204581195,-100.0,,,,,
517383,episode_end,288.5705829738196,183,0.058528662233452294,-100.0,,,,,
517773,episode_end,262.46815108576,390,0.05628699597290912,-100.0,,,,,
518000,train_step,,,0.055589987900315524,-100.0,100000,21.149349212646484,-69.06328582763672,2.2117481231689453,0.6118991374969482
518053,episode_end,254.844703791864,280,0.05636715658186651,-100.0,,,,,
518283,episode_end,269.38201685180536,230,0.056328849737707486,-100.0,,,,,
518520,episode_end,143.76208344519316,237,0.05536099889911079,-100.0,,,,,
518738,episode_end,291.757542825156,218,0.054649733739281545,-100.0,,,,,
518979,episode_end,249.53109288673164,241,0.05313163781789893,-100.0,,,,,
519000,train_step,,,0.05312558502713532,-100.0,100000,7.668815612792969,-71.72764587402344,2.041616678237915,0.12214891612529755
519305,episode_end,264.4088027160377,326,0.0526401523622263,-100.0,,,,,
519574,episode_end,-161.64509572755253,269,0.05284155128475002,-100.0,,,,,
519770,episode_end,157.84961499921718,196,0.05361596726176508,-100.0,,,,,
520000,train_step,,,0.054177328581845006,-100.0,100000,21.586307525634766,-70.75381469726562,1.9111521244049072,-0.25903525948524475
520082,episode_end,287.08846100166033,312,0.05431957710953928,-100.0,,,,,
520279,episode_end,283.3759026359495,197,0.05376600138876761,-100.0,,,,,
520718,episode_end,260.5961332952493,439,0.05395471223917013,-100.0,,,,,
520951,episode_end,285.7479725308517,233,0.05368096736459524,-100.0,,,,,
521000,train_step,,,0.053574449090615706,-100.0,100000,11.563699722290039,-73.0559310913086,2.090008020401001,0.263425350189209
521208,episode_end,288.3070192887844,257,0.052012033231783245,-100.0,,,,,
521429,episode_end,284.99161237771233,221,0.051961794244849466,-100.0,,,,,
521653,episode_end,304.81874746572413,224,0.05135434752022552,-100.0,,,,,
521872,episode_end,302.868889938761,219,0.05076175891757785,-100.0,,,,,
522000,train_step,,,0.05056827626228223,-100.0,100000,19.619279861450195,-72.70668029785156,1.958423376083374,-0.12408262491226196
522050,episode_end,289.46036615500367,178,0.05085513995122875,-100.0,,,,,
522231,episode_end,267.1686958403136,181,0.052571661495673994,-100.0,,,,,
522432,episode_end,281.80178177248956,201,0.05325455517932679,-100.0,,,,,
522633,episode_end,277.56263578669507,201,0.05371870756340106,-100.0,,,,,
522875,episode_end,271.0872722802749,242,0.05453559528307805,-100.0,,,,,
523000,train_step,,,0.05421345817248457,-100.0,100000,33.9205322265625,-70.29396057128906,1.742646336555481,-0.7501411437988281
523080,episode_end,279.22246195031335,205,0.0533557852343287,-100.0,,,,,
523364,episode_end,189.99979801005597,284,0.05324054484621778,-100.0,,,,,
523574,episode_end,272.5693761615778,210,0.05423834125107936,-100.0,,,,,
523723,episode_end,24.098411722746718,149,0.05494052853719352,-100.0,,,,,
523889,episode_end,169.19318354064856,166,0.05509065444173783,-100.0,,,,,
524000,train_step,,,0.05510393836166453,-100.0,100000,26.2315673828125,-72.40809631347656,1.9086580276489258,-0.26475784182548523
524084,episode_end,291.2551291741581,195,0.054822716654629074,-100.0,,,,,
524298,episode_end,238.68661087904914,214,0.05317395534462576,-100.0,,,,,
524509,episode_end,292.37130088151946,211,0.05269264573382532,-100.0,,,,,
524801,episode_end,278.6148407272507,292,0.054886177574264006,-100.0,,,,,
525000,train_step,,,0.05531289495026052,-100.0,100000,20.728809356689453,-72.10440063476562,2.0528507232666016,0.15298914909362793
525005,episode_end,289.9617596771526,204,0.055308055250084566,-100.0,,,,,
525466,episode_end,84.28324950408789,461,0.05361515613688487,-100.0,,,,,
525662,episode_end,266.4251123995077,196,0.054093340986116255,-100.0,,,,,
526000,train_step,,,0.05790337229097122,-100.0,100000,30.043087005615234,-72.76362609863281,1.9481046199798584,-0.14784911274909973
526521,episode_end,274.2817256013845,859,0.057877593207075334,-100.0,,,,,
526750,episode_end,275.56521952465835,229,0.05727003928079121,-100.0,,,,,
526934,episode_end,165.1104283657875,184,0.05777687647337877,-100.0,,,,,
527000,train_step,,,0.05680535752591117,-100.0,100000,10.237802505493164,-72.54286193847656,1.784834384918213,-0.6171218156814575
527117,episode_end,275.56112882705224,183,0.055466046015082544,-100.0,,,,,
527477,episode_end,114.71270427087654,360,0.056426768895406244,-100.0,,,,,
527629,episode_end,155.48431686699223,152,0.05720856837928228,-100.0,,,,,
527813,episode_end,265.55927438311977,184,0.057134225197592856,-100.0,,,,,
528000,train_step,,,0.05505928733242125,-100.0,100000,5.663025379180908,-70.41191864013672,1.9571568965911865,-0.12421702593564987
528026,episode_end,232.039041490309,213,0.0550883543387479,-100.0,,,,,
528189,episode_end,163.05757248332054,163,0.054450722026251536,-100.0,,,,,
528393,episode_end,256.9208213555859,204,0.05441359304167113,-100.0,,,,,
528565,episode_end,310.4236052765666,172,0.054202192960162064,-100.0,,,,,
528739,episode_end,184.3144863991933,174,0.053882194401910145,-100.0,,,,,
528982,episode_end,209.08473095063573,243,0.0542417504461055,-100.0,,,,,
529000,train_step,,,0.054231472587764416,-100.0,100000,14.179862022399902,-70.8421630859375,1.9375102519989014,-0.18212585151195526
529172,episode_end,278.9880881803157,190,0.05497967886865927,-100.0,,,,,
529367,episode_end,166.58856018404163,195,0.055430461493618355,-100.0,,,,,
529520,episode_end,310.11740921364003,153,0.05578658295321402,-100.0,,,,,
529615,episode_end,-740.8012148451908,95,0.05598630737340323,-100.0,,,,,
529795,episode_end,291.0872614527576,180,0.056468443419162496,-100.0,,,,,
529964,episode_end,258.6690889366819,169,0.0563201978397477,-100.0,,,,,
530000,train_step,,,0.056697760491706425,-100.0,100000,9.401396751403809,-73.78679656982422,2.108633041381836,0.3117794394493103
530221,episode_end,132.80032259459148,257,0.05866630735606528,-100.0,,,,,
530409,episode_end,240.74692275125696,188,0.0574385557184649,-100.0,,,,,
530787,episode_end,277.63912055450146,378,0.055709427388149366,-100.0,,,,,
530934,episode_end,291.6897944378462,147,0.056207729208963664,-100.0,,,,,
531000,train_step,,,0.05653437345748884,-100.0,100000,11.075555801391602,-74.13656616210938,2.039663791656494,0.11395040154457092
531111,episode_end,267.71371557533723,177,0.057366347863124806,-100.0,,,,,
531278,episode_end,292.90157614485884,167,0.057831793653692024,-100.0,,,,,
531570,episode_end,203.05601125465594,292,0.0599416082713679,-100.0,,,,,
531813,episode_end,240.44070418541156,243,0.05951307854537606,-100.0,,,,,
532000,train_step,,,0.06036385049929945,-100.0,100000,5.7323079109191895,-73.03982543945312,2.047422409057617,0.13313192129135132
532002,episode_end,271.71071009978783,189,0.06038542841958278,-100.0,,,,,
532188,episode_end,162.55836775976735,186,0.060353329314320164,-100.0,,,,,
532384,episode_end,253.13757414369866,196,0.06138273258327984,-100.0,,,,,
532594,episode_end,166.70354095816776,210,0.06108404837656962,-100.0,,,,,
532819,episode_end,233.05317162259584,225,0.06011000316461832,-100.0,,,,,
533000,train_step,,,0.06033299664452569,-100.0,100000,3.6189968585968018,-72.90187072753906,2.0795867443084717,0.22346965968608856
533067,episode_end,293.7829016098147,248,0.06059972885069783,-100.0,,,,,
533287,episode_end,243.96441353321126,220,0.06045906818979071,-100.0,,,,,
533491,episode_end,273.70875158093475,204,0.05991146363169083,-100.0,,,,,
533602,episode_end,12.622871272549773,111,0.05975835728830166,-100.0,,,,,
533852,episode_end,241.1287936598171,250,0.061832520405505784,-100.0,,,,,
534000,train_step,,,0.06096540045445194,-100.0,100000,4.08071231842041,-73.6632080078125,1.6720694303512573,-0.9173689484596252
534064,episode_end,247.24314512188735,212,0.059901853579445434,-100.0,,,,,
534311,episode_end,262.9265772822792,247,0.05846237324762759,-100.0,,,,,
534510,episode_end,279.9064475293393,199,0.05911227150728605,-100.0,,,,,
534735,episode_end,304.7818410967163,225,0.05963941077597694,-100.0,,,,,
534893,episode_end,157.04164647009202,158,0.059100727640063445,-100.0,,,,,
535000,train_step,,,0.05854055465181864,-100.0,100000,125.20481872558594,-73.33103942871094,2.126354694366455,0.35859906673431396
535212,episode_end,143.7325213941558,319,0.057452576536758185,-100.0,,,,,
535434,episode_end,288.72646146388286,222,0.054956202730242085,-100.0,,,,,
535623,episode_end,298.85872458646656,189,0.05495492190131445,-100.0,,,,,
535958,episode_end,236.76820151185143,335,0.05634944095811507,-100.0,,,,,
536000,train_step,,,0.05570137707438906,-100.0,100000,4.671365737915039,-73.0811767578125,2.0827767848968506,0.2390388548374176
536143,episode_end,271.8571943089682,185,0.05526621754861838,-100.0,,,,,
536696,episode_end,226.16404868185245,553,0.053251509122720656,-100.0,,,,,
536905,episode_end,281.5865262523398,209,0.05139527841244164,-100.0,,,,,
537000,train_step,,,0.052029634870424994,-100.0,100000,14.088266372680664,-75.7509994506836,2.107987642288208,0.31920507550239563
537102,episode_end,242.16777399576702,197,0.05259451285406117,-100.0,,,,,
537328,episode_end,266.76847396178005,226,0.05372843632101368,-100.0,,,,,
537498,episode_end,264.9191949793588,170,0.05343021347280206,-100.0,,,,,
537704,episode_end,258.0926680783281,206,0.05269765567583857,-100.0,,,,,
537946,episode_end,259.90542335544535,242,0.0519521210178029,-100.0,,,,,
538000,train_step,,,0.051486328010501736,-100.0,100000,5.941079616546631,-73.21696472167969,1.9930698871612549,-0.020557597279548645
538273,episode_end,279.32705104795787,327,0.05081231012261147,-100.0,,,,,
538478,episode_end,268.7046121051317,205,0.050852265566657326,-100.0,,,,,
538650,episode_end,280.09079524713843,172,0.05178885800070048,-100.0,,,,,
538792,episode_end,270.9217986191768,142,0.05143607758257404,-100.0,,,,,
538990,episode_end,284.6245755512281,198,0.05115502630040553,-100.0,,,,,
539000,train_step,,,0.051020751913793086,-100.0,100000,46.735382080078125,-71.919189453125,2.1356587409973145,0.4036559462547302
539614,episode_end,250.79963408795476,624,0.05156826261902325,-100.0,,,,,
539942,episode_end,259.4239030186835,328,0.05191426691492796,-100.0,,,,,
540000,train_step,,,0.05206886713292753,-100.0,100000,14.17057991027832,-74.20624542236328,2.157701015472412,0.46603578329086304
540169,episode_end,259.3496278361516,227,0.05255617967299975,-100.0,,,,,
540489,episode_end,188.01134721499722,320,0.050180559502458005,-100.0,,,,,
540768,episode_end,285.0013377747889,279,0.048350468344241934,-100.0,,,,,
540955,episode_end,240.51129739666374,187,0.04809248827256484,-100.0,,,,,
541000,train_step,,,0.048075636054662856,-100.0,100000,18.510822296142578,-71.14227294921875,2.303156852722168,0.9200752973556519
541153,episode_end,279.5305589245161,198,0.04899145982794064,-100.0,,,,,
541376,episode_end,139.41424659113642,223,0.04851477401109077,-100.0,,,,,
541631,episode_end,285.01417346907135,255,0.0488039540389341,-100.0,,,,,
541918,episode_end,248.80232103378728,287,0.04892587077325481,-100.0,,,,,
542000,train_step,,,0.04897993866703662,-100.0,100000,36.968040466308594,-71.67913055419922,2.075343608856201,0.22726261615753174
542199,episode_end,273.25839463902975,281,0.049272030098058105,-100.0,,,,,
542371,episode_end,285.32091715244735,172,0.04869842955494836,-100.0,,,,,
542708,episode_end,253.19253314869857,337,0.04902215638594002,-100.0,,,,,
542897,episode_end,282.61562575683286,189,0.04933841442648345,-100.0,,,,,
543000,train_step,,,0.05026726616132761,-100.0,100000,29.581317901611328,-73.94662475585938,2.055574893951416,0.1661909818649292
543100,episode_end,269.28353484244974,203,0.05000918296371028,-100.0,,,,,
543320,episode_end,185.81538324245372,220,0.04971227511974654,-100.0,,,,,
543550,episode_end,280.3625962934949,230,0.049144749244551277,-100.0,,,,,
543751,episode_end,262.8269823474679,201,0.04990202572670004,-100.0,,,,,
543922,episode_end,311.879714801178,171,0.04955877565936207,-100.0,,,,,
544000,train_step,,,0.049544120953681825,-100.0,100000,7.034917831420898,-73.02371978759766,2.1985983848571777,0.596766471862793
544387,episode_end,234.85724627164677,465,0.04883424831182593,-100.0,,,,,
544685,episode_end,272.3753327123435,298,0.048237971700823994,-100.0,,,,,
544896,episode_end,253.2761863967591,211,0.04737872166486935,-100.0,,,,,
545000,train_step,,,0.046729264079171336,-100.0,100000,6.014522552490234,-75.20863342285156,2.00362229347229,0.011096775531768799
545058,episode_end,177.71880523949193,162,0.04665554598281337,-100.0,,,,,
545299,episode_end,259.96524337095826,241,0.046546615812757604,-100.0,,,,,
545499,episode_end,288.85816849676644,200,0.04600557403867357,-100.0,,,,,
545680,episode_end,292.6808378680461,181,0.0461855917933088,-100.0,,,,,
546000,train_step,,,0.04564218107785753,-100.0,100000,13.377691268920898,-71.73309326171875,2.278221368789673,0.858847975730896
546081,episode_end,241.57862606448487,401,0.04576793760551443,-100.0,,,,,
546368,episode_end,287.3325914640434,287,0.045824414714964026,-100.0,,,,,
546599,episode_end,268.95998319503417,231,0.04641715946341365,-100.0,,,,,
547000,train_step,,,0.04517961223122889,-100.0,100000,12.494573593139648,-71.80184173583984,2.04034686088562,0.12495884299278259
547112,episode_end,240.8319025972023,513,0.04541237984662161,-100.0,,,,,
547369,episode_end,297.6411579825351,257,0.04537576008409287,-100.0,,,,,
547431,episode_end,-21.417496571769846,62,0.04502876606027374,-100.0,,,,,
547962,episode_end,252.9061185536008,531,0.044221250285341934,-100.0,,,,,
548000,train_step,,,0.044371951995630474,-100.0,100000,4.488369941711426,-71.21946716308594,2.0682125091552734,0.21249201893806458
548229,episode_end,294.7316998610034,267,0.04584157500852455,-100.0,,,,,
549000,train_step,,,0.046568621011455716,-100.0,100000,15.3739013671875,-72.65042877197266,2.0869288444519043,0.2665955722332001
549229,episode_end,140.77914864763162,1000,0.046966387535294266,-100.0,,,,,
549401,episode_end,-10.84546698158347,172,0.047063896090473505,-100.0,,,,,
549575,episode_end,285.0650189611756,174,0.046456770568372316,-100.0,,,,,
549841,episode_end,281.56970376718834,266,0.045520121531243386,-100.0,,,,,
550000,train_step,,,0.04561926114604793,-100.0,100000,5.525221347808838,-71.19810485839844,1.9323062896728516,-0.2089991420507431
550193,episode_end,252.5170085198183,352,0.04515052132304984,-100.0,,,,,
550403,episode_end,168.49459444859627,210,0.04546393960526157,-100.0,,,,,
550465,episode_end,-231.65946932811812,62,0.045253546994891584,-100.0,,,,,
550672,episode_end,292.35715174759997,207,0.04635791464567431,-100.0,,,,,
550855,episode_end,275.52360634560944,183,0.04633827933484587,-100.0,,,,,
551000,train_step,,,0.04582696540045676,-100.0,100000,23.814847946166992,-69.21046447753906,2.016930103302002,0.05219282954931259
551038,episode_end,279.15151950422444,183,0.04569000085012324,-100.0,,,,,
551215,episode_end,270.11663367169047,177,0.04442159392254631,-100.0,,,,,
551495,episode_end,222.68658343272114,280,0.043591737684721875,-100.0,,,,,
551765,episode_end,225.48556861405507,270,0.04230281390273733,-100.0,,,,,
551973,episode_end,184.1343841881479,208,0.04360310584936693,-100.0,,,,,
552000,train_step,,,0.04369608853233485,-100.0,100000,12.167545318603516,-75.35783386230469,2.0206634998321533,0.06468714028596878
552435,episode_end,270.18525515904355,462,0.04442223104263746,-100.0,,,,,
552666,episode_end,254.66396622303645,231,0.043866311084432015,-100.0,,,,,
553000,train_step,,,0.0452281907719413,-100.0,100000,4.223165512084961,-73.63398742675781,2.515678644180298,1.5965588092803955
553666,episode_end,153.02320236945064,1000,0.04582914683110208,-100.0,,,,,
554000,train_step,,,0.04670639510791947,-100.0,100000,15.137364387512207,-74.23912811279297,2.1342597007751465,0.4113551378250122
554666,episode_end,153.70606066768954,1000,0.046761727975140666,-100.0,,,,,
554801,episode_end,-488.03072477676227,135,0.04643374638865178,-100.0,,,,,
554983,episode_end,280.2691659129678,182,0.046635982454481625,-100.0,,,,,
555000,train_step,,,0.04647775979928841,-100.0,100000,15.145049095153809,-72.2601318359375,2.032094955444336,0.09849280118942261
555180,episode_end,-613.9333710493399,197,0.044745649754517176,-100.0,,,,,
555413,episode_end,277.4257383140578,233,0.045395687477910486,-100.0,,,,,
555476,episode_end,-512.2730710661768,63,0.04601772614667052,-100.0,,,,,
555731,episode_end,-535.9443413251714,255,0.048864580813291945,-100.0,,,,,
555821,episode_end,-404.0957481018289,90,0.05024953267342958,-100.0,,,,,
555919,episode_end,-560.0130321871816,98,0.05065161566579635,-100.0,,,,,
556000,train_step,,,0.05099319115131649,-100.0,100000,15.871053695678711,-69.99040222167969,1.9186431169509888,-0.24212318658828735
556139,episode_end,304.7723005556394,220,0.05196207057208965,-100.0,,,,,
556231,episode_end,-412.94448957339944,92,0.05228432736432638,-100.0,,,,,
556295,episode_end,-452.35901187440703,64,0.051973545165954954,-100.0,,,,,
556505,episode_end,265.6081071510954,210,0.05145493460350292,-100.0,,,,,
556673,episode_end,257.8508617453268,168,0.05099286728121042,-100.0,,,,,
557000,train_step,,,0.05006713263757457,-100.0,100000,21.068859100341797,-72.89125061035156,2.043374538421631,0.12988057732582092
557325,episode_end,245.75192192283518,652,0.05289722744852585,-100.0,,,,,
557496,episode_end,273.75392444635094,171,0.05400950459501114,-100.0,,,,,
557566,episode_end,-226.33891634221584,70,0.0540647385640045,-100.0,,,,,
557711,episode_end,286.15800530481715,145,0.05407424169234228,-100.0,,,,,
557811,episode_end,-93.50780021889912,100,0.055067937590911685,-100.0,,,,,
557991,episode_end,269.1959826672973,180,0.055144397240913245,-100.0,,,,,
558000,train_step,,,0.05510823213886983,-100.0,100000,8.279125213623047,-69.64137268066406,1.786742925643921,-0.6181160807609558
558183,episode_end,287.52350260503226,192,0.053916613176851855,-100.0,,,,,
558600,episode_end,288.9827424556318,417,0.054422318959237395,-100.0,,,,,
558682,episode_end,-55.86334783392764,82,0.05378695152178702,-100.0,,,,,
558843,episode_end,277.3993664576792,161,0.053314353090201924,-100.0,,,,,
558941,episode_end,-118.85626827551242,98,0.053221384052186786,-100.0,,,,,
559000,train_step,,,0.05314274045747394,-100.0,100000,28.492286682128906,-71.04884338378906,2.021195888519287,0.062204509973526
559007,episode_end,28.75710345506758,66,0.05318213553411245,-100.0,,,,,
559202,episode_end,306.3259181646964,195,0.05363297795858057,-100.0,,,,,
559472,episode_end,-45.52670524819625,270,0.05387332203030429,-100.0,,,,,
559539,episode_end,-28.822082385574205,67,0.053991416589342936,-100.0,,,,,
559607,episode_end,3.06993725703569,68,0.05427594473747234,-100.0,,,,,
559976,episode_end,143.50468503272393,369,0.05560859369662926,-100.0,,,,,
560000,train_step,,,0.05550200678913368,-100.0,100000,5.130068302154541,-71.40431213378906,2.0029006004333496,0.008386362344026566
560165,episode_end,300.44893748066403,189,0.055474540163698995,-100.0,,,,,
560268,episode_end,-87.1146159771756,103,0.055753257758450164,-100.0,,,,,
560679,episode_end,-382.10257683351955,411,0.056179581741992175,-100.0,,,,,
561000,train_step,,,0.06147016858017466,-100.0,100000,20.823497772216797,-69.24795532226562,1.9690629243850708,-0.0862896740436554
561283,episode_end,230.27614870319027,604,0.0636522384628085,-100.0,,,,,
561495,episode_end,-233.39687970574988,212,0.06417062363319632,-100.0,,,,,
561689,episode_end,144.5958782761099,194,0.06518278456434957,-100.0,,,,,
561758,episode_end,-130.96786939030778,69,0.06597999236109794,-100.0,,,,,
561960,episode_end,298.3431084500145,202,0.06829283200254202,-100.0,,,,,
562000,train_step,,,0.06835778414605209,-100.0,100000,15.592860221862793,-71.41217041015625,1.8287324905395508,-0.4595109224319458
562189,episode_end,284.503148430813,229,0.07042528434864154,-100.0,,,,,
562370,episode_end,283.3165158286403,181,0.07196925331491716,-100.0,,,,,
562474,episode_end,-145.5490661570963,104,0.07381703886220498,-100.0,,,,,
562576,episode_end,-183.80462386263724,102,0.07430037695878526,-100.0,,,,,
562734,episode_end,-250.62710223354048,158,0.07497981391302329,-100.0,,,,,
563000,train_step,,,0.07674788513642157,-100.0,100000,8.757781982421875,-70.85143280029297,1.9704885482788086,-0.07576258480548859
563038,episode_end,274.60752023327746,304,0.07675536472865918,-100.0,,,,,
563183,episode_end,287.33066741571656,145,0.07768651965005484,-100.0,,,,,
563345,episode_end,269.98910979677805,162,0.07737800622283825,-100.0,,,,,
563481,episode_end,-164.68200607344403,136,0.07648115403206888,-100.0,,,,,
563605,episode_end,-202.97150160466276,124,0.07591009732933557,-100.0,,,,,
563765,episode_end,266.24470867862146,160,0.07570405543497973,-100.0,,,,,
563919,episode_end,266.8791469495785,154,0.07456392260590047,-100.0,,,,,
564000,train_step,,,0.07441072018721008,-100.0,100000,21.74245834350586,-72.4661865234375,1.7026065587997437,-0.7726743221282959
564214,episode_end,-257.4421737626127,295,0.07348084723725047,-100.0,,,,,
564305,episode_end,-43.77621996238308,91,0.07365305217016985,-100.0,,,,,
564375,episode_end,-132.22378412491418,70,0.07405797374862197,-100.0,,,,,
564433,episode_end,-109.67154383396866,58,0.0740929776471176,-100.0,,,,,
564594,episode_end,261.7922105438637,161,0.07116416330568359,-100.0,,,,,
564824,episode_end,-114.65922677132376,230,0.06966858948234998,-100.0,,,,,
564921,episode_end,-69.6074176579809,97,0.06846621178863609,-100.0,,,,,
565000,train_step,,,0.06872755412888498,-100.0,100000,13.384378433227539,-69.56723022460938,1.8855626583099365,-0.30641788244247437
565048,episode_end,295.00504651630774,127,0.06804615047005717,-100.0,,,,,
565251,episode_end,287.7824083992314,203,0.06636639969102436,-100.0,,,,,
565481,episode_end,291.2530114665935,230,0.06539515543706087,-100.0,,,,,
565774,episode_end,292.8369967611301,293,0.06433029559200877,-100.0,,,,,
566000,train_step,,,0.06506834310556098,-100.0,100000,18.521331787109375,-71.27130126953125,1.948055624961853,-0.1419285535812378
566012,episode_end,231.81153635684382,238,0.06515186480750584,-100.0,,,,,
566161,episode_end,195.39068878436265,149,0.06611983954771258,-100.0,,,,,
566417,episode_end,257.6136781135061,256,0.06616457112307479,-100.0,,,,,
566719,episode_end,285.08482386925516,302,0.06632976294911992,-100.0,,,,,
566985,episode_end,204.02282435249546,266,0.06737757005445368,-100.0,,,,,
567000,train_step,,,0.06726004643984929,-100.0,100000,12.115432739257812,-73.1512451171875,2.0736083984375,0.19868288934230804
567757,episode_end,271.278737158814,772,0.06956872915041476,-100.0,,,,,
568000,train_step,,,0.07048730865946455,-100.0,100000,88.98312377929688,-70.80117797851562,1.9341050386428833,-0.17477452754974365
568029,episode_end,274.593861977869,272,0.07058770692563417,-100.0,,,,,
568271,episode_end,281.42385431432956,242,0.069034332781181,-100.0,,,,,
568452,episode_end,177.62066686171073,181,0.0691429040323041,-100.0,,,,,
568657,episode_end,279.59325043325083,205,0.06975123960126813,-100.0,,,,,
568952,episode_end,240.63204052330465,295,0.06969425897664032,-100.0,,,,,
569000,train_step,,,0.06964172043444795,-100.0,100000,10.239230155944824,-71.46586608886719,1.7814342975616455,-0.582344651222229
569119,episode_end,187.0808117930018,167,0.0695715679687742,-100.0,,,,,
569399,episode_end,266.037115375913,280,0.07010583466363081,-100.0,,,,,
569581,episode_end,271.43592592173206,182,0.07070611299558516,-100.0,,,,,
569844,episode_end,252.00400721824124,263,0.07030261635935851,-100.0,,,,,
570000,train_step,,,0.0718471615730477,-100.0,100000,72.82743835449219,-66.93045806884766,1.8640377521514893,-0.35801801085472107
570025,episode_end,268.59104128945927,181,0.07205681407483182,-100.0,,,,,
570178,episode_end,-655.0259367027785,153,0.0727100273440818,-100.0,,,,,
570579,episode_end,222.5221848525471,401,0.07551077660721646,-100.0,,,,,
571000,train_step,,,0.0756539495980821,-100.0,100000,16.26505470275879,-64.68928527832031,2.071213483810425,0.18384402990341187
571072,episode_end,183.94799235420217,493,0.07569647390078124,-100.0,,,,,
571307,episode_end,273.0109346171238,235,0.07466097032379665,-100.0,,,,,
571895,episode_end,215.12873824260478,588,0.07443320364840726,-100.0,,,,,
572000,train_step,,,0.0735367666751045,-100.0,100000,18.119558334350586,-67.39543914794922,1.9641039371490479,-0.09368777275085449
572895,episode_end,-174.74740016846772,1000,0.06930997403628325,-100.0,,,,,
573000,train_step,,,0.06822456992244308,-100.0,100000,38.991722106933594,-63.77241516113281,1.9601688385009766,-0.10694453120231628
573119,episode_end,264.9671894389396,224,0.06810557174201998,-100.0,,,,,
574000,train_step,,,0.0733239204043121,-100.0,100000,31.44759178161621,-67.65034484863281,1.9486539363861084,-0.13416045904159546
574016,episode_end,125.02764445934218,897,0.07343261701179582,-100.0,,,,,
574225,episode_end,177.66243586512783,209,0.07338730240866784,-100.0,,,,,
574649,episode_end,192.76625454323772,424,0.07407668079760175,-100.0,,,,,
575000,train_step,,,0.07348342004841006,-100.0,100000,31.527931213378906,-67.19022369384766,2.1869330406188965,0.488025039434433
575121,episode_end,182.3994449284899,472,0.07265314820544719,-100.0,,,,,
575317,episode_end,285.78075224437566,196,0.07237545048419107,-100.0,,,,,
575719,episode_end,211.25506377117367,402,0.07449800956153967,-100.0,,,,,
576000,train_step,,,0.07362763226798365,-100.0,100000,7.652521133422852,-67.56281280517578,1.9411816596984863,-0.15344154834747314
576047,episode_end,250.31606141533425,328,0.07320963816100134,-100.0,,,,,
576204,episode_end,295.4403389395198,157,0.07324346507250419,-100.0,,,,,
576392,episode_end,281.2432787178549,188,0.07374390998577877,-100.0,,,,,
576564,episode_end,272.92412970098184,172,0.07230867885870687,-100.0,,,,,
577000,train_step,,,0.07127945846155151,-100.0,100000,9.320512771606445,-69.81349182128906,1.9605321884155273,-0.1042405366897583
577138,episode_end,178.35480914568643,574,0.07065328547425839,-100.0,,,,,
577404,episode_end,262.9593495308822,266,0.07026511186164644,-100.0,,,,,
577839,episode_end,194.70761062805593,435,0.06868792573077104,-100.0,,,,,
578000,train_step,,,0.06944575008455664,-100.0,100000,40.633880615234375,-65.95732116699219,2.042551040649414,0.11349254846572876
578020,episode_end,279.39251017903746,181,0.06964627968496089,-100.0,,,,,
578255,episode_end,261.2900414807784,235,0.06875943532273945,-100.0,,,,,
578982,episode_end,48.864246907466146,727,0.069375116568796,-100.0,,,,,
579000,train_step,,,0.06921384266887864,-100.0,100000,49.13316345214844,-68.67732238769531,2.146606922149658,0.3915214538574219
579212,episode_end,294.96989843543025,230,0.06707704682212322,-100.0,,,,,
579420,episode_end,292.2400516351256,208,0.06671132355463141,-100.0,,,,,
579610,episode_end,276.45139919448246,190,0.06647747317963781,-100.0,,,,,
580000,train_step,,,0.06578705758122537,-100.0,100000,66.25424194335938,-71.02436828613281,2.0708541870117188,0.19281816482543945
580012,episode_end,198.6450333658903,402,0.0658884985271183,-100.0,,,,,
580229,episode_end,242.01395145929786,217,0.06607331142561468,-100.0,,,,,
580477,episode_end,249.84524180548652,248,0.06597358965444482,-100.0,,,,,
580696,episode_end,161.11978820229632,219,0.06730255833479078,-100.0,,,,,
580885,episode_end,295.7681831123598,189,0.0666316308242159,-100.0,,,,,
581000,train_step,,,0.0665989877099145,-100.0,100000,23.451080322265625,-65.50968170166016,1.888535737991333,-0.30196413397789
581102,episode_end,272.83847972087966,217,0.06664347695680338,-100.0,,,,,
581310,episode_end,280.66884480905094,208,0.06553464116878378,-100.0,,,,,
581478,episode_end,268.44120819070764,168,0.06507860403832341,-100.0,,,,,
581673,episode_end,155.9044761245548,195,0.06497403056629553,-100.0,,,,,
581951,episode_end,121.29302777463064,278,0.06550075771496333,-100.0,,,,,
582000,train_step,,,0.06526328119885087,-100.0,100000,32.94773864746094,-66.08207702636719,1.95327889919281,-0.12751704454421997
582483,episode_end,271.0768998088189,532,0.06482147416069205,-100.0,,,,,
582665,episode_end,253.35228662485562,182,0.06393691460622807,-100.0,,,,,
582894,episode_end,288.5139933282462,229,0.06392350130306435,-100.0,,,,,
583000,train_step,,,0.0636663368344518,-100.0,100000,12.212944984436035,-67.86129760742188,1.979698896408081,-0.05591122806072235
583093,episode_end,270.14730609124445,199,0.06335793748394923,-100.0,,,,,
583420,episode_end,117.70543743358321,327,0.06491210069129257,-100.0,,,,,
583637,episode_end,269.97095974665496,217,0.06457987163860693,-100.0,,,,,
583827,episode_end,302.3756978007308,190,0.06349132146049703,-100.0,,,,,
584000,train_step,,,0.0640847213186852,-100.0,100000,46.75631332397461,-72.89614868164062,2.1904544830322266,0.5232830047607422
584049,episode_end,294.98144472677757,222,0.06401006384469575,-100.0,,,,,
584224,episode_end,264.9669252210073,175,0.06271726614052706,-100.0,,,,,
584432,episode_end,314.7937226484761,208,0.06200701028347926,-100.0,,,,,
584625,episode_end,273.35828597486034,193,0.0616925464035763,-100.0,,,,,
584823,episode_end,266.64203665050013,198,0.06155971307717861,-100.0,,,,,
585000,train_step,,,0.06102694861616854,-100.0,100000,15.775680541992188,-71.51757049560547,1.8737128973007202,-0.3531542718410492
585036,episode_end,292.5703132240124,213,0.06099457494325231,-100.0,,,,,
585229,episode_end,147.46036504442947,193,0.062003930850867986,-100.0,,,,,
585413,episode_end,137.49557410174592,184,0.06220435704742815,-100.0,,,,,
585578,episode_end,288.36771564665025,165,0.06194543849134815,-100.0,,,,,
585842,episode_end,272.7914459311901,264,0.06305855602397684,-100.0,,,,,
586000,train_step,,,0.06259002293153694,-100.0,100000,10.753022193908691,-70.70697021484375,1.9456069469451904,-0.15073128044605255
586202,episode_end,236.0112121174705,360,0.06176199930237528,-100.0,,,,,
586370,episode_end,248.0481549813511,168,0.061701676518769066,-100.0,,,,,
586537,episode_end,296.51862206664566,167,0.06205127116704129,-100.0,,,,,
586790,episode_end,293.0299416259844,253,0.06421189999996582,-100.0,,,,,
586967,episode_end,144.3545533052901,177,0.06512935428356471,-100.0,,,,,
587000,train_step,,,0.06535268078432657,-100.0,100000,16.364219665527344,-68.95525360107422,2.0545005798339844,0.1486751139163971
587175,episode_end,312.17448933481353,208,0.06402944981100642,-100.0,,,,,
587345,episode_end,260.8352565619913,170,0.0626027506995782,-100.0,,,,,
587529,episode_end,274.1557470707533,184,0.061029768992244604,-100.0,,,,,
587733,episode_end,243.52009886201478,204,0.061179026367032825,-100.0,,,,,
587938,episode_end,281.2501308129164,205,0.06120505234421774,-100.0,,,,,
588000,train_step,,,0.06057637697223026,-100.0,100000,12.363069534301758,-70.0487289428711,1.7827997207641602,-0.6089969277381897
588173,episode_end,251.40265196002107,235,0.059626907163512495,-100.0,,,,,
588376,episode_end,168.0326790385796,203,0.06032534229331338,-100.0,,,,,
588601,episode_end,271.258146890782,225,0.058939617879289516,-100.0,,,,,
588870,episode_end,251.2552401164223,269,0.057293984643949115,-100.0,,,,,
589000,train_step,,,0.0564556981434214,-100.0,100000,7.959714412689209,-69.89558410644531,1.9960674047470093,-0.011303424835205078
589056,episode_end,316.5685343847182,186,0.055992070291319855,-100.0,,,,,
589243,episode_end,283.3969965860076,187,0.05539538904308752,-100.0,,,,,
589513,episode_end,299.55707287195355,270,0.05623214844258045,-100.0,,,,,
589719,episode_end,274.5870949249437,206,0.05639866797702079,-100.0,,,,,
589935,episode_end,280.60017608681096,216,0.05509284339444007,-100.0,,,,,
590000,train_step,,,0.05484087385728007,-100.0,100000,15.240467071533203,-70.26995849609375,1.8209606409072876,-0.5198084712028503
590128,episode_end,260.65864241911356,193,0.053400620362462625,-100.0,,,,,
590497,episode_end,264.03714424545245,369,0.05506374866747933,-100.0,,,,,
590694,episode_end,294.2587654656412,197,0.05603481103243892,-100.0,,,,,
590941,episode_end,270.8503240089673,247,0.05866040005177365,-100.0,,,,,
591000,train_step,,,0.05934023793756798,-100.0,100000,50.26074981689453,-72.00975799560547,2.0718441009521484,0.202921524643898
591111,episode_end,288.6972423864494,170,0.0598969693637338,-100.0,,,,,
591307,episode_end,278.54502740555847,196,0.05984286217082285,-100.0,,,,,
591506,episode_end,234.74834075377495,199,0.05828221992071695,-100.0,,,,,
591737,episode_end,250.95161984239235,231,0.05647771083863919,-100.0,,,,,
591992,episode_end,261.4557320214449,255,0.05751080425788701,-100.0,,,,,
592000,train_step,,,0.05751748991492557,-100.0,100000,7.930764675140381,-71.20458984375,2.114011526107788,0.325578898191452
592211,episode_end,291.0763567375087,219,0.057691809961670386,-100.0,,,,,
592437,episode_end,250.75993637266694,226,0.05948735352097952,-100.0,,,,,
592648,episode_end,272.1178216613035,211,0.059775786161827354,-100.0,,,,,
592831,episode_end,274.09913650466973,183,0.05977384636769465,-100.0,,,,,
593000,train_step,,,0.060354096733375974,-100.0,100000,71.9532241821289,-69.79466247558594,1.996736764907837,-0.009161487221717834
593018,episode_end,274.5425337166462,187,0.0603268287141461,-100.0,,,,,
593255,episode_end,243.06612176500812,237,0.060219382722881715,-100.0,,,,,
593492,episode_end,258.84195102374804,237,0.060551838126615125,-100.0,,,,,
593690,episode_end,264.4728256285267,198,0.05854432018599167,-100.0,,,,,
593918,episode_end,282.68082586504613,228,0.0588011390633878,-100.0,,,,,
594000,train_step,,,0.05832058856767557,-100.0,100000,69.90769958496094,-73.19721221923828,1.8500690460205078,-0.4260740876197815
594111,episode_end,273.78702773277126,193,0.058951107718710115,-100.0,,,,,
594265,episode_end,308.9905279692456,154,0.05961666729039426,-100.0,,,,,
594432,episode_end,287.93090003006944,167,0.05907034189855597,-100.0,,,,,
594670,episode_end,254.43254761238055,238,0.059554368723073695,-100.0,,,,,
594845,episode_end,270.8844647390106,175,0.06026701649613132,-100.0,,,,,
595000,train_step,,,0.0606343303659103,-100.0,100000,20.641172409057617,-69.26300048828125,2.174527168273926,0.489181250333786
595109,episode_end,236.22116905663077,264,0.060047294796350646,-100.0,,,,,
595308,episode_end,273.4402349773643,199,0.058925703102049774,-100.0,,,,,
595510,episode_end,247.56322024409252,202,0.059289168153948045,-100.0,,,,,
595706,episode_end,303.8031159725483,196,0.05928861931951894,-100.0,,,,,
595967,episode_end,294.47930729768564,261,0.059917352464150656,-100.0,,,,,
596000,train_step,,,0.060201100148317165,-100.0,100000,11.194428443908691,-72.5054931640625,1.966538429260254,-0.09402930736541748
596184,episode_end,258.67931783505156,217,0.06217793437465687,-100.0,,,,,
596379,episode_end,288.80470667665185,195,0.06253688486879808,-100.0,,,,,
596601,episode_end,287.525140133932,222,0.062449149356832975,-100.0,,,,,
596838,episode_end,275.4179989281156,237,0.05977324975284144,-100.0,,,,,
597000,train_step,,,0.06042992574692453,-100.0,100000,20.971155166625977,-73.37075805664062,2.0650618076324463,0.1825813353061676
597087,episode_end,264.26257843144566,249,0.059877541793078984,-100.0,,,,,
597254,episode_end,255.77308255596657,167,0.058974975445755584,-100.0,,,,,
597422,episode_end,266.1996416963773,168,0.05831523667548593,-100.0,,,,,
597616,episode_end,283.8110203463667,194,0.05782560152645825,-100.0,,,,,
597791,episode_end,265.06132858990895,175,0.05766664243471135,-100.0,,,,,
597982,episode_end,289.7532091287149,191,0.05667065847740135,-100.0,,,,,
598000,train_step,,,0.056524204597779786,-100.0,100000,43.806312561035156,-74.156005859375,2.1746139526367188,0.5016815066337585
598254,episode_end,247.04123476428788,272,0.05521058113264941,-100.0,,,,,
598457,episode_end,185.84933839571593,203,0.054814056198782865,-100.0,,,,,
598703,episode_end,261.111956730785,246,0.05456210114359985,-100.0,,,,,
598932,episode_end,307.6063257533052,229,0.05476658229200349,-100.0,,,,,
599000,train_step,,,0.05521083104382436,-100.0,100000,56.066532135009766,-71.54742431640625,1.9854518175125122,-0.04214009642601013
599207,episode_end,233.81497963075037,275,0.055197571880676505,-100.0,,,,,
599455,episode_end,236.4953429701386,248,0.05605433785570324,-100.0,,,,,
599664,episode_end,270.43633162545456,209,0.05575131014285833,-100.0,,,,,
599931,episode_end,298.5998022188941,267,0.05544880772366863,-100.0,,,,,
600000,train_step,,,0.05593970337014354,-100.0,100000,38.028045654296875,-74.56010437011719,2.073357105255127,0.21152415871620178
