global_step,event,episode_return,episode_length,alpha,hover_reward_value,replay_size,critic_loss,actor_loss,logp,alpha_loss
177,episode_end,150.82817719848464,177,0.2,200.0,,,,,
257,episode_end,-50.00038964784569,80,0.2,200.0,,,,,
352,episode_end,-136.1615563943635,95,0.2,200.0,,,,,
493,episode_end,-189.20877564296717,141,0.2,200.0,,,,,
579,episode_end,-315.36977122634664,86,0.2,200.0,,,,,
696,episode_end,-331.4889061836175,117,0.2,200.0,,,,,
813,episode_end,-119.60413159154945,117,0.2,200.0,,,,,
955,episode_end,-226.1765363335376,142,0.2,200.0,,,,,
1000,train_step,,,0.2,200.0,1000,,,,
1043,episode_end,-380.75647670372484,88,0.2,200.0,,,,,
1232,episode_end,-147.39421555195702,189,0.2,200.0,,,,,
1300,episode_end,-186.9987060876075,68,0.2,200.0,,,,,
1423,episode_end,-97.27378967780459,123,0.2,200.0,,,,,
1510,episode_end,-433.18053848497823,87,0.2,200.0,,,,,
1618,episode_end,-471.9284550677826,108,0.2,200.0,,,,,
1721,episode_end,-244.48209913744125,103,0.2,200.0,,,,,
1829,episode_end,-397.42675761896703,108,0.2,200.0,,,,,
1904,episode_end,-87.93580513483562,75,0.2,200.0,,,,,
2000,train_step,,,0.2,200.0,2000,,,,
2027,episode_end,-435.4570832970201,123,0.2,200.0,,,,,
2146,episode_end,-107.02935952337288,119,0.2,200.0,,,,,
2259,episode_end,-211.33844007729024,113,0.2,200.0,,,,,
2353,episode_end,-222.51402540423402,94,0.2,200.0,,,,,
2435,episode_end,-550.577070082499,82,0.2,200.0,,,,,
2526,episode_end,-319.5207613878159,91,0.2,200.0,,,,,
2700,episode_end,-242.19094288147997,174,0.2,200.0,,,,,
2787,episode_end,110.22618522484075,87,0.2,200.0,,,,,
2949,episode_end,-280.62212108977144,162,0.2,200.0,,,,,
3000,train_step,,,0.2,200.0,3000,,,,
3027,episode_end,-173.2120906349924,78,0.2,200.0,,,,,
3117,episode_end,-308.00332981836647,90,0.2,200.0,,,,,
3306,episode_end,106.13884111069021,189,0.2,200.0,,,,,
3393,episode_end,-214.7002169753859,87,0.2,200.0,,,,,
3554,episode_end,-350.7129919856129,161,0.2,200.0,,,,,
3657,episode_end,-422.1669386498283,103,0.2,200.0,,,,,
3775,episode_end,-405.0896277478315,118,0.2,200.0,,,,,
3875,episode_end,-255.94365353333586,100,0.2,200.0,,,,,
3980,episode_end,-116.86089932200349,105,0.2,200.0,,,,,
4000,train_step,,,0.2,200.0,4000,,,,
4120,episode_end,-167.05791642474833,140,0.2,200.0,,,,,
4246,episode_end,-505.7718188445703,126,0.2,200.0,,,,,
4356,episode_end,-298.6856343343028,110,0.2,200.0,,,,,
4446,episode_end,-312.9888742289771,90,0.2,200.0,,,,,
4559,episode_end,-229.826708859,113,0.2,200.0,,,,,
4757,episode_end,-106.60536029937879,198,0.2,200.0,,,,,
4896,episode_end,-58.970854465706054,139,0.2,200.0,,,,,
4974,episode_end,-77.17640134824485,78,0.2,200.0,,,,,
5000,train_step,,,0.2,200.0,5000,,,,
5056,episode_end,-218.47710223807638,82,0.2,200.0,,,,,
5132,episode_end,-179.2273232427946,76,0.2,200.0,,,,,
5257,episode_end,-163.8739977701469,125,0.2,200.0,,,,,
5421,episode_end,-110.21182771528939,164,0.2,200.0,,,,,
5533,episode_end,-256.5919037278446,112,0.2,200.0,,,,,
5624,episode_end,-333.33914894815337,91,0.2,200.0,,,,,
5710,episode_end,173.58255423495865,86,0.2,200.0,,,,,
5804,episode_end,-263.24539981920077,94,0.2,200.0,,,,,
5890,episode_end,-139.25233175645548,86,0.2,200.0,,,,,
5972,episode_end,-331.9750849650736,82,0.2,200.0,,,,,
6000,train_step,,,0.2,200.0,6000,,,,
6114,episode_end,-315.30699241404443,142,0.2,200.0,,,,,
6231,episode_end,-177.5117095871022,117,0.2,200.0,,,,,
6399,episode_end,-403.4756015615515,168,0.2,200.0,,,,,
6475,episode_end,-23.255321232935913,76,0.2,200.0,,,,,
6583,episode_end,-286.9698355855259,108,0.2,200.0,,,,,
6762,episode_end,-345.8396531013335,179,0.2,200.0,,,,,
6841,episode_end,-73.02085947432633,79,0.2,200.0,,,,,
6929,episode_end,-168.9289771651916,88,0.2,200.0,,,,,
7000,train_step,,,0.2,200.0,7000,,,,
7019,episode_end,-315.94203813550814,90,0.2,200.0,,,,,
7104,episode_end,-319.18175028156656,85,0.2,200.0,,,,,
7217,episode_end,-177.90097200147005,113,0.2,200.0,,,,,
7360,episode_end,-202.85282324347645,143,0.2,200.0,,,,,
7534,episode_end,-166.21225480718073,174,0.2,200.0,,,,,
7647,episode_end,9.945441822700516,113,0.2,200.0,,,,,
7750,episode_end,-250.67905275241176,103,0.2,200.0,,,,,
7872,episode_end,-169.35099845320366,122,0.2,200.0,,,,,
7953,episode_end,-242.84967604284773,81,0.2,200.0,,,,,
8000,train_step,,,0.2,200.0,8000,,,,
8071,episode_end,-264.0583986720004,118,0.2,200.0,,,,,
8181,episode_end,-254.2380035483928,110,0.2,200.0,,,,,
8361,episode_end,-63.96112626850061,180,0.2,200.0,,,,,
8465,episode_end,-409.5418351135526,104,0.2,200.0,,,,,
8539,episode_end,51.226809303341014,74,0.2,200.0,,,,,
8648,episode_end,-259.71782729695116,109,0.2,200.0,,,,,
8759,episode_end,-364.5587605984821,111,0.2,200.0,,,,,
8850,episode_end,-74.68815974936996,91,0.2,200.0,,,,,
8932,episode_end,-110.75577652797413,82,0.2,200.0,,,,,
9000,train_step,,,0.2,200.0,9000,,,,
9019,episode_end,-204.44308758896287,87,0.2,200.0,,,,,
9150,episode_end,-55.91103784449827,131,0.2,200.0,,,,,
9269,episode_end,-175.48949256948606,119,0.2,200.0,,,,,
9375,episode_end,-227.78966441484135,106,0.2,200.0,,,,,
9501,episode_end,-246.09360499467192,126,0.2,200.0,,,,,
9624,episode_end,-412.4456995613631,123,0.2,200.0,,,,,
9699,episode_end,-244.07294922380942,75,0.2,200.0,,,,,
9792,episode_end,112.95450018047146,93,0.2,200.0,,,,,
9954,episode_end,-186.87701789796122,162,0.2,200.0,,,,,
10000,train_step,,,0.2,200.0,10000,95.99943542480469,-0.16021853685379028,-1.3589913845062256,-5.406087875366211
10082,episode_end,-288.57288245854363,128,0.1952248263840131,200.0,,,,,
10160,episode_end,-118.12817305805964,78,0.19116414571061732,200.0,,,,,
10226,episode_end,-66.00597559132288,66,0.18798516812125987,200.0,,,,,
10357,episode_end,-48.130423293773966,131,0.1820960241423584,200.0,,,,,
10481,episode_end,-79.6186644829649,124,0.17689612107360528,200.0,,,,,
10680,episode_end,-136.92165335154482,199,0.16878175495672512,200.0,,,,,
10822,episode_end,-251.34980203518143,142,0.16347364896158087,200.0,,,,,
10928,episode_end,-239.85564823067625,106,0.15978815564085483,200.0,,,,,
11000,train_step,,,0.15739188688230887,200.0,11000,100.54414367675781,4.622121810913086,0.7890186309814453,-2.2391245365142822
11117,episode_end,-236.98486665264048,189,0.1538007401371852,200.0,,,,,
11295,episode_end,-204.00657703616972,178,0.1491135868571976,200.0,,,,,
11457,episode_end,-172.23503777625268,162,0.1455057316086995,200.0,,,,,
11698,episode_end,-14.55523109198117,241,0.14096596630917552,200.0,,,,,
11808,episode_end,-75.2276328221754,110,0.1393103177155619,200.0,,,,,
12000,train_step,,,0.1367784164664273,200.0,12000,56.728187561035156,4.863735198974609,1.4861783981323242,-1.022193193435669
12090,episode_end,131.26919986925475,282,0.13561385244554358,200.0,,,,,
12304,episode_end,161.11922170959457,214,0.13345025232428825,200.0,,,,,
12524,episode_end,41.5396852688105,220,0.13161331602658674,200.0,,,,,
12779,episode_end,216.22061024186883,255,0.12883686281770473,200.0,,,,,
13000,train_step,,,0.1271248622531362,200.0,13000,60.1885986328125,6.5818586349487305,1.805640697479248,-0.40088269114494324
13779,episode_end,-89.66256728269248,1000,0.12228718631711781,200.0,,,,,
14000,train_step,,,0.11959102958674643,200.0,14000,19.639541625976562,0.5083880424499512,2.147886276245117,0.31406301259994507
14429,episode_end,171.00156907522756,650,0.11494080832836723,200.0,,,,,
14923,episode_end,395.47742426075536,494,0.11474942512811367,200.0,,,,,
15000,train_step,,,0.11480967965736337,200.0,15000,150.94268798828125,3.7918004989624023,2.111034870147705,0.24033236503601074
15327,episode_end,-31.751799646372575,404,0.11837542966938215,200.0,,,,,
15500,episode_end,16.71841810986824,173,0.11906910645102908,200.0,,,,,
15806,episode_end,376.77113263037506,306,0.12188813540709241,200.0,,,,,
15956,episode_end,229.53324419212623,150,0.12436913431193283,200.0,,,,,
16000,train_step,,,0.12519198899768913,200.0,16000,25.591049194335938,-3.7050201892852783,2.084078311920166,0.17470672726631165
16358,episode_end,-143.97725963068606,402,0.1287928852285523,200.0,,,,,
16520,episode_end,31.048741436773668,162,0.13021472427159733,200.0,,,,,
16689,episode_end,211.9275991988224,169,0.1305813254645931,200.0,,,,,
16878,episode_end,245.03331145698274,189,0.12954611006306907,200.0,,,,,
17000,train_step,,,0.13045108923841775,200.0,17000,23.094287872314453,-8.209096908569336,2.115642547607422,0.23553591966629028
17066,episode_end,222.8174305925342,188,0.1310037007259794,200.0,,,,,
17229,episode_end,255.34119870612062,163,0.13395786238253563,200.0,,,,,
17388,episode_end,-88.0322881765396,159,0.13524852972230775,200.0,,,,,
17520,episode_end,-25.542091945981994,132,0.13709587771304385,200.0,,,,,
17636,episode_end,-23.331940121792357,116,0.13780010726678799,200.0,,,,,
17776,episode_end,166.85615200327618,140,0.13725164800178466,200.0,,,,,
17905,episode_end,-8.350291957387611,129,0.13824392680650294,200.0,,,,,
18000,train_step,,,0.13744880923446112,200.0,18000,44.90678024291992,-11.870107650756836,2.107593059539795,0.2135186493396759
18024,episode_end,169.2721931359509,119,0.13729954791847643,200.0,,,,,
18144,episode_end,-3.052922804632715,120,0.13684954720974787,200.0,,,,,
18272,episode_end,-15.884954616880165,128,0.13712290231438642,200.0,,,,,
18417,episode_end,2.119562334077301,145,0.1390369064957518,200.0,,,,,
18532,episode_end,199.7027579393898,115,0.13879279211574042,200.0,,,,,
18632,episode_end,21.556859360803827,100,0.13977319536575153,200.0,,,,,
18742,episode_end,23.915962361744135,110,0.14007406633349578,200.0,,,,,
18822,episode_end,-25.459496900681117,80,0.14045538187302734,200.0,,,,,
18921,episode_end,36.78708176072291,99,0.1408642750913882,200.0,,,,,
19000,train_step,,,0.14228465549685418,200.0,19000,324.79736328125,-8.029890060424805,2.140235424041748,0.27344876527786255
19041,episode_end,11.705888530766686,120,0.14329017122458365,200.0,,,,,
19148,episode_end,7.215427551281891,107,0.14418688210477723,200.0,,,,,
19265,episode_end,26.574072620642625,117,0.1447773462517971,200.0,,,,,
19379,episode_end,212.91005788220082,114,0.1459228725082624,200.0,,,,,
19476,episode_end,0.8691821957580288,97,0.14578473155711502,200.0,,,,,
19652,episode_end,6.987821869100827,176,0.14422345847951398,200.0,,,,,
19796,episode_end,-9.138621545373041,144,0.14279852774097065,200.0,,,,,
19938,episode_end,201.139544486541,142,0.1435811237341753,200.0,,,,,
20000,train_step,,,0.1435107910935735,200.0,20000,14.543821334838867,-23.422332763671875,1.9729714393615723,-0.05247177183628082
20323,episode_end,468.13470860655184,385,0.1457648343055631,200.0,,,,,
20454,episode_end,11.315954723416851,131,0.14891236179152678,200.0,,,,,
20611,episode_end,19.28483157633417,157,0.15261650024032036,200.0,,,,,
20749,episode_end,-18.734624600189903,138,0.15435552630525448,200.0,,,,,
20953,episode_end,-72.87422650319218,204,0.15679554897997255,200.0,,,,,
21000,train_step,,,0.1565876767752585,200.0,21000,308.4886474609375,-24.343236923217773,1.7448008060455322,-0.4731748104095459
21157,episode_end,-82.72300820548386,204,0.15635873572644768,200.0,,,,,
21363,episode_end,-14.42532559745625,206,0.15665113017409743,200.0,,,,,
21615,episode_end,122.72407764108235,252,0.15587761265536929,200.0,,,,,
21793,episode_end,-3.277399910210164,178,0.1559552379949086,200.0,,,,,
21991,episode_end,156.73887963280254,198,0.15519117367152324,200.0,,,,,
22000,train_step,,,0.15543445630753283,200.0,22000,30.109786987304688,-19.60387420654297,2.09375,0.1745184063911438
22113,episode_end,188.9145381813707,122,0.15409770456280558,200.0,,,,,
22293,episode_end,1.0400439601233273,180,0.1503226206784646,200.0,,,,,
22505,episode_end,-28.191940446795044,212,0.14591116682212052,200.0,,,,,
22649,episode_end,-10.402552231315426,144,0.14413814160577362,200.0,,,,,
22824,episode_end,-23.59504718177797,175,0.1420019257118493,200.0,,,,,
23000,train_step,,,0.13966652651675784,200.0,23000,30.93372344970703,-27.306116104125977,1.7496533393859863,-0.49280667304992676
23085,episode_end,439.258569416393,261,0.13892717034025784,200.0,,,,,
23381,episode_end,259.8162166441019,296,0.14032384286794203,200.0,,,,,
23529,episode_end,17.634563161627284,148,0.13968827562650532,200.0,,,,,
23891,episode_end,-42.40682226021801,362,0.13840368996576327,200.0,,,,,
24000,train_step,,,0.13979926335666334,200.0,24000,74.30455780029297,-29.01140785217285,2.0129952430725098,0.025568656623363495
24009,episode_end,-4.518249765326203,118,0.14007167599433062,200.0,,,,,
24182,episode_end,9.011565923833501,173,0.13992855285929426,200.0,,,,,
24308,episode_end,-16.340242819467875,126,0.14024432052491106,200.0,,,,,
24834,episode_end,283.5758133058308,526,0.13910032244155893,200.0,,,,,
25000,train_step,,,0.13924975967521305,200.0,25000,488.8530578613281,-27.7122802734375,1.7109031677246094,-0.5699504613876343
25449,episode_end,254.29351412138436,615,0.13688978782393682,200.0,,,,,
25704,episode_end,221.43235851578436,255,0.13924814295669902,200.0,,,,,
25999,episode_end,239.5311535674711,295,0.13808903157577726,200.0,,,,,
26000,train_step,,,0.13808141047552192,200.0,26000,80.988037109375,-21.828975677490234,1.7763481140136719,-0.44281113147735596
26250,episode_end,-25.610018469809816,251,0.13990150505945767,200.0,,,,,
26419,episode_end,150.74256540389433,169,0.14097252157502405,200.0,,,,,
27000,train_step,,,0.13965151565706907,200.0,27000,279.27862548828125,-35.761924743652344,2.2242870330810547,0.4415328800678253
27116,episode_end,215.38074214224034,697,0.14152340943092054,200.0,,,,,
27366,episode_end,247.9030632631238,250,0.14158852689659235,200.0,,,,,
27514,episode_end,2.982987221409374,148,0.14030561832832306,200.0,,,,,
27701,episode_end,12.262904607333539,187,0.13933683868931193,200.0,,,,,
27861,episode_end,163.63252479280726,160,0.13888991971160053,200.0,,,,,
28000,train_step,,,0.13824724969477953,200.0,28000,34.76566696166992,-43.472381591796875,2.0817065238952637,0.16167369484901428
28058,episode_end,30.487570585223153,197,0.13869765236746365,200.0,,,,,
28170,episode_end,26.957562365924858,112,0.13992359183126715,200.0,,,,,
28368,episode_end,32.40025043098572,198,0.1405590121583565,200.0,,,,,
28521,episode_end,39.11070289811937,153,0.14033557281327946,200.0,,,,,
28831,episode_end,-35.672034988686136,310,0.13815803749356362,200.0,,,,,
29000,train_step,,,0.1381860095504721,200.0,29000,34.310604095458984,-39.26422119140625,1.9147188663482666,-0.16878466308116913
29015,episode_end,-15.702097035399703,184,0.1382664637378613,200.0,,,,,
29204,episode_end,-5.648020396814275,189,0.1394861859259676,200.0,,,,,
29328,episode_end,238.82639701221444,124,0.13901480277331352,200.0,,,,,
29467,episode_end,5.313763418204488,139,0.138066938780493,200.0,,,,,
29604,episode_end,235.486978640198,137,0.13673801508800137,200.0,,,,,
29765,episode_end,68.97900445947727,161,0.13615250190043424,200.0,,,,,
30000,train_step,,,0.13750821642791267,200.0,30000,312.729248046875,-45.596168518066406,1.821378231048584,-0.3543984293937683
30468,episode_end,203.1174785442356,703,0.13400002059556484,200.0,,,,,
30894,episode_end,-21.408949022961707,426,0.13768169339939093,200.0,,,,,
31000,train_step,,,0.13817232008298458,200.0,31000,19.852333068847656,-34.574928283691406,1.829770803451538,-0.3369266092777252
31228,episode_end,219.40590110770248,334,0.1389341926364101,200.0,,,,,
31418,episode_end,162.0100658268786,190,0.1401684010119313,200.0,,,,,
31590,episode_end,-1.2644638303741829,172,0.13922652432721078,200.0,,,,,
31905,episode_end,258.8349053496948,315,0.1421325257608168,200.0,,,,,
32000,train_step,,,0.14312765499254634,200.0,32000,20.73687744140625,-36.1190071105957,2.007636547088623,0.014845207333564758
32042,episode_end,56.322310168775516,137,0.14375713511131077,200.0,,,,,
32259,episode_end,79.47606131378697,217,0.14567474121469098,200.0,,,,,
32412,episode_end,222.5928786540166,153,0.14605312875190807,200.0,,,,,
32664,episode_end,484.929072811685,252,0.14818870574364323,200.0,,,,,
32795,episode_end,-5.027913882681389,131,0.14677286469607081,200.0,,,,,
32955,episode_end,174.5231097935344,160,0.14585493033169153,200.0,,,,,
33000,train_step,,,0.14547208181413526,200.0,33000,42.340911865234375,-34.204444885253906,1.9574804306030273,-0.08196814358234406
33090,episode_end,-3.5856885330936024,135,0.144725642484495,200.0,,,,,
33201,episode_end,37.05200283520722,111,0.14533685795065251,200.0,,,,,
33687,episode_end,428.6524479526715,486,0.1443198383217082,200.0,,,,,
33820,episode_end,188.85496551890486,133,0.14462990816405932,200.0,,,,,
34000,train_step,,,0.1435015602438355,200.0,34000,28.304157257080078,-33.37166213989258,2.026242256164551,0.05094720423221588
34049,episode_end,233.54623270010308,229,0.143536537429036,200.0,,,,,
34337,episode_end,281.8674796443536,288,0.1421299320891718,200.0,,,,,
34661,episode_end,248.00437460656607,324,0.14159967875751583,200.0,,,,,
34871,episode_end,175.89894748356352,210,0.14115659165207214,200.0,,,,,
35000,train_step,,,0.1405123588650993,200.0,35000,36.09550476074219,-38.461368560791016,2.0524020195007324,0.102836973965168
35106,episode_end,17.248900700013934,235,0.141697286642614,200.0,,,,,
35377,episode_end,416.4200254954203,271,0.14479778766361268,200.0,,,,,
35950,episode_end,397.46879126121644,573,0.14877898513435794,200.0,,,,,
36000,train_step,,,0.14905903381186106,200.0,36000,29.79881477355957,-38.54685974121094,2.041581392288208,0.07914657890796661
36098,episode_end,226.27446092096812,148,0.1491384279574355,200.0,,,,,
36274,episode_end,-13.50828873584885,176,0.150965072638447,200.0,,,,,
36896,episode_end,-24.494797480091194,622,0.1532852951440793,200.0,,,,,
37000,train_step,,,0.15597739736902638,200.0,37000,22.629920959472656,-43.61941146850586,1.790802001953125,-0.3886989653110504
37092,episode_end,5.419136498504159,196,0.15724895798751679,200.0,,,,,
37234,episode_end,150.62789556217953,142,0.15746520461271207,200.0,,,,,
37476,episode_end,232.18662612132675,242,0.15531988949529646,200.0,,,,,
37684,episode_end,199.48727571872882,208,0.15369482783317037,200.0,,,,,
38000,train_step,,,0.15132776192356476,200.0,38000,99.48435974121094,-35.85486602783203,2.055063247680664,0.10397619009017944
38279,episode_end,264.0925826361948,595,0.15210302675243917,200.0,,,,,
38492,episode_end,43.268779468563736,213,0.146707044219151,200.0,,,,,
38918,episode_end,-82.35847533045562,426,0.14291679784843056,200.0,,,,,
39000,train_step,,,0.1423143107432654,200.0,39000,315.4131774902344,-42.7532958984375,1.8600417375564575,-0.2728789448738098
39051,episode_end,10.32270848813954,133,0.14278527357924634,200.0,,,,,
39272,episode_end,461.8119067411052,221,0.14464347505712252,200.0,,,,,
39516,episode_end,217.71824743090758,244,0.14342755437983673,200.0,,,,,
39761,episode_end,105.18513149267363,245,0.1421891275850693,200.0,,,,,
39889,episode_end,229.67842111237036,128,0.1394878178752257,200.0,,,,,
40000,train_step,,,0.14211969884919487,200.0,40000,595.952880859375,-42.22486877441406,1.969552993774414,-0.05940482020378113
40135,episode_end,255.5381698030261,246,0.1434991113889004,200.0,,,,,
40434,episode_end,395.21081065889916,299,0.1456028551284206,200.0,,,,,
40635,episode_end,150.08913417361322,201,0.1460010496685714,200.0,,,,,
40907,episode_end,231.86938008396288,272,0.14720826026431996,200.0,,,,,
41000,train_step,,,0.14807024713853734,200.0,41000,49.36506652832031,-39.73481750488281,2.025974988937378,0.04961409047245979
41067,episode_end,-79.38314600385348,160,0.14939735844306695,200.0,,,,,
41357,episode_end,194.34618950920037,290,0.14705619508478934,200.0,,,,,
41675,episode_end,447.6353795875052,318,0.1506037456890711,200.0,,,,,
42000,train_step,,,0.1461075571645682,200.0,42000,96.95330810546875,-46.30449676513672,1.9442687034606934,-0.10719414055347443
42098,episode_end,397.5096712739004,423,0.14510367815227168,200.0,,,,,
42280,episode_end,-26.874519587204418,182,0.1492472344551387,200.0,,,,,
42587,episode_end,19.44917877604918,307,0.15423445686254522,200.0,,,,,
43000,train_step,,,0.15922724611638425,200.0,43000,49.58726501464844,-41.3532829284668,1.989108681678772,-0.020011983811855316
43154,episode_end,119.98377968857491,567,0.161611285996579,200.0,,,,,
43322,episode_end,82.23611474597965,168,0.16159433817350144,200.0,,,,,
43637,episode_end,143.6870742093263,315,0.1636619795846365,200.0,,,,,
44000,train_step,,,0.16546423266449997,200.0,44000,49.69154739379883,-51.79911804199219,2.007469654083252,0.013437934219837189
44038,episode_end,426.1459295275844,401,0.16642863374266847,200.0,,,,,
44362,episode_end,-54.75690046453425,324,0.16417082900196903,200.0,,,,,
44881,episode_end,417.1061546934645,519,0.1571202747850331,200.0,,,,,
45000,train_step,,,0.15698905342826028,200.0,45000,20.698148727416992,-44.113807678222656,1.8956363201141357,-0.19323766231536865
45106,episode_end,440.23420807828734,225,0.158121698390739,200.0,,,,,
45331,episode_end,178.80198243849998,225,0.1577163967564319,200.0,,,,,
45763,episode_end,442.4754883203632,432,0.15605091699587076,200.0,,,,,
46000,train_step,,,0.15646197590211233,200.0,46000,331.79888916015625,-45.60247802734375,2.0896456241607666,0.16628772020339966
46026,episode_end,443.67320588829284,263,0.15712683636599153,200.0,,,,,
46205,episode_end,134.37252903816295,179,0.1540311102857907,200.0,,,,,
46428,episode_end,430.8297615247491,223,0.1487295938567205,200.0,,,,,
46548,episode_end,243.0481974757147,120,0.14851236725545372,200.0,,,,,
46726,episode_end,478.7777369816589,178,0.1510738034560975,200.0,,,,,
47000,train_step,,,0.15482792211571186,200.0,47000,589.2195434570312,-42.07910919189453,1.852785348892212,-0.2746201157569885
47137,episode_end,-3.5902160011178523,411,0.15923948332911955,200.0,,,,,
47308,episode_end,180.7343700423437,171,0.16760235591177228,200.0,,,,,
47759,episode_end,337.05218281440074,451,0.16415483901638966,200.0,,,,,
48000,train_step,,,0.1604499041906073,200.0,48000,31.897294998168945,-44.898502349853516,1.9923715591430664,-0.013958185911178589
48054,episode_end,107.50879162935973,295,0.16067675204050386,200.0,,,,,
48428,episode_end,-241.33406393566696,374,0.15993350893791003,200.0,,,,,
48853,episode_end,187.23772419546282,425,0.16547690167112672,200.0,,,,,
49000,train_step,,,0.16639114040499137,200.0,49000,364.41070556640625,-44.32774353027344,2.128009557723999,0.22957409918308258
49665,episode_end,143.64076676076706,812,0.166244041091518,200.0,,,,,
50000,train_step,,,0.16181622445934707,200.0,50000,34.268714904785156,-50.33135986328125,1.9233710765838623,-0.1395639181137085
50026,episode_end,212.6133723443088,361,0.16190041440218175,200.0,,,,,
51000,train_step,,,0.16386257728851503,200.0,51000,308.6330871582031,-49.686439514160156,2.0096237659454346,0.017406582832336426
51026,episode_end,122.25385017879061,1000,0.16373062681218256,200.0,,,,,
51553,episode_end,-74.0875286641926,527,0.16086335445089642,200.0,,,,,
51636,episode_end,238.3327534603311,83,0.16110084550665665,200.0,,,,,
51939,episode_end,-77.37814347829328,303,0.16001374689064124,200.0,,,,,
52000,train_step,,,0.1590989460209585,200.0,52000,676.0298461914062,-48.35167694091797,1.613218069076538,-0.7109938263893127
52183,episode_end,101.14376702692601,244,0.15509123334748118,200.0,,,,,
52825,episode_end,133.00478777027888,642,0.15244476595609624,200.0,,,,,
53000,train_step,,,0.14947705198646755,200.0,53000,28.002960205078125,-48.82273864746094,1.9914653301239014,-0.016221124678850174
53310,episode_end,356.508794674575,485,0.1475076786954281,200.0,,,,,
53769,episode_end,-340.2362676459992,459,0.15270219757739564,200.0,,,,,
53939,episode_end,466.7801933059196,170,0.15148509327961676,200.0,,,,,
54000,train_step,,,0.1521961262641935,200.0,54000,545.5076904296875,-45.20353317260742,1.985637903213501,-0.0270378440618515
54104,episode_end,451.1949006713903,165,0.15488982873599239,200.0,,,,,
54425,episode_end,465.10403555505746,321,0.1483884866970515,200.0,,,,,
55000,train_step,,,0.1503996797955479,200.0,55000,35.84162139892578,-44.45237731933594,1.960566759109497,-0.07470490038394928
55146,episode_end,401.89498378764455,721,0.1491418466555023,200.0,,,,,
55890,episode_end,178.02431511921168,744,0.15049599806173392,200.0,,,,,
56000,train_step,,,0.15009072541447438,200.0,56000,59.629173278808594,-44.65882873535156,1.7905184030532837,-0.39728492498397827
56450,episode_end,105.64770392041865,560,0.1469528963509073,200.0,,,,,
57000,train_step,,,0.14483021913066274,200.0,57000,62.58695983886719,-46.770572662353516,1.9600837230682373,-0.0771259143948555
57447,episode_end,312.55827591416585,997,0.14705316384388895,200.0,,,,,
57598,episode_end,488.0894246421964,151,0.14464964808192324,200.0,,,,,
58000,train_step,,,0.14843501658873892,200.0,58000,68.423095703125,-46.468544006347656,2.17897367477417,0.3414115905761719
58240,episode_end,422.2079618854929,642,0.15112365074665757,200.0,,,,,
58722,episode_end,473.46429475891154,482,0.1508208442311888,200.0,,,,,
59000,train_step,,,0.15216627403152255,200.0,59000,63.002952575683594,-55.240142822265625,1.877208948135376,-0.23118875920772552
59722,episode_end,169.55930443096645,1000,0.14585302906961797,200.0,,,,,
59933,episode_end,471.21016562581406,211,0.1469790144463548,200.0,,,,,
60000,train_step,,,0.1476030104265576,200.0,60000,334.2625427246094,-53.4344482421875,1.9714653491973877,-0.054593343287706375
60933,episode_end,149.71903307980276,1000,0.14921527632271714,200.0,,,,,
61000,train_step,,,0.1495396939767621,200.0,61000,159.87521362304688,-53.54014587402344,1.8279500007629395,-0.3269280791282654
61933,episode_end,110.81888304163674,1000,0.14171656621050252,200.0,,,,,
62000,train_step,,,0.1440819200864229,200.0,62000,18.04898452758789,-57.46067810058594,2.0800352096557617,0.15505801141262054
62173,episode_end,291.1459775894517,240,0.14632199285169736,200.0,,,,,
62531,episode_end,264.53152030127217,358,0.14945092183061634,200.0,,,,,
63000,train_step,,,0.14893446396462817,200.0,63000,180.582275390625,-53.79002380371094,1.910868763923645,-0.16972818970680237
63325,episode_end,303.446801475161,794,0.15185468927174606,200.0,,,,,
64000,train_step,,,0.14862664899300296,200.0,64000,50.61628723144531,-60.112125396728516,2.0838422775268555,0.1598302125930786
64325,episode_end,227.6643195592892,1000,0.14973473933097367,200.0,,,,,
65000,train_step,,,0.14718768093458146,200.0,65000,25.537403106689453,-46.49669647216797,1.8842439651489258,-0.22179393470287323
65121,episode_end,377.8858682423834,796,0.1475583694791069,200.0,,,,,
66000,train_step,,,0.14434711128434577,200.0,66000,54.77311706542969,-55.52178955078125,1.8831015825271606,-0.22626104950904846
66091,episode_end,307.73924885981296,970,0.14525598229283382,200.0,,,,,
66459,episode_end,426.18753093350557,368,0.14597712053445253,200.0,,,,,
66925,episode_end,465.8792822754046,466,0.15413955144903224,200.0,,,,,
67000,train_step,,,0.1563335783969598,200.0,67000,56.743160247802734,-55.31703567504883,2.1000072956085205,0.185589998960495
67209,episode_end,490.478929078817,284,0.15547783486974723,200.0,,,,,
68000,train_step,,,0.1513961598730361,200.0,68000,62.43226623535156,-54.600135803222656,1.8853622674942017,-0.21641936898231506
68080,episode_end,371.40329844130343,871,0.15084136371771087,200.0,,,,,
68949,episode_end,-133.46706983110363,869,0.14442732922604,200.0,,,,,
69000,train_step,,,0.14345915349705102,200.0,69000,326.39031982421875,-53.75627136230469,2.010542154312134,0.020469628274440765
69309,episode_end,439.80362502843104,360,0.14184845449088432,200.0,,,,,
70000,train_step,,,0.14721813131055486,200.0,70000,39.66740417480469,-51.164390563964844,1.8291614055633545,-0.3272993564605713
70309,episode_end,131.4955601035116,1000,0.14777031664767643,200.0,,,,,
71000,train_step,,,0.15920333725593533,200.0,71000,291.2562561035156,-48.675331115722656,2.117410182952881,0.21575003862380981
71309,episode_end,174.80056960792297,1000,0.15445201870911485,200.0,,,,,
72000,train_step,,,0.14546849714990975,200.0,72000,42.58161163330078,-55.286766052246094,2.189894199371338,0.366077184677124
72309,episode_end,184.04949496037386,1000,0.14459537997980204,200.0,,,,,
72615,episode_end,498.4110766352928,306,0.1461071201554044,200.0,,,,,
73000,train_step,,,0.1461334807839723,200.0,73000,121.47370147705078,-48.39588928222656,1.764007568359375,-0.45386865735054016
73615,episode_end,180.7100919788838,1000,0.1393765650320543,200.0,,,,,
74000,train_step,,,0.1402458769670447,200.0,74000,29.617469787597656,-51.451351165771484,2.0822877883911133,0.161642923951149
74273,episode_end,388.2855103059536,658,0.1395477068700486,200.0,,,,,
74870,episode_end,448.70263593972817,597,0.1502639569301746,200.0,,,,,
75000,train_step,,,0.1524064854577406,200.0,75000,25.203847885131836,-48.97927474975586,1.8744027614593506,-0.23627391457557678
75723,episode_end,306.6453449117105,853,0.14222570071521168,200.0,,,,,
76000,train_step,,,0.14234200135596398,200.0,76000,31.185380935668945,-60.68113708496094,2.0752694606781006,0.14673933386802673
76004,episode_end,491.284573358305,281,0.14233420538188102,200.0,,,,,
76208,episode_end,475.42511992949426,204,0.14223577523265013,200.0,,,,,
76510,episode_end,455.06928667646554,302,0.14191261194701757,200.0,,,,,
76766,episode_end,483.07282353768534,256,0.14518980807464565,200.0,,,,,
77000,train_step,,,0.14616629833847916,200.0,77000,261.4815673828125,-51.392459869384766,2.0600061416625977,0.11539250612258911
77069,episode_end,452.184214137329,303,0.14578885248993073,200.0,,,,,
77280,episode_end,481.45654928946044,211,0.1444005898483308,200.0,,,,,
77523,episode_end,468.3648489397035,243,0.1463814480578777,200.0,,,,,
77684,episode_end,-22.083449113169024,161,0.14527723859834293,200.0,,,,,
77949,episode_end,457.3713922083035,265,0.1448456611942704,200.0,,,,,
78000,train_step,,,0.1448929640276793,200.0,78000,844.845703125,-56.676971435546875,2.0895700454711914,0.17302808165550232
78054,episode_end,199.74507302941828,105,0.145556737760928,200.0,,,,,
78198,episode_end,163.5504812343491,144,0.1476746136075402,200.0,,,,,
78282,episode_end,194.73669199701925,84,0.14770516894819874,200.0,,,,,
78455,episode_end,479.15619208375955,173,0.15034881858548135,200.0,,,,,
78578,episode_end,205.55273147515976,123,0.14966535272600937,200.0,,,,,
78710,episode_end,200.91141389206842,132,0.14724019723472723,200.0,,,,,
79000,train_step,,,0.14815925834473137,200.0,79000,25.088260650634766,-47.86835479736328,1.9251127243041992,-0.14299461245536804
79056,episode_end,460.77571293270114,346,0.1493369199820462,200.0,,,,,
79312,episode_end,465.57901371782685,256,0.14784266470592033,200.0,,,,,
79459,episode_end,165.4384447125264,147,0.14908824116267597,200.0,,,,,
79733,episode_end,286.3878920251791,274,0.1507534397143464,200.0,,,,,
80000,train_step,,,0.15229277142609718,200.0,80000,20.56786346435547,-56.01385498046875,1.8537094593048096,-0.2753117084503174
80017,episode_end,439.67457253935146,284,0.15248088531204126,200.0,,,,,
80153,episode_end,8.270231873985935,136,0.15185908175612567,200.0,,,,,
80282,episode_end,-37.09413564909028,129,0.149042236854175,200.0,,,,,
80528,episode_end,474.4093814462368,246,0.14791499480629505,200.0,,,,,
80815,episode_end,472.27519741122086,287,0.1515428517626997,200.0,,,,,
81000,train_step,,,0.1469897329407332,200.0,81000,32.870826721191406,-66.10834503173828,1.9546687602996826,-0.0869179368019104
81364,episode_end,417.3460324343662,549,0.15076066093863075,200.0,,,,,
81581,episode_end,484.694994346061,217,0.15336397361646836,200.0,,,,,
82000,train_step,,,0.1533636542720556,200.0,82000,111.9707260131836,-54.362762451171875,1.9129745960235596,-0.16316761076450348
82496,episode_end,367.3774385893761,915,0.1599816292660761,200.0,,,,,
82644,episode_end,453.16941543165706,148,0.15897564539594114,200.0,,,,,
83000,episode_end,415.08666150627187,356,0.15611562610450144,200.0,,,,,
83000,train_step,,,0.15611562610450144,200.0,83000,23.031631469726562,-55.66313171386719,1.9089604616165161,-0.16907499730587006
83127,episode_end,219.25295034584008,127,0.1586361891644971,200.0,,,,,
83372,episode_end,460.6962269739132,245,0.16109609019845317,200.0,,,,,
83555,episode_end,434.8998644482959,183,0.16211736438293978,200.0,,,,,
83665,episode_end,212.46171869587744,110,0.15881491967615616,200.0,,,,,
83852,episode_end,457.8555540074423,187,0.15536584101838138,200.0,,,,,
84000,train_step,,,0.1532668774650232,200.0,84000,77.751953125,-64.1878662109375,2.1043701171875,0.19575396180152893
84210,episode_end,462.27823514033923,358,0.1549780886183354,200.0,,,,,
84416,episode_end,471.3259969567926,206,0.1568637226402729,200.0,,,,,
85000,train_step,,,0.15903613297935243,200.0,85000,514.2418212890625,-58.76338195800781,1.8973360061645508,-0.18876050412654877
85062,episode_end,430.85683056139624,646,0.15859652604098323,200.0,,,,,
85139,episode_end,192.8136606338066,77,0.15839824814478526,200.0,,,,,
86000,train_step,,,0.15773242463350418,200.0,86000,327.6790466308594,-60.83348846435547,2.039660930633545,0.07324784994125366
86139,episode_end,207.36436727362553,1000,0.15839717032006137,200.0,,,,,
86481,episode_end,433.30939342961216,342,0.15648159648169513,200.0,,,,,
86622,episode_end,218.96621173519003,141,0.15403946343625222,200.0,,,,,
87000,train_step,,,0.1541837628772033,200.0,87000,43.70908737182617,-53.635250091552734,1.9727447032928467,-0.050956904888153076
87140,episode_end,419.6935715672915,518,0.15348921472869492,200.0,,,,,
87260,episode_end,220.2892933361136,120,0.15589270662115653,200.0,,,,,
87628,episode_end,483.49925115260095,368,0.16281661893349475,200.0,,,,,
88000,train_step,,,0.1688004168842532,200.0,88000,54.679527282714844,-58.391746520996094,1.8530099391937256,-0.26150089502334595
88178,episode_end,422.7011015089514,550,0.16873146544440182,200.0,,,,,
88371,episode_end,314.2323035291493,193,0.16587685883890996,200.0,,,,,
88592,episode_end,511.75783919582074,221,0.16468350459317113,200.0,,,,,
88735,episode_end,218.94681953294025,143,0.161748675937573,200.0,,,,,
89000,train_step,,,0.16396124258139855,200.0,89000,85.06134796142578,-61.22004699707031,2.0602400302886963,0.10892151296138763
89328,episode_end,405.55334150584247,593,0.16056869645083802,200.0,,,,,
89708,episode_end,429.4315745832347,380,0.16095197073260517,200.0,,,,,
89901,episode_end,471.25729384620723,193,0.160401432081508,200.0,,,,,
90000,train_step,,,0.16160922583906276,200.0,90000,351.72412109375,-64.2715835571289,1.99908447265625,-0.0016686096787452698
90123,episode_end,470.3062177140143,222,0.15954342595592685,200.0,,,,,
90466,episode_end,133.89041755744915,343,0.1555273621797806,200.0,,,,,
90846,episode_end,499.96677784236624,380,0.15605780646351503,200.0,,,,,
91000,train_step,,,0.1548206504925307,200.0,91000,670.2850341796875,-61.70686340332031,1.8033373355865479,-0.36687180399894714
91201,episode_end,476.02085100683814,355,0.15670291983855983,200.0,,,,,
91416,episode_end,457.2702614639138,215,0.1564934912961502,200.0,,,,,
91616,episode_end,462.3609130652342,200,0.1554854668272268,200.0,,,,,
91787,episode_end,455.839052939969,171,0.15747911218015956,200.0,,,,,
92000,train_step,,,0.16166786231350946,200.0,92000,45.44109344482422,-67.51980590820312,1.9281185865402222,-0.13098303973674774
92043,episode_end,498.5017907653561,256,0.16137758250127002,200.0,,,,,
92198,episode_end,286.47993448259416,155,0.15979686970178206,200.0,,,,,
92543,episode_end,493.30480803569196,345,0.15821904010493698,200.0,,,,,
92898,episode_end,487.8175653472836,355,0.1541128872013305,200.0,,,,,
93000,train_step,,,0.15533866097304522,200.0,93000,309.05218505859375,-64.88323974609375,2.280190944671631,0.5217568278312683
93388,episode_end,456.5715136640193,490,0.15846393142983575,200.0,,,,,
93814,episode_end,404.5755084515486,426,0.16145361399886182,200.0,,,,,
94000,train_step,,,0.15449480319221467,200.0,94000,33.19171905517578,-68.66114044189453,1.7763159275054932,-0.4177513122558594
94160,episode_end,501.67809796226913,346,0.15251448692221387,200.0,,,,,
94376,episode_end,500.49946989984755,216,0.1544047520285635,200.0,,,,,
94768,episode_end,484.06916525918393,392,0.1567271730979875,200.0,,,,,
94892,episode_end,240.84714517657028,124,0.15729349426529945,200.0,,,,,
95000,train_step,,,0.15821849029019602,200.0,95000,71.39144897460938,-62.02312469482422,2.166707992553711,0.3073722720146179
95082,episode_end,439.4298338559712,190,0.15914368917985153,200.0,,,,,
95222,episode_end,255.20585833114865,140,0.15885920413730745,200.0,,,,,
95419,episode_end,486.8920104949887,197,0.16195630663035243,200.0,,,,,
95739,episode_end,431.57974880851293,320,0.16538905488722147,200.0,,,,,
96000,train_step,,,0.16053928791595853,200.0,96000,41.745086669921875,-63.533016204833984,1.9469767808914185,-0.09699079394340515
96207,episode_end,459.0835909401796,468,0.16135357584048274,200.0,,,,,
96439,episode_end,482.8942308966154,232,0.15932468632309804,200.0,,,,,
96976,episode_end,448.8085376765008,537,0.15556514296139803,200.0,,,,,
97000,train_step,,,0.15597068096732922,200.0,97000,21.29064178466797,-67.57638549804688,1.7716647386550903,-0.42426684498786926
97608,episode_end,414.91853187340695,632,0.15728523890303556,200.0,,,,,
98000,train_step,,,0.15791278697447952,200.0,98000,42.13729476928711,-65.6357650756836,1.863952875137329,-0.25110378861427307
98244,episode_end,422.20325906338934,636,0.15775467499898102,200.0,,,,,
98784,episode_end,415.0577624165452,540,0.15914610260913994,200.0,,,,,
99000,train_step,,,0.15964903798792232,200.0,99000,144.86248779296875,-61.99249267578125,2.0779263973236084,0.14297746121883392
99139,episode_end,406.6121569072767,355,0.1595525437844181,200.0,,,,,
99595,episode_end,371.0837200730916,456,0.15762149610078124,200.0,,,,,
99837,episode_end,495.38901151624856,242,0.15661528661149698,200.0,,,,,
100000,train_step,,,0.15692215482465732,200.0,100000,105.31787109375,-69.11856079101562,2.188016891479492,0.3482081890106201
100150,episode_end,507.8485550289766,313,0.1582511244669116,200.0,,,,,
100689,episode_end,406.8455717584739,539,0.15712567871609812,200.0,,,,,
101000,train_step,,,0.15953588951562797,200.0,100000,444.6630859375,-59.817626953125,2.003835678100586,0.007040105760097504
101289,episode_end,429.7241833974602,600,0.15941278672878584,200.0,,,,,
101435,episode_end,185.32920975850624,146,0.15794522898157987,200.0,,,,,
101603,episode_end,491.7881728605884,168,0.15601928309168184,200.0,,,,,
102000,train_step,,,0.15062079626950525,200.0,100000,66.85768127441406,-65.19464111328125,1.9906691312789917,-0.01766335964202881
102116,episode_end,370.19334300740906,513,0.1498430740372046,200.0,,,,,
102224,episode_end,211.88760929873052,108,0.149571746954962,200.0,,,,,
102819,episode_end,433.5100957522097,595,0.15279735573390846,200.0,,,,,
102982,episode_end,443.69750129078767,163,0.15351980985401636,200.0,,,,,
103000,train_step,,,0.15376071296713337,200.0,100000,68.73113250732422,-66.14380645751953,2.1976609230041504,0.37009167671203613
103508,episode_end,453.5566540013186,526,0.15761237261585606,200.0,,,,,
103958,episode_end,392.119070040538,450,0.15219969243087736,200.0,,,,,
104000,train_step,,,0.15250999651201938,200.0,100000,60.097557067871094,-63.61075973510742,2.154895305633545,0.29128459095954895
104357,episode_end,394.49238863285234,399,0.15441036074325395,200.0,,,,,
104783,episode_end,452.29119092559534,426,0.15908291870501345,200.0,,,,,
105000,train_step,,,0.16024944893536738,200.0,100000,47.90576934814453,-69.27470397949219,2.2282135486602783,0.41786444187164307
105317,episode_end,393.7727414330439,534,0.161473962043438,200.0,,,,,
105462,episode_end,234.59587204543567,145,0.16257420783091506,200.0,,,,,
105807,episode_end,384.4026670729217,345,0.15788810399880707,200.0,,,,,
106000,train_step,,,0.1577756046785287,200.0,100000,22.031803131103516,-61.0634765625,1.8142733573913574,-0.3429592251777649
106514,episode_end,374.5273658252046,707,0.15593337999333387,200.0,,,,,
107000,train_step,,,0.16361916435512663,200.0,100000,54.95094680786133,-68.02497100830078,2.0464870929718018,0.08415168523788452
107226,episode_end,350.02285492089095,712,0.1612567249414303,200.0,,,,,
107663,episode_end,474.55501580513226,437,0.15671921872701855,200.0,,,,,
107944,episode_end,427.17836753786503,281,0.15018656182421988,200.0,,,,,
108000,train_step,,,0.15122032565884885,200.0,100000,21.63542938232422,-63.78940963745117,1.8380153179168701,-0.3059919774532318
108413,episode_end,450.224829369335,469,0.15590765597299042,200.0,,,,,
108661,episode_end,513.7116732205503,248,0.15101368733846063,200.0,,,,,
109000,train_step,,,0.14849140844696254,200.0,100000,43.70025634765625,-76.65827941894531,1.913437843322754,-0.16509360074996948
109101,episode_end,390.1287386929569,440,0.14633280503794835,200.0,,,,,
109701,episode_end,438.3033199839129,600,0.1436862956654687,200.0,,,,,
109895,episode_end,437.8292567286073,194,0.14645561064374296,200.0,,,,,
110000,train_step,,,0.14586647403816613,200.0,100000,145.9278564453125,-63.363990783691406,1.8558809757232666,-0.27743831276893616
110798,episode_end,331.3249692658843,903,0.13933749664967146,200.0,,,,,
111000,train_step,,,0.13959901849318515,200.0,100000,530.6282958984375,-75.36518859863281,2.1061935424804688,0.2090928554534912
111079,episode_end,445.1451498188993,281,0.14008263452774664,200.0,,,,,
111381,episode_end,424.20269880129786,302,0.1412079832131209,200.0,,,,,
112000,train_step,,,0.14512286997209142,200.0,100000,305.805908203125,-71.06697082519531,1.9410555362701416,-0.11377322673797607
112251,episode_end,330.83155998418175,870,0.14490797409228864,200.0,,,,,
113000,train_step,,,0.14884148425188473,200.0,100000,75.84794616699219,-63.55180358886719,2.1723814010620117,0.32836484909057617
113251,episode_end,174.20149162947496,1000,0.1487906694452948,200.0,,,,,
113713,episode_end,397.764341177068,462,0.14276577204062682,200.0,,,,,
114000,train_step,,,0.13932381632001345,200.0,100000,213.37161254882812,-68.60408020019531,2.0038886070251465,0.0076642148196697235
114451,episode_end,394.4166403408413,738,0.13916215013298663,200.0,,,,,
114768,episode_end,439.9613033129316,317,0.13470938591963805,200.0,,,,,
115000,train_step,,,0.1344422597972331,200.0,100000,89.30926513671875,-60.72669219970703,2.035099983215332,0.07043269276618958
115023,episode_end,447.4962251326029,255,0.13473069153937972,200.0,,,,,
115275,episode_end,503.0815609060995,252,0.13527929189702675,200.0,,,,,
116000,train_step,,,0.13904452325116431,200.0,100000,93.19749450683594,-62.77704620361328,2.1815195083618164,0.3581311106681824
116275,episode_end,236.92818552330445,1000,0.1399459494886126,200.0,,,,,
116830,episode_end,337.23970320157036,555,0.13689233033742076,200.0,,,,,
117000,train_step,,,0.13655799010010755,200.0,100000,128.9647979736328,-62.0101203918457,1.9698307514190674,-0.060067206621170044
117019,episode_end,469.1437997339262,189,0.13665184857088528,200.0,,,,,
117172,episode_end,269.5240677521324,153,0.13747577897131782,200.0,,,,,
117305,episode_end,245.08849064264183,133,0.13977904113298467,200.0,,,,,
117490,episode_end,491.990939723881,185,0.1390901310455876,200.0,,,,,
117754,episode_end,454.08821840130275,264,0.1358171484765757,200.0,,,,,
117966,episode_end,476.5281792413106,212,0.13194973807771804,200.0,,,,,
118000,train_step,,,0.13118829593017792,200.0,100000,48.34872055053711,-56.77362060546875,1.8099162578582764,-0.3860831558704376
118152,episode_end,474.9198987107694,186,0.12980573977946183,200.0,,,,,
118814,episode_end,388.59361151570806,662,0.12929615344472323,200.0,,,,,
119000,train_step,,,0.12733617311150988,200.0,100000,319.20648193359375,-68.3587646484375,2.125298023223877,0.25822949409484863
119068,episode_end,477.96570998931793,254,0.12728458213425775,200.0,,,,,
119282,episode_end,472.7722187463854,214,0.12687642839464236,200.0,,,,,
119589,episode_end,456.72668111851544,307,0.1295715045883322,200.0,,,,,
120000,train_step,,,0.12807826135316175,200.0,100000,54.98551559448242,-62.276519775390625,1.8319321870803833,-0.34539860486984253
120125,episode_end,445.2091663089833,536,0.12949475380428202,200.0,,,,,
120936,episode_end,358.0139225260456,811,0.1309656178959346,200.0,,,,,
121000,train_step,,,0.1299946090447604,200.0,100000,53.34673309326172,-64.14225769042969,1.946321725845337,-0.1095176637172699
121387,episode_end,439.71958893528375,451,0.13084078154540987,200.0,,,,,
121594,episode_end,498.3506541116529,207,0.13105826988213298,200.0,,,,,
122000,train_step,,,0.13292986051229608,200.0,100000,127.65708923339844,-64.82817077636719,1.7765254974365234,-0.45095664262771606
122594,episode_end,216.00728743066912,1000,0.1323136511368565,200.0,,,,,
122952,episode_end,482.5234299546753,358,0.12409712629257107,200.0,,,,,
123000,train_step,,,0.12361183996723371,200.0,100000,66.7212905883789,-68.00880432128906,1.943277359008789,-0.11858484894037247
123332,episode_end,467.1107611366238,380,0.11760926889312577,200.0,,,,,
123683,episode_end,440.9647906058574,351,0.11194060007070446,200.0,,,,,
123959,episode_end,447.20429950446635,276,0.11399181889887214,200.0,,,,,
124000,train_step,,,0.11352775717780049,200.0,100000,48.85395050048828,-61.15327453613281,1.8504012823104858,-0.3254830837249756
124593,episode_end,409.6569024116873,634,0.11340116161733785,200.0,,,,,
124929,episode_end,443.8733250624442,336,0.1132962626944322,200.0,,,,,
125000,train_step,,,0.11403017244520265,200.0,100000,48.17810821533203,-55.838592529296875,1.968318223953247,-0.06879056990146637
125194,episode_end,435.1485314372333,265,0.11717880089148182,200.0,,,,,
125458,episode_end,461.1837572251722,264,0.1192316735857608,200.0,,,,,
125863,episode_end,430.1502180483773,405,0.11624690694823499,200.0,,,,,
126000,train_step,,,0.11729696180114244,200.0,100000,40.690181732177734,-62.58191680908203,1.8552581071853638,-0.3101886510848999
126191,episode_end,469.0674432446055,328,0.11736607458807612,200.0,,,,,
126429,episode_end,518.3409517788234,238,0.11622972395851525,200.0,,,,,
126822,episode_end,477.4321418708172,393,0.11279220369591185,200.0,,,,,
127000,train_step,,,0.11058695413257777,200.0,100000,181.969482421875,-61.80421447753906,2.169265031814575,0.37271368503570557
127211,episode_end,480.31507300578653,389,0.1089560683306354,200.0,,,,,
127611,episode_end,453.2227928503249,400,0.11303890783589236,200.0,,,,,
127822,episode_end,493.00167081268415,211,0.11482971007516747,200.0,,,,,
128000,train_step,,,0.11599743590299846,200.0,100000,124.66761779785156,-67.53942108154297,2.3242990970611572,0.6986007690429688
128249,episode_end,410.6160017393025,427,0.11529219731687237,200.0,,,,,
128371,episode_end,-19.844346532385103,122,0.11324069205027429,200.0,,,,,
128810,episode_end,423.8756488577928,439,0.11356935767821548,200.0,,,,,
129000,train_step,,,0.11344037053596007,200.0,100000,28.03030776977539,-67.04356384277344,1.7385823726654053,-0.5689697265625
129261,episode_end,428.93247326027375,451,0.11210242393035841,200.0,,,,,
129620,episode_end,498.14361211162293,359,0.1161900353384302,200.0,,,,,
129895,episode_end,436.00805978455554,275,0.1177469807431003,200.0,,,,,
130000,train_step,,,0.11810344809423796,200.0,100000,346.8409729003906,-71.53055572509766,1.8158457279205322,-0.39338940382003784
130177,episode_end,488.76409175015345,282,0.120631609863553,200.0,,,,,
130453,episode_end,30.153909513044056,276,0.1185791141689979,200.0,,,,,
130667,episode_end,485.3278784231436,214,0.1221245608207541,200.0,,,,,
131000,train_step,,,0.12354612580767124,200.0,100000,304.846923828125,-74.02620697021484,1.931153416633606,-0.14396800100803375
131172,episode_end,408.8190252629861,505,0.1257024452412565,200.0,,,,,
131972,episode_end,173.77555346925408,800,0.12330237988433337,200.0,,,,,
132000,train_step,,,0.12340596764854837,200.0,100000,105.9842300415039,-60.531578063964844,2.0067033767700195,0.014025300741195679
132904,episode_end,427.17476607453176,932,0.12581386500828043,200.0,,,,,
133000,train_step,,,0.1260184248561628,200.0,100000,25.71250343322754,-63.644222259521484,1.8131437301635742,-0.3870404064655304
133089,episode_end,476.79734255038386,185,0.12465654932792028,200.0,,,,,
133294,episode_end,482.79205717535854,205,0.12313528499830599,200.0,,,,,
133677,episode_end,405.1043561723777,383,0.12143309017022776,200.0,,,,,
133881,episode_end,499.6056656322267,204,0.12176698034458792,200.0,,,,,
134000,train_step,,,0.12010284206698464,200.0,100000,124.69131469726562,-73.1673812866211,1.9673635959625244,-0.0691697746515274
134087,episode_end,493.65830830856083,206,0.1196520934446084,200.0,,,,,
134217,episode_end,273.6908031733821,130,0.12029653301589387,200.0,,,,,
134433,episode_end,499.0358472180889,216,0.1255218980045803,200.0,,,,,
134696,episode_end,485.4436821851258,263,0.12442301204007866,200.0,,,,,
134847,episode_end,482.27095876207125,151,0.12543969122062462,200.0,,,,,
135000,train_step,,,0.1263921624699681,200.0,100000,113.14521789550781,-59.571205139160156,1.7856221199035645,-0.4434117376804352
135065,episode_end,498.17994884581634,218,0.12582468462698795,200.0,,,,,
135267,episode_end,480.87021868141454,202,0.12602936204256898,200.0,,,,,
135646,episode_end,438.6052599804742,379,0.11811006869428493,200.0,,,,,
136000,train_step,,,0.11803661842118639,200.0,100000,64.48356628417969,-74.31404113769531,2.0491435527801514,0.10500796139240265
136001,episode_end,395.78921924471194,355,0.11805757468748933,200.0,,,,,
136256,episode_end,443.5634091060944,255,0.11726950956349483,200.0,,,,,
136514,episode_end,465.5794252937876,258,0.11882836100139117,200.0,,,,,
136799,episode_end,467.53713455963356,285,0.1202106344913842,200.0,,,,,
137000,train_step,,,0.11657067898111985,200.0,100000,211.38824462890625,-79.16588592529297,2.2460718154907227,0.5288716554641724
137642,episode_end,344.49602196961416,843,0.11477787523619526,200.0,,,,,
137941,episode_end,488.14271561323926,299,0.11431060642640425,200.0,,,,,
138000,train_step,,,0.11448197734342828,200.0,100000,17.75609588623047,-69.87484741210938,2.2513248920440674,0.5447061061859131
138699,episode_end,331.5422363078088,758,0.11392231337758517,200.0,,,,,
139000,train_step,,,0.11207182301576615,200.0,100000,53.48093795776367,-61.670318603515625,2.0271077156066895,0.05932821333408356
139207,episode_end,435.19380953401907,508,0.11206402542544207,200.0,,,,,
139444,episode_end,499.5819482375256,237,0.10773195452412195,200.0,,,,,
139970,episode_end,434.90125891363857,526,0.107722452229883,200.0,,,,,
140000,train_step,,,0.10775410002867439,200.0,100000,23.931488037109375,-70.08211517333984,1.860644817352295,-0.31046992540359497
140040,episode_end,205.22744948230184,70,0.10834531666826219,200.0,,,,,
140286,episode_end,461.451793902851,246,0.10670433650741237,200.0,,,,,
140370,episode_end,270.11303165285915,84,0.1064351031423952,200.0,,,,,
140546,episode_end,480.94700040541983,176,0.10574444075928681,200.0,,,,,
140805,episode_end,490.03335361164903,259,0.10780043815938144,200.0,,,,,
141000,train_step,,,0.10919487408780702,200.0,100000,125.45123291015625,-72.51104736328125,1.997065544128418,-0.006498515605926514
141015,episode_end,506.88929016433553,210,0.10898239227358734,200.0,,,,,
141170,episode_end,260.28233732564905,155,0.10747782370465722,200.0,,,,,
141407,episode_end,314.8482416175908,237,0.10766196469374878,200.0,,,,,
141729,episode_end,431.99563496136886,322,0.1068911533665197,200.0,,,,,
141819,episode_end,214.77224627223563,90,0.10589562686252584,200.0,,,,,
142000,train_step,,,0.10554502311154804,200.0,100000,152.26840209960938,-68.16632080078125,1.908165454864502,-0.2065008282661438
142056,episode_end,509.5936739514129,237,0.10522204557642355,200.0,,,,,
142309,episode_end,462.0406142010855,253,0.10432600080541717,200.0,,,,,
142536,episode_end,309.42277364248076,227,0.10710274935694196,200.0,,,,,
142749,episode_end,48.03183867386147,213,0.10824898059578443,200.0,,,,,
142842,episode_end,230.41810154346553,93,0.10794811652490705,200.0,,,,,
142913,episode_end,-19.172324453414376,71,0.10768113607839928,200.0,,,,,
143000,train_step,,,0.10852347639188199,200.0,100000,273.7994384765625,-73.83686065673828,1.974784016609192,-0.05599924921989441
143126,episode_end,292.9329794961054,213,0.10775918668284785,200.0,,,,,
143284,episode_end,243.19027602074067,158,0.10532836714167806,200.0,,,,,
143946,episode_end,415.00436341336314,662,0.10887452044690273,200.0,,,,,
144000,train_step,,,0.1089422452981558,200.0,100000,34.4643440246582,-68.11033630371094,1.925197720527649,-0.1658318042755127
144013,episode_end,192.3789763687754,67,0.10887739585062138,200.0,,,,,
144315,episode_end,476.8828187471956,302,0.10829610089038441,200.0,,,,,
144472,episode_end,472.04071862536176,157,0.10747118802511056,200.0,,,,,
144540,episode_end,-17.824019527316153,68,0.10788016348645937,200.0,,,,,
144802,episode_end,457.06595176372355,262,0.11026841913912082,200.0,,,,,
144879,episode_end,188.21194874714513,77,0.11122130769845162,200.0,,,,,
144973,episode_end,174.41442237908115,94,0.11098273513913445,200.0,,,,,
145000,train_step,,,0.11127213039275584,200.0,100000,43.57430648803711,-73.8869857788086,2.2910873889923096,0.6391624212265015
145039,episode_end,-23.09248141796968,66,0.11127883045976747,200.0,,,,,
145106,episode_end,5.884098574507874,67,0.11120358864146493,200.0,,,,,
145703,episode_end,-8.874418022455473,597,0.10769594133046785,200.0,,,,,
145846,episode_end,-324.8301331623617,143,0.10610947497966289,200.0,,,,,
146000,train_step,,,0.10625126088686214,200.0,100000,300.5074157714844,-76.12006378173828,2.0594711303710938,0.1333312839269638
146088,episode_end,493.8952083208718,242,0.10518067523908044,200.0,,,,,
146500,episode_end,409.9308458157726,412,0.10342075884003861,200.0,,,,,
146726,episode_end,503.3130272875016,226,0.10464534110882887,200.0,,,,,
147000,train_step,,,0.10341952063217826,200.0,100000,24.353107452392578,-72.73767852783203,1.9927644729614258,-0.016416963189840317
147156,episode_end,-2.6717437627938523,430,0.10364220210179398,200.0,,,,,
147653,episode_end,200.88434013727777,497,0.10425255027726203,200.0,,,,,
147829,episode_end,479.9692631219207,176,0.10681202637251899,200.0,,,,,
148000,train_step,,,0.1084587020823789,200.0,100000,18.08478546142578,-72.25288391113281,2.0943617820739746,0.20961353182792664
148031,episode_end,269.2851102745374,202,0.10874968384382165,200.0,,,,,
148204,episode_end,477.13620481240963,173,0.11200259637080166,200.0,,,,,
148454,episode_end,306.2256616346566,250,0.11217233693073488,200.0,,,,,
148655,episode_end,488.4245476781208,201,0.11433975558252928,200.0,,,,,
148908,episode_end,469.46439872905785,253,0.1122838925971954,200.0,,,,,
148983,episode_end,243.56416360871197,75,0.1107284917416288,200.0,,,,,
149000,train_step,,,0.1101355363942521,200.0,100000,33.15953063964844,-67.10071563720703,2.0481743812561035,0.10627459734678268
149055,episode_end,221.30317851562916,72,0.10996987291875314,200.0,,,,,
149388,episode_end,282.32434098969486,333,0.10936298575812632,200.0,,,,,
149686,episode_end,449.6283214167631,298,0.10886486026369649,200.0,,,,,
149790,episode_end,242.84122463362144,104,0.1094945297979857,200.0,,,,,
150000,train_step,,,0.1118988397874485,200.0,100000,126.8628158569336,-71.75438690185547,2.224761486053467,0.4922635555267334
150023,episode_end,501.08119535612525,233,0.11237302764153154,200.0,,,,,
150256,episode_end,482.86169133340456,233,0.11456654175406716,200.0,,,,,
150568,episode_end,501.34563198969414,312,0.11635293255432137,200.0,,,,,
150780,episode_end,495.2575996239255,212,0.1171516237823044,200.0,,,,,
150941,episode_end,466.9492426904166,161,0.11721094046723363,200.0,,,,,
151000,train_step,,,0.11783083710446268,200.0,100000,16.614704132080078,-74.4503173828125,1.8661420345306396,-0.28625592589378357
151169,episode_end,459.47472761480003,228,0.11876065169675754,200.0,,,,,
151319,episode_end,265.00027716781256,150,0.1204977057840423,200.0,,,,,
151632,episode_end,457.7675371054831,313,0.11967396616519632,200.0,,,,,
151842,episode_end,485.24552757435487,210,0.11872153513257312,200.0,,,,,
151930,episode_end,211.77354128884633,88,0.11935511216273313,200.0,,,,,
152000,train_step,,,0.11943325324762749,200.0,100000,22.753650665283203,-75.110595703125,2.023648738861084,0.050253160297870636
152145,episode_end,488.68629726256535,215,0.11930551970254331,200.0,,,,,
152321,episode_end,304.9267931601029,176,0.11797190846499925,200.0,,,,,
152581,episode_end,468.62916855775285,260,0.11501924865216363,200.0,,,,,
153000,train_step,,,0.11173828817494266,200.0,100000,93.03559112548828,-65.38985443115234,1.8368761539459229,-0.3575016260147095
153266,episode_end,403.063817523044,685,0.1126029021820398,200.0,,,,,
153395,episode_end,471.7028057363194,129,0.11290364275230654,200.0,,,,,
153565,episode_end,461.7742974615473,170,0.11301250330816469,200.0,,,,,
153823,episode_end,453.0865425798584,258,0.11231764513596128,200.0,,,,,
154000,train_step,,,0.11284992806085622,200.0,100000,22.684463500976562,-77.06228637695312,2.0267059803009033,0.058264538645744324
154066,episode_end,475.2284771741171,243,0.11257898580567138,200.0,,,,,
154154,episode_end,49.76796096465597,88,0.11266103411472607,200.0,,,,,
154435,episode_end,477.0679725514373,281,0.11274553053678839,200.0,,,,,
154649,episode_end,473.8875685895126,214,0.11191063520865666,200.0,,,,,
154982,episode_end,451.2147120054186,333,0.11175061012617238,200.0,,,,,
155000,train_step,,,0.11202241280858764,200.0,100000,119.00149536132812,-68.39155578613281,1.9139313697814941,-0.18840929865837097
155214,episode_end,464.14518561685475,232,0.11270988821947446,200.0,,,,,
155457,episode_end,468.4842972545546,243,0.1149414017067879,200.0,,,,,
155633,episode_end,495.9444170369112,176,0.11646671503067668,200.0,,,,,
155849,episode_end,466.884203551137,216,0.11835262505274391,200.0,,,,,
155999,episode_end,454.0500803333371,150,0.11788258849287217,200.0,,,,,
156000,train_step,,,0.11788929749126194,200.0,100000,218.572265625,-74.34916687011719,2.0602526664733887,0.12882067263126373
156168,episode_end,455.7959823315239,169,0.1174328962301402,200.0,,,,,
156308,episode_end,450.2762265213617,140,0.11711439795122258,200.0,,,,,
156545,episode_end,500.8641751782867,237,0.11730224597258004,200.0,,,,,
156793,episode_end,466.24796478637523,248,0.11766088873684807,200.0,,,,,
156910,episode_end,270.4426481316224,117,0.11930328888383576,200.0,,,,,
157000,train_step,,,0.12032475076714301,200.0,100000,34.591346740722656,-75.75341796875,2.1066784858703613,0.22589819133281708
157141,episode_end,477.82103823455196,231,0.11962667243276022,200.0,,,,,
157357,episode_end,492.24724152758614,216,0.12186032856984863,200.0,,,,,
157588,episode_end,481.7929370160558,231,0.11951163290275993,200.0,,,,,
157778,episode_end,488.7066121326899,190,0.12035771759988774,200.0,,,,,
158000,train_step,,,0.12012877942184323,200.0,100000,39.661376953125,-79.11598205566406,2.1124515533447266,0.23830606043338776
158015,episode_end,499.76801561088524,237,0.12016155909805333,200.0,,,,,
158203,episode_end,498.84341046241957,188,0.12153762708962405,200.0,,,,,
158385,episode_end,465.89422846314756,182,0.12427341913083806,200.0,,,,,
158599,episode_end,475.0281052342052,214,0.12229147892535931,200.0,,,,,
158794,episode_end,490.4492999133833,195,0.12339020151289334,200.0,,,,,
159000,train_step,,,0.12075018810213634,200.0,100000,22.865184783935547,-76.20680236816406,1.9678504467010498,-0.06796528398990631
159012,episode_end,470.29947475005014,218,0.12065515371912468,200.0,,,,,
159173,episode_end,450.1526687335217,161,0.12029087652157303,200.0,,,,,
159243,episode_end,226.39279318426532,70,0.11999892297859835,200.0,,,,,
159453,episode_end,486.7870200872119,210,0.11713828155143358,200.0,,,,,
159614,episode_end,464.06511806591556,161,0.11669333973000601,200.0,,,,,
160000,train_step,,,0.11744958287157378,200.0,100000,61.26658630371094,-80.45189666748047,2.0700435638427734,0.15001554787158966
160614,episode_end,120.51292625780717,1000,0.11924788915464374,200.0,,,,,
160691,episode_end,228.32827861019615,77,0.11941402350008044,200.0,,,,,
160878,episode_end,462.0580951307168,187,0.11888496889692107,200.0,,,,,
161000,train_step,,,0.12020454669726684,200.0,100000,19.002775192260742,-78.46090698242188,1.8425328731536865,-0.33360350131988525
161113,episode_end,495.2730301809685,235,0.1199025064290639,200.0,,,,,
161204,episode_end,223.5230133454163,91,0.12068279565021849,200.0,,,,,
161393,episode_end,484.7534222851741,189,0.11971754833239583,200.0,,,,,
161559,episode_end,452.7267432115248,166,0.11929535150218876,200.0,,,,,
161907,episode_end,434.05699838070564,348,0.12081259434118218,200.0,,,,,
162000,train_step,,,0.1210889608934199,200.0,100000,18.76920509338379,-86.06857299804688,1.9899768829345703,-0.02116122469305992
162163,episode_end,485.99992880204053,256,0.12076398466786704,200.0,,,,,
162349,episode_end,458.775036303977,186,0.11968203189493432,200.0,,,,,
162424,episode_end,265.5373676305046,75,0.11884502844760343,200.0,,,,,
162530,episode_end,250.56859008814723,106,0.11615039687602718,200.0,,,,,
162608,episode_end,249.25755702177617,78,0.11652845946262001,200.0,,,,,
162685,episode_end,220.42053503343436,77,0.11778980747156735,200.0,,,,,
162777,episode_end,200.27045689596844,92,0.11851046491004019,200.0,,,,,
162858,episode_end,275.31327093015335,81,0.11924463266167872,200.0,,,,,
163000,train_step,,,0.11871244018259171,200.0,100000,26.17315673828125,-79.20077514648438,2.062065601348877,0.13226470351219177
163073,episode_end,479.15144428220026,215,0.11784959581145137,200.0,,,,,
163284,episode_end,471.2314100428144,211,0.11351937112011003,200.0,,,,,
163450,episode_end,234.53655862449767,166,0.11447808576650378,200.0,,,,,
163614,episode_end,473.79015767308033,164,0.11344950651985244,200.0,,,,,
163800,episode_end,481.8200017345963,186,0.11377767790685708,200.0,,,,,
164000,train_step,,,0.11419690774474685,200.0,100000,64.6314468383789,-79.66938781738281,1.9812283515930176,-0.040731266140937805
164024,episode_end,482.9914325559347,224,0.11417612218057857,200.0,,,,,
164278,episode_end,200.45040549758784,254,0.11336211119436215,200.0,,,,,
164484,episode_end,458.8262729982311,206,0.11330042975057703,200.0,,,,,
164717,episode_end,487.3357614547291,233,0.11628437283941517,200.0,,,,,
165000,train_step,,,0.11940669793897046,200.0,100000,351.1195373535156,-87.08361053466797,2.0843772888183594,0.17932000756263733
165072,episode_end,274.1332901178202,355,0.11970126156586472,200.0,,,,,
165224,episode_end,456.0783081224593,152,0.11843695980165714,200.0,,,,,
165365,episode_end,497.99270887703767,141,0.11797684943252372,200.0,,,,,
165574,episode_end,481.5901119587963,209,0.11544188661626406,200.0,,,,,
165781,episode_end,480.2420989729891,207,0.11371494661660803,200.0,,,,,
165998,episode_end,492.4402600528784,217,0.11451767502465868,200.0,,,,,
166000,train_step,,,0.11450080767378765,200.0,100000,64.79692077636719,-85.18209838867188,2.130495548248291,0.2828062176704407
166408,episode_end,476.0584227126114,410,0.1149694475507543,200.0,,,,,
166668,episode_end,487.15685195905473,260,0.11523089402398255,200.0,,,,,
166873,episode_end,487.0919384093759,205,0.11662239821836927,200.0,,,,,
167000,train_step,,,0.11504632298790379,200.0,100000,157.87118530273438,-84.54454803466797,1.8977410793304443,-0.22112679481506348
167118,episode_end,458.14229177100486,245,0.11337453798430085,200.0,,,,,
167327,episode_end,480.0570804504041,209,0.11284333145736115,200.0,,,,,
167585,episode_end,500.4810806821692,258,0.11213970670359136,200.0,,,,,
167732,episode_end,457.6833022870523,147,0.11190001807089117,200.0,,,,,
167930,episode_end,484.0872579038306,198,0.11204648488938475,200.0,,,,,
168000,train_step,,,0.11306635435496142,200.0,100000,47.53443145751953,-86.09170532226562,1.8604487180709839,-0.3041909337043762
168142,episode_end,492.1969774652093,212,0.11343512221136906,200.0,,,,,
168346,episode_end,484.9999600640465,204,0.1114538735921668,200.0,,,,,
168508,episode_end,460.4234118299097,162,0.11118559687855378,200.0,,,,,
168712,episode_end,482.2457582709659,204,0.1128159575825046,200.0,,,,,
168905,episode_end,486.9912927873677,193,0.11194676418849196,200.0,,,,,
169000,train_step,,,0.11227190076784718,200.0,100000,213.72055053710938,-90.39212799072266,1.9484074115753174,-0.11282438784837723
169079,episode_end,475.7561925635501,174,0.11376874510025567,200.0,,,,,
169291,episode_end,457.86742832790895,212,0.11371460185553608,200.0,,,,,
169529,episode_end,479.51282664246116,238,0.11220309964919309,200.0,,,,,
169722,episode_end,472.7879590131756,193,0.11030923124852221,200.0,,,,,
169943,episode_end,480.3861647890206,221,0.1098942079711242,200.0,,,,,
170000,train_step,,,0.11004199455710055,200.0,100000,213.19725036621094,-95.35563659667969,1.835971474647522,-0.3619934618473053
170145,episode_end,496.4801232963925,202,0.11175181860728643,200.0,,,,,
170479,episode_end,469.7962797036895,334,0.11429780063965644,200.0,,,,,
170729,episode_end,427.7614608171732,250,0.11747543741310518,200.0,,,,,
170919,episode_end,488.91706831118034,190,0.1157405859702577,200.0,,,,,
171000,train_step,,,0.11554492331515244,200.0,100000,67.47418212890625,-92.505615234375,1.8602564334869385,-0.3015798032283783
171196,episode_end,272.1230565153946,277,0.1174265770150116,200.0,,,,,
171347,episode_end,476.3678035744769,151,0.11922285300097518,200.0,,,,,
171535,episode_end,467.3761529430136,188,0.11841561426913222,200.0,,,,,
171698,episode_end,240.70486942202695,163,0.11816429432682418,200.0,,,,,
171944,episode_end,419.3506804050875,246,0.11469254865354517,200.0,,,,,
172000,train_step,,,0.11389449118177054,200.0,100000,55.27904510498047,-81.10601806640625,2.1305298805236816,0.2835739850997925
172222,episode_end,494.15524761590297,278,0.11304902498975801,200.0,,,,,
172448,episode_end,465.01391715245506,226,0.11536740573051549,200.0,,,,,
172628,episode_end,486.2236832976685,180,0.11714718751782932,200.0,,,,,
172816,episode_end,481.7873809466649,188,0.11691669196254657,200.0,,,,,
173000,train_step,,,0.11891278368858675,200.0,100000,418.2394104003906,-89.51847839355469,2.183763265609741,0.39129865169525146
173069,episode_end,491.24505734505874,253,0.12064021682274054,200.0,,,,,
173194,episode_end,269.4881593765018,125,0.12197198461299365,200.0,,,,,
173340,episode_end,218.67772184239863,146,0.12211051779273896,200.0,,,,,
173632,episode_end,432.9906835163032,292,0.11994186090496238,200.0,,,,,
173808,episode_end,481.7947517664607,176,0.11835001371717171,200.0,,,,,
174000,train_step,,,0.11769752266851434,200.0,100000,26.30643081665039,-93.32699584960938,2.0955638885498047,0.20447221398353577
174093,episode_end,456.0835790254844,285,0.1173072691408683,200.0,,,,,
174361,episode_end,481.7720581825954,268,0.1192016433373039,200.0,,,,,
174639,episode_end,473.4711266076482,278,0.11817713599345919,200.0,,,,,
174839,episode_end,504.69419398655634,200,0.11831869285116837,200.0,,,,,
175000,train_step,,,0.11841035314173919,200.0,100000,83.51207733154297,-102.22752380371094,2.009373188018799,0.019998755306005478
175108,episode_end,491.25719291908683,269,0.11898335262339883,200.0,,,,,
175296,episode_end,486.17198346299875,188,0.11975352280886734,200.0,,,,,
175434,episode_end,271.11491015777267,138,0.11834455593349077,200.0,,,,,
175603,episode_end,471.0940296688811,169,0.12007764048573959,200.0,,,,,
175813,episode_end,482.72685699441496,210,0.12066132895249684,200.0,,,,,
176000,train_step,,,0.11999177948286063,200.0,100000,53.660255432128906,-95.2425537109375,1.8204046487808228,-0.3808019161224365
176014,episode_end,458.45692311381754,201,0.11978868846001259,200.0,,,,,
176354,episode_end,425.6457182256485,340,0.11926443101585896,200.0,,,,,
176532,episode_end,477.3972563657284,178,0.1192478940284681,200.0,,,,,
176749,episode_end,485.5967369885457,217,0.11808123250177219,200.0,,,,,
176916,episode_end,456.4307995856689,167,0.11813499512933315,200.0,,,,,
177000,train_step,,,0.11863958905760925,200.0,100000,72.27818298339844,-92.70353698730469,1.9245057106018066,-0.16092853248119354
177136,episode_end,488.7412312364836,220,0.12184456949424165,200.0,,,,,
177297,episode_end,226.52364443745756,161,0.12296256498113634,200.0,,,,,
177449,episode_end,483.60521279932277,152,0.1217468315505195,200.0,,,,,
177837,episode_end,436.0578131504902,388,0.11891661248381857,200.0,,,,,
178000,train_step,,,0.11828742684387007,200.0,100000,174.99148559570312,-96.23965454101562,1.8561151027679443,-0.3071420192718506
178837,episode_end,248.27814311736032,1000,0.11716423624584502,200.0,,,,,
179000,train_step,,,0.11998254901560802,200.0,100000,38.1938362121582,-95.92681884765625,2.0554628372192383,0.11760348081588745
179058,episode_end,485.9005165165988,221,0.120650329513004,200.0,,,,,
179282,episode_end,501.8907921091237,224,0.12351044937791017,200.0,,,,,
179489,episode_end,469.0950762292492,207,0.12025528238016699,200.0,,,,,
179663,episode_end,487.2942209147587,174,0.11817697928759092,200.0,,,,,
180000,train_step,,,0.1151850869757174,200.0,100000,241.7078094482422,-98.65347290039062,2.1957664489746094,0.42309388518333435
180559,episode_end,438.3248080364081,896,0.12121029930182894,200.0,,,,,
180758,episode_end,500.8054133028209,199,0.11989861124639678,200.0,,,,,
180912,episode_end,469.2683559067936,154,0.11878915569917098,200.0,,,,,
181000,train_step,,,0.11968129430702946,200.0,100000,33.39248275756836,-91.74412536621094,1.9228503704071045,-0.16378262639045715
181912,episode_end,84.87663939752002,1000,0.1173549395824815,200.0,,,,,
182000,train_step,,,0.11617599892898507,200.0,100000,22.158199310302734,-102.21773529052734,1.944101333618164,-0.12033039331436157
182094,episode_end,495.9134372661027,182,0.1150580386584459,200.0,,,,,
182325,episode_end,505.779861031896,231,0.11372926341556716,200.0,,,,,
182519,episode_end,501.90126926663277,194,0.11195391712980728,200.0,,,,,
182642,episode_end,-31.41082190716442,123,0.11111855697368883,200.0,,,,,
182812,episode_end,450.9638343915492,170,0.11145482158083755,200.0,,,,,
182956,episode_end,491.45406411080705,144,0.11234608317414782,200.0,,,,,
183000,train_step,,,0.11323313805726612,200.0,100000,93.67591857910156,-103.36672973632812,2.170788049697876,0.3720284700393677
183956,episode_end,209.5658043665719,1000,0.11376914052362082,200.0,,,,,
184000,train_step,,,0.11465879876763266,200.0,100000,124.49177551269531,-88.06937408447266,2.1043524742126465,0.22600574791431427
184160,episode_end,505.93170810514766,204,0.11446856163481983,200.0,,,,,
184388,episode_end,499.0736320190109,228,0.11433527123690371,200.0,,,,,
184600,episode_end,494.4630272541828,212,0.11738226284649397,200.0,,,,,
184771,episode_end,483.7728070105533,171,0.11973090227525014,200.0,,,,,
185000,train_step,,,0.11782428883446404,200.0,100000,218.57525634765625,-100.13827514648438,1.9815057516098022,-0.03955093026161194
185091,episode_end,510.7147674216875,320,0.11769156235011996,200.0,,,,,
185273,episode_end,443.6262259284169,182,0.11830048826272627,200.0,,,,,
185554,episode_end,418.5122023439268,281,0.120486289380183,200.0,,,,,
185770,episode_end,494.8857693793996,216,0.11929421742035977,200.0,,,,,
185960,episode_end,467.0575902318,190,0.11826311168334903,200.0,,,,,
186000,train_step,,,0.11968006134993936,200.0,100000,61.540382385253906,-96.58477020263672,2.069485664367676,0.14751353859901428
186100,episode_end,460.7827882772178,140,0.12095821206432401,200.0,,,,,
186507,episode_end,469.47873293335715,407,0.12441869230820211,200.0,,,,,
186721,episode_end,510.19936203839166,214,0.12229883121677775,200.0,,,,,
186935,episode_end,481.97002116756283,214,0.12049880666708344,200.0,,,,,
187000,train_step,,,0.1197124630860212,200.0,100000,140.30340576171875,-99.52739715576172,2.023998737335205,0.05094131827354431
187064,episode_end,456.8178382796607,129,0.11906554394528644,200.0,,,,,
187260,episode_end,306.9684463832659,196,0.1178173393535048,200.0,,,,,
187438,episode_end,475.13138033318603,178,0.12010560113909133,200.0,,,,,
187596,episode_end,473.85981704661856,158,0.11976370119326635,200.0,,,,,
187752,episode_end,452.9821601789574,156,0.12108329342813842,200.0,,,,,
187916,episode_end,152.64565822094366,164,0.12008565212267276,200.0,,,,,
188000,train_step,,,0.11952678729256662,200.0,100000,31.03124237060547,-108.01492309570312,1.8910281658172607,-0.2314797192811966
188051,episode_end,480.51488244556685,135,0.12004914550206142,200.0,,,,,
188234,episode_end,302.60066563702617,183,0.12157570788689503,200.0,,,,,
188412,episode_end,482.0759272528717,178,0.12037064384112314,200.0,,,,,
188611,episode_end,465.7282896050974,199,0.12257250788623786,200.0,,,,,
188724,episode_end,242.61428836558838,113,0.12290554934715534,200.0,,,,,
188888,episode_end,455.13309760185734,164,0.12450766567462333,200.0,,,,,
189000,train_step,,,0.12541292416031638,200.0,100000,96.05651092529297,-98.46060180664062,1.8584532737731934,-0.29387131333351135
189066,episode_end,473.20259280055717,178,0.1252234944501363,200.0,,,,,
189428,episode_end,426.2182908629303,362,0.1222161894715003,200.0,,,,,
189645,episode_end,502.0646031556234,217,0.12061319431589793,200.0,,,,,
189872,episode_end,505.4269103253556,227,0.12325599947947534,200.0,,,,,
190000,train_step,,,0.12298030530767959,200.0,100000,29.848026275634766,-100.80317687988281,2.1260557174682617,0.2641787528991699
190044,episode_end,498.477954716055,172,0.1222981060646303,200.0,,,,,
190227,episode_end,474.47969937049885,183,0.12041341178011264,200.0,,,,,
190509,episode_end,478.1744155641384,282,0.12088761271824491,200.0,,,,,
190716,episode_end,505.36959560281224,207,0.11820865711717825,200.0,,,,,
190883,episode_end,481.1860643955493,167,0.11693902182615999,200.0,,,,,
191000,train_step,,,0.11817803995428282,200.0,100000,81.79009246826172,-111.54664611816406,1.9015347957611084,-0.21027851104736328
191124,episode_end,502.0121281946061,241,0.11809117653230788,200.0,,,,,
191338,episode_end,488.536372128631,214,0.11801433168683251,200.0,,,,,
191526,episode_end,485.4492789000891,188,0.11836103717271926,200.0,,,,,
191664,episode_end,487.6601087353193,138,0.11950833412210815,200.0,,,,,
191832,episode_end,445.39073538792155,168,0.11886865941320694,200.0,,,,,
191986,episode_end,226.55703042592677,154,0.11950376152618475,200.0,,,,,
192000,train_step,,,0.11936609432368975,200.0,100000,134.19314575195312,-108.77235412597656,2.054741859436035,0.11635731160640717
192111,episode_end,466.39452882806165,125,0.12096839796027414,200.0,,,,,
192318,episode_end,490.634383776692,207,0.11928809636185354,200.0,,,,,
192496,episode_end,470.96537810146924,178,0.12137103521824706,200.0,,,,,
192733,episode_end,505.9718826212518,237,0.12596841622717198,200.0,,,,,
192908,episode_end,463.7698683791417,175,0.12594517804224625,200.0,,,,,
193000,train_step,,,0.12451713050942134,200.0,100000,23.69755744934082,-106.94557189941406,1.9111665487289429,-0.18506747484207153
193151,episode_end,499.5982253507902,243,0.12573193830021204,200.0,,,,,
194000,train_step,,,0.12802191267445573,200.0,100000,288.9375,-102.24266815185547,2.038914442062378,0.07999055832624435
194151,episode_end,172.23144689172508,1000,0.12763074405084507,200.0,,,,,
194336,episode_end,221.57223062061416,185,0.12553009850824404,200.0,,,,,
194506,episode_end,469.81085118889695,170,0.12734443086499345,200.0,,,,,
194673,episode_end,475.915925105691,167,0.12696518076511723,200.0,,,,,
194955,episode_end,493.82826417860923,282,0.12271462425348226,200.0,,,,,
195000,train_step,,,0.12299125069119471,200.0,100000,199.31381225585938,-101.50770568847656,2.0313053131103516,0.0656050518155098
195142,episode_end,493.52134237572847,187,0.12438040330746754,200.0,,,,,
195346,episode_end,514.3175239951885,204,0.12587722500463622,200.0,,,,,
196000,train_step,,,0.12746337941846753,200.0,100000,138.02688598632812,-99.83836364746094,1.8109890222549438,-0.389348566532135
196346,episode_end,196.50573786620433,1000,0.12895851731846172,200.0,,,,,
196531,episode_end,455.90425343312774,185,0.13001239054758015,200.0,,,,,
196727,episode_end,486.01165349456664,196,0.13326513478895108,200.0,,,,,
196954,episode_end,491.040909211697,227,0.13205923898833394,200.0,,,,,
197000,train_step,,,0.13161795501958226,200.0,100000,209.73069763183594,-114.65939331054688,1.8380162715911865,-0.32847899198532104
197151,episode_end,509.24106578144824,197,0.13207416684779852,200.0,,,,,
197329,episode_end,483.4106790605079,178,0.12970056939214214,200.0,,,,,
197517,episode_end,484.61875655481845,188,0.1320825547739502,200.0,,,,,
197673,episode_end,458.7338020695364,156,0.13105745297867216,200.0,,,,,
197835,episode_end,461.6053766832302,162,0.13154147723623597,200.0,,,,,
198000,train_step,,,0.1332760738314652,200.0,100000,21.513511657714844,-111.26841735839844,1.836341142654419,-0.32982707023620605
198030,episode_end,498.4772535078217,195,0.13251165586362618,200.0,,,,,
198215,episode_end,483.78213173330397,185,0.13219943623661365,200.0,,,,,
198361,episode_end,478.92144900340975,146,0.13037408673306086,200.0,,,,,
198571,episode_end,469.0455037613747,210,0.12914610652665173,200.0,,,,,
198774,episode_end,462.145496242419,203,0.1277413330576521,200.0,,,,,
198916,episode_end,483.5819683122658,142,0.12887654245580474,200.0,,,,,
199000,train_step,,,0.1285034527386775,200.0,100000,177.42770385742188,-104.49346923828125,2.0111942291259766,0.02296856790781021
199091,episode_end,482.8783656545383,175,0.12866569933210978,200.0,,,,,
199233,episode_end,459.8090756917384,142,0.1297403733158068,200.0,,,,,
199449,episode_end,498.4878348199799,216,0.13003746601945468,200.0,,,,,
199632,episode_end,504.94951467860386,183,0.13081033590700106,200.0,,,,,
199851,episode_end,489.78329609884867,219,0.1314426105390178,200.0,,,,,
200000,train_step,,,0.13102264249847492,200.0,100000,183.15599060058594,-106.18038940429688,2.224060535430908,0.45537739992141724
200851,episode_end,199.92649600986502,1000,0.13354142447086575,200.0,,,,,
201000,train_step,,,0.13454667048096866,200.0,100000,58.62509536743164,-100.38057708740234,1.934690237045288,-0.13100099563598633
201039,episode_end,474.10469032678293,188,0.13432705662749397,200.0,,,,,
201202,episode_end,463.1974596269855,163,0.13502702769844974,200.0,,,,,
201367,episode_end,425.7550649129144,165,0.13672176966634597,200.0,,,,,
202000,train_step,,,0.1383258844866728,200.0,100000,397.370361328125,-116.99356842041016,1.8482708930969238,-0.30014216899871826
202367,episode_end,113.16578410438115,1000,0.13862432592790766,200.0,,,,,
202531,episode_end,469.27022189939674,164,0.13623936449117466,200.0,,,,,
202733,episode_end,439.5893498655744,202,0.13589232116458172,200.0,,,,,
202904,episode_end,442.87190361464445,171,0.1338864758201487,200.0,,,,,
203000,train_step,,,0.13492354180528587,200.0,100000,85.60189056396484,-106.19444274902344,2.1259098052978516,0.25220346450805664
203146,episode_end,500.3221771562654,242,0.1361627211668563,200.0,,,,,
203302,episode_end,491.31710994088496,156,0.134339124444905,200.0,,,,,
203533,episode_end,439.6874721864292,231,0.1335085139604939,200.0,,,,,
203841,episode_end,482.34629684532797,308,0.13252352213818605,200.0,,,,,
204000,train_step,,,0.13226076774008447,200.0,100000,40.84144592285156,-110.22148895263672,2.24703311920166,0.4997429847717285
204026,episode_end,453.68775991783446,185,0.13201748479649794,200.0,,,,,
204178,episode_end,469.0512399608688,152,0.13047105869596787,200.0,,,,,
204358,episode_end,488.42321959895037,180,0.12967683674335176,200.0,,,,,
204587,episode_end,464.6771053067987,229,0.12986521803747675,200.0,,,,,
204828,episode_end,504.90889300866775,241,0.13260374759703608,200.0,,,,,
205000,train_step,,,0.1313302477588401,200.0,100000,97.55445098876953,-112.91173553466797,1.6917771100997925,-0.6257048845291138
205034,episode_end,484.04887112152505,206,0.13122721461138298,200.0,,,,,
205247,episode_end,504.1916116316447,213,0.13075966535643932,200.0,,,,,
205494,episode_end,518.6524786198113,247,0.13198577083554447,200.0,,,,,
205677,episode_end,471.26573563736434,183,0.13133047689791316,200.0,,,,,
206000,train_step,,,0.13096321564778915,200.0,100000,38.2551155090332,-102.21270751953125,2.0278005599975586,0.056513942778110504
206044,episode_end,459.5986980787701,367,0.1305934600671229,200.0,,,,,
206272,episode_end,504.6072518841171,228,0.13114997073272766,200.0,,,,,
206443,episode_end,487.4726233469009,171,0.131461629024246,200.0,,,,,
206633,episode_end,467.5273392305559,190,0.13224776876421113,200.0,,,,,
206797,episode_end,493.0187351972294,164,0.13235894322328215,200.0,,,,,
206969,episode_end,467.9121087835551,172,0.13352665199270256,200.0,,,,,
207000,train_step,,,0.1334275470635963,200.0,100000,366.4774169921875,-107.65265655517578,2.2144174575805664,0.43187904357910156
207147,episode_end,470.8110476433388,178,0.13319444768249017,200.0,,,,,
207307,episode_end,451.81336135903734,160,0.13079604643887197,200.0,,,,,
207459,episode_end,492.0362036981235,152,0.129170220096738,200.0,,,,,
207653,episode_end,462.63457943205054,194,0.12927368417871135,200.0,,,,,
208000,train_step,,,0.1305051584482842,200.0,100000,48.73481750488281,-102.24835205078125,1.8652331829071045,-0.2744312584400177
208586,episode_end,255.93577362635077,933,0.13209265626204456,200.0,,,,,
208840,episode_end,445.78597662265713,254,0.1305393032451116,200.0,,,,,
208971,episode_end,264.39093965034664,131,0.13080706933759878,200.0,,,,,
209000,train_step,,,0.1310309331958217,200.0,100000,137.9533233642578,-102.90904235839844,2.096896171569824,0.19692368805408478
209149,episode_end,463.6401180367933,178,0.13089511960447522,200.0,,,,,
209337,episode_end,475.8038711812734,188,0.1294140927209276,200.0,,,,,
209571,episode_end,490.4897877621006,234,0.13087480450548875,200.0,,,,,
209796,episode_end,472.03350436937467,225,0.1309082787651347,200.0,,,,,
210000,train_step,,,0.13180399029655115,200.0,100000,115.2252197265625,-104.96363830566406,2.1006460189819336,0.20395322144031525
210029,episode_end,488.0181308000439,233,0.13285082653049018,200.0,,,,,
210171,episode_end,484.2175073513574,142,0.13297774915758645,200.0,,,,,
210403,episode_end,500.6278222651581,232,0.13007621851527193,200.0,,,,,
210613,episode_end,485.38710479124404,210,0.1321778739078728,200.0,,,,,
210789,episode_end,450.2342554914699,176,0.13292058670633755,200.0,,,,,
210964,episode_end,455.6206311020006,175,0.13240234651205687,200.0,,,,,
211000,train_step,,,0.13242064220266983,200.0,100000,38.757408142089844,-110.49311828613281,2.0214831829071045,0.04343384504318237
211158,episode_end,484.29229094302605,194,0.13114312457385907,200.0,,,,,
211321,episode_end,485.73010495051176,163,0.131918216164528,200.0,,,,,
211488,episode_end,468.0260181084125,167,0.13374361723986283,200.0,,,,,
211659,episode_end,490.82896294517366,171,0.13305980709054768,200.0,,,,,
211826,episode_end,496.78427346557083,167,0.1299667672498059,200.0,,,,,
212000,train_step,,,0.12762769841481453,200.0,100000,38.135982513427734,-110.57341766357422,2.0074970722198486,0.015433810651302338
212049,episode_end,494.5539988761605,223,0.12722968971914114,200.0,,,,,
212353,episode_end,490.98252012489763,304,0.12811876469883285,200.0,,,,,
212653,episode_end,484.42710175727467,300,0.12983231489530914,200.0,,,,,
212836,episode_end,495.6134402956732,183,0.12769614808164204,200.0,,,,,
213000,train_step,,,0.1286142872900013,200.0,100000,78.69120788574219,-120.15211486816406,1.9566702842712402,-0.08886659890413284
213086,episode_end,440.03316889819297,250,0.12891836039814086,200.0,,,,,
213229,episode_end,467.69684067165537,143,0.1279462895707664,200.0,,,,,
213453,episode_end,463.4903658920113,224,0.12617816026210557,200.0,,,,,
213616,episode_end,282.4290984012264,163,0.12410723854598109,200.0,,,,,
213761,episode_end,484.73060088840117,145,0.12377264221154785,200.0,,,,,
213932,episode_end,459.17657969178725,171,0.12351381590476489,200.0,,,,,
214000,train_step,,,0.12479073672240398,200.0,100000,21.590808868408203,-116.51322937011719,2.0565733909606934,0.11773577332496643
214203,episode_end,479.322335471095,271,0.12698912185774794,200.0,,,,,
214450,episode_end,516.5614173037582,247,0.12747941063480053,200.0,,,,,
214638,episode_end,464.3845147081464,188,0.12744470378456646,200.0,,,,,
214789,episode_end,444.71607653699095,151,0.12747031588878271,200.0,,,,,
214968,episode_end,472.6991459248662,179,0.12702541913350382,200.0,,,,,
215000,train_step,,,0.12689438363377198,200.0,100000,39.396453857421875,-115.04008483886719,1.8745479583740234,-0.2589832544326782
215179,episode_end,509.94770332864715,211,0.12765377098234784,200.0,,,,,
215404,episode_end,506.5313969067944,225,0.1266493533533625,200.0,,,,,
215569,episode_end,487.27442536602194,165,0.12797627369975728,200.0,,,,,
215761,episode_end,472.2116119793645,192,0.12707427574234414,200.0,,,,,
215932,episode_end,450.9027675252814,171,0.12728276729899518,200.0,,,,,
216000,train_step,,,0.12659362590376236,200.0,100000,26.575031280517578,-108.96141052246094,2.0335004329681396,0.06923782825469971
216932,episode_end,177.04949507353538,1000,0.12378562022230308,200.0,,,,,
217000,train_step,,,0.12426383753155142,200.0,100000,42.177818298339844,-118.05610656738281,1.8995704650878906,-0.20943090319633484
217135,episode_end,481.33401489283517,203,0.12488746099990973,200.0,,,,,
217275,episode_end,453.6300662826881,140,0.1245677954190161,200.0,,,,,
217475,episode_end,482.5352259685387,200,0.12364164599860104,200.0,,,,,
217670,episode_end,458.78022521045983,195,0.12427719138385723,200.0,,,,,
217862,episode_end,481.49681871969807,192,0.12278162573860751,200.0,,,,,
218000,train_step,,,0.12203307073690069,200.0,100000,46.6241455078125,-110.59825134277344,1.8630480766296387,-0.28807321190834045
218116,episode_end,492.25363196119326,254,0.12249328693382018,200.0,,,,,
218316,episode_end,479.21549910998704,200,0.12336568982095661,200.0,,,,,
218510,episode_end,437.64381460268663,194,0.12232252747045777,200.0,,,,,
218671,episode_end,462.0778968538582,161,0.12298523679556787,200.0,,,,,
218911,episode_end,504.6254492178362,240,0.12280754712844522,200.0,,,,,
219000,train_step,,,0.12188365207358905,200.0,100000,31.97382354736328,-127.09716796875,2.0540032386779785,0.11366045475006104
219076,episode_end,455.471833904949,165,0.12223145758277472,200.0,,,,,
219266,episode_end,481.9488554865349,190,0.12303635143432916,200.0,,,,,
219427,episode_end,485.70812335279095,161,0.12193999389889823,200.0,,,,,
219598,episode_end,474.7740855442763,171,0.1223917074435428,200.0,,,,,
219768,episode_end,444.30209380046244,170,0.12543815032193753,200.0,,,,,
220000,train_step,,,0.12227943417868409,200.0,100000,39.785728454589844,-119.07205200195312,2.026921033859253,0.05657324194908142
220020,episode_end,500.8266863442868,252,0.12190691491174639,200.0,,,,,
220257,episode_end,493.16898665989333,237,0.12090699830264827,200.0,,,,,
220529,episode_end,493.4181068362489,272,0.12017317941422197,200.0,,,,,
220735,episode_end,450.6548728939918,206,0.11910308253957777,200.0,,,,,
221000,train_step,,,0.12257625283882131,200.0,100000,30.33771324157715,-105.37564086914062,2.026797294616699,0.05624806135892868
221040,episode_end,482.9005647604536,305,0.12304519641419541,200.0,,,,,
221218,episode_end,450.7536303798594,178,0.12286739164921028,200.0,,,,,
221450,episode_end,490.41393670892813,232,0.1210117868417221,200.0,,,,,
221638,episode_end,463.56802206069756,188,0.12245288647117378,200.0,,,,,
221860,episode_end,477.9606767607981,222,0.12028015294066904,200.0,,,,,
222000,train_step,,,0.12041067871226366,200.0,100000,48.119747161865234,-117.06369018554688,1.9415795803070068,-0.12366724014282227
222078,episode_end,455.96367358602566,218,0.11950164767826534,200.0,,,,,
222283,episode_end,463.5453739807551,205,0.11763669352745695,200.0,,,,,
222483,episode_end,486.26800379448343,200,0.1180008962415327,200.0,,,,,
222684,episode_end,473.6138721814769,201,0.1160997375471377,200.0,,,,,
223000,train_step,,,0.11737404027457092,200.0,100000,27.934343338012695,-115.87959289550781,2.0995235443115234,0.21321815252304077
223684,episode_end,138.13056901649645,1000,0.11756911786557898,200.0,,,,,
223920,episode_end,460.61194464953337,236,0.11733803129215614,200.0,,,,,
224000,train_step,,,0.11768747670227635,200.0,100000,33.418453216552734,-117.58206176757812,1.9813506603240967,-0.039904430508613586
224160,episode_end,500.65128073665295,240,0.1176675081751316,200.0,,,,,
224385,episode_end,501.4665333657421,225,0.11916377778153771,200.0,,,,,
224573,episode_end,461.46608710946924,188,0.11917177292405252,200.0,,,,,
224645,episode_end,243.20462854709285,72,0.11927584761400843,200.0,,,,,
225000,train_step,,,0.11866629245139299,200.0,100000,140.995361328125,-120.68297576904297,1.9024699926376343,-0.2078792303800583
225150,episode_end,461.2124643596824,505,0.11734001580780025,200.0,,,,,
225383,episode_end,480.4014669947666,233,0.11688598010286694,200.0,,,,,
225641,episode_end,485.457829792685,258,0.11540038734693857,200.0,,,,,
226000,train_step,,,0.11890706774699726,200.0,100000,50.13123321533203,-128.37332153320312,2.0511975288391113,0.10902102291584015
226641,episode_end,130.9129978557537,1000,0.11896828745741439,200.0,,,,,
226886,episode_end,486.3197423792453,245,0.11867876468219644,200.0,,,,,
227000,train_step,,,0.11706432332145278,200.0,100000,272.76702880859375,-118.62568664550781,2.039979934692383,0.08575794100761414
227113,episode_end,512.1444608195989,227,0.11634518874483404,200.0,,,,,
227338,episode_end,484.7307725739257,225,0.11739371844891701,200.0,,,,,
227591,episode_end,484.6809015160154,253,0.11449656007863565,200.0,,,,,
227733,episode_end,483.7662596992078,142,0.11695215111135003,200.0,,,,,
227915,episode_end,473.8658597703241,182,0.11973501422036181,200.0,,,,,
228000,train_step,,,0.11993289077259622,200.0,100000,28.236330032348633,-106.64501190185547,2.0319113731384277,0.0676785334944725
228118,episode_end,472.2169285608558,203,0.12031624324472755,200.0,,,,,
228314,episode_end,481.4804860709142,196,0.1193694555268672,200.0,,,,,
228505,episode_end,508.556767057535,191,0.11846176234986017,200.0,,,,,
228745,episode_end,512.5536477295408,240,0.11804316461161142,200.0,,,,,
228954,episode_end,499.0327427493263,209,0.1158251311291317,200.0,,,,,
229000,train_step,,,0.11583205682717371,200.0,100000,20.633319854736328,-119.74760437011719,2.0634303092956543,0.13673114776611328
229219,episode_end,486.7289574568903,265,0.11617291558557287,200.0,,,,,
229437,episode_end,489.6481723108633,218,0.1173240967456239,200.0,,,,,
229699,episode_end,500.6727331344297,262,0.1197120679134548,200.0,,,,,
229939,episode_end,488.6926913467109,240,0.1235429693341883,200.0,,,,,
230000,train_step,,,0.12356360717884116,200.0,100000,25.92285919189453,-121.07530212402344,1.9810221195220947,-0.039682745933532715
230087,episode_end,457.6293392987496,148,0.12193598997097965,200.0,,,,,
230253,episode_end,461.97815433219426,166,0.11892256782327087,200.0,,,,,
230489,episode_end,493.8791534112194,236,0.11909333726649755,200.0,,,,,
230725,episode_end,484.47872204213866,236,0.11735754448087168,200.0,,,,,
230898,episode_end,477.87931906278965,173,0.1175566534455015,200.0,,,,,
231000,train_step,,,0.11773886842274917,200.0,100000,56.90687561035156,-122.76199340820312,1.9672434329986572,-0.07007593661546707
231113,episode_end,477.7290746009623,215,0.11884312995247623,200.0,,,,,
231338,episode_end,445.0537163747127,225,0.12134556728868066,200.0,,,,,
231571,episode_end,498.190290308359,233,0.12222079770835752,200.0,,,,,
231780,episode_end,469.38062632338966,209,0.12296673219812508,200.0,,,,,
232000,train_step,,,0.12199459133696598,200.0,100000,22.619285583496094,-119.18643188476562,1.875036358833313,-0.26289576292037964
232053,episode_end,491.6674188788067,273,0.1214167087727023,200.0,,,,,
232218,episode_end,469.183352930481,165,0.12248418749828316,200.0,,,,,
232427,episode_end,481.06403495524086,209,0.12179099892963823,200.0,,,,,
232664,episode_end,488.71046928944793,237,0.11907806357696625,200.0,,,,,
232895,episode_end,504.9052445091674,231,0.12040035488556633,200.0,,,,,
233000,train_step,,,0.12179350708346601,200.0,100000,50.39240264892578,-128.06483459472656,2.2085535526275635,0.439094603061676
233116,episode_end,514.8881543584407,221,0.12224361001177284,200.0,,,,,
233304,episode_end,459.4418859852055,188,0.12268996134043933,200.0,,,,,
233496,episode_end,459.3785797397885,192,0.12277375760336544,200.0,,,,,
233634,episode_end,461.1293055196068,138,0.12381873451239547,200.0,,,,,
233837,episode_end,475.47501987547884,203,0.12282127579701592,200.0,,,,,
233984,episode_end,437.5387125656977,147,0.12186428847773012,200.0,,,,,
234000,train_step,,,0.12210177150852883,200.0,100000,170.60414123535156,-120.09585571289062,2.297807216644287,0.6262589693069458
234167,episode_end,464.9400054551465,183,0.12400821949579505,200.0,,,,,
234396,episode_end,484.750798184959,229,0.11942205300336475,200.0,,,,,
234623,episode_end,493.1505183156309,227,0.1179509768562537,200.0,,,,,
234806,episode_end,447.19361391598,183,0.11637491553027672,200.0,,,,,
235000,train_step,,,0.11755781749072736,200.0,100000,77.77323150634766,-115.47486114501953,1.9251753091812134,-0.1601865291595459
235083,episode_end,505.9658730848515,277,0.11823845754245761,200.0,,,,,
235243,episode_end,455.60560052738884,160,0.12094574912698985,200.0,,,,,
235488,episode_end,493.84385004170935,245,0.12169652225042336,200.0,,,,,
235668,episode_end,473.02064141974836,180,0.1206737766501857,200.0,,,,,
235886,episode_end,467.3748587559574,218,0.1204935296922302,200.0,,,,,
236000,train_step,,,0.12103806378922495,200.0,100000,76.65234375,-112.89527893066406,2.179173231124878,0.37835147976875305
236086,episode_end,495.8236906320576,200,0.12136409977224523,200.0,,,,,
236293,episode_end,475.7348632829175,207,0.12006111820741268,200.0,,,,,
236525,episode_end,489.9368028467728,232,0.12059382557408697,200.0,,,,,
236711,episode_end,457.99182799597105,186,0.12057966367619696,200.0,,,,,
236866,episode_end,467.2118473067769,155,0.12222041813153522,200.0,,,,,
237000,train_step,,,0.12164759453167413,200.0,100000,48.000091552734375,-119.7408676147461,1.9706556797027588,-0.0618172287940979
237192,episode_end,487.54418206066555,326,0.12327783909076095,200.0,,,,,
238000,train_step,,,0.12489823833446619,200.0,100000,47.199859619140625,-117.44153594970703,1.9228605031967163,-0.16047006845474243
238192,episode_end,196.0851522691437,1000,0.12503000154037758,200.0,,,,,
238372,episode_end,483.0223255178515,180,0.1228941823204726,200.0,,,,,
238614,episode_end,493.1684564950587,242,0.11951531059685302,200.0,,,,,
238827,episode_end,503.9205706620289,213,0.12152593374144485,200.0,,,,,
239000,train_step,,,0.12411828492167362,200.0,100000,161.88360595703125,-120.12251281738281,1.8976773023605347,-0.21349841356277466
239039,episode_end,491.3753592510503,212,0.12384810349648626,200.0,,,,,
239246,episode_end,479.77517330486774,207,0.1252143106974818,200.0,,,,,
239443,episode_end,498.1939384708956,197,0.1250429859971773,200.0,,,,,
239583,episode_end,456.4487082389831,140,0.12466062789116608,200.0,,,,,
239784,episode_end,467.2776477187773,201,0.1239277027773627,200.0,,,,,
239927,episode_end,481.8881660039431,143,0.12337711880312045,200.0,,,,,
240000,train_step,,,0.12469222589144316,200.0,100000,37.60167694091797,-121.65567016601562,2.0080955028533936,0.01685405522584915
240927,episode_end,193.09058754429708,1000,0.1257531595364439,200.0,,,,,
241000,train_step,,,0.12481403644457273,200.0,100000,53.837711334228516,-123.07839965820312,2.099475383758545,0.2070014476776123
241273,episode_end,466.1321965275007,346,0.1271563018615973,200.0,,,,,
241447,episode_end,469.48462921195284,174,0.1286361554420313,200.0,,,,,
241634,episode_end,491.13732350315104,187,0.13036539860014643,200.0,,,,,
241831,episode_end,459.1298820491551,197,0.12797997672090278,200.0,,,,,
242000,train_step,,,0.12627430848876164,200.0,100000,35.650299072265625,-116.17544555664062,1.9429609775543213,-0.11803069710731506
242267,episode_end,447.6593475893535,436,0.12239870100954334,200.0,,,,,
242429,episode_end,478.2562770042483,162,0.12264912212903244,200.0,,,,,
242596,episode_end,495.067248570838,167,0.12395244158636459,200.0,,,,,
242788,episode_end,487.5630164448876,192,0.12530333545003347,200.0,,,,,
242961,episode_end,472.9099102736335,173,0.12455568334382121,200.0,,,,,
243000,train_step,,,0.12460093986030708,200.0,100000,30.550247192382812,-118.59088134765625,2.21993088722229,0.4580366313457489
243114,episode_end,484.3291372937985,153,0.126017860231658,200.0,,,,,
243306,episode_end,487.77070238108024,192,0.12618309448137274,200.0,,,,,
243473,episode_end,468.83921727351816,167,0.12687048128705794,200.0,,,,,
243674,episode_end,497.2706254380613,201,0.12531086512342343,200.0,,,,,
243845,episode_end,459.6981430370896,171,0.1270483270100232,200.0,,,,,
244000,train_step,,,0.1259596722161506,200.0,100000,56.82277297973633,-125.83454895019531,2.0963141918182373,0.19954293966293335
244048,episode_end,471.4768895370362,203,0.125357596807153,200.0,,,,,
244263,episode_end,481.6820963401847,215,0.12568202045860064,200.0,,,,,
244457,episode_end,446.5361561905353,194,0.12679083349380335,200.0,,,,,
244711,episode_end,496.86656050272546,254,0.1252212573755817,200.0,,,,,
244950,episode_end,510.6310871002171,239,0.12631169803476347,200.0,,,,,
245000,train_step,,,0.1259341074162077,200.0,100000,31.548784255981445,-117.16242218017578,2.1253433227539062,0.25971099734306335
245161,episode_end,481.7924795131386,211,0.12361601812460309,200.0,,,,,
245367,episode_end,465.9355994677242,206,0.12408229782585581,200.0,,,,,
245580,episode_end,498.8452572234412,213,0.1261160832251294,200.0,,,,,
245773,episode_end,467.314759121039,193,0.12604204149703202,200.0,,,,,
245927,episode_end,505.3673830689129,154,0.12369596958755709,200.0,,,,,
246000,train_step,,,0.12332786217778195,200.0,100000,33.1583137512207,-117.62779235839844,1.9445245265960693,-0.11610515415668488
246169,episode_end,494.9198587675781,242,0.12245532965390732,200.0,,,,,
246400,episode_end,498.4237910656928,231,0.12164384451678138,200.0,,,,,
246602,episode_end,499.7086808839831,202,0.11947515187181634,200.0,,,,,
246792,episode_end,493.7509728091304,190,0.1181967046462188,200.0,,,,,
246958,episode_end,492.26008511397026,166,0.12002148272236363,200.0,,,,,
247000,train_step,,,0.12010460053058297,200.0,100000,123.71918487548828,-121.08074951171875,1.9735400676727295,-0.05607873201370239
247140,episode_end,456.85793866013404,182,0.12034831006031896,200.0,,,,,
247375,episode_end,484.9541800592763,235,0.12232472240883202,200.0,,,,,
247579,episode_end,478.66071409581525,204,0.11995039982248477,200.0,,,,,
247788,episode_end,465.96736342807077,209,0.11991151985737632,200.0,,,,,
248000,train_step,,,0.11937966321126943,200.0,100000,152.29769897460938,-117.312744140625,2.0721638202667236,0.15338031947612762
248016,episode_end,490.9740388566304,228,0.11920422019337086,200.0,,,,,
248247,episode_end,481.6492112687302,231,0.11790889813742843,200.0,,,,,
248457,episode_end,501.59160016150815,210,0.1172441517413022,200.0,,,,,
248671,episode_end,450.45041632054716,214,0.11574211832238138,200.0,,,,,
248862,episode_end,459.4384348863562,191,0.11481835773779392,200.0,,,,,
249000,train_step,,,0.11500708114055372,200.0,100000,88.6097412109375,-112.9383544921875,2.2583553791046143,0.5587613582611084
249862,episode_end,232.81403082685395,1000,0.11336342005070874,200.0,,,,,
250000,train_step,,,0.11607577254147025,200.0,100000,51.242576599121094,-113.41192626953125,2.136383533477783,0.2937033772468567
250088,episode_end,496.55103739977693,226,0.11679591491200089,200.0,,,,,
250242,episode_end,474.0329068990778,154,0.11715751238695571,200.0,,,,,
250392,episode_end,486.30320547797425,150,0.1181324102121536,200.0,,,,,
250562,episode_end,447.39599032435046,170,0.11739227681956368,200.0,,,,,
250845,episode_end,479.60089039965004,283,0.11867795898272895,200.0,,,,,
251000,train_step,,,0.11913175699171308,200.0,100000,50.63078308105469,-116.1348876953125,1.8918038606643677,-0.23019003868103027
251072,episode_end,474.0368293252442,227,0.11879184502586446,200.0,,,,,
251308,episode_end,509.33677464050413,236,0.12032802820878752,200.0,,,,,
251541,episode_end,491.741663021601,233,0.12004768531451679,200.0,,,,,
251697,episode_end,467.49497879229955,156,0.12001498514973329,200.0,,,,,
251920,episode_end,504.659377581991,223,0.11892551371633496,200.0,,,,,
252000,train_step,,,0.11879792009778006,200.0,100000,37.73488998413086,-120.06761932373047,1.8449809551239014,-0.3302419185638428
252150,episode_end,499.79283512318005,230,0.1163519566247287,200.0,,,,,
252314,episode_end,442.86363450494184,164,0.11552809721393445,200.0,,,,,
252529,episode_end,475.7945239551655,215,0.11405722184425009,200.0,,,,,
252732,episode_end,460.6459597796101,203,0.11459678174424696,200.0,,,,,
252896,episode_end,474.17718948200275,164,0.11372362143336176,200.0,,,,,
253000,train_step,,,0.11292775518268296,200.0,100000,16.39179229736328,-125.36994171142578,2.1826586723327637,0.3983801007270813
253124,episode_end,481.4787972143403,228,0.11114254249250388,200.0,,,,,
253284,episode_end,466.5533879847087,160,0.10956551681989504,200.0,,,,,
253430,episode_end,490.7522952532237,146,0.10806771823365441,200.0,,,,,
253600,episode_end,469.68136808514635,170,0.10831235197517236,200.0,,,,,
253769,episode_end,455.11153225113884,169,0.10851089606756893,200.0,,,,,
253932,episode_end,466.20311073063044,163,0.10858144463516664,200.0,,,,,
254000,train_step,,,0.10836856052716484,200.0,100000,23.539527893066406,-126.58708190917969,2.0677616596221924,0.15058128535747528
254216,episode_end,496.45179813315804,284,0.10945097373130422,200.0,,,,,
254425,episode_end,492.3840872200621,209,0.1103151428447776,200.0,,,,,
254593,episode_end,449.9850341669722,168,0.10988501805477346,200.0,,,,,
254748,episode_end,481.67208047541357,155,0.10986689079945294,200.0,,,,,
254912,episode_end,458.5320666893936,164,0.10998060091544369,200.0,,,,,
255000,train_step,,,0.11023640551489013,200.0,100000,14.065272331237793,-124.6994857788086,1.911447525024414,-0.19526970386505127
255119,episode_end,495.15377988236764,207,0.11147500762589667,200.0,,,,,
255275,episode_end,458.14643381991806,156,0.1135644972739844,200.0,,,,,
255552,episode_end,479.0148662225404,277,0.11506679253751981,200.0,,,,,
255734,episode_end,478.440091226315,182,0.11244272941594834,200.0,,,,,
255944,episode_end,485.0598087361349,210,0.11079709998629217,200.0,,,,,
256000,train_step,,,0.11021565782832426,200.0,100000,106.1708755493164,-124.84935760498047,1.9313740730285645,-0.15134190022945404
256145,episode_end,489.5028544455695,201,0.10922562478325365,200.0,,,,,
256377,episode_end,485.57335341338427,232,0.10774879157109195,200.0,,,,,
256667,episode_end,507.77502950030186,290,0.10855766463167917,200.0,,,,,
256897,episode_end,487.698693161278,230,0.10937737748158388,200.0,,,,,
257000,train_step,,,0.10998391773724894,200.0,100000,97.7181167602539,-119.2073745727539,1.8515716791152954,-0.3276437819004059
257149,episode_end,490.35412257284065,252,0.11170014974791949,200.0,,,,,
257372,episode_end,502.5958277105944,223,0.11234350995740881,200.0,,,,,
257520,episode_end,467.2297000250426,148,0.11245195686869774,200.0,,,,,
257743,episode_end,491.56297236635163,223,0.11162300408372904,200.0,,,,,
257886,episode_end,479.8046267438296,143,0.11104910217346052,200.0,,,,,
258000,train_step,,,0.1103031953932334,200.0,100000,98.89265441894531,-132.55819702148438,1.944795846939087,-0.12169879674911499
258220,episode_end,462.8431745362261,334,0.11103002293886279,200.0,,,,,
258423,episode_end,493.58974535417616,203,0.11300568744417894,200.0,,,,,
258619,episode_end,460.6805785326153,196,0.1112090757127279,200.0,,,,,
258775,episode_end,492.1812914009585,156,0.10920004370236837,200.0,,,,,
258966,episode_end,448.7002288037577,191,0.10789335486761402,200.0,,,,,
259000,train_step,,,0.1074700046282995,200.0,100000,62.3779296875,-130.80029296875,1.8502402305603027,-0.3340458273887634
259185,episode_end,504.9972019976911,219,0.10756280409662142,200.0,,,,,
259400,episode_end,463.2855381197835,215,0.10788979740759717,200.0,,,,,
259644,episode_end,478.3781294741219,244,0.10759537752819187,200.0,,,,,
259854,episode_end,495.2337394981466,210,0.10462197986876119,200.0,,,,,
260000,train_step,,,0.10457099943132833,200.0,100000,68.29364013671875,-125.3734130859375,2.049499988555908,0.11176533997058868
260077,episode_end,447.99688869612135,223,0.10432190475944837,200.0,,,,,
260301,episode_end,502.9208036610457,224,0.10383393221256985,200.0,,,,,
260480,episode_end,475.9375938430252,179,0.10359096554266276,200.0,,,,,
260707,episode_end,470.12789317789026,227,0.10539883901996028,200.0,,,,,
260927,episode_end,500.4559654370746,220,0.104791235254548,200.0,,,,,
261000,train_step,,,0.10399180273933983,200.0,100000,33.90839385986328,-122.55023193359375,1.901550054550171,-0.22283579409122467
261144,episode_end,498.0794047716131,217,0.10508850350775946,200.0,,,,,
261303,episode_end,500.413215233902,159,0.10519554572669142,200.0,,,,,
261449,episode_end,454.6078261494337,146,0.103218457150618,200.0,,,,,
261656,episode_end,508.28031500934026,207,0.10466216816800783,200.0,,,,,
261844,episode_end,481.91732672452923,188,0.10252839612334981,200.0,,,,,
262000,train_step,,,0.10238195443885255,200.0,100000,27.689899444580078,-118.9077377319336,1.980373501777649,-0.044729724526405334
262095,episode_end,498.0695008263435,251,0.1027930144825166,200.0,,,,,
262708,episode_end,418.8103224793392,613,0.10228140155952085,200.0,,,,,
262952,episode_end,262.3339738816835,244,0.09884271601801287,200.0,,,,,
263000,train_step,,,0.09845645646405912,200.0,100000,78.3125,-123.48788452148438,1.8435931205749512,-0.3625732362270355
263165,episode_end,486.28579766490407,213,0.09889112601186549,200.0,,,,,
263335,episode_end,457.7714727392602,170,0.10178184861783006,200.0,,,,,
263485,episode_end,459.78113676298193,150,0.10276521095797786,200.0,,,,,
263645,episode_end,446.1597829944564,160,0.10065595831363301,200.0,,,,,
263847,episode_end,484.39193187266414,202,0.09944465836992397,200.0,,,,,
264000,train_step,,,0.09878271195799873,200.0,100000,19.498788833618164,-118.69400787353516,1.9121947288513184,-0.20325441658496857
264010,episode_end,499.3019966959562,163,0.09879769298996006,200.0,,,,,
264138,episode_end,485.4712465134018,128,0.0998896051271455,200.0,,,,,
264338,episode_end,471.9210770629884,200,0.10056577401975997,200.0,,,,,
264495,episode_end,498.987646015275,157,0.0988372925326626,200.0,,,,,
264697,episode_end,491.0380834208362,202,0.09907268115528242,200.0,,,,,
264889,episode_end,479.9847994265339,192,0.09903703627273024,200.0,,,,,
265000,train_step,,,0.10025964611533617,200.0,100000,16.57896614074707,-116.9861831665039,1.9541378021240234,-0.10548275709152222
265027,episode_end,489.8792440502356,138,0.10003943070827341,200.0,,,,,
265245,episode_end,502.23625916141424,218,0.10078503371543315,200.0,,,,,
265420,episode_end,437.3313967909757,175,0.1027983034808902,200.0,,,,,
265596,episode_end,459.8636680688976,176,0.10451216274991307,200.0,,,,,
265838,episode_end,463.9483378757168,242,0.10423882864373336,200.0,,,,,
266000,train_step,,,0.10437928593416147,200.0,100000,17.247631072998047,-118.89625549316406,1.827510118484497,-0.3897795081138611
266049,episode_end,476.9891141814502,211,0.10353902312424977,200.0,,,,,
266242,episode_end,451.9604594518811,193,0.10032819890318047,200.0,,,,,
266413,episode_end,493.0818513653219,171,0.09864859804854,200.0,,,,,
266617,episode_end,493.67011651065604,204,0.09727215755914699,200.0,,,,,
266770,episode_end,477.024172474174,153,0.09799433197023104,200.0,,,,,
266961,episode_end,456.56262046768234,191,0.09725425137972388,200.0,,,,,
267000,train_step,,,0.09735928243152796,200.0,100000,100.68362426757812,-118.53767395019531,1.974553108215332,-0.0592748299241066
267135,episode_end,450.34238489289464,174,0.09892289609350804,200.0,,,,,
267337,episode_end,481.1046795368055,202,0.09973534626350464,200.0,,,,,
267523,episode_end,464.8061461427712,186,0.10179586141646044,200.0,,,,,
267728,episode_end,493.22324915409035,205,0.10065044094781483,200.0,,,,,
267884,episode_end,480.60719511684454,156,0.09967688578582945,200.0,,,,,
268000,train_step,,,0.09956166281928501,200.0,100000,84.21116638183594,-116.306640625,2.0029470920562744,0.006798937916755676
268071,episode_end,470.49846530478305,187,0.0987135889759257,200.0,,,,,
268309,episode_end,486.0030627731228,238,0.09711287831014458,200.0,,,,,
268486,episode_end,473.96077863667773,177,0.09701250498124783,200.0,,,,,
268722,episode_end,475.94676316438466,236,0.09563384054095489,200.0,,,,,
268883,episode_end,471.958070140401,161,0.09647236616520292,200.0,,,,,
269000,train_step,,,0.09673834484193261,200.0,100000,103.97044372558594,-119.75382232666016,1.8598662614822388,-0.3273167014122009
269080,episode_end,487.2030729000879,197,0.09603023193589308,200.0,,,,,
269241,episode_end,452.0826283047214,161,0.09625941645663964,200.0,,,,,
269404,episode_end,465.1627046524189,163,0.0968412512900464,200.0,,,,,
269569,episode_end,492.64943458942196,165,0.0952683755469237,200.0,,,,,
269756,episode_end,458.04322722749384,187,0.09302562482026923,200.0,,,,,
269991,episode_end,498.4746104340134,235,0.09411840100247318,200.0,,,,,
270000,train_step,,,0.09409052748442892,200.0,100000,34.096492767333984,-127.13400268554688,2.06585693359375,0.15565277636051178
270184,episode_end,481.1155703115053,193,0.09422240996193429,200.0,,,,,
270413,episode_end,500.42515012241915,229,0.09590944741846046,200.0,,,,,
270627,episode_end,490.8771427596596,214,0.09693094447087379,200.0,,,,,
270818,episode_end,510.70929335863656,191,0.09824406012900826,200.0,,,,,
271000,train_step,,,0.0995190377710539,200.0,100000,13.352441787719727,-133.62615966796875,1.8618260622024536,-0.31882333755493164
271044,episode_end,500.6124201280678,226,0.09939960609464148,200.0,,,,,
271286,episode_end,480.58139653072493,242,0.09693615491970245,200.0,,,,,
271507,episode_end,503.70563773198916,221,0.09637580532946428,200.0,,,,,
271678,episode_end,489.27845030207453,171,0.09596548308095389,200.0,,,,,
271903,episode_end,501.84096020862694,225,0.09617921349842469,200.0,,,,,
272000,train_step,,,0.09576404883834383,200.0,100000,34.87779998779297,-127.8907699584961,2.141404867172241,0.33171698451042175
272124,episode_end,483.3480260634705,221,0.09681880025072101,200.0,,,,,
272335,episode_end,478.446624403642,211,0.09682659837907463,200.0,,,,,
272479,episode_end,489.75189020083764,144,0.09705596102743606,200.0,,,,,
272626,episode_end,486.49978223041114,147,0.09575444518929627,200.0,,,,,
272882,episode_end,489.7528049035921,256,0.09399378650132943,200.0,,,,,
273000,train_step,,,0.09319763277779214,200.0,100000,82.878662109375,-118.69847869873047,2.035250425338745,0.08365032821893692
273067,episode_end,474.31480418603223,185,0.09378728644207199,200.0,,,,,
273273,episode_end,487.93674921836254,206,0.09577939224395587,200.0,,,,,
273407,episode_end,481.64088388602784,134,0.09470805551730994,200.0,,,,,
273643,episode_end,494.14728088618307,236,0.09744084069918289,200.0,,,,,
273839,episode_end,463.43731849392094,196,0.09659634739499245,200.0,,,,,
274000,train_step,,,0.09456560628330457,200.0,100000,31.386951446533203,-125.17923736572266,1.9524786472320557,-0.1120775043964386
274049,episode_end,503.8463116189627,210,0.09496001750191116,200.0,,,,,
274237,episode_end,487.12868322684517,188,0.09665950379328993,200.0,,,,,
274419,episode_end,464.5127587330178,182,0.09490827589333799,200.0,,,,,
274608,episode_end,489.18886031053233,189,0.09398337790585388,200.0,,,,,
274780,episode_end,481.9077337755715,172,0.09150084152474165,200.0,,,,,
274954,episode_end,496.50419263550424,174,0.0930889719362868,200.0,,,,,
275000,train_step,,,0.09364596335190997,200.0,100000,20.03695297241211,-126.37809753417969,1.790562629699707,-0.4959964454174042
275127,episode_end,440.01143537622585,173,0.09340409386844795,200.0,,,,,
275336,episode_end,480.6925554507174,209,0.09268463686053205,200.0,,,,,
275527,episode_end,493.34214564913657,191,0.091049612075164,200.0,,,,,
275671,episode_end,451.994402968403,144,0.09069266273559527,200.0,,,,,
275848,episode_end,483.9817657573711,177,0.08952651850584821,200.0,,,,,
275993,episode_end,493.9762351874716,145,0.08933414798885453,200.0,,,,,
276000,train_step,,,0.08935602529942611,200.0,100000,52.89530944824219,-120.2809829711914,2.0782203674316406,0.1889125108718872
276192,episode_end,478.9336741561513,199,0.09011505338342246,200.0,,,,,
276325,episode_end,477.19696414056847,133,0.08903558756738114,200.0,,,,,
276467,episode_end,283.671800270781,142,0.08924908814567867,200.0,,,,,
276679,episode_end,509.32000297558676,212,0.09067335415391321,200.0,,,,,
276883,episode_end,293.9724289112447,204,0.0885395573502116,200.0,,,,,
277000,train_step,,,0.08852892362900576,200.0,100000,17.036056518554688,-112.54586791992188,2.0317463874816895,0.07696710526943207
277127,episode_end,507.4932214307791,244,0.08794076439113432,200.0,,,,,
277329,episode_end,493.0648800531095,202,0.08641630302711636,200.0,,,,,
277503,episode_end,473.5704533342568,174,0.088906296047101,200.0,,,,,
277683,episode_end,457.3907438596682,180,0.08880924198149602,200.0,,,,,
277842,episode_end,474.4373082707456,159,0.08829835917046508,200.0,,,,,
278000,train_step,,,0.08677213426032122,200.0,100000,69.8707504272461,-136.56068420410156,1.7210347652435303,-0.6819223165512085
278037,episode_end,485.9252896697947,195,0.08696797806742237,200.0,,,,,
278233,episode_end,500.62012431390866,196,0.08917406976104923,200.0,,,,,
278417,episode_end,498.2936175138925,184,0.09358733669027301,200.0,,,,,
278683,episode_end,484.7298893040919,266,0.09225464849760107,200.0,,,,,
278868,episode_end,513.9286163091011,185,0.09184658423711718,200.0,,,,,
279000,train_step,,,0.09145218610436823,200.0,100000,35.660518646240234,-128.02633666992188,2.178752899169922,0.4275657534599304
279032,episode_end,485.9200376793507,164,0.091600047381649,200.0,,,,,
279248,episode_end,482.6874300467227,216,0.09177742720614877,200.0,,,,,
279460,episode_end,479.97245101455724,212,0.09164515338658509,200.0,,,,,
279728,episode_end,495.0843822941742,268,0.09075576321895977,200.0,,,,,
279960,episode_end,484.65567689497465,232,0.09137223589638256,200.0,,,,,
280000,train_step,,,0.09123374278250582,200.0,100000,252.92965698242188,-129.69970703125,1.993263840675354,-0.016128666698932648
280213,episode_end,501.79276772980774,253,0.09089241068930115,200.0,,,,,
280387,episode_end,472.5478609436128,174,0.09274100721797558,200.0,,,,,
280596,episode_end,498.44322242573963,209,0.09196837372181578,200.0,,,,,
280847,episode_end,486.32248423761064,251,0.09141613092026314,200.0,,,,,
281000,train_step,,,0.09205067054859463,200.0,100000,144.9437255859375,-126.21920776367188,1.829418420791626,-0.4069080054759979
281075,episode_end,468.7488018984121,228,0.09143214270014725,200.0,,,,,
281231,episode_end,439.7075181326549,156,0.09185477562418876,200.0,,,,,
281461,episode_end,297.99593607260726,230,0.0927929553409183,200.0,,,,,
281713,episode_end,494.1631196171536,252,0.09230003421724835,200.0,,,,,
282000,train_step,,,0.09352381379495366,200.0,100000,561.470458984375,-132.1223907470703,2.027866840362549,0.06603172421455383
282030,episode_end,466.8884477762181,317,0.09323242762848354,200.0,,,,,
282255,episode_end,492.5237883370155,225,0.09577958141533251,200.0,,,,,
282388,episode_end,470.26947151961184,133,0.09709692557334107,200.0,,,,,
282645,episode_end,482.79894292287884,257,0.09775002610490435,200.0,,,,,
283000,train_step,,,0.09879495429939605,200.0,100000,12.85267448425293,-127.18247985839844,1.9520624876022339,-0.11096136271953583
283171,episode_end,-282.2766570676065,526,0.09687189679821888,200.0,,,,,
283617,episode_end,-501.68064835617963,446,0.09758791457429844,200.0,,,,,
283754,episode_end,464.18790929517115,137,0.09574081309076074,200.0,,,,,
283919,episode_end,488.04681093095684,165,0.09686937428325758,200.0,,,,,
284000,train_step,,,0.0967289697122952,200.0,100000,57.75898361206055,-125.93486022949219,2.1990103721618652,0.4648563861846924
284115,episode_end,484.45515050918823,196,0.09552175004297517,200.0,,,,,
284402,episode_end,434.3824406132942,287,0.09382078767419412,200.0,,,,,
284634,episode_end,459.4906882456158,232,0.0924676039801972,200.0,,,,,
284799,episode_end,499.7502906810448,165,0.09220662060103901,200.0,,,,,
285000,train_step,,,0.09278586717101535,200.0,100000,21.17108154296875,-127.04261016845703,1.7966327667236328,-0.48349738121032715
285077,episode_end,451.54478058452673,278,0.09328228954033106,200.0,,,,,
285363,episode_end,466.789058137651,286,0.09578792089498361,200.0,,,,,
285545,episode_end,477.9972493337873,182,0.09557240778315751,200.0,,,,,
285797,episode_end,503.85346700426004,252,0.09345203381248768,200.0,,,,,
286000,train_step,,,0.09379039575611009,200.0,100000,21.720600128173828,-130.72523498535156,1.8939595222473145,-0.2509649991989136
286114,episode_end,459.79039536209444,317,0.09482787288562805,200.0,,,,,
286304,episode_end,444.49979410945275,190,0.09563733577973035,200.0,,,,,
286489,episode_end,462.7201149226679,185,0.09592796363060893,200.0,,,,,
286639,episode_end,504.61103884255346,150,0.09762258998327365,200.0,,,,,
287000,train_step,,,0.10247658052914835,200.0,100000,82.90875244140625,-129.0966796875,1.8701703548431396,-0.2957674264907837
287639,episode_end,224.1171223043519,1000,0.09722359571736407,200.0,,,,,
288000,train_step,,,0.09699326822307165,200.0,100000,13.719356536865234,-135.11013793945312,1.9060404300689697,-0.21921837329864502
288050,episode_end,374.7799551324266,411,0.09787714169464257,200.0,,,,,
288298,episode_end,443.49184952749675,248,0.0996817432681116,200.0,,,,,
288738,episode_end,479.0892579185843,440,0.10262709952648286,200.0,,,,,
289000,train_step,,,0.10077548898998527,200.0,100000,117.6932144165039,-131.55126953125,1.9174748659133911,-0.18938352167606354
289030,episode_end,486.30394008193497,292,0.10061920538225909,200.0,,,,,
289244,episode_end,500.5116164762099,214,0.10073822217079519,200.0,,,,,
289650,episode_end,457.13220687989894,406,0.09879791282425676,200.0,,,,,
289810,episode_end,466.12807398058993,160,0.09748468742253734,200.0,,,,,
289976,episode_end,451.01101030239806,166,0.09974732597234963,200.0,,,,,
290000,train_step,,,0.09972223596785357,200.0,100000,250.9649658203125,-124.23956298828125,1.8243334293365479,-0.4049760699272156
290175,episode_end,501.61833688727563,199,0.0994183503052242,200.0,,,,,
290433,episode_end,478.3370828102374,258,0.10161668018486913,200.0,,,,,
290614,episode_end,483.0515143422585,181,0.10131657779798763,200.0,,,,,
290820,episode_end,484.9714332436367,206,0.10349877069770001,200.0,,,,,
290962,episode_end,464.21725177117196,142,0.10490116283575134,200.0,,,,,
291000,train_step,,,0.1055285027415376,200.0,100000,257.974609375,-128.13514709472656,2.2213687896728516,0.4978083670139313
291239,episode_end,474.35924927087746,277,0.10708018363997791,200.0,,,,,
291453,episode_end,500.1914833709129,214,0.1053050989860103,200.0,,,,,
291785,episode_end,456.8478043270847,332,0.1047854213421302,200.0,,,,,
291994,episode_end,466.1456377004272,209,0.1051841278589333,200.0,,,,,
292000,train_step,,,0.10528532336948923,200.0,100000,120.20420837402344,-122.35546875,2.189836263656616,0.42733702063560486
292163,episode_end,489.5793784972945,169,0.10698127461583042,200.0,,,,,
292357,episode_end,460.7278991869842,194,0.10725407222419113,200.0,,,,,
292524,episode_end,464.7275503320372,167,0.10766341086471495,200.0,,,,,
292802,episode_end,463.37382576394515,278,0.10582783858641805,200.0,,,,,
292993,episode_end,480.38420881628923,191,0.1076823161324936,200.0,,,,,
293000,train_step,,,0.10779110430669045,200.0,100000,37.53804016113281,-130.83346557617188,2.2058987617492676,0.4586521089076996
293153,episode_end,470.3764071451148,160,0.10980438359397299,200.0,,,,,
293301,episode_end,486.26848205482264,148,0.11072577487440989,200.0,,,,,
293516,episode_end,478.9838682725032,215,0.11141261322086811,200.0,,,,,
293784,episode_end,497.28794190513014,268,0.11042289533656896,200.0,,,,,
293991,episode_end,488.96412757229297,207,0.10833253574997583,200.0,,,,,
294000,train_step,,,0.10833365316458074,200.0,100000,136.0079803466797,-131.5007781982422,1.8753299713134766,-0.2770841419696808
294178,episode_end,461.42186430530245,187,0.10604092108801245,200.0,,,,,
294780,episode_end,468.9254733698395,602,0.10450400980982354,200.0,,,,,
294994,episode_end,505.478590244584,214,0.10420553616752495,200.0,,,,,
295000,train_step,,,0.10422585854761661,200.0,100000,10.77152156829834,-125.85404205322266,1.9633984565734863,-0.08276332914829254
295244,episode_end,481.2892286700578,250,0.10540541702367885,200.0,,,,,
295440,episode_end,496.2924978281897,196,0.10460595734659811,200.0,,,,,
295594,episode_end,469.9441544037626,154,0.10475023953906498,200.0,,,,,
295807,episode_end,499.9956428645773,213,0.10544257615914955,200.0,,,,,
295957,episode_end,463.6895143397969,150,0.10553730704295805,200.0,,,,,
296000,train_step,,,0.10483697684773367,200.0,100000,74.82809448242188,-136.24822998046875,1.7428710460662842,-0.5799153447151184
296172,episode_end,482.613828210301,215,0.10499855657547398,200.0,,,,,
296357,episode_end,466.77473548025876,185,0.10345592008540051,200.0,,,,,
296590,episode_end,500.82089377906317,233,0.10306053463106045,200.0,,,,,
296781,episode_end,502.68363268266,191,0.10307039588814582,200.0,,,,,
297000,train_step,,,0.10192499090711735,200.0,100000,150.73907470703125,-134.28411865234375,2.0927584171295166,0.21181567013263702
297401,episode_end,421.9317633265983,620,0.10324539845556707,200.0,,,,,
297572,episode_end,471.9141988988124,171,0.10312958041016687,200.0,,,,,
297807,episode_end,485.13453238327475,235,0.10336971119377214,200.0,,,,,
298000,train_step,,,0.10118710321071836,200.0,100000,26.39775276184082,-132.181884765625,1.8734654188156128,-0.28986358642578125
298230,episode_end,419.37463064580317,423,0.10097988486068919,200.0,,,,,
298433,episode_end,477.7016707100855,203,0.10167046364526583,200.0,,,,,
298628,episode_end,477.6302673683731,195,0.10252617044994046,200.0,,,,,
298794,episode_end,444.6909987558393,166,0.10123384474390465,200.0,,,,,
298979,episode_end,498.48391447625846,185,0.10102605136805237,200.0,,,,,
299000,train_step,,,0.10132273617721042,200.0,100000,37.41947937011719,-130.82913208007812,1.918718934059143,-0.1860884726047516
299207,episode_end,491.45582302707186,228,0.10393036244903145,200.0,,,,,
299411,episode_end,503.93252466131014,204,0.102003515642103,200.0,,,,,
299576,episode_end,480.366042201819,165,0.1017386961332623,200.0,,,,,
299761,episode_end,492.9863628098052,185,0.10125197964227065,200.0,,,,,
299962,episode_end,493.6288035759602,201,0.10233411387855612,200.0,,,,,
300000,train_step,,,0.10235116354461515,200.0,100000,35.075313568115234,-133.36135864257812,1.9695172309875488,-0.0694807916879654
300154,episode_end,170.2645770206799,192,0.10228608085044329,-100.0,,,,,
300360,episode_end,198.5088806981542,206,0.1006434303997281,-100.0,,,,,
300545,episode_end,157.6607967006889,185,0.10211906280605668,-100.0,,,,,
300749,episode_end,184.30027076836495,204,0.10133399657131431,-100.0,,,,,
301000,train_step,,,0.09902305086869104,-100.0,100000,102.11458587646484,-141.53564453125,2.116665840148926,0.2697785198688507
301002,episode_end,187.19376272823297,253,0.09901811030035822,-100.0,,,,,
301176,episode_end,181.71491965662568,174,0.10059621722061857,-100.0,,,,,
301321,episode_end,163.06926710865002,145,0.10298879569595798,-100.0,,,,,
301471,episode_end,165.3591688745027,150,0.10251899101292394,-100.0,,,,,
301618,episode_end,170.6225684866458,147,0.10397476447606303,-100.0,,,,,
301815,episode_end,197.18107739090482,197,0.10649478137858467,-100.0,,,,,
301950,episode_end,175.82540870360666,135,0.10708015514149669,-100.0,,,,,
302000,train_step,,,0.10770912220537418,-100.0,100000,366.746826171875,-134.69757080078125,1.9034208059310913,-0.2152094691991806
302142,episode_end,205.8826238510872,192,0.10705322952053295,-100.0,,,,,
303000,train_step,,,0.10451953915616663,-100.0,100000,38.827903747558594,-133.7471160888672,1.7312204837799072,-0.6070067882537842
303142,episode_end,72.28710808361936,1000,0.10613459646574035,-100.0,,,,,
304000,train_step,,,0.10286021699788202,-100.0,100000,28.404186248779297,-119.77008056640625,2.3010094165802,0.6846107244491577
304142,episode_end,-104.09877329563302,1000,0.10164538400176513,-100.0,,,,,
305000,train_step,,,0.10844237561816002,-100.0,100000,53.19599151611328,-130.00900268554688,1.9770851135253906,-0.05090631917119026
305142,episode_end,-78.82467885545472,1000,0.1078395831902425,-100.0,,,,,
305304,episode_end,166.49038559075893,162,0.10526235665473842,-100.0,,,,,
305444,episode_end,181.09111613910324,140,0.10340965617406905,-100.0,,,,,
305600,episode_end,165.74526792380408,156,0.10166853254804746,-100.0,,,,,
305803,episode_end,178.89616134940843,203,0.10119332362601995,-100.0,,,,,
306000,train_step,,,0.10401602896352667,-100.0,100000,28.364965438842773,-132.1778564453125,2.0345659255981445,0.07822966575622559
306028,episode_end,216.90674253329024,225,0.10408885346486713,-100.0,,,,,
306253,episode_end,210.92350060249385,225,0.10508179240296295,-100.0,,,,,
306393,episode_end,158.71127373601712,140,0.10518586501078919,-100.0,,,,,
306620,episode_end,190.88958528145156,227,0.10548214493660317,-100.0,,,,,
306807,episode_end,164.65928497397556,187,0.10303910765718267,-100.0,,,,,
306976,episode_end,191.15800998967887,169,0.10165979176684445,-100.0,,,,,
307000,train_step,,,0.1018483682364306,-100.0,100000,258.15228271484375,-135.01104736328125,1.9953029155731201,-0.010729141533374786
307204,episode_end,198.51812776760622,228,0.10395034611865378,-100.0,,,,,
307368,episode_end,149.31992325149193,164,0.1062737202373719,-100.0,,,,,
307598,episode_end,197.01819340839586,230,0.10691485115929308,-100.0,,,,,
307781,episode_end,170.04504990118704,183,0.10522705793269721,-100.0,,,,,
308000,train_step,,,0.10399462718098991,-100.0,100000,71.04798889160156,-131.82418823242188,1.9713705778121948,-0.06480047106742859
308003,episode_end,171.1622216307341,222,0.10395156564518353,-100.0,,,,,
308199,episode_end,186.63194502765595,196,0.10201700004605153,-100.0,,,,,
308410,episode_end,205.58180587891565,211,0.10214003954246657,-100.0,,,,,
308659,episode_end,199.60735335211493,249,0.10157680923407877,-100.0,,,,,
308821,episode_end,171.9816066268429,162,0.1016730514633642,-100.0,,,,,
309000,train_step,,,0.10323290923623199,-100.0,100000,18.952465057373047,-128.7953338623047,1.8208681344985962,-0.40676677227020264
309002,episode_end,159.9007004042673,181,0.10326838261378071,-100.0,,,,,
309274,episode_end,177.8874794999344,272,0.1068390241095758,-100.0,,,,,
309419,episode_end,168.98989446276167,145,0.10735331296854521,-100.0,,,,,
309635,episode_end,195.3522671128571,216,0.10790106577995733,-100.0,,,,,
309790,episode_end,158.50820318866175,155,0.10842098365411765,-100.0,,,,,
309997,episode_end,201.79165452983327,207,0.10853500968402563,-100.0,,,,,
310000,train_step,,,0.10860633029022732,-100.0,100000,18.25290298461914,-129.28990173339844,2.4525833129882812,1.0047461986541748
310204,episode_end,192.57261618652257,207,0.1091288236891496,-100.0,,,,,
310356,episode_end,183.12331338837,152,0.10770358068498856,-100.0,,,,,
310552,episode_end,167.42270641087643,196,0.10820509953752451,-100.0,,,,,
310719,episode_end,163.50116179752655,167,0.10841664940458409,-100.0,,,,,
310888,episode_end,184.78060729303098,169,0.10856944233350141,-100.0,,,,,
311000,train_step,,,0.10613951088080688,-100.0,100000,66.57169342041016,-123.28875732421875,1.7956194877624512,-0.4584255516529083
311100,episode_end,190.749963877992,212,0.10606531255881037,-100.0,,,,,
311284,episode_end,163.69879605494896,184,0.10667772809951277,-100.0,,,,,
311492,episode_end,213.19686581705403,208,0.10639124765323414,-100.0,,,,,
311689,episode_end,181.13431152829008,197,0.10500290605998318,-100.0,,,,,
311897,episode_end,195.01189943627622,208,0.10478236433417064,-100.0,,,,,
312000,train_step,,,0.10529145052559671,-100.0,100000,23.466472625732422,-137.4849853515625,2.039036750793457,0.08787227421998978
312127,episode_end,163.8989378232417,230,0.1058733053516609,-100.0,,,,,
312601,episode_end,160.6478247299906,474,0.10538704813613131,-100.0,,,,,
312812,episode_end,177.9695105801718,211,0.10513928622108616,-100.0,,,,,
312975,episode_end,174.493467800578,163,0.10650280199134002,-100.0,,,,,
313000,train_step,,,0.10636625006804601,-100.0,100000,143.8079376220703,-129.88758850097656,2.055389404296875,0.12412013858556747
313161,episode_end,184.26457533016082,186,0.10707718882624348,-100.0,,,,,
313347,episode_end,192.60486059917656,186,0.10599074810600335,-100.0,,,,,
313562,episode_end,197.1904016466591,215,0.105720278820756,-100.0,,,,,
313815,episode_end,137.7231862648626,253,0.10668864521226644,-100.0,,,,,
313954,episode_end,180.91597483787763,139,0.1058729013026354,-100.0,,,,,
314000,train_step,,,0.10638186927297533,-100.0,100000,33.430423736572266,-124.79810333251953,1.9207857847213745,-0.1774967908859253
314153,episode_end,206.747734342393,199,0.1083349073536701,-100.0,,,,,
314359,episode_end,153.16513034710047,206,0.10746904663459372,-100.0,,,,,
314532,episode_end,153.39330280463662,173,0.10772336153304052,-100.0,,,,,
314798,episode_end,199.7422876644527,266,0.10609202599609713,-100.0,,,,,
314978,episode_end,171.06885660236833,180,0.10342087901143383,-100.0,,,,,
315000,train_step,,,0.10274320321237265,-100.0,100000,144.16090393066406,-120.7066421508789,1.909211277961731,-0.20659178495407104
315172,episode_end,199.65317008450504,194,0.10104917503018883,-100.0,,,,,
315366,episode_end,170.29674684773283,194,0.1005147522437886,-100.0,,,,,
315534,episode_end,163.80363925213345,168,0.09990183369829718,-100.0,,,,,
315726,episode_end,186.920140410293,192,0.10084441539275622,-100.0,,,,,
315923,episode_end,195.26185123082317,197,0.10068863642223412,-100.0,,,,,
316000,train_step,,,0.10045684680655276,-100.0,100000,71.82074737548828,-120.46522521972656,2.0956931114196777,0.21990516781806946
316141,episode_end,202.6119146204576,218,0.09906950293210337,-100.0,,,,,
316361,episode_end,209.4814037434728,220,0.09871674057661468,-100.0,,,,,
316700,episode_end,286.8759188648929,339,0.10019492198505373,-100.0,,,,,
316862,episode_end,159.53751276973367,162,0.10026967717570304,-100.0,,,,,
317000,train_step,,,0.09952895883823418,-100.0,100000,14.41751480102539,-125.33758544921875,1.9929718971252441,-0.016216129064559937
317046,episode_end,182.77429771543302,184,0.09898995105950895,-100.0,,,,,
317239,episode_end,176.516644598553,193,0.09688429304622806,-100.0,,,,,
317463,episode_end,198.5455396470589,224,0.09807273385377285,-100.0,,,,,
317644,episode_end,186.9998270303598,181,0.10001652892254273,-100.0,,,,,
317788,episode_end,188.13795170754398,144,0.09783669856729614,-100.0,,,,,
317937,episode_end,160.36619355334517,149,0.09661852674067786,-100.0,,,,,
318000,train_step,,,0.09570942060103174,-100.0,100000,84.22632598876953,-122.24375915527344,1.9177577495574951,-0.19297659397125244
318136,episode_end,195.1125372206974,199,0.09562250021181837,-100.0,,,,,
318356,episode_end,181.78179876790517,220,0.0975785476680121,-100.0,,,,,
318548,episode_end,188.92334144791425,192,0.0994754329290723,-100.0,,,,,
318757,episode_end,196.8093368704377,209,0.09981074038121451,-100.0,,,,,
318909,episode_end,157.8933856056107,152,0.09924878799468297,-100.0,,,,,
319000,train_step,,,0.1007109804329164,-100.0,100000,146.6787109375,-131.23204040527344,1.8568346500396729,-0.32863619923591614
319134,episode_end,203.91857113445576,225,0.10076198458310628,-100.0,,,,,
319349,episode_end,179.0028365437146,215,0.10177470140599944,-100.0,,,,,
319589,episode_end,184.87012676554994,240,0.10148427615003934,-100.0,,,,,
319780,episode_end,186.7859350723961,191,0.10020688938572501,-100.0,,,,,
319992,episode_end,187.0012320434748,212,0.09898810366190539,-100.0,,,,,
320000,train_step,,,0.09888565909351826,-100.0,100000,133.78509521484375,-132.43545532226562,1.9325119256973267,-0.15615305304527283
320183,episode_end,181.17038828388104,191,0.09861626618643443,-100.0,,,,,
320403,episode_end,188.33235515829114,220,0.09838338561339185,-100.0,,,,,
320632,episode_end,187.18600403736093,229,0.09937696396245913,-100.0,,,,,
320878,episode_end,197.5560880286051,246,0.10148407555091468,-100.0,,,,,
321000,train_step,,,0.10068084490841236,-100.0,100000,29.871932983398438,-124.6719970703125,2.1553871631622314,0.3567376732826233
321067,episode_end,184.42043721789017,189,0.10057566197610808,-100.0,,,,,
321210,episode_end,159.83309137087537,143,0.1000187505822176,-100.0,,,,,
321409,episode_end,207.88608233996766,199,0.09904167565632527,-100.0,,,,,
321535,episode_end,54.04799624993902,126,0.09841203934722341,-100.0,,,,,
321735,episode_end,174.16690800479023,200,0.09752456201062504,-100.0,,,,,
321940,episode_end,176.45276212544448,205,0.09990701564599869,-100.0,,,,,
322000,train_step,,,0.10167589037046389,-100.0,100000,121.34054565429688,-118.64952850341797,2.1497130393981934,0.3422386050224304
322111,episode_end,174.7619887318579,171,0.10238711912958486,-100.0,,,,,
322262,episode_end,297.7169669866745,151,0.10356528266311404,-100.0,,,,,
322505,episode_end,188.1335048640973,243,0.10241247969392703,-100.0,,,,,
322695,episode_end,164.68403559683514,190,0.10159461176842623,-100.0,,,,,
322884,episode_end,184.70854451003777,189,0.1005190155081766,-100.0,,,,,
323000,train_step,,,0.10213787764655431,-100.0,100000,70.03347778320312,-127.99687194824219,2.0559003353118896,0.12753309309482574
323074,episode_end,183.51586899050977,190,0.10327562101016946,-100.0,,,,,
323352,episode_end,281.15425147876124,278,0.10480444295170976,-100.0,,,,,
323545,episode_end,-132.4127161856538,193,0.10489030755824247,-100.0,,,,,
323739,episode_end,180.23217956892123,194,0.10537180848986728,-100.0,,,,,
323945,episode_end,187.62634221149085,206,0.10517496239825877,-100.0,,,,,
324000,train_step,,,0.10416355219326229,-100.0,100000,422.2982177734375,-130.3246307373047,1.7703038454055786,-0.5195251703262329
324092,episode_end,181.16940763506489,147,0.10205081684375118,-100.0,,,,,
324388,episode_end,194.30049762381623,296,0.09548560174792206,-100.0,,,,,
324646,episode_end,212.52401926283483,258,0.09303869292184075,-100.0,,,,,
324823,episode_end,186.01698416524425,177,0.09298459508316617,-100.0,,,,,
324953,episode_end,188.2746036379171,130,0.09346431121225222,-100.0,,,,,
325000,train_step,,,0.0937358421363257,-100.0,100000,21.666969299316406,-124.90461730957031,1.9920333623886108,-0.01885920763015747
325300,episode_end,201.95559700787854,347,0.09557048201199599,-100.0,,,,,
325674,episode_end,203.30940568100527,374,0.09652386056887864,-100.0,,,,,
325849,episode_end,181.94407050002314,175,0.09614523074509713,-100.0,,,,,
325963,episode_end,-74.86969356404225,114,0.10048977990576846,-100.0,,,,,
326000,train_step,,,0.10133286889684044,-100.0,100000,385.75152587890625,-127.4062728881836,1.9557573795318604,-0.10128653794527054
326265,episode_end,-261.3764831155752,302,0.10597554713851623,-100.0,,,,,
327000,train_step,,,0.10151865937597564,-100.0,100000,38.640159606933594,-124.5086441040039,1.8072854280471802,-0.4408370554447174
327256,episode_end,175.43867556197847,991,0.09949451418898912,-100.0,,,,,
327569,episode_end,190.01640337382295,313,0.0977230174136158,-100.0,,,,,
328000,train_step,,,0.09755153645579898,-100.0,100000,130.60711669921875,-124.10426330566406,2.0878214836120605,0.2043934017419815
328467,episode_end,178.792835520915,898,0.0991328475976144,-100.0,,,,,
329000,train_step,,,0.10310052379844026,-100.0,100000,137.2382354736328,-124.77198028564453,2.0669779777526855,0.1521773338317871
329463,episode_end,189.8685013727627,996,0.10318949272480125,-100.0,,,,,
329636,episode_end,175.03546681107952,173,0.10522468483040552,-100.0,,,,,
329888,episode_end,172.11952316829093,252,0.10753622330915254,-100.0,,,,,
330000,train_step,,,0.1099056275181261,-100.0,100000,74.98548126220703,-110.85877990722656,1.948643445968628,-0.1134020984172821
330104,episode_end,199.99478434841026,216,0.11186081835775294,-100.0,,,,,
330371,episode_end,172.7522707021768,267,0.11557478641844886,-100.0,,,,,
330508,episode_end,185.82714706207437,137,0.11728561200699658,-100.0,,,,,
330673,episode_end,152.11628619695978,165,0.12158886264008098,-100.0,,,,,
330949,episode_end,193.2837345696339,276,0.12105670670113429,-100.0,,,,,
331000,train_step,,,0.12104639481114077,-100.0,100000,215.94891357421875,-114.51654052734375,1.9429380893707275,-0.12049077451229095
331097,episode_end,168.03026018945224,148,0.1205640792672525,-100.0,,,,,
331306,episode_end,-78.44611860929356,209,0.12121629764555626,-100.0,,,,,
331456,episode_end,184.93667332046635,150,0.12385352077367272,-100.0,,,,,
331690,episode_end,193.40327119048123,234,0.12381139542012759,-100.0,,,,,
331847,episode_end,-89.563606701537,157,0.12294864619542746,-100.0,,,,,
332000,train_step,,,0.12363168278757596,-100.0,100000,127.55850219726562,-121.64907836914062,1.983397364616394,-0.03470692038536072
332038,episode_end,173.5824633251348,191,0.12409773072052971,-100.0,,,,,
332284,episode_end,189.42745940563884,246,0.1261162610730919,-100.0,,,,,
332468,episode_end,167.64024312013726,184,0.12901923528129855,-100.0,,,,,
332615,episode_end,178.68288498420577,147,0.1308017267081187,-100.0,,,,,
332777,episode_end,133.04817304963285,162,0.13092397154257568,-100.0,,,,,
332930,episode_end,188.4445703647563,153,0.12772805375214036,-100.0,,,,,
333000,train_step,,,0.12730902700352023,-100.0,100000,33.347232818603516,-112.89910888671875,1.7792589664459229,-0.4549775719642639
333153,episode_end,202.52740282277782,223,0.12692605647229468,-100.0,,,,,
333305,episode_end,159.06461717487997,152,0.12569977731840956,-100.0,,,,,
333449,episode_end,175.4915245352406,144,0.12415241433380725,-100.0,,,,,
333792,episode_end,291.8984591011125,343,0.11881896806652897,-100.0,,,,,
334000,train_step,,,0.11706401088769727,-100.0,100000,593.0128173828125,-111.39755249023438,1.8749120235443115,-0.26831820607185364
334001,episode_end,175.99200047802816,209,0.11706389763089861,-100.0,,,,,
334272,episode_end,187.2015303226234,271,0.12129301122648911,-100.0,,,,,
334493,episode_end,194.5903566030199,221,0.1222907329765746,-100.0,,,,,
334710,episode_end,190.18718679595958,217,0.12557610099062896,-100.0,,,,,
334871,episode_end,154.6486856769168,161,0.1250695922891698,-100.0,,,,,
335000,train_step,,,0.12572887248314812,-100.0,100000,338.2806396484375,-121.94004821777344,1.8048710823059082,-0.4046245217323303
335111,episode_end,187.62176854265704,240,0.12409377772827856,-100.0,,,,,
335292,episode_end,179.25119979001727,181,0.12279895931372237,-100.0,,,,,
335437,episode_end,179.3131574383026,145,0.1217777396511979,-100.0,,,,,
335689,episode_end,196.38123070616297,252,0.12233440838624028,-100.0,,,,,
335908,episode_end,194.54288993727582,219,0.1257480898418081,-100.0,,,,,
336000,train_step,,,0.12647411178352605,-100.0,100000,474.3984069824219,-126.17899322509766,2.156773328781128,0.3241630494594574
336109,episode_end,169.94673563361388,201,0.1262373215708983,-100.0,,,,,
336267,episode_end,140.23245304898333,158,0.12651742634113305,-100.0,,,,,
336426,episode_end,178.70977887131522,159,0.1262657055236065,-100.0,,,,,
336534,episode_end,49.67849627773393,108,0.1262831766281664,-100.0,,,,,
336744,episode_end,290.1523365112636,210,0.12752944088364068,-100.0,,,,,
336891,episode_end,180.5180012237778,147,0.12959245990192023,-100.0,,,,,
337000,train_step,,,0.12912175991546893,-100.0,100000,28.678817749023438,-119.63909912109375,1.8098546266555786,-0.3892275094985962
337102,episode_end,188.64791325196427,211,0.12710282200627335,-100.0,,,,,
337378,episode_end,199.29656959174355,276,0.12499702490692934,-100.0,,,,,
337640,episode_end,199.99042463406053,262,0.1262061717132629,-100.0,,,,,
337717,episode_end,-60.243621102605424,77,0.12762604667794283,-100.0,,,,,
337865,episode_end,155.21760326987732,148,0.12754660981992974,-100.0,,,,,
338000,train_step,,,0.12583262259269443,-100.0,100000,124.93328857421875,-114.21199798583984,1.9740715026855469,-0.05374494194984436
338057,episode_end,155.974729615799,192,0.12512750412235227,-100.0,,,,,
338219,episode_end,144.16980749875842,162,0.12383407080535447,-100.0,,,,,
338455,episode_end,210.9853334233162,236,0.12221697327395116,-100.0,,,,,
338673,episode_end,196.22448462222894,218,0.1222165904861701,-100.0,,,,,
338809,episode_end,-49.1209642183773,136,0.1234783321889458,-100.0,,,,,
338981,episode_end,168.86984216583977,172,0.12273621321873245,-100.0,,,,,
339000,train_step,,,0.1228469787509517,-100.0,100000,57.24513244628906,-112.43305969238281,2.056917190551758,0.11934520304203033
339192,episode_end,187.63080385795627,211,0.12470476252487422,-100.0,,,,,
339372,episode_end,171.79194003940336,180,0.12663040213787066,-100.0,,,,,
339550,episode_end,159.91033990414013,178,0.12510882614402652,-100.0,,,,,
339745,episode_end,192.22452554833774,195,0.12326658950463583,-100.0,,,,,
339934,episode_end,192.19263156480156,189,0.12407507473664053,-100.0,,,,,
340000,train_step,,,0.12402065372046657,-100.0,100000,113.57135772705078,-116.64358520507812,2.0418753623962402,0.08740675449371338
340085,episode_end,161.3527206218436,151,0.1250081755176312,-100.0,,,,,
340306,episode_end,211.83627063335035,221,0.12366837948579562,-100.0,,,,,
340522,episode_end,198.09827597324247,216,0.12451681984790425,-100.0,,,,,
340741,episode_end,190.75308514941878,219,0.1257724480587233,-100.0,,,,,
340931,episode_end,176.46854961299823,190,0.12451758253252547,-100.0,,,,,
341000,train_step,,,0.1246343747372843,-100.0,100000,31.608177185058594,-110.54388427734375,2.007302761077881,0.01520681381225586
341130,episode_end,190.46842496178252,199,0.12477356065879677,-100.0,,,,,
341350,episode_end,193.15932285294,220,0.12416009089155713,-100.0,,,,,
341848,episode_end,148.24514323161816,498,0.12974770375660602,-100.0,,,,,
342000,train_step,,,0.1261625110611303,-100.0,100000,33.308753967285156,-115.47941589355469,2.0092029571533203,0.019051671028137207
342116,episode_end,189.166482984438,268,0.12328830716568442,-100.0,,,,,
342411,episode_end,194.35319916772042,295,0.12385121874507092,-100.0,,,,,
342604,episode_end,154.8618887329439,193,0.12732564978960148,-100.0,,,,,
342898,episode_end,199.60649822074475,294,0.12913419916414925,-100.0,,,,,
343000,train_step,,,0.1297909398580703,-100.0,100000,289.6617736816406,-113.09295654296875,2.0136067867279053,0.02778279408812523
343076,episode_end,-284.36851056294137,178,0.12878037598422384,-100.0,,,,,
343237,episode_end,181.077310049575,161,0.128809601458613,-100.0,,,,,
343447,episode_end,201.09397542140374,210,0.12862479436792912,-100.0,,,,,
343623,episode_end,175.54154065514905,176,0.12903151382102077,-100.0,,,,,
343843,episode_end,191.2399272948716,220,0.13030533590254353,-100.0,,,,,
343992,episode_end,188.56479404583678,149,0.12992929251863264,-100.0,,,,,
344000,train_step,,,0.1298437030359838,-100.0,100000,769.6414794921875,-113.33822631835938,1.9768078327178955,-0.04734520614147186
344152,episode_end,171.9085882048593,160,0.12840029255968705,-100.0,,,,,
344433,episode_end,194.02020813281416,281,0.12866986864739466,-100.0,,,,,
344675,episode_end,193.24434574128333,242,0.125210589268354,-100.0,,,,,
344944,episode_end,149.5708806553167,269,0.12552518481433436,-100.0,,,,,
345000,train_step,,,0.12607381090874906,-100.0,100000,191.10450744628906,-118.55003356933594,1.8501811027526855,-0.3102578818798065
345178,episode_end,206.89859651251317,234,0.12635979594314475,-100.0,,,,,
345441,episode_end,194.03017017141826,263,0.12729757075550804,-100.0,,,,,
345792,episode_end,145.55731876000587,351,0.12431965089917965,-100.0,,,,,
345941,episode_end,-57.320036104405474,149,0.1220998038382155,-100.0,,,,,
346000,train_step,,,0.1212032560426969,-100.0,100000,33.713592529296875,-106.10543823242188,1.9123433828353882,-0.18498066067695618
346166,episode_end,175.2132502019199,225,0.11968505543242162,-100.0,,,,,
346341,episode_end,183.3449130729124,175,0.12114535434937619,-100.0,,,,,
346568,episode_end,190.75071585750587,227,0.12431836510306739,-100.0,,,,,
346762,episode_end,189.8812469729994,194,0.12558227504462793,-100.0,,,,,
346983,episode_end,145.66258839422412,221,0.1246187935398929,-100.0,,,,,
347000,train_step,,,0.12482294788774802,-100.0,100000,117.30140686035156,-112.63024139404297,1.9100534915924072,-0.18716579675674438
347195,episode_end,185.68802716600175,212,0.12410556367061662,-100.0,,,,,
347443,episode_end,208.36761742415544,248,0.12549334686870986,-100.0,,,,,
347658,episode_end,194.15689890798825,215,0.1272970091264834,-100.0,,,,,
347759,episode_end,-64.47377081067657,101,0.1263846702254627,-100.0,,,,,
347850,episode_end,-87.22329867522105,91,0.12487044261895419,-100.0,,,,,
348000,train_step,,,0.12231275729918614,-100.0,100000,265.4908447265625,-109.142333984375,2.068509817123413,0.14395129680633545
348109,episode_end,153.7594832616212,259,0.12202613283797832,-100.0,,,,,
348332,episode_end,167.67138737610244,223,0.121069548462885,-100.0,,,,,
348501,episode_end,194.22490864281505,169,0.11953607400228479,-100.0,,,,,
348719,episode_end,197.56406585937066,218,0.11878715382646667,-100.0,,,,,
348870,episode_end,157.76709789333677,151,0.11831775225939235,-100.0,,,,,
349000,train_step,,,0.11931672304635924,-100.0,100000,332.642822265625,-115.65116882324219,2.023890495300293,0.05079066753387451
349071,episode_end,198.2712281881294,201,0.1192566562757824,-100.0,,,,,
349303,episode_end,210.22405125108153,232,0.12061180172824859,-100.0,,,,,
349497,episode_end,183.92136742839375,194,0.11968739902006421,-100.0,,,,,
349720,episode_end,-40.12058431282481,223,0.11739114055547709,-100.0,,,,,
349930,episode_end,202.58182240692358,210,0.12223763629545835,-100.0,,,,,
350000,train_step,,,0.1236858948386842,-100.0,100000,336.7041931152344,-113.92887878417969,2.270955801010132,0.5663005113601685
350187,episode_end,183.567909547976,257,0.12767658856678551,-100.0,,,,,
350382,episode_end,206.7817125458821,195,0.1249551678356523,-100.0,,,,,
350617,episode_end,181.30043039201612,235,0.12380652836909513,-100.0,,,,,
350821,episode_end,177.38167437697868,204,0.12709267940323377,-100.0,,,,,
350969,episode_end,183.30010200627663,148,0.12683369942817962,-100.0,,,,,
351000,train_step,,,0.12679493008916698,-100.0,100000,968.875244140625,-110.19000244140625,2.072246789932251,0.14920294284820557
351119,episode_end,165.30318312855542,150,0.12986902203964967,-100.0,,,,,
351356,episode_end,202.69016150553966,237,0.12821656803765927,-100.0,,,,,
351627,episode_end,204.0279514644334,271,0.125258077238921,-100.0,,,,,
351780,episode_end,170.33947305540931,153,0.12472710751602062,-100.0,,,,,
351949,episode_end,185.63536724470663,169,0.12537705643817476,-100.0,,,,,
352000,train_step,,,0.12562846072177386,-100.0,100000,334.841552734375,-110.78541564941406,1.8462202548980713,-0.3190048336982727
352336,episode_end,-441.79760367341817,387,0.12579815856238502,-100.0,,,,,
352526,episode_end,164.05985981722318,190,0.12601521055175496,-100.0,,,,,
352741,episode_end,175.84895733839852,215,0.12533513016497316,-100.0,,,,,
352976,episode_end,166.6095268305154,235,0.1262262715925513,-100.0,,,,,
353000,train_step,,,0.12614130607368218,-100.0,100000,310.46551513671875,-107.70856475830078,2.1244115829467773,0.2575759291648865
353272,episode_end,168.49703724124558,296,0.1302087545518068,-100.0,,,,,
353532,episode_end,-376.8957137751512,260,0.1266757158122435,-100.0,,,,,
353713,episode_end,162.21825218668937,181,0.1276561069934011,-100.0,,,,,
353961,episode_end,-410.2593942880664,248,0.12979855794877762,-100.0,,,,,
354000,train_step,,,0.13017939037965043,-100.0,100000,509.786376953125,-108.63204193115234,2.0880050659179688,0.17942823469638824
354143,episode_end,170.03970631510788,182,0.12891413232387341,-100.0,,,,,
354346,episode_end,209.09661223575495,203,0.12808981148271234,-100.0,,,,,
354701,episode_end,-108.89507459673757,355,0.12559295626640157,-100.0,,,,,
354913,episode_end,178.82362156325524,212,0.12480069421239622,-100.0,,,,,
355000,train_step,,,0.12454454079792476,-100.0,100000,183.9510498046875,-104.85353088378906,2.066448211669922,0.13841786980628967
355078,episode_end,182.2654085078492,165,0.12575279706676648,-100.0,,,,,
355487,episode_end,-112.59203770548889,409,0.12407134187757521,-100.0,,,,,
355690,episode_end,191.62996462707287,203,0.12245268276894984,-100.0,,,,,
355875,episode_end,195.43723087493237,185,0.1224671078676103,-100.0,,,,,
356000,train_step,,,0.11987582223072656,-100.0,100000,104.57061004638672,-104.80167388916016,2.2328014373779297,0.49384140968322754
356037,episode_end,159.35679494511982,162,0.12041062359152058,-100.0,,,,,
356246,episode_end,195.79152530431776,209,0.12148276881962744,-100.0,,,,,
356388,episode_end,149.34099048436622,142,0.12198133888790726,-100.0,,,,,
356553,episode_end,171.2648803368724,165,0.12353718038622363,-100.0,,,,,
356637,episode_end,-23.86228770967989,84,0.12556289429052758,-100.0,,,,,
356830,episode_end,196.59121146470795,193,0.12640675048018649,-100.0,,,,,
356970,episode_end,-37.255041301541084,140,0.1258058356642251,-100.0,,,,,
357000,train_step,,,0.12594713098393773,-100.0,100000,401.1409912109375,-112.51447296142578,2.0049118995666504,0.010177165269851685
357181,episode_end,183.6211290380025,211,0.1285854641229261,-100.0,,,,,
357350,episode_end,160.65962753232503,169,0.12949949239416814,-100.0,,,,,
357565,episode_end,172.02378005836687,215,0.1330035425684643,-100.0,,,,,
357715,episode_end,192.6264880676485,150,0.13171781510077518,-100.0,,,,,
357893,episode_end,172.33134302577605,178,0.1308713207305672,-100.0,,,,,
358000,train_step,,,0.12907420971007486,-100.0,100000,140.6451416015625,-110.75009155273438,1.8516610860824585,-0.30370432138442993
358041,episode_end,157.81388263950532,148,0.1287444241748334,-100.0,,,,,
358203,episode_end,176.62404330299182,162,0.1278112063646972,-100.0,,,,,
358369,episode_end,167.11789420491817,166,0.13024285144697886,-100.0,,,,,
358534,episode_end,164.89710391893507,165,0.13114098238103536,-100.0,,,,,
358675,episode_end,162.5003106351619,141,0.13140344951846764,-100.0,,,,,
358896,episode_end,207.53554056585097,221,0.13071888924956904,-100.0,,,,,
359000,train_step,,,0.13094904465619267,-100.0,100000,173.28878784179688,-102.919921875,1.8019121885299683,-0.40270206332206726
359122,episode_end,177.90925026148892,226,0.13118541941047732,-100.0,,,,,
359236,episode_end,-42.789184051841545,114,0.12965065896671057,-100.0,,,,,
359353,episode_end,-61.896869866005154,117,0.12899968519269292,-100.0,,,,,
359540,episode_end,189.35115846523706,187,0.1293875652393886,-100.0,,,,,
359788,episode_end,176.11492276797804,248,0.1343822162103321,-100.0,,,,,
359985,episode_end,168.7154582863157,197,0.13844245004783762,-100.0,,,,,
360000,train_step,,,0.13811473171113756,-100.0,100000,195.30709838867188,-105.36949157714844,1.9656226634979248,-0.06805574893951416
360144,episode_end,164.73056485859738,159,0.13788495493129566,-100.0,,,,,
360368,episode_end,193.54171360019825,224,0.1345037672587729,-100.0,,,,,
360518,episode_end,189.6711075370659,150,0.13217189757599612,-100.0,,,,,
360647,episode_end,181.86484475021047,129,0.1316040038236833,-100.0,,,,,
360857,episode_end,184.41793454267037,210,0.13094274773065576,-100.0,,,,,
361000,train_step,,,0.12972937695766293,-100.0,100000,140.32220458984375,-106.28440856933594,2.01212215423584,0.024757154285907745
361028,episode_end,153.7164140881514,171,0.13001816267972743,-100.0,,,,,
361275,episode_end,194.31894840939054,247,0.13471264587881152,-100.0,,,,,
361457,episode_end,189.58223555506004,182,0.13896767125590181,-100.0,,,,,
361668,episode_end,193.7568610490245,211,0.13994945698082292,-100.0,,,,,
361866,episode_end,177.1339228875036,198,0.14446123686182277,-100.0,,,,,
362000,train_step,,,0.14661643413414313,-100.0,100000,297.00323486328125,-106.80448913574219,1.9527051448822021,-0.09080315381288528
362051,episode_end,173.7685897341813,185,0.14670860839470526,-100.0,,,,,
362235,episode_end,171.05415819941894,184,0.14681877340963442,-100.0,,,,,
362422,episode_end,185.884275005276,187,0.14485741046562542,-100.0,,,,,
362664,episode_end,207.96561536135562,242,0.1431232393696485,-100.0,,,,,
362815,episode_end,163.33319075658497,151,0.14323718186056544,-100.0,,,,,
362997,episode_end,174.7778579957418,182,0.14472126331312923,-100.0,,,,,
363000,train_step,,,0.1447068910785358,-100.0,100000,339.482421875,-109.42556762695312,2.254004955291748,0.49100303649902344
363148,episode_end,144.86604859574473,151,0.14430950248393584,-100.0,,,,,
363405,episode_end,209.44376942966898,257,0.145940769124622,-100.0,,,,,
363611,episode_end,184.94977743371982,206,0.14827516682368005,-100.0,,,,,
363756,episode_end,155.12234307037897,145,0.14752774893990703,-100.0,,,,,
363958,episode_end,185.69741869977975,202,0.14950133251929593,-100.0,,,,,
364000,train_step,,,0.14953425946178106,-100.0,100000,35.59968566894531,-103.09850311279297,2.080057382583618,0.15212729573249817
364109,episode_end,176.20492417427783,151,0.14863584900021737,-100.0,,,,,
364278,episode_end,193.83563650340113,169,0.1455955429900196,-100.0,,,,,
364491,episode_end,189.48496445573494,213,0.14619858800314045,-100.0,,,,,
364759,episode_end,203.61656414775706,268,0.14788731772166513,-100.0,,,,,
364995,episode_end,193.62446633168827,236,0.15078375960948662,-100.0,,,,,
365000,train_step,,,0.15079736531604554,-100.0,100000,141.32632446289062,-111.83659362792969,1.953247308731079,-0.08844771236181259
365215,episode_end,202.30138252745598,220,0.15044312218361675,-100.0,,,,,
365522,episode_end,185.93157809365175,307,0.14612123291327747,-100.0,,,,,
365709,episode_end,172.23450381990833,187,0.14403956220306957,-100.0,,,,,
365847,episode_end,183.16761011312784,138,0.14399701470747114,-100.0,,,,,
366000,train_step,,,0.1424344800070646,-100.0,100000,251.15333557128906,-104.79216766357422,2.027301788330078,0.05320809781551361
366019,episode_end,188.21570961688045,172,0.14235095240583726,-100.0,,,,,
366356,episode_end,155.0147327289928,337,0.14131043941967647,-100.0,,,,,
366605,episode_end,180.15052029815058,249,0.14241477923843457,-100.0,,,,,
366839,episode_end,198.3963971647055,234,0.14221467680916675,-100.0,,,,,
366999,episode_end,176.86881535306992,160,0.14519497433249165,-100.0,,,,,
367000,train_step,,,0.14520313714220484,-100.0,100000,131.21145629882812,-112.03840637207031,2.145279884338379,0.2803347408771515
367254,episode_end,172.78244514640352,255,0.1467579129177729,-100.0,,,,,
367445,episode_end,154.729450463308,191,0.14532116167090242,-100.0,,,,,
368000,train_step,,,0.14867350537032392,-100.0,100000,36.27155303955078,-115.66905212402344,1.998359203338623,-0.003127381205558777
368425,episode_end,154.94917179848454,980,0.14286124337377515,-100.0,,,,,
368763,episode_end,188.9612029185376,338,0.1421700413446068,-100.0,,,,,
369000,train_step,,,0.14211626386044288,-100.0,100000,725.3348388671875,-102.2940673828125,1.9827322959899902,-0.03369121253490448
369070,episode_end,188.54858368968596,307,0.14202679890197586,-100.0,,,,,
369257,episode_end,161.93461004273377,187,0.14253339297231904,-100.0,,,,,
369508,episode_end,169.7477687681523,251,0.1441691163315962,-100.0,,,,,
369730,episode_end,194.1235809519219,222,0.14466009827552914,-100.0,,,,,
369953,episode_end,192.32471073591805,223,0.14275457971448188,-100.0,,,,,
370000,train_step,,,0.14340354660129018,-100.0,100000,90.16423034667969,-102.24142456054688,1.961423635482788,-0.07491885125637054
370112,episode_end,174.41267243469548,159,0.1429732781083308,-100.0,,,,,
370439,episode_end,181.6832343009424,327,0.13915667623839914,-100.0,,,,,
370674,episode_end,199.94418069887928,235,0.1359208586263283,-100.0,,,,,
370868,episode_end,201.01402814108997,194,0.13367135219540158,-100.0,,,,,
371000,train_step,,,0.1327960768914157,-100.0,100000,166.6103057861328,-101.17395782470703,1.951640009880066,-0.09763611108064651
371043,episode_end,174.11094061571387,175,0.13095160357395227,-100.0,,,,,
371255,episode_end,194.975296302098,212,0.13005201270525116,-100.0,,,,,
371492,episode_end,180.55477507759667,237,0.1331202005587656,-100.0,,,,,
371693,episode_end,168.34603907960783,201,0.13375547323643483,-100.0,,,,,
371960,episode_end,187.3715098472196,267,0.13181540857249205,-100.0,,,,,
372000,train_step,,,0.13147895634995102,-100.0,100000,99.66873931884766,-97.4504165649414,2.045835018157959,0.09299533069133759
372141,episode_end,192.49666931018584,181,0.1310425411866691,-100.0,,,,,
372295,episode_end,172.91350604130287,154,0.13073653599188625,-100.0,,,,,
372455,episode_end,163.80344974196078,160,0.1290517353354827,-100.0,,,,,
372686,episode_end,175.6611057882768,231,0.12739008161592252,-100.0,,,,,
372909,episode_end,156.75130549255985,223,0.12578093742671279,-100.0,,,,,
373000,train_step,,,0.12477357078579361,-100.0,100000,77.9261474609375,-105.6925048828125,2.126821756362915,0.26394838094711304
373085,episode_end,151.04614593516212,176,0.12414134502463504,-100.0,,,,,
373249,episode_end,166.01234114930477,164,0.12411739529774704,-100.0,,,,,
373419,episode_end,142.1258102623681,170,0.12465987862727052,-100.0,,,,,
373680,episode_end,175.7322456057264,261,0.12356702162846649,-100.0,,,,,
373823,episode_end,-67.06381863750191,143,0.12313886866808685,-100.0,,,,,
374000,train_step,,,0.12221434861317673,-100.0,100000,402.4241943359375,-101.11955261230469,2.394123077392578,0.8284379243850708
374029,episode_end,150.9442258214426,206,0.12237780595082938,-100.0,,,,,
374223,episode_end,164.4438011059309,194,0.12112101436779721,-100.0,,,,,
374446,episode_end,208.7376005995655,223,0.12041029536687164,-100.0,,,,,
374658,episode_end,154.51915995038914,212,0.11757704182498317,-100.0,,,,,
374811,episode_end,-52.04386881759486,153,0.11643781173439384,-100.0,,,,,
375000,train_step,,,0.11767114071353822,-100.0,100000,344.09503173828125,-94.15991973876953,1.7750260829925537,-0.48141294717788696
375179,episode_end,147.10091778755842,368,0.12165775243521167,-100.0,,,,,
375362,episode_end,-46.34802830764337,183,0.12355277168095498,-100.0,,,,,
375605,episode_end,183.26791674837244,243,0.12188419346873129,-100.0,,,,,
375947,episode_end,106.76682441307605,342,0.11962958550289246,-100.0,,,,,
376000,train_step,,,0.11921632930922271,-100.0,100000,99.66282653808594,-95.07803344726562,1.8189711570739746,-0.38501492142677307
376113,episode_end,154.68353381566214,166,0.11957504143089646,-100.0,,,,,
376278,episode_end,-20.216022888162172,165,0.1222717802419187,-100.0,,,,,
376607,episode_end,182.66814605211312,329,0.12385632237312622,-100.0,,,,,
376803,episode_end,147.8175309746103,196,0.12530557007281765,-100.0,,,,,
377000,train_step,,,0.12756817830810185,-100.0,100000,82.17542266845703,-91.67926788330078,1.9241580963134766,-0.15616634488105774
377029,episode_end,152.58009431213463,226,0.12751410234382005,-100.0,,,,,
377227,episode_end,195.2770927953388,198,0.12670700741283683,-100.0,,,,,
377414,episode_end,202.2311225085323,187,0.12509498559866197,-100.0,,,,,
377686,episode_end,183.1849992175315,272,0.12498478430155983,-100.0,,,,,
377888,episode_end,212.6482566379889,202,0.12690141133446345,-100.0,,,,,
378000,train_step,,,0.1278661677872288,-100.0,100000,91.68108367919922,-94.22828674316406,2.1487178802490234,0.30587875843048096
378076,episode_end,175.00158885715229,188,0.12905370661490914,-100.0,,,,,
378256,episode_end,192.21145735217144,180,0.1295474013328995,-100.0,,,,,
378464,episode_end,190.46738453707349,208,0.127312292459391,-100.0,,,,,
378600,episode_end,-33.422769958573284,136,0.12560443194897003,-100.0,,,,,
378744,episode_end,188.33811457857905,144,0.1255165132725899,-100.0,,,,,
378933,episode_end,139.47733223922177,189,0.12543065884410712,-100.0,,,,,
379000,train_step,,,0.12588027393236767,-100.0,100000,25.937213897705078,-97.41781616210938,1.8953157663345337,-0.21695028245449066
379233,episode_end,176.94411385728372,300,0.12718104334203406,-100.0,,,,,
379445,episode_end,198.85246890082556,212,0.12547785519045618,-100.0,,,,,
379628,episode_end,175.28455103012686,183,0.1237387216182653,-100.0,,,,,
379839,episode_end,198.36712439345064,211,0.1211004928810222,-100.0,,,,,
380000,train_step,,,0.12082806017296427,-100.0,100000,165.30081176757812,-84.78260040283203,1.9527133703231812,-0.09993483871221542
380074,episode_end,161.83166243760917,235,0.12065841617915449,-100.0,,,,,
380266,episode_end,182.25189978500924,192,0.12020510370940028,-100.0,,,,,
380380,episode_end,-46.83862038833483,114,0.11931327640717439,-100.0,,,,,
380561,episode_end,140.69225102491924,181,0.12024283143647536,-100.0,,,,,
380703,episode_end,184.9501332295059,142,0.12179796066039941,-100.0,,,,,
380915,episode_end,199.1403845963015,212,0.12359233043452968,-100.0,,,,,
381000,train_step,,,0.1232643115030561,-100.0,100000,170.07974243164062,-89.39669036865234,1.8843681812286377,-0.24206624925136566
381124,episode_end,174.94260366018324,209,0.12094045657609566,-100.0,,,,,
381340,episode_end,190.75417829974742,216,0.11963923481632592,-100.0,,,,,
381506,episode_end,186.35795559090934,166,0.1201034802754575,-100.0,,,,,
381751,episode_end,288.70073041256927,245,0.11925031821852408,-100.0,,,,,
381923,episode_end,160.92233949217058,172,0.11801133783978093,-100.0,,,,,
382000,train_step,,,0.11861566300537706,-100.0,100000,376.73046875,-87.67205047607422,2.1386983394622803,0.2956864833831787
382140,episode_end,176.8622977104189,217,0.11830485373558035,-100.0,,,,,
382329,episode_end,147.19795906835176,189,0.11704264461454236,-100.0,,,,,
382509,episode_end,166.30251525525404,180,0.11610924811053672,-100.0,,,,,
382726,episode_end,168.54647037631997,217,0.11544662179819683,-100.0,,,,,
382926,episode_end,163.90369922341165,200,0.1180339682780825,-100.0,,,,,
383000,train_step,,,0.11988030511113426,-100.0,100000,157.22906494140625,-89.16852569580078,1.9098052978515625,-0.19132652878761292
383062,episode_end,45.926389644915645,136,0.12127304666724652,-100.0,,,,,
383242,episode_end,192.6140244065374,180,0.12180667790097063,-100.0,,,,,
383436,episode_end,172.2592749735217,194,0.12111806145952844,-100.0,,,,,
383768,episode_end,284.28784074786785,332,0.121704634293733,-100.0,,,,,
383962,episode_end,168.84015251345295,194,0.12076620121984841,-100.0,,,,,
384000,train_step,,,0.12051550388069239,-100.0,100000,91.60934448242188,-84.774658203125,1.9058756828308105,-0.19916504621505737
384152,episode_end,183.55472060388502,190,0.1203359656889685,-100.0,,,,,
384371,episode_end,194.58510139428927,219,0.12008172828677999,-100.0,,,,,
384545,episode_end,188.50190566316957,174,0.1204439674141555,-100.0,,,,,
384751,episode_end,193.18414975658422,206,0.11978449501869352,-100.0,,,,,
384943,episode_end,185.5521433989864,192,0.12056098304766341,-100.0,,,,,
385000,train_step,,,0.12049837607404262,-100.0,100000,86.51091003417969,-84.35038757324219,1.628471851348877,-0.7861979007720947
385190,episode_end,194.47823333641873,247,0.11891233391937288,-100.0,,,,,
385372,episode_end,171.95323176500213,182,0.11878318367183756,-100.0,,,,,
385540,episode_end,166.70865274092955,168,0.11843787413831135,-100.0,,,,,
385772,episode_end,162.14374657508688,232,0.11471925755871883,-100.0,,,,,
386000,train_step,,,0.11241053179234939,-100.0,100000,137.32659912109375,-82.83676147460938,1.8879348039627075,-0.2449294477701187
386020,episode_end,210.74564422754665,248,0.11205852909685855,-100.0,,,,,
386232,episode_end,161.39883569684707,212,0.11005071667799518,-100.0,,,,,
386455,episode_end,181.8282394058312,223,0.10906101506379912,-100.0,,,,,
386713,episode_end,216.59041028296244,258,0.10701008585665206,-100.0,,,,,
386952,episode_end,195.8161301396105,239,0.10646804693241868,-100.0,,,,,
387000,train_step,,,0.10640234501060747,-100.0,100000,87.79115295410156,-80.51725769042969,1.8594285249710083,-0.3149541914463043
387248,episode_end,193.28045664126705,296,0.10701061382382877,-100.0,,,,,
387501,episode_end,182.96643381406665,253,0.10721085905102827,-100.0,,,,,
387647,episode_end,181.01201230805674,146,0.1066853317168082,-100.0,,,,,
387884,episode_end,190.0230863427668,237,0.1046637243652587,-100.0,,,,,
388000,train_step,,,0.10335863312314372,-100.0,100000,82.69609832763672,-78.54139709472656,2.0286340713500977,0.06498613953590393
388207,episode_end,295.9916650501988,323,0.10216386962546731,-100.0,,,,,
388426,episode_end,297.18799347161126,219,0.10239875067747857,-100.0,,,,,
388632,episode_end,155.60359585956996,206,0.10144015303620683,-100.0,,,,,
388835,episode_end,149.31706385566218,203,0.10058560300362732,-100.0,,,,,
389000,train_step,,,0.10120718003162646,-100.0,100000,142.61985778808594,-79.28123474121094,2.011806011199951,0.02704259753227234
389110,episode_end,185.00138075247082,275,0.10046558154990454,-100.0,,,,,
389402,episode_end,176.25395180759259,292,0.10095222652423361,-100.0,,,,,
389682,episode_end,298.5274202351069,280,0.10201917150680422,-100.0,,,,,
389911,episode_end,190.92075266572294,229,0.10293158126333427,-100.0,,,,,
390000,train_step,,,0.10181219313139268,-100.0,100000,122.51588439941406,-81.19368743896484,2.1388156414031982,0.317141592502594
390142,episode_end,174.81402996746584,231,0.10122425292626111,-100.0,,,,,
390367,episode_end,180.87562861625494,225,0.09997699882839838,-100.0,,,,,
390576,episode_end,164.6875381597901,209,0.10194691321566618,-100.0,,,,,
390859,episode_end,189.55532710601454,283,0.10444251557517661,-100.0,,,,,
391000,train_step,,,0.10578410665973813,-100.0,100000,156.79534912109375,-80.35368347167969,2.08304762840271,0.186554417014122
391114,episode_end,310.6734260788472,255,0.10625233707976935,-100.0,,,,,
391340,episode_end,184.56277842388266,226,0.10539526572386733,-100.0,,,,,
391507,episode_end,169.88203236095967,167,0.10460788149226476,-100.0,,,,,
391721,episode_end,150.53827982757957,214,0.1045958276741467,-100.0,,,,,
391961,episode_end,195.31250716148696,240,0.10372887919296543,-100.0,,,,,
392000,train_step,,,0.10313388512499069,-100.0,100000,385.35736083984375,-78.14752197265625,1.781529426574707,-0.4963057041168213
392242,episode_end,126.78037957785222,281,0.10055295540124756,-100.0,,,,,
392449,episode_end,178.07448439608672,207,0.09963413509819456,-100.0,,,,,
392775,episode_end,161.09314492727867,326,0.10031123025151877,-100.0,,,,,
392982,episode_end,309.69838598944955,207,0.09927279765464862,-100.0,,,,,
393000,train_step,,,0.09952992630441908,-100.0,100000,17.09518051147461,-79.10336303710938,2.215433359146118,0.4970688223838806
393232,episode_end,154.34898992388685,250,0.10072482557859719,-100.0,,,,,
393500,episode_end,158.99434069080388,268,0.10211950964620342,-100.0,,,,,
393676,episode_end,182.23784749635925,176,0.10319867157406076,-100.0,,,,,
394000,train_step,,,0.10142354890249998,-100.0,100000,23.485315322875977,-76.67095947265625,1.9366772174835205,-0.14491108059883118
394019,episode_end,167.52944073623055,343,0.10134919432604869,-100.0,,,,,
394245,episode_end,185.38318519568355,226,0.10200663345173619,-100.0,,,,,
394411,episode_end,167.6335335847264,166,0.10018226185282861,-100.0,,,,,
394644,episode_end,200.02984599100483,233,0.09897850799053808,-100.0,,,,,
394865,episode_end,190.98973346628898,221,0.09855796412984316,-100.0,,,,,
395000,train_step,,,0.09697438016189842,-100.0,100000,124.29296112060547,-73.75808715820312,2.058236598968506,0.13588407635688782
395084,episode_end,283.5409264679624,219,0.0963304500196245,-100.0,,,,,
395236,episode_end,183.39470528966046,152,0.09665994757876328,-100.0,,,,,
395541,episode_end,149.0127019360715,305,0.09639344905938729,-100.0,,,,,
395736,episode_end,168.19779880202202,195,0.09547499689434319,-100.0,,,,,
396000,train_step,,,0.09541703892451713,-100.0,100000,103.94120025634766,-74.5887222290039,2.1278574466705322,0.3004004955291748
396044,episode_end,295.17778707617254,308,0.09575273823341678,-100.0,,,,,
396294,episode_end,279.9410597128957,250,0.09740099094301863,-100.0,,,,,
396537,episode_end,310.71065101077085,243,0.09921362027137945,-100.0,,,,,
396708,episode_end,177.08049728148728,171,0.10067145578275201,-100.0,,,,,
397000,train_step,,,0.10125863101393812,-100.0,100000,29.723281860351562,-72.76893615722656,2.0620415210723877,0.1420798897743225
397011,episode_end,186.18294284638205,303,0.10128624785569618,-100.0,,,,,
397272,episode_end,282.7061955560441,261,0.1021706823632108,-100.0,,,,,
397520,episode_end,182.45230556877215,248,0.10338667807765463,-100.0,,,,,
397906,episode_end,171.6016965908861,386,0.1055519400177691,-100.0,,,,,
398000,train_step,,,0.10625538783623406,-100.0,100000,26.60454559326172,-74.43049621582031,2.194312572479248,0.4356312155723572
398085,episode_end,162.01032608244424,179,0.10715795875177349,-100.0,,,,,
398333,episode_end,292.97106365752177,248,0.10747964467335137,-100.0,,,,,
398567,episode_end,311.3232879018084,234,0.1048808009421804,-100.0,,,,,
398809,episode_end,186.51594694451495,242,0.10716066484985454,-100.0,,,,,
399000,train_step,,,0.10734687857477061,-100.0,100000,95.37879943847656,-74.6316146850586,2.036409854888916,0.08125554025173187
399047,episode_end,297.7265315178997,238,0.10767531677873629,-100.0,,,,,
399311,episode_end,289.7532981151438,264,0.10875191276269894,-100.0,,,,,
399499,episode_end,164.7646041060926,188,0.1093850185470494,-100.0,,,,,
399761,episode_end,145.62451902660277,262,0.11014343214332883,-100.0,,,,,
400000,train_step,,,0.10812127581902328,-100.0,100000,139.06956481933594,-69.84098815917969,1.8608696460723877,-0.30949580669403076
400040,episode_end,198.07695773791102,279,0.10755254822474482,-100.0,,,,,
400204,episode_end,152.63468401728585,164,0.10614493229327318,-100.0,,,,,
400385,episode_end,165.9602129696484,181,0.10530926884783308,-100.0,,,,,
400608,episode_end,304.8883642378182,223,0.10633879384371989,-100.0,,,,,
400851,episode_end,309.051477033023,243,0.1048054207914383,-100.0,,,,,
401000,train_step,,,0.10347210185995094,-100.0,100000,41.457054138183594,-77.71537780761719,1.8488681316375732,-0.3428357243537903
401022,episode_end,136.10155508860018,171,0.10310032349307784,-100.0,,,,,
401319,episode_end,297.691192496181,297,0.10201437362687144,-100.0,,,,,
401482,episode_end,166.8039423286957,163,0.10108295254112619,-100.0,,,,,
401729,episode_end,295.03077989444057,247,0.09872184860056167,-100.0,,,,,
401928,episode_end,156.96526968681394,199,0.10050502899987376,-100.0,,,,,
402000,train_step,,,0.1007770955544102,-100.0,100000,19.236059188842773,-74.67668151855469,1.8973963260650635,-0.23545947670936584
402174,episode_end,282.464739397587,246,0.10174135781962593,-100.0,,,,,
402356,episode_end,150.8467623293276,182,0.10308607466435156,-100.0,,,,,
402555,episode_end,301.6641972274782,199,0.10436270949231374,-100.0,,,,,
402757,episode_end,164.99113125451692,202,0.10301842081080306,-100.0,,,,,
403000,train_step,,,0.10187768269101032,-100.0,100000,37.19081115722656,-75.32832336425781,1.9915311336517334,-0.019342854619026184
403015,episode_end,305.9793309554793,258,0.10171591684811364,-100.0,,,,,
403210,episode_end,164.49424867496504,195,0.1002316529062109,-100.0,,,,,
403381,episode_end,298.23176019867617,171,0.09941696625217154,-100.0,,,,,
403576,episode_end,161.62696932359,195,0.09773346491965186,-100.0,,,,,
403739,episode_end,140.75611720140944,163,0.09852775666547967,-100.0,,,,,
403920,episode_end,180.65914284270178,181,0.09856241657964054,-100.0,,,,,
404000,train_step,,,0.09856730860692703,-100.0,100000,48.97193908691406,-78.18756103515625,1.8146770000457764,-0.42939621210098267
404099,episode_end,171.55783120128027,179,0.09913880918109134,-100.0,,,,,
404292,episode_end,166.31271404581645,193,0.09940606803302222,-100.0,,,,,
404510,episode_end,188.09823889240016,218,0.09974880235581032,-100.0,,,,,
404857,episode_end,296.9723109100494,347,0.09672072867872028,-100.0,,,,,
405000,train_step,,,0.09699174951144121,-100.0,100000,119.63844299316406,-75.70912170410156,2.0308802127838135,0.07204759120941162
405064,episode_end,170.9493720187828,207,0.09755210181153934,-100.0,,,,,
405300,episode_end,191.665062124462,236,0.09667199041885526,-100.0,,,,,
405463,episode_end,154.44829910663435,163,0.09756802565254838,-100.0,,,,,
405691,episode_end,273.91968985958596,228,0.0971730794632126,-100.0,,,,,
405896,episode_end,169.9440959259556,205,0.09797031257016643,-100.0,,,,,
406000,train_step,,,0.09746139277132043,-100.0,100000,176.29534912109375,-73.90594482421875,2.096914291381836,0.2256452739238739
406104,episode_end,313.8704926160269,208,0.09747140109948109,-100.0,,,,,
406396,episode_end,260.8125196554155,292,0.09797175456802307,-100.0,,,,,
406573,episode_end,184.31435610662965,177,0.0981668100721828,-100.0,,,,,
406899,episode_end,137.57385058690696,326,0.100244943807973,-100.0,,,,,
407000,train_step,,,0.09841844555051936,-100.0,100000,133.210693359375,-75.83289337158203,2.059894323348999,0.13886688649654388
407080,episode_end,296.76036211400475,181,0.09806084003828489,-100.0,,,,,
407278,episode_end,300.3699009706751,198,0.0975361341698325,-100.0,,,,,
407478,episode_end,184.80410317808142,200,0.09776634818789745,-100.0,,,,,
407722,episode_end,183.6244642170219,244,0.09939687857830673,-100.0,,,,,
407892,episode_end,147.4635027713806,170,0.09983639344609475,-100.0,,,,,
408000,train_step,,,0.09949530906444005,-100.0,100000,40.49772262573242,-78.19842529296875,2.0320072174072266,0.07386156916618347
408737,episode_end,222.64183634701737,845,0.10199997369895368,-100.0,,,,,
408920,episode_end,151.45988482382685,183,0.1048635418512796,-100.0,,,,,
409000,train_step,,,0.10538218403784272,-100.0,100000,36.08661651611328,-80.94713592529297,2.121845006942749,0.27417099475860596
409230,episode_end,295.3951967156982,310,0.10427759352544314,-100.0,,,,,
409371,episode_end,181.28167185969428,141,0.10366691048519991,-100.0,,,,,
409550,episode_end,155.63998268500387,179,0.10451472714132706,-100.0,,,,,
409702,episode_end,165.87836147998544,152,0.10341332340380971,-100.0,,,,,
409931,episode_end,309.58162731545167,229,0.1040444446188457,-100.0,,,,,
410000,train_step,,,0.10359097647359217,-100.0,100000,93.48514556884766,-75.0835189819336,1.994391918182373,-0.01271510124206543
410125,episode_end,270.99796535516225,194,0.1016912707993582,-100.0,,,,,
410323,episode_end,186.42362259500538,198,0.10202502552454738,-100.0,,,,,
410515,episode_end,262.7191841504561,192,0.10251747198944529,-100.0,,,,,
410696,episode_end,174.84498678850798,181,0.10298944195506757,-100.0,,,,,
410912,episode_end,260.9882150117835,216,0.10003556449961559,-100.0,,,,,
411000,train_step,,,0.10149125755934964,-100.0,100000,34.28363800048828,-76.61343383789062,1.8648731708526611,-0.309140682220459
411091,episode_end,167.90815023117847,179,0.10028625026090858,-100.0,,,,,
411335,episode_end,259.75636583148076,244,0.09935063118263364,-100.0,,,,,
411540,episode_end,293.30167649542454,205,0.09834562828025538,-100.0,,,,,
411720,episode_end,178.17453614930577,180,0.0986606031324266,-100.0,,,,,
411920,episode_end,295.0685504597352,200,0.09974609432315605,-100.0,,,,,
412000,train_step,,,0.09873008055540436,-100.0,100000,21.34016990661621,-75.9796371459961,2.029500961303711,0.06830551475286484
412113,episode_end,177.95311847831573,193,0.09774052906983698,-100.0,,,,,
412421,episode_end,287.786889310275,308,0.09787357091959724,-100.0,,,,,
412754,episode_end,273.398777704919,333,0.09630212863458781,-100.0,,,,,
412943,episode_end,163.57774822778342,189,0.09647784286193868,-100.0,,,,,
413000,train_step,,,0.0958979675796872,-100.0,100000,14.80870532989502,-75.61951446533203,1.9760146141052246,-0.056233011186122894
413303,episode_end,280.4161298051253,360,0.09476171196405456,-100.0,,,,,
413552,episode_end,305.40911555742645,249,0.09682674892154358,-100.0,,,,,
413765,episode_end,243.7649660330561,213,0.09742584257260485,-100.0,,,,,
413940,episode_end,159.56976601068692,175,0.09625295452238847,-100.0,,,,,
414000,train_step,,,0.09556051002104331,-100.0,100000,32.21504211425781,-72.59940338134766,1.9768925905227661,-0.054256245493888855
414153,episode_end,188.7905575798078,213,0.09470092930407494,-100.0,,,,,
414353,episode_end,166.39041091994983,200,0.09355430498353899,-100.0,,,,,
414549,episode_end,172.2704571438282,196,0.09726166921587512,-100.0,,,,,
414728,episode_end,194.35008588531755,179,0.09645325330389863,-100.0,,,,,
414925,episode_end,179.10274584938992,197,0.09547118843685466,-100.0,,,,,
415000,train_step,,,0.09475268054860321,-100.0,100000,69.82545471191406,-74.89623260498047,1.7334840297698975,-0.6280409097671509
415129,episode_end,322.49679785092053,204,0.09394022227227018,-100.0,,,,,
415329,episode_end,301.7353788866312,200,0.09431173721149033,-100.0,,,,,
415510,episode_end,170.28543892598992,181,0.09397283051755535,-100.0,,,,,
415774,episode_end,182.56032446519083,264,0.09152867503483994,-100.0,,,,,
415924,episode_end,177.87979271521834,150,0.09145145329352673,-100.0,,,,,
416000,train_step,,,0.09200492249014487,-100.0,100000,66.36882019042969,-74.89411926269531,2.0703775882720947,0.16791515052318573
416117,episode_end,141.9891717041458,193,0.09290751945416041,-100.0,,,,,
416290,episode_end,139.7852216744417,173,0.09273633356148256,-100.0,,,,,
416602,episode_end,265.4265786968899,312,0.09451097511259232,-100.0,,,,,
416783,episode_end,145.57722892952654,181,0.09232380222842587,-100.0,,,,,
417000,train_step,,,0.09308523961235962,-100.0,100000,28.690895080566406,-71.94963836669922,1.994250774383545,-0.013650074601173401
417048,episode_end,195.73484189003676,265,0.09201622174942911,-100.0,,,,,
417265,episode_end,168.15502762263694,217,0.09215884131995977,-100.0,,,,,
417478,episode_end,295.09286923238585,213,0.09197278199295988,-100.0,,,,,
417713,episode_end,260.9422768839337,235,0.09354896760590269,-100.0,,,,,
418000,train_step,,,0.09502708213267053,-100.0,100000,19.73900604248047,-72.50189208984375,2.1187992095947266,0.27960509061813354
418002,episode_end,267.5376640338145,289,0.09505929278437815,-100.0,,,,,
418325,episode_end,259.64917955214173,323,0.09378338427124279,-100.0,,,,,
418622,episode_end,273.61630655001983,297,0.09245464096051381,-100.0,,,,,
418821,episode_end,163.90082031901983,199,0.09382133292240007,-100.0,,,,,
419000,train_step,,,0.09386665833702276,-100.0,100000,48.587257385253906,-68.61588287353516,1.9770479202270508,-0.054301753640174866
419015,episode_end,174.5759613594558,194,0.09372322149807799,-100.0,,,,,
419295,episode_end,177.22450838617942,280,0.09271765049805367,-100.0,,,,,
419505,episode_end,150.19002127314474,210,0.09491053568197194,-100.0,,,,,
419741,episode_end,186.256818416979,236,0.09392618795378899,-100.0,,,,,
419945,episode_end,138.05874870035998,204,0.09363198846307934,-100.0,,,,,
420000,train_step,,,0.09284413566021232,-100.0,100000,94.68170928955078,-73.2147216796875,2.093482732772827,0.22219285368919373
420243,episode_end,283.3479224830295,298,0.09029158439038373,-100.0,,,,,
420565,episode_end,278.63755865498433,322,0.09034499769368023,-100.0,,,,,
420753,episode_end,280.96613806333363,188,0.09118982554277383,-100.0,,,,,
421000,train_step,,,0.09259857901199872,-100.0,100000,111.10850524902344,-72.36671447753906,2.1975064277648926,0.4699622392654419
421034,episode_end,196.2988569399067,281,0.09249031070276303,-100.0,,,,,
421405,episode_end,244.7792374034718,371,0.08697115121824114,-100.0,,,,,
421736,episode_end,258.7684167306577,331,0.08644161310914372,-100.0,,,,,
421924,episode_end,273.8717949770535,188,0.08898247410332706,-100.0,,,,,
422000,train_step,,,0.08927411282632676,-100.0,100000,18.991378784179688,-70.84129333496094,2.006817579269409,0.016471803188323975
422272,episode_end,257.04332570341717,348,0.08841297564007661,-100.0,,,,,
422476,episode_end,294.19484960817545,204,0.0876361096188392,-100.0,,,,,
422764,episode_end,183.84037744125584,288,0.09055547479895577,-100.0,,,,,
423000,train_step,,,0.0895960040078295,-100.0,100000,48.477928161621094,-69.57852172851562,2.0983119010925293,0.2371717393398285
423067,episode_end,304.1771556701186,303,0.08905445842793408,-100.0,,,,,
423336,episode_end,256.06584478384127,269,0.0895037720056641,-100.0,,,,,
423524,episode_end,-56.736925451702696,188,0.08844415047610393,-100.0,,,,,
423791,episode_end,163.9431322040031,267,0.08718364494801537,-100.0,,,,,
424000,train_step,,,0.08689207480498463,-100.0,100000,107.64910888671875,-70.16552734375,1.9538289308547974,-0.11280002444982529
424010,episode_end,180.16251025671602,219,0.08674658143870295,-100.0,,,,,
424594,episode_end,272.76205259242215,584,0.08490779400486609,-100.0,,,,,
425000,train_step,,,0.08099808510282486,-100.0,100000,17.685335159301758,-69.00682067871094,2.0865588188171387,0.21755045652389526
425013,episode_end,255.0870356359993,419,0.08106086229870176,-100.0,,,,,
425196,episode_end,147.5199469788998,183,0.08197977259110979,-100.0,,,,,
425536,episode_end,266.15532711626054,340,0.08049846323395918,-100.0,,,,,
425728,episode_end,275.6927834078664,192,0.0805509210043163,-100.0,,,,,
426000,train_step,,,0.08379328036164517,-100.0,100000,73.85328674316406,-67.20083618164062,2.045492649078369,0.11279425024986267
426095,episode_end,244.11847673375001,367,0.08380137220366264,-100.0,,,,,
426377,episode_end,163.50303694213528,282,0.08434694606834887,-100.0,,,,,
426692,episode_end,260.017671142675,315,0.08228481542413536,-100.0,,,,,
426902,episode_end,149.7860086496379,210,0.08023799431400433,-100.0,,,,,
427000,train_step,,,0.07902375006278493,-100.0,100000,47.48169708251953,-69.33343505859375,2.007992744445801,0.020286202430725098
427169,episode_end,294.23229626047146,267,0.0791464542555308,-100.0,,,,,
427514,episode_end,160.38439682446307,345,0.08176623001853625,-100.0,,,,,
427698,episode_end,189.0043778282199,184,0.08262961300776155,-100.0,,,,,
428000,train_step,,,0.08115100334723446,-100.0,100000,66.7081069946289,-67.12548828125,1.9891259670257568,-0.02730979025363922
428086,episode_end,273.13272083979984,388,0.0811388992762428,-100.0,,,,,
428271,episode_end,197.2421780595783,185,0.07987521829043466,-100.0,,,,,
428463,episode_end,271.84420477375795,192,0.07932319351195316,-100.0,,,,,
428745,episode_end,164.8221356254007,282,0.07975809495132331,-100.0,,,,,
428981,episode_end,143.40182371912843,236,0.0814197472079103,-100.0,,,,,
429000,train_step,,,0.08181802851419273,-100.0,100000,63.497161865234375,-67.40280151367188,2.0769240856170654,0.1925605684518814
429243,episode_end,273.39348217940756,262,0.08256357231789262,-100.0,,,,,
429541,episode_end,286.89963870005147,298,0.08311753529368672,-100.0,,,,,
429729,episode_end,177.52179381030652,188,0.08149317629707589,-100.0,,,,,
429878,episode_end,160.77247221302298,149,0.08173667923888461,-100.0,,,,,
430000,train_step,,,0.08232755303850504,-100.0,100000,76.00917053222656,-67.47077941894531,2.006635904312134,0.016570203006267548
430102,episode_end,193.85170837558087,224,0.08241398747374537,-100.0,,,,,
430329,episode_end,278.13435563348406,227,0.08039989669473926,-100.0,,,,,
430656,episode_end,271.3702287472147,327,0.08055177007172876,-100.0,,,,,
430924,episode_end,305.16536078528327,268,0.07974583757276088,-100.0,,,,,
431000,train_step,,,0.0793285243953937,-100.0,100000,34.215065002441406,-66.98054504394531,1.9510912895202637,-0.12394284456968307
431122,episode_end,287.59104999540864,198,0.07880165979628154,-100.0,,,,,
431376,episode_end,259.4078555160332,254,0.0791464855632856,-100.0,,,,,
431614,episode_end,163.7551729494769,238,0.07855696147043721,-100.0,,,,,
432000,train_step,,,0.07806649687149354,-100.0,100000,53.4810676574707,-64.47020721435547,2.059443712234497,0.15159332752227783
432003,episode_end,247.39889448688953,389,0.07805053386020899,-100.0,,,,,
432489,episode_end,208.3086478876291,486,0.08075577596319647,-100.0,,,,,
432659,episode_end,171.71397540044333,170,0.08107451558648679,-100.0,,,,,
432832,episode_end,183.12129573273896,173,0.08394783281805666,-100.0,,,,,
433000,train_step,,,0.08298626747378254,-100.0,100000,86.45704650878906,-67.77095031738281,2.020721435546875,0.05157752335071564
433048,episode_end,282.3517882169065,216,0.08240949582373387,-100.0,,,,,
433221,episode_end,160.95223173875812,173,0.08108227854196177,-100.0,,,,,
433440,episode_end,180.74548966735648,219,0.08060256899496954,-100.0,,,,,
433642,episode_end,180.66576100901602,202,0.08185385886333868,-100.0,,,,,
433826,episode_end,175.96391381937383,184,0.08095741745790702,-100.0,,,,,
434000,train_step,,,0.08163560403870344,-100.0,100000,54.94981002807617,-65.02755737304688,1.8967459201812744,-0.2587023675441742
434073,episode_end,140.88201061267205,247,0.08163023334064555,-100.0,,,,,
434437,episode_end,144.9801320610606,364,0.0808405863214166,-100.0,,,,,
434756,episode_end,292.03412020183697,319,0.08345582098675594,-100.0,,,,,
435000,train_step,,,0.08162632994329289,-100.0,100000,142.70040893554688,-63.8284912109375,2.108604907989502,0.27212101221084595
435060,episode_end,161.39861141815481,304,0.08175718010840187,-100.0,,,,,
435252,episode_end,297.74449688938466,192,0.0805917444796549,-100.0,,,,,
435456,episode_end,150.52611837760628,204,0.07935488486505278,-100.0,,,,,
435680,episode_end,175.934789044382,224,0.0788857239035137,-100.0,,,,,
435863,episode_end,194.19500310265337,183,0.07624509419495965,-100.0,,,,,
436000,train_step,,,0.07514704470253714,-100.0,100000,98.22183227539062,-63.847904205322266,2.1415114402770996,0.366274893283844
436195,episode_end,278.9521236657119,332,0.07487135345177505,-100.0,,,,,
436443,episode_end,278.96536536633926,248,0.07522185011459756,-100.0,,,,,
436641,episode_end,145.4517792859511,198,0.07784514920373128,-100.0,,,,,
436803,episode_end,172.03679867857562,162,0.07981740405508427,-100.0,,,,,
437000,train_step,,,0.07986208356786242,-100.0,100000,14.440742492675781,-66.01309204101562,1.8114590644836426,-0.47652843594551086
437021,episode_end,310.70393952385814,218,0.07959359173745134,-100.0,,,,,
437235,episode_end,276.3654206710745,214,0.0788527809527839,-100.0,,,,,
437441,episode_end,287.7348330381822,206,0.08030877463798648,-100.0,,,,,
437762,episode_end,153.35594810521377,321,0.07913983666502691,-100.0,,,,,
438000,train_step,,,0.08053895182696276,-100.0,100000,30.144641876220703,-66.65489196777344,1.9792230129241943,-0.052337802946567535
438041,episode_end,192.3070859240473,279,0.08078400305235607,-100.0,,,,,
438246,episode_end,173.46011132571834,205,0.08084218684651412,-100.0,,,,,
438403,episode_end,159.4501473380972,157,0.08161792173296992,-100.0,,,,,
438542,episode_end,-331.7337947256342,139,0.0792276563349767,-100.0,,,,,
438699,episode_end,163.34753251994445,157,0.0782441165454625,-100.0,,,,,
438871,episode_end,188.89973891465547,172,0.07837580606365584,-100.0,,,,,
439000,train_step,,,0.07914385750865917,-100.0,100000,67.11031341552734,-68.69507598876953,1.8223063945770264,-0.45071783661842346
439256,episode_end,132.76057451751805,385,0.07782505184081509,-100.0,,,,,
439444,episode_end,155.63728768948434,188,0.07808255504414341,-100.0,,,,,
439765,episode_end,137.12904418795668,321,0.07635630713108331,-100.0,,,,,
440000,train_step,,,0.07568691971140379,-100.0,100000,21.153766632080078,-66.95829010009766,2.094911575317383,0.24498045444488525
440014,episode_end,175.6053249282914,249,0.07567496442557511,-100.0,,,,,
440220,episode_end,295.5038103713145,206,0.07517299134665453,-100.0,,,,,
440425,episode_end,185.59689499654985,205,0.07554882345839405,-100.0,,,,,
440627,episode_end,307.3843927631639,202,0.07563884813697815,-100.0,,,,,
440877,episode_end,258.70347369580026,250,0.07611954454428548,-100.0,,,,,
441000,train_step,,,0.07643759614239004,-100.0,100000,55.62736892700195,-63.183082580566406,1.9495670795440674,-0.12967738509178162
441031,episode_end,172.459293023945,154,0.07655864604023406,-100.0,,,,,
441264,episode_end,300.5559752746418,233,0.07721663619883036,-100.0,,,,,
441435,episode_end,146.7686290113649,171,0.07702786045290971,-100.0,,,,,
441602,episode_end,150.59558776588204,167,0.0757831092820054,-100.0,,,,,
441773,episode_end,169.82739570866548,171,0.0753486538433235,-100.0,,,,,
441979,episode_end,301.2812465356609,206,0.07645818856330538,-100.0,,,,,
442000,train_step,,,0.07635043686160861,-100.0,100000,133.03858947753906,-63.02518081665039,2.0118587017059326,0.030505433678627014
442362,episode_end,159.54769892234742,383,0.07378622656770635,-100.0,,,,,
442612,episode_end,279.86771445186866,250,0.07203336185997974,-100.0,,,,,
442775,episode_end,169.52132925541653,163,0.07361989030568974,-100.0,,,,,
442971,episode_end,298.1268644317548,196,0.07449284123092353,-100.0,,,,,
443000,train_step,,,0.07437618568307458,-100.0,100000,37.990386962890625,-67.88972473144531,2.047610282897949,0.12372073531150818
443247,episode_end,293.56455977290545,276,0.0743726021332963,-100.0,,,,,
443432,episode_end,180.34527842522908,185,0.07303410095204883,-100.0,,,,,
443582,episode_end,157.1762282775453,150,0.07335224262138197,-100.0,,,,,
443738,episode_end,174.17728210301203,156,0.0744667562580412,-100.0,,,,,
443970,episode_end,280.01018499457496,232,0.07416325562257592,-100.0,,,,,
444000,train_step,,,0.07420141085280846,-100.0,100000,22.938968658447266,-66.3543701171875,1.858932614326477,-0.36691224575042725
444317,episode_end,288.2185702946253,347,0.0751160796486383,-100.0,,,,,
444530,episode_end,313.2981577303619,213,0.07629714817035389,-100.0,,,,,
444702,episode_end,262.6686153475911,172,0.07856866023402065,-100.0,,,,,
444929,episode_end,159.22877133118075,227,0.0793699625481034,-100.0,,,,,
445000,train_step,,,0.07872848085351625,-100.0,100000,10.490161895751953,-66.70681762695312,1.9041469097137451,-0.24363458156585693
445078,episode_end,290.0001560037018,149,0.0784841828342903,-100.0,,,,,
445292,episode_end,269.475364185755,214,0.07953832620417406,-100.0,,,,,
445670,episode_end,265.323252871421,378,0.08107336383467807,-100.0,,,,,
445878,episode_end,302.26622980152075,208,0.08082424386735063,-100.0,,,,,
446000,train_step,,,0.08057944745284357,-100.0,100000,26.864280700683594,-67.48356628417969,2.0536012649536133,0.13499489426612854
446090,episode_end,311.21682459657126,212,0.07956729056310188,-100.0,,,,,
446318,episode_end,293.9696938713121,228,0.08057419985599074,-100.0,,,,,
446505,episode_end,169.9798195258094,187,0.08092501124046639,-100.0,,,,,
446749,episode_end,299.77916896016495,244,0.07959142791861648,-100.0,,,,,
446967,episode_end,280.1772582223871,218,0.07993860442598015,-100.0,,,,,
447000,train_step,,,0.0800086591983871,-100.0,100000,22.025985717773438,-64.17123413085938,2.0167760848999023,0.04236960411071777
447409,episode_end,155.57195359801386,442,0.07908455730680503,-100.0,,,,,
447651,episode_end,172.46692072978857,242,0.07895225033879034,-100.0,,,,,
448000,train_step,,,0.07797861256510345,-100.0,100000,100.71958923339844,-64.84862518310547,1.866364598274231,-0.34094682335853577
448108,episode_end,140.9247416070161,457,0.07733484998049749,-100.0,,,,,
449000,train_step,,,0.07306023878020401,-100.0,100000,34.62487030029297,-66.29653930664062,1.9967796802520752,-0.008425816893577576
449108,episode_end,182.76016064786032,1000,0.07437421818882203,-100.0,,,,,
449366,episode_end,157.12524708448944,258,0.0766452795340738,-100.0,,,,,
449684,episode_end,292.3980924212755,318,0.07788015618359703,-100.0,,,,,
449899,episode_end,315.5432678928255,215,0.0785030462664431,-100.0,,,,,
450000,train_step,,,0.07809985779580052,-100.0,100000,53.27149963378906,-66.33015441894531,2.0877864360809326,0.22383475303649902
450207,episode_end,148.5337593421666,308,0.07732057399116023,-100.0,,,,,
450433,episode_end,300.7282075903686,226,0.07724774905894098,-100.0,,,,,
450635,episode_end,307.19818476768205,202,0.07740456123896666,-100.0,,,,,
450827,episode_end,148.2723747941581,192,0.08054209822260085,-100.0,,,,,
451000,train_step,,,0.07811835098278964,-100.0,100000,28.29435157775879,-65.72905731201172,1.944175124168396,-0.14232730865478516
451054,episode_end,297.39061101483026,227,0.07785964826606338,-100.0,,,,,
451292,episode_end,312.0316563730777,238,0.07676278259848969,-100.0,,,,,
451488,episode_end,302.51238587733087,196,0.07673676827449448,-100.0,,,,,
451650,episode_end,278.2196353178409,162,0.07628847248150711,-100.0,,,,,
451804,episode_end,187.99391232545918,154,0.0775621738270836,-100.0,,,,,
452000,train_step,,,0.07756069338354575,-100.0,100000,38.756065368652344,-63.93947982788086,2.008725881576538,0.022309131920337677
452002,episode_end,174.31535409906945,198,0.07757042896468325,-100.0,,,,,
452208,episode_end,156.6343615294765,206,0.07673246068792457,-100.0,,,,,
452555,episode_end,272.69050399928074,347,0.07557209499367444,-100.0,,,,,
452707,episode_end,191.1100567704783,152,0.07528908514207304,-100.0,,,,,
452943,episode_end,290.9038520119358,236,0.07494016328985076,-100.0,,,,,
453000,train_step,,,0.07417496834202461,-100.0,100000,51.58069610595703,-65.23651123046875,1.9702634811401367,-0.07735438644886017
453152,episode_end,312.58111016042375,209,0.07502064075176805,-100.0,,,,,
453340,episode_end,292.01764997848636,188,0.07580352403841424,-100.0,,,,,
453713,episode_end,124.7391310678412,373,0.07873081315902482,-100.0,,,,,
453869,episode_end,158.054544579795,156,0.07931135304662479,-100.0,,,,,
454000,train_step,,,0.07966315089444043,-100.0,100000,14.71019458770752,-62.461761474609375,1.8736436367034912,-0.3196750581264496
454085,episode_end,308.31031674008045,216,0.07817680450943766,-100.0,,,,,
454268,episode_end,177.78596544806697,183,0.07917968801954996,-100.0,,,,,
454424,episode_end,174.56615414705834,156,0.07970130326566248,-100.0,,,,,
454653,episode_end,161.4313806340885,229,0.08109135747790376,-100.0,,,,,
454876,episode_end,313.9100238220756,223,0.07907157469276763,-100.0,,,,,
455000,train_step,,,0.07677648309293729,-100.0,100000,26.193328857421875,-68.539794921875,2.029862642288208,0.07665315270423889
455065,episode_end,193.08975516506146,189,0.0761048445936895,-100.0,,,,,
455266,episode_end,289.1672430260577,201,0.07517389346817029,-100.0,,,,,
455466,episode_end,180.1261610726923,200,0.0743483106791952,-100.0,,,,,
455654,episode_end,143.4438357414491,188,0.07472530893864551,-100.0,,,,,
455878,episode_end,306.19825682002227,224,0.07584891527317568,-100.0,,,,,
456000,train_step,,,0.07686085619456874,-100.0,100000,125.72479248046875,-68.02235412597656,2.063310146331787,0.16243889927864075
456077,episode_end,283.86595292942616,199,0.07700920519631697,-100.0,,,,,
456288,episode_end,163.8671495430728,211,0.07798707540570035,-100.0,,,,,
456499,episode_end,282.5625356276038,211,0.07745479826758138,-100.0,,,,,
456665,episode_end,163.53234171407158,166,0.07711851152717497,-100.0,,,,,
456858,episode_end,277.0695791360249,193,0.07524469694370055,-100.0,,,,,
457000,train_step,,,0.07538907654435574,-100.0,100000,83.67431640625,-69.25788116455078,2.2419867515563965,0.625558078289032
457066,episode_end,271.2595507551399,208,0.07575171570770164,-100.0,,,,,
457265,episode_end,289.74438267948983,199,0.07411782835972146,-100.0,,,,,
457483,episode_end,300.43748779441296,218,0.07409126559995295,-100.0,,,,,
457685,episode_end,152.47078601742658,202,0.07546598303484915,-100.0,,,,,
457912,episode_end,301.1288747143018,227,0.0763237560906759,-100.0,,,,,
458000,train_step,,,0.07670093298082628,-100.0,100000,9.885246276855469,-68.4564208984375,2.036752939224243,0.09437555074691772
458160,episode_end,309.09070381801905,248,0.0772683982777588,-100.0,,,,,
458379,episode_end,276.21335231716375,219,0.07755768014565906,-100.0,,,,,
458603,episode_end,293.88341102909214,224,0.07708875750021961,-100.0,,,,,
458763,episode_end,164.3373865730794,160,0.0775665778482894,-100.0,,,,,
458962,episode_end,273.57400668518295,199,0.0764995583730248,-100.0,,,,,
459000,train_step,,,0.07647441318898356,-100.0,100000,37.568153381347656,-68.93852233886719,1.967330813407898,-0.083985835313797
459203,episode_end,265.70452301957084,241,0.07521491630526969,-100.0,,,,,
459397,episode_end,168.7059191856867,194,0.07460032930458786,-100.0,,,,,
459565,episode_end,146.42577838796956,168,0.07439026887949465,-100.0,,,,,
459752,episode_end,282.4192694436428,187,0.07402887901836358,-100.0,,,,,
459934,episode_end,160.68554276140318,182,0.07499393576980878,-100.0,,,,,
460000,train_step,,,0.07535513281806593,-100.0,100000,57.9569091796875,-67.00237274169922,1.8909220695495605,-0.2820257544517517
460145,episode_end,268.41118317520846,211,0.07488014513519928,-100.0,,,,,
460309,episode_end,179.16795650274247,164,0.07463065971949473,-100.0,,,,,
460462,episode_end,170.11017013915875,153,0.07337956047783838,-100.0,,,,,
460683,episode_end,297.6187368006541,221,0.07287548155984822,-100.0,,,,,
460874,episode_end,304.33219392521687,191,0.07286667221722552,-100.0,,,,,
461000,train_step,,,0.07359562958345009,-100.0,100000,27.941673278808594,-65.38228607177734,2.0869951248168945,0.22698545455932617
461069,episode_end,291.557149417476,195,0.07396142511543566,-100.0,,,,,
461317,episode_end,273.56282915322,248,0.07626552469421882,-100.0,,,,,
461527,episode_end,283.19361198706986,210,0.07765529996915152,-100.0,,,,,
461720,episode_end,270.5063641816302,193,0.0775937107447708,-100.0,,,,,
461951,episode_end,279.3748742567081,231,0.0759471764428788,-100.0,,,,,
462000,train_step,,,0.07517807512254668,-100.0,100000,65.01954650878906,-69.15681457519531,1.9194450378417969,-0.20846794545650482
462169,episode_end,304.1355177819615,218,0.07508068376475341,-100.0,,,,,
462374,episode_end,298.5207458443774,205,0.07534702549085454,-100.0,,,,,
462576,episode_end,277.7145986105942,202,0.07498872807536905,-100.0,,,,,
462785,episode_end,301.4945260127414,209,0.07571958100466242,-100.0,,,,,
462988,episode_end,289.8170833570463,203,0.0751354358463494,-100.0,,,,,
463000,train_step,,,0.07521486952873414,-100.0,100000,22.73775863647461,-67.96415710449219,2.108154773712158,0.27984029054641724
463204,episode_end,297.9003245765077,216,0.07569736473660997,-100.0,,,,,
463484,episode_end,254.46859411226214,280,0.07859758682073116,-100.0,,,,,
463673,episode_end,171.50012586876386,189,0.07884195650158987,-100.0,,,,,
463864,episode_end,155.99961406081255,191,0.07873936350392567,-100.0,,,,,
464000,train_step,,,0.07762138489004512,-100.0,100000,27.245954513549805,-66.30744934082031,2.2558178901672363,0.6538478136062622
464034,episode_end,187.8111520965647,170,0.07796934026238976,-100.0,,,,,
464267,episode_end,313.66172234956264,233,0.07532178378263425,-100.0,,,,,
464472,episode_end,278.6839506371832,205,0.07290576066917531,-100.0,,,,,
464680,episode_end,280.94311255250733,208,0.07318833441083461,-100.0,,,,,
464885,episode_end,164.9584503690648,205,0.07373370446234835,-100.0,,,,,
465000,train_step,,,0.07302125576531163,-100.0,100000,90.24929809570312,-68.87430572509766,2.0625879764556885,0.16379320621490479
465089,episode_end,290.205852511336,204,0.07298376482055158,-100.0,,,,,
465316,episode_end,273.24638994740644,227,0.073165863044414,-100.0,,,,,
465515,episode_end,177.394803078626,199,0.07315540286804485,-100.0,,,,,
466000,train_step,,,0.07128784353373695,-100.0,100000,25.855541229248047,-67.08134460449219,1.9965696334838867,-0.009059622883796692
466037,episode_end,201.56548195756267,522,0.07102113724754204,-100.0,,,,,
466223,episode_end,267.7765743030426,186,0.07167279559493776,-100.0,,,,,
466523,episode_end,256.9469298084891,300,0.07336169263678731,-100.0,,,,,
466706,episode_end,267.5478118134849,183,0.07339922114528269,-100.0,,,,,
466900,episode_end,252.19371539214285,194,0.0729323459522789,-100.0,,,,,
467000,train_step,,,0.0729265745707912,-100.0,100000,63.12437438964844,-66.9303207397461,2.160175323486328,0.41938695311546326
467073,episode_end,162.30385838245883,173,0.07335101262486379,-100.0,,,,,
467293,episode_end,278.2128442127703,220,0.07302547704433708,-100.0,,,,,
467497,episode_end,266.75426215163947,204,0.07277814567233981,-100.0,,,,,
467666,episode_end,161.16123850430435,169,0.07208513348699779,-100.0,,,,,
467864,episode_end,163.41603223947936,198,0.07146396672020704,-100.0,,,,,
468000,train_step,,,0.07069427110329607,-100.0,100000,19.131725311279297,-67.94488525390625,2.1579384803771973,0.41844093799591064
468087,episode_end,307.83176213399804,223,0.07036066146611178,-100.0,,,,,
468298,episode_end,298.3964713072252,211,0.06946686192677667,-100.0,,,,,
468508,episode_end,274.13326296129486,210,0.06862636695036736,-100.0,,,,,
468814,episode_end,285.88177385190994,306,0.06977326483184944,-100.0,,,,,
469000,train_step,,,0.07126733655055055,-100.0,100000,21.00525665283203,-67.38935089111328,2.2064223289489746,0.5452267527580261
469018,episode_end,310.5925066888759,204,0.07139720581196067,-100.0,,,,,
469247,episode_end,311.4610982852917,229,0.07246036124848705,-100.0,,,,,
469517,episode_end,286.23827175697915,270,0.0718106382308945,-100.0,,,,,
469670,episode_end,178.27041808099568,153,0.07312018353930606,-100.0,,,,,
469870,episode_end,273.69196787018427,200,0.07130078598548394,-100.0,,,,,
470000,train_step,,,0.0708971641952634,-100.0,100000,23.637073516845703,-68.03302764892578,1.8092668056488037,-0.5047800540924072
470123,episode_end,172.8317941550477,253,0.0698620502148427,-100.0,,,,,
470307,episode_end,284.525671369789,184,0.07034588658191211,-100.0,,,,,
470491,episode_end,258.77766944445517,184,0.07122809809992899,-100.0,,,,,
470682,episode_end,156.76820599020238,191,0.07059009346110375,-100.0,,,,,
470893,episode_end,260.32463856732943,211,0.06951334771752588,-100.0,,,,,
471000,train_step,,,0.06904935651834654,-100.0,100000,24.07642364501953,-68.20989990234375,2.273496627807617,0.7310380339622498
471062,episode_end,278.46355583895786,169,0.06905642696498332,-100.0,,,,,
471262,episode_end,268.42716996294956,200,0.06937739224810091,-100.0,,,,,
471519,episode_end,269.5146922535672,257,0.07089556361946754,-100.0,,,,,
471714,episode_end,287.34429820224494,195,0.07237124611551447,-100.0,,,,,
471898,episode_end,274.4246858311354,184,0.07245777417049684,-100.0,,,,,
472000,train_step,,,0.0709838657714568,-100.0,100000,35.56134033203125,-67.33955383300781,1.9490981101989746,-0.1346510648727417
472106,episode_end,310.1513095968679,208,0.0697425285084087,-100.0,,,,,
472299,episode_end,167.96259704612112,193,0.0687562133424939,-100.0,,,,,
472478,episode_end,285.37897683726953,179,0.07013096529919785,-100.0,,,,,
472669,episode_end,280.5917180247129,191,0.07078212261533802,-100.0,,,,,
472868,episode_end,272.4028834725083,199,0.07242605803964075,-100.0,,,,,
473000,train_step,,,0.07286667396944649,-100.0,100000,23.13364028930664,-69.24356842041016,1.9977891445159912,-0.005790501832962036
473075,episode_end,287.4487722972848,207,0.07244464136325016,-100.0,,,,,
473327,episode_end,299.3903092578747,252,0.06841224036657828,-100.0,,,,,
473516,episode_end,170.21988055148847,189,0.0679034021857802,-100.0,,,,,
473679,episode_end,152.56789115860124,163,0.06900760436641838,-100.0,,,,,
474000,train_step,,,0.06777723360864983,-100.0,100000,22.092086791992188,-71.81060791015625,2.2120747566223145,0.5708047747612
474083,episode_end,-85.05967485855999,404,0.06920091775897484,-100.0,,,,,
474245,episode_end,152.78731059787816,162,0.06969677255768238,-100.0,,,,,
474396,episode_end,273.55883161477857,151,0.06979675703698406,-100.0,,,,,
474601,episode_end,291.0752191990371,205,0.06932965152861495,-100.0,,,,,
474807,episode_end,291.3028843041755,206,0.06918572615600203,-100.0,,,,,
474958,episode_end,185.44444776152312,151,0.07057089407589123,-100.0,,,,,
475000,train_step,,,0.07081140237090208,-100.0,100000,109.71157836914062,-66.58357238769531,1.8777613639831543,-0.3236554265022278
475130,episode_end,180.5840643062691,172,0.07081687777615824,-100.0,,,,,
475352,episode_end,307.52391998094976,222,0.07169724895261136,-100.0,,,,,
475550,episode_end,163.59682387476937,198,0.07152875852760585,-100.0,,,,,
475764,episode_end,281.9843175241416,214,0.07086734847025501,-100.0,,,,,
475955,episode_end,277.8537791727573,191,0.06982508993649854,-100.0,,,,,
476000,train_step,,,0.07008451995981241,-100.0,100000,11.17811393737793,-72.99360656738281,2.0954413414001465,0.25368839502334595
476147,episode_end,263.818175395906,192,0.06910104339990339,-100.0,,,,,
476357,episode_end,289.50612173906563,210,0.06769246223769311,-100.0,,,,,
476575,episode_end,285.5297533155979,218,0.06652617550631335,-100.0,,,,,
476837,episode_end,159.61404382313833,262,0.06653548382648983,-100.0,,,,,
477000,train_step,,,0.06558880937898197,-100.0,100000,95.96481323242188,-72.55937194824219,1.9757258892059326,-0.06613139808177948
477011,episode_end,162.62048167065223,174,0.06551348415434297,-100.0,,,,,
477166,episode_end,176.44007730970566,155,0.06526762883820682,-100.0,,,,,
477373,episode_end,167.70891710729424,207,0.0666084242342083,-100.0,,,,,
477579,episode_end,152.13831703365958,206,0.06687186232400952,-100.0,,,,,
477766,episode_end,180.62849797064314,187,0.06694730230084088,-100.0,,,,,
478000,train_step,,,0.06608333119097995,-100.0,100000,38.440834045410156,-68.29812622070312,1.7714059352874756,-0.6210532188415527
478048,episode_end,274.9840966068882,282,0.06525241512152172,-100.0,,,,,
478228,episode_end,300.0258559778586,180,0.06400607094341727,-100.0,,,,,
478440,episode_end,305.1076052157423,212,0.0637952051313238,-100.0,,,,,
478624,episode_end,169.3343228928819,184,0.0650831195298723,-100.0,,,,,
478770,episode_end,190.35783713358498,146,0.06476583875116552,-100.0,,,,,
478949,episode_end,276.5224482779023,179,0.06486429012858268,-100.0,,,,,
479000,train_step,,,0.06462652237932573,-100.0,100000,30.744510650634766,-75.69549560546875,2.085130453109741,0.23318366706371307
479154,episode_end,309.16929961205517,205,0.0644106525865515,-100.0,,,,,
479319,episode_end,268.6708061809304,165,0.06457324065690173,-100.0,,,,,
479532,episode_end,310.67081382343184,213,0.06534049179782175,-100.0,,,,,
479717,episode_end,300.1325633470425,185,0.0672367927509675,-100.0,,,,,
479931,episode_end,305.075423992232,214,0.06699815862114272,-100.0,,,,,
480000,train_step,,,0.06749573159260537,-100.0,100000,23.496036529541016,-70.54534149169922,2.0439670085906982,0.11852109432220459
480134,episode_end,186.61769015872105,203,0.06815436861551995,-100.0,,,,,
480303,episode_end,155.70912903709288,169,0.06718343606026823,-100.0,,,,,
480473,episode_end,282.0692920656851,170,0.06593436046644788,-100.0,,,,,
480803,episode_end,290.21950331232324,330,0.06548547968823817,-100.0,,,,,
480987,episode_end,263.9760194986792,184,0.0645404679620986,-100.0,,,,,
481000,train_step,,,0.0645578095764395,-100.0,100000,49.315185546875,-74.3035888671875,2.022254705429077,0.06098222732543945
481180,episode_end,152.7764490955715,193,0.06361987688873319,-100.0,,,,,
481359,episode_end,176.20046110686567,179,0.06363710197027456,-100.0,,,,,
481548,episode_end,293.5750864633717,189,0.06469874527994889,-100.0,,,,,
481649,episode_end,-310.5332491336431,101,0.0651375662644251,-100.0,,,,,
481831,episode_end,146.52262467974862,182,0.06487256044149566,-100.0,,,,,
481997,episode_end,284.9951407334106,166,0.06563145281214731,-100.0,,,,,
482000,train_step,,,0.06563415294982411,-100.0,100000,25.66925621032715,-74.3892822265625,1.8923847675323486,-0.29310739040374756
482162,episode_end,293.08355982176914,165,0.0656418967102585,-100.0,,,,,
482367,episode_end,187.84755260971582,205,0.06468231206676514,-100.0,,,,,
482554,episode_end,294.7430868198495,187,0.06355480460501009,-100.0,,,,,
482653,episode_end,-280.94086149210034,99,0.06368853757941194,-100.0,,,,,
482879,episode_end,273.1841320591581,226,0.06460212158324759,-100.0,,,,,
483000,train_step,,,0.06515713057625153,-100.0,100000,7.325645446777344,-76.814453125,2.1244869232177734,0.3399679660797119
483039,episode_end,159.63705584409817,160,0.06521866770792968,-100.0,,,,,
483362,episode_end,288.3196362744198,323,0.06737128307698198,-100.0,,,,,
483514,episode_end,160.64274330537546,152,0.06695232288632678,-100.0,,,,,
483718,episode_end,294.047457789938,204,0.06626772542055719,-100.0,,,,,
483857,episode_end,180.85760581242238,139,0.0675643538713865,-100.0,,,,,
484000,train_step,,,0.06812994079104367,-100.0,100000,45.3191032409668,-72.14031982421875,1.8342245817184448,-0.4453287720680237
484022,episode_end,187.03407891992498,165,0.06831032282417354,-100.0,,,,,
484234,episode_end,304.63362470701543,212,0.069311332032123,-100.0,,,,,
484460,episode_end,300.5328480203807,226,0.06962333273195986,-100.0,,,,,
484640,episode_end,288.9734564966881,180,0.07136656675225761,-100.0,,,,,
484828,episode_end,182.97730053068662,188,0.06960965769336827,-100.0,,,,,
485000,train_step,,,0.06826172948869831,-100.0,100000,26.167055130004883,-73.89180755615234,2.0034055709838867,0.009141646325588226
485018,episode_end,296.31192724333664,190,0.06820247913523883,-100.0,,,,,
485165,episode_end,161.87376538393147,147,0.06909760063592406,-100.0,,,,,
485352,episode_end,283.333725277523,187,0.0670592320318179,-100.0,,,,,
485613,episode_end,296.0424546407656,261,0.0675180449441966,-100.0,,,,,
485824,episode_end,306.248416815871,211,0.06479170278757634,-100.0,,,,,
485986,episode_end,178.78946583517572,162,0.06435507623221774,-100.0,,,,,
486000,train_step,,,0.0642205368528703,-100.0,100000,13.87109375,-76.58191680908203,1.8527512550354004,-0.40426158905029297
486161,episode_end,191.71139923654076,175,0.0648508935736593,-100.0,,,,,
486374,episode_end,183.08716109984988,213,0.0658977173791292,-100.0,,,,,
486708,episode_end,288.68262530737,334,0.065100415092736,-100.0,,,,,
486842,episode_end,190.3730716638038,134,0.06504540483236705,-100.0,,,,,
487000,train_step,,,0.06609160405839398,-100.0,100000,35.113643646240234,-73.2333984375,1.9513540267944336,-0.13215720653533936
487014,episode_end,179.16078819201005,172,0.06610383781979494,-100.0,,,,,
487206,episode_end,292.7527207108235,192,0.06755045821533494,-100.0,,,,,
487383,episode_end,181.5554050923651,177,0.06808432874241117,-100.0,,,,,
487592,episode_end,289.1148532575787,209,0.06800364035588762,-100.0,,,,,
487751,episode_end,171.72771541831384,159,0.06933244744141571,-100.0,,,,,
487944,episode_end,293.9980950039834,193,0.06930446731391833,-100.0,,,,,
488000,train_step,,,0.06864524296482204,-100.0,100000,23.876930236816406,-75.13359069824219,1.7246391773223877,-0.7376378178596497
488118,episode_end,175.1513550695944,174,0.06775779840689891,-100.0,,,,,
488303,episode_end,182.07299049869033,185,0.0670730156704684,-100.0,,,,,
488479,episode_end,200.99029351569567,176,0.0667014641582837,-100.0,,,,,
488634,episode_end,167.948842526323,155,0.06650796105101191,-100.0,,,,,
488812,episode_end,276.20949181960384,178,0.06827528800017894,-100.0,,,,,
488992,episode_end,282.3696224057414,180,0.06911649229188963,-100.0,,,,,
489000,train_step,,,0.06921507120478164,-100.0,100000,17.014888763427734,-76.68363189697266,2.123321056365967,0.32933279871940613
489196,episode_end,274.5595569772162,204,0.07015178821536805,-100.0,,,,,
489381,episode_end,251.7284943750791,185,0.07035271914429975,-100.0,,,,,
489552,episode_end,288.7276595557541,171,0.07103139346615012,-100.0,,,,,
489718,episode_end,156.43384652987444,166,0.06917995532488994,-100.0,,,,,
489898,episode_end,151.1130872635151,180,0.06636079927553228,-100.0,,,,,
490000,train_step,,,0.06593353775878925,-100.0,100000,13.399299621582031,-73.59185791015625,2.0777475833892822,0.21140387654304504
490647,episode_end,258.260057723182,749,0.06281187713521416,-100.0,,,,,
490839,episode_end,313.2512475913868,192,0.061715620926668664,-100.0,,,,,
491000,train_step,,,0.061318606902078916,-100.0,100000,116.18306732177734,-76.03662872314453,2.0033462047576904,0.009341031312942505
491035,episode_end,319.427843828512,196,0.061378043747150585,-100.0,,,,,
491224,episode_end,275.13517821596787,189,0.06100543860138675,-100.0,,,,,
491460,episode_end,300.20380325105475,236,0.06207230414254686,-100.0,,,,,
491630,episode_end,162.84364518804816,170,0.061225308694938245,-100.0,,,,,
491794,episode_end,162.735864424199,164,0.06194699313088572,-100.0,,,,,
492000,train_step,,,0.06468518006364914,-100.0,100000,47.86302185058594,-79.72813415527344,1.8164660930633545,-0.5025569200515747
492025,episode_end,317.6176963042742,231,0.06476735411940915,-100.0,,,,,
492235,episode_end,284.26757432839264,210,0.06492505401387838,-100.0,,,,,
492416,episode_end,154.25403061586985,181,0.06380425237781506,-100.0,,,,,
492577,episode_end,62.02842305233381,161,0.06322612346572905,-100.0,,,,,
492804,episode_end,292.6379701594141,227,0.06333621389830751,-100.0,,,,,
493000,train_step,,,0.06324315620874094,-100.0,100000,60.98624801635742,-76.11517333984375,1.9536693096160889,-0.12790842354297638
493030,episode_end,39.645494204043274,226,0.06318870907758085,-100.0,,,,,
493154,episode_end,-75.14473028089115,124,0.06350453514225818,-100.0,,,,,
493381,episode_end,170.05191222537053,227,0.06168102338512581,-100.0,,,,,
493609,episode_end,299.16724832320017,228,0.06066918743287865,-100.0,,,,,
493812,episode_end,293.8779567833682,203,0.058277420241067975,-100.0,,,,,
493997,episode_end,290.7445556152282,185,0.060754006970894815,-100.0,,,,,
494000,train_step,,,0.060732685429482236,-100.0,100000,36.173736572265625,-76.6866683959961,2.0204954147338867,0.05741347372531891
494309,episode_end,115.2865677185978,312,0.05955943194796245,-100.0,,,,,
494479,episode_end,282.22778073863833,170,0.05941745360234519,-100.0,,,,,
494836,episode_end,281.66721740950544,357,0.06092198808842414,-100.0,,,,,
495000,train_step,,,0.06054707586321403,-100.0,100000,35.423805236816406,-76.38079833984375,2.238743543624878,0.6695168018341064
495014,episode_end,278.5565652637758,178,0.06057959080389255,-100.0,,,,,
495211,episode_end,167.48961238458057,197,0.058886748738779866,-100.0,,,,,
495517,episode_end,169.1638919004869,306,0.061639792057114,-100.0,,,,,
495718,episode_end,294.1329031918549,201,0.0598478853258764,-100.0,,,,,
495930,episode_end,152.78444819402733,212,0.059963641362370874,-100.0,,,,,
496000,train_step,,,0.06022173572620002,-100.0,100000,36.75996398925781,-77.56446838378906,1.9442920684814453,-0.15652400255203247
496143,episode_end,275.1558022055908,213,0.06045223649775977,-100.0,,,,,
496342,episode_end,302.6779000740886,199,0.06029548638838275,-100.0,,,,,
496563,episode_end,259.4870155034341,221,0.05833659000214525,-100.0,,,,,
496776,episode_end,294.8150215002212,213,0.056924501414728206,-100.0,,,,,
497000,train_step,,,0.05672257271653203,-100.0,100000,41.549468994140625,-74.28958129882812,2.1770029067993164,0.5079239010810852
497060,episode_end,226.7868676121197,284,0.05717812272743002,-100.0,,,,,
497456,episode_end,254.2355145379767,396,0.059261163386641315,-100.0,,,,,
497659,episode_end,291.34807855703014,203,0.060109828876281884,-100.0,,,,,
497913,episode_end,170.2610316808705,254,0.05976358510570149,-100.0,,,,,
498000,train_step,,,0.05984297017736881,-100.0,100000,8.685251235961914,-76.88136291503906,2.244394063949585,0.6882212162017822
498122,episode_end,281.08818387326403,209,0.060737236936051674,-100.0,,,,,
498375,episode_end,306.5776843381493,253,0.061696881628878694,-100.0,,,,,
498677,episode_end,147.56058608308572,302,0.06185001378986257,-100.0,,,,,
498911,episode_end,237.83354879237655,234,0.06149864194351382,-100.0,,,,,
499000,train_step,,,0.061616190724574846,-100.0,100000,147.09532165527344,-73.87860870361328,1.9856839179992676,-0.039896443486213684
499173,episode_end,251.0742478872375,262,0.0628719176772705,-100.0,,,,,
499399,episode_end,279.55545101803193,226,0.0626483295798289,-100.0,,,,,
499693,episode_end,230.49081022442581,294,0.061469537645825426,-100.0,,,,,
499942,episode_end,242.90772657074223,249,0.0607810771983651,-100.0,,,,,
500000,train_step,,,0.061218802366215797,-100.0,100000,16.455673217773438,-75.89635467529297,1.7789441347122192,-0.6174753904342651
500148,episode_end,281.6693877635074,206,0.060894074301615427,-100.0,,,,,
500246,episode_end,-2.6302489726542433,98,0.06163559732585632,-100.0,,,,,
500528,episode_end,231.36688261526953,282,0.06021627641488194,-100.0,,,,,
500748,episode_end,280.3308974351496,220,0.06001168055171995,-100.0,,,,,
500938,episode_end,284.7351890241232,190,0.059536808112506494,-100.0,,,,,
501000,train_step,,,0.060121388428609125,-100.0,100000,35.78866958618164,-77.5396728515625,2.285618305206299,0.8029841780662537
501133,episode_end,292.96864632306244,195,0.06059133775970514,-100.0,,,,,
501327,episode_end,161.11961141302476,194,0.061070970779613265,-100.0,,,,,
501573,episode_end,309.7821037011637,246,0.06114941675536401,-100.0,,,,,
501760,episode_end,284.82205667251117,187,0.05941913588854804,-100.0,,,,,
501977,episode_end,290.67080321112917,217,0.06001773884052603,-100.0,,,,,
502000,train_step,,,0.0602206440990139,-100.0,100000,5.316718101501465,-75.43572235107422,1.8388581275939941,-0.45276695489883423
502170,episode_end,293.9961704786132,193,0.061054642245349684,-100.0,,,,,
502368,episode_end,289.6412725757323,198,0.06160947554212332,-100.0,,,,,
502566,episode_end,288.9080645069661,198,0.0622480937560059,-100.0,,,,,
502757,episode_end,275.67962942659005,191,0.06237675589517957,-100.0,,,,,
502980,episode_end,295.7110004109828,223,0.062178973118859594,-100.0,,,,,
503000,train_step,,,0.06185260275805748,-100.0,100000,11.406984329223633,-75.65145874023438,1.7764005661010742,-0.6222776770591736
503179,episode_end,248.45364240265388,199,0.06228330257064048,-100.0,,,,,
503401,episode_end,272.3075640750562,222,0.059480333018827346,-100.0,,,,,
503609,episode_end,303.58531595120564,208,0.05673071177310478,-100.0,,,,,
503783,episode_end,275.6018834771934,174,0.056167429113230166,-100.0,,,,,
504000,train_step,,,0.05712534767602849,-100.0,100000,4.740747451782227,-75.17816162109375,2.371553421020508,1.0635740756988525
504115,episode_end,242.59462788765424,332,0.058285303633519095,-100.0,,,,,
504301,episode_end,293.3832155865902,186,0.05816667060329037,-100.0,,,,,
504536,episode_end,282.85535975723144,235,0.06067912042499079,-100.0,,,,,
504739,episode_end,305.88969838465346,203,0.06019778226034194,-100.0,,,,,
504923,episode_end,156.38519864243125,184,0.060069122846133256,-100.0,,,,,
505000,train_step,,,0.05962964114504841,-100.0,100000,15.723855972290039,-74.44087219238281,1.926863193511963,-0.20621635019779205
505271,episode_end,131.9896226583109,348,0.06125302308719147,-100.0,,,,,
505476,episode_end,288.56736231975447,205,0.06024778617482473,-100.0,,,,,
505764,episode_end,255.4012297048367,288,0.05842658113472219,-100.0,,,,,
505945,episode_end,188.7829980195962,181,0.0566358571417368,-100.0,,,,,
506000,train_step,,,0.056703898955655516,-100.0,100000,17.333738327026367,-77.01289367675781,1.9621717929840088,-0.10856398940086365
506157,episode_end,302.4800880917587,212,0.05781344912015314,-100.0,,,,,
506358,episode_end,290.01334929171793,201,0.05835894239417339,-100.0,,,,,
506686,episode_end,239.8862749128963,328,0.055524927056865445,-100.0,,,,,
506887,episode_end,308.74881221753935,201,0.055883244583147564,-100.0,,,,,
507000,train_step,,,0.0562483127664694,-100.0,100000,11.176095962524414,-73.99913787841797,1.8274359703063965,-0.4966358542442322
507071,episode_end,186.72596538825258,184,0.05601684717643105,-100.0,,,,,
507263,episode_end,301.99522003454155,192,0.05501961969735521,-100.0,,,,,
507611,episode_end,247.36166241568392,348,0.05632288502906037,-100.0,,,,,
507792,episode_end,148.65969695019805,181,0.05773500755312324,-100.0,,,,,
507988,episode_end,284.783561533126,196,0.05915407476023174,-100.0,,,,,
508000,train_step,,,0.05914767352819375,-100.0,100000,38.89733123779297,-77.47785949707031,1.910807728767395,-0.252210795879364
508258,episode_end,249.41827220075064,270,0.05843200835737226,-100.0,,,,,
508458,episode_end,286.3724342039766,200,0.058511650226270986,-100.0,,,,,
508789,episode_end,308.7867570793969,331,0.057816348026927006,-100.0,,,,,
508981,episode_end,276.55473218105436,192,0.057599918326710235,-100.0,,,,,
509000,train_step,,,0.05737166993742632,-100.0,100000,87.19993591308594,-75.48612213134766,1.736457347869873,-0.7532590627670288
509177,episode_end,288.8205819721059,196,0.05660494587517186,-100.0,,,,,
509364,episode_end,299.5448027474172,187,0.058310325981224334,-100.0,,,,,
509596,episode_end,247.51956361154575,232,0.05847087177679922,-100.0,,,,,
509775,episode_end,290.406743249205,179,0.058111473061534885,-100.0,,,,,
510000,train_step,,,0.05741581584870252,-100.0,100000,9.321197509765625,-76.12872314453125,1.7879834175109863,-0.6058236956596375
510004,episode_end,266.22739205986204,229,0.05735778864023668,-100.0,,,,,
510312,episode_end,253.57830396418152,308,0.055858031440958134,-100.0,,,,,
510494,episode_end,164.12184818421804,182,0.05579708717210025,-100.0,,,,,
510687,episode_end,307.7902489701671,193,0.05445710333526002,-100.0,,,,,
510911,episode_end,302.6161258906744,224,0.054634565699735765,-100.0,,,,,
511000,train_step,,,0.05416318009594684,-100.0,100000,6.433516025543213,-75.35179138183594,1.861621379852295,-0.4034780263900757
511088,episode_end,285.1362644474109,177,0.05423921252772911,-100.0,,,,,
511336,episode_end,270.2688175327503,248,0.05364664695608349,-100.0,,,,,
511613,episode_end,247.33743269832203,277,0.053436646826219555,-100.0,,,,,
511960,episode_end,184.87661837228546,347,0.05057675157775112,-100.0,,,,,
512000,train_step,,,0.0505470860559005,-100.0,100000,29.565731048583984,-76.20044708251953,2.1035220623016357,0.3089979887008667
512162,episode_end,302.0077819711493,202,0.05129749845486444,-100.0,,,,,
512369,episode_end,300.4214963588199,207,0.052827906088691076,-100.0,,,,,
512563,episode_end,304.9358098141692,194,0.05277051486205636,-100.0,,,,,
512828,episode_end,256.84412003312855,265,0.05330273393367589,-100.0,,,,,
512987,episode_end,277.756923941074,159,0.05355607992109878,-100.0,,,,,
513000,train_step,,,0.053594953147745955,-100.0,100000,49.74683380126953,-75.90865325927734,1.9785480499267578,-0.06277477741241455
513193,episode_end,302.3870894443369,206,0.05353171862401165,-100.0,,,,,
513399,episode_end,299.37209004648275,206,0.054958045710434965,-100.0,,,,,
513558,episode_end,290.27072983642364,159,0.05567616404308686,-100.0,,,,,
513816,episode_end,310.4154308871044,258,0.05591123115247524,-100.0,,,,,
513997,episode_end,284.0523582383643,181,0.05512315034124282,-100.0,,,,,
514000,train_step,,,0.05512020448342902,-100.0,100000,14.19595718383789,-79.84945678710938,1.688659429550171,-0.9023393392562866
514211,episode_end,306.5335402541389,214,0.05557309932057092,-100.0,,,,,
514408,episode_end,306.08598586298996,197,0.05443340246295757,-100.0,,,,,
514610,episode_end,296.45701878990417,202,0.053613244468786306,-100.0,,,,,
514857,episode_end,296.3681499840295,247,0.053063672428064215,-100.0,,,,,
515000,train_step,,,0.05217670425811701,-100.0,100000,11.011673927307129,-78.45503997802734,1.7436895370483398,-0.7569155693054199
515066,episode_end,271.27156137456655,209,0.05136270977997973,-100.0,,,,,
515252,episode_end,299.22267764452346,186,0.05061218218209011,-100.0,,,,,
515459,episode_end,236.69771250485368,207,0.05039312004659359,-100.0,,,,,
515684,episode_end,241.42002502691105,225,0.05089311242511569,-100.0,,,,,
515868,episode_end,298.93253785337777,184,0.05191529157198802,-100.0,,,,,
516000,train_step,,,0.05320955138739917,-100.0,100000,12.680612564086914,-76.09696197509766,2.352992057800293,1.035508394241333
516072,episode_end,266.5146557038453,204,0.053968583094592314,-100.0,,,,,
516336,episode_end,296.4405158447403,264,0.054057523331809604,-100.0,,,,,
516578,episode_end,294.11092750636465,242,0.0545875604733749,-100.0,,,,,
516750,episode_end,285.0104746046318,172,0.05387229188982449,-100.0,,,,,
516940,episode_end,149.66135802556528,190,0.053322195622742735,-100.0,,,,,
517000,train_step,,,0.05320766567551823,-100.0,100000,11.680572509765625,-79.62124633789062,2.002389669418335,0.007010359317064285
517128,episode_end,309.5247447748877,188,0.053276420788535284,-100.0,,,,,
517327,episode_end,277.485047232724,199,0.053536209441645256,-100.0,,,,,
517538,episode_end,138.1630212004161,211,0.053861613412884264,-100.0,,,,,
517757,episode_end,143.45007544529136,219,0.05438965834743591,-100.0,,,,,
517973,episode_end,292.6544972890603,216,0.05377248978725156,-100.0,,,,,
518000,train_step,,,0.05366933171761741,-100.0,100000,84.29547119140625,-80.51585388183594,1.8538899421691895,-0.42735958099365234
518273,episode_end,118.9839667106158,300,0.054767147957945274,-100.0,,,,,
518425,episode_end,305.8938689856236,152,0.05560800352204642,-100.0,,,,,
518719,episode_end,214.71153381356527,294,0.05666885015750485,-100.0,,,,,
518928,episode_end,269.56550526252795,209,0.05819456012782674,-100.0,,,,,
519000,train_step,,,0.05825472010754483,-100.0,100000,30.84728240966797,-77.27529907226562,1.9478133916854858,-0.1483631581068039
519104,episode_end,294.60514570890797,176,0.05833871526541081,-100.0,,,,,
519277,episode_end,197.92169661978372,173,0.057027254111919855,-100.0,,,,,
519454,episode_end,299.5707620793216,177,0.05580784739407916,-100.0,,,,,
519625,episode_end,174.28867277090637,171,0.054998106424012407,-100.0,,,,,
519818,episode_end,279.2772151034545,193,0.05417743957711045,-100.0,,,,,
519997,episode_end,194.07093311575898,179,0.054652967191874076,-100.0,,,,,
520000,train_step,,,0.05466835308831248,-100.0,100000,57.176849365234375,-79.18287658691406,1.920265793800354,-0.23174512386322021
520179,episode_end,293.36204776331647,182,0.05528911350006007,-100.0,,,,,
520336,episode_end,284.9262047388093,157,0.05564712598063667,-100.0,,,,,
520516,episode_end,293.30201852278094,180,0.05597407420620174,-100.0,,,,,
520705,episode_end,293.26013816266726,189,0.0539271534654047,-100.0,,,,,
520868,episode_end,269.5453086906407,163,0.05223036955303588,-100.0,,,,,
521000,train_step,,,0.05260614314925803,-100.0,100000,13.887174606323242,-77.82833862304688,2.0847156047821045,0.2494804412126541
521046,episode_end,306.725694012582,178,0.05296242037335594,-100.0,,,,,
521203,episode_end,276.89654944066,157,0.054303735906416364,-100.0,,,,,
521388,episode_end,286.32941511320075,185,0.05421945413725575,-100.0,,,,,
521558,episode_end,281.64403449926743,170,0.05527098573346175,-100.0,,,,,
521729,episode_end,287.7253475243992,171,0.055215304348695954,-100.0,,,,,
521898,episode_end,284.66994486739145,169,0.053859540507536385,-100.0,,,,,
522000,train_step,,,0.05359497728647212,-100.0,100000,20.622257232666016,-75.26161193847656,2.0380327701568604,0.11129522323608398
522076,episode_end,278.7135640951939,178,0.05399367332428096,-100.0,,,,,
522289,episode_end,173.5862050242437,213,0.054440126181511755,-100.0,,,,,
522453,episode_end,293.8261200065033,164,0.05496447066391627,-100.0,,,,,
522638,episode_end,297.61312335882394,185,0.055298214085722885,-100.0,,,,,
522878,episode_end,249.17285782047662,240,0.05454693966894963,-100.0,,,,,
523000,train_step,,,0.05466027537947594,-100.0,100000,8.860575675964355,-77.66741180419922,1.9777945280075073,-0.06454256176948547
523008,episode_end,38.18383573562306,130,0.05460175690427862,-100.0,,,,,
523278,episode_end,243.8296312120777,270,0.05248908419699678,-100.0,,,,,
523572,episode_end,229.9491371500648,294,0.05465733879747079,-100.0,,,,,
523764,episode_end,168.19732766704743,192,0.05532962030112415,-100.0,,,,,
523975,episode_end,296.5704826758074,211,0.05753803582162686,-100.0,,,,,
524000,train_step,,,0.05751758225631281,-100.0,100000,17.67975425720215,-75.23880004882812,1.869358777999878,-0.37306737899780273
524179,episode_end,298.312082165776,204,0.05555728496302054,-100.0,,,,,
524396,episode_end,315.49666911134364,217,0.05528411202123515,-100.0,,,,,
524478,episode_end,22.030758616292133,82,0.055803985958547346,-100.0,,,,,
524674,episode_end,299.23078953436476,196,0.0551422379719034,-100.0,,,,,
524869,episode_end,307.49150064673523,195,0.056421670600291476,-100.0,,,,,
525000,train_step,,,0.057317623617193586,-100.0,100000,121.95287322998047,-78.12151336669922,1.7930324077606201,-0.5917509198188782
525059,episode_end,272.76600247999806,190,0.05725799737147298,-100.0,,,,,
525253,episode_end,279.11135696239097,194,0.0583638724345914,-100.0,,,,,
525426,episode_end,265.9526748871128,173,0.05728774141365164,-100.0,,,,,
525664,episode_end,303.1935166161652,238,0.05453868648144168,-100.0,,,,,
525898,episode_end,287.8898004472004,234,0.05356365168075749,-100.0,,,,,
526000,train_step,,,0.05428308464860136,-100.0,100000,37.625205993652344,-80.97064208984375,2.112544298171997,0.32790273427963257
526189,episode_end,155.91279310172786,291,0.05669669713427222,-100.0,,,,,
526367,episode_end,299.74678618438804,178,0.05752534605625138,-100.0,,,,,
526569,episode_end,308.6773152425502,202,0.057845030786882225,-100.0,,,,,
526756,episode_end,297.1026090178978,187,0.057531366973008764,-100.0,,,,,
526919,episode_end,290.5005296627918,163,0.057908768652998356,-100.0,,,,,
527000,train_step,,,0.056963282673515456,-100.0,100000,11.988761901855469,-80.36492156982422,1.845412015914917,-0.4429483711719513
527088,episode_end,292.3586329799965,169,0.056014455044991064,-100.0,,,,,
527264,episode_end,299.7277969220245,176,0.05502866040891359,-100.0,,,,,
527428,episode_end,284.14575988923184,164,0.053695382347421786,-100.0,,,,,
527617,episode_end,301.3311385613661,189,0.052033245886560435,-100.0,,,,,
527808,episode_end,297.79025566289374,191,0.05017515721653671,-100.0,,,,,
528000,train_step,,,0.04934693537256729,-100.0,100000,16.4792537689209,-81.27114868164062,1.8704829216003418,-0.38970130681991577
528041,episode_end,243.92062790162402,233,0.04892512059469302,-100.0,,,,,
528196,episode_end,181.50243978124539,155,0.04958541022907937,-100.0,,,,,
528414,episode_end,299.73052879100885,218,0.04985923370570668,-100.0,,,,,
528587,episode_end,286.35453679900104,173,0.04953347713348401,-100.0,,,,,
528764,episode_end,271.16013038247365,177,0.05199221588054276,-100.0,,,,,
528921,episode_end,295.50842818318836,157,0.05213861645572869,-100.0,,,,,
529000,train_step,,,0.0522161532588706,-100.0,100000,8.994701385498047,-81.37486267089844,2.132795810699463,0.39206162095069885
529107,episode_end,281.90084078375014,186,0.05192160028409465,-100.0,,,,,
529270,episode_end,-63.43669353733512,163,0.052231798601089084,-100.0,,,,,
529450,episode_end,265.34465226379086,180,0.05248499348529204,-100.0,,,,,
529600,episode_end,192.01688590965202,150,0.0518625170760877,-100.0,,,,,
529832,episode_end,176.156375385122,232,0.05227777660423099,-100.0,,,,,
530000,train_step,,,0.05291070828243345,-100.0,100000,87.94603729248047,-80.96280670166016,2.1332345008850098,0.39159661531448364
530021,episode_end,302.9588523924698,189,0.05298209149273493,-100.0,,,,,
530226,episode_end,288.968146917289,205,0.05325389393439365,-100.0,,,,,
530396,episode_end,159.1684431927165,170,0.05464375291487185,-100.0,,,,,
530570,episode_end,169.92858816406743,174,0.05428322620345034,-100.0,,,,,
530757,episode_end,295.68586690318136,187,0.05359786834492575,-100.0,,,,,
530974,episode_end,283.27731394757,217,0.05212697804745468,-100.0,,,,,
531000,train_step,,,0.052133069844633874,-100.0,100000,21.719728469848633,-77.82171630859375,1.83642578125,-0.4831913411617279
531208,episode_end,175.1657887568748,234,0.051778158841675866,-100.0,,,,,
531393,episode_end,293.2092602520232,185,0.05296937439791984,-100.0,,,,,
531587,episode_end,304.5960786873252,194,0.05345627743613059,-100.0,,,,,
531779,episode_end,307.1304275984263,192,0.05558427779043685,-100.0,,,,,
531964,episode_end,289.6142466965657,185,0.056437195797042185,-100.0,,,,,
532000,train_step,,,0.05648333544100839,-100.0,100000,45.959716796875,-80.78778839111328,1.9424387216567993,-0.16542011499404907
532130,episode_end,297.4413988318496,166,0.05765808467658275,-100.0,,,,,
532301,episode_end,279.50088404104827,171,0.058915871151241264,-100.0,,,,,
532521,episode_end,239.97528227131528,220,0.05867673124174524,-100.0,,,,,
532721,episode_end,318.3607230264389,200,0.05712851985719073,-100.0,,,,,
532918,episode_end,283.560429594199,197,0.05665125521358121,-100.0,,,,,
533000,train_step,,,0.05685129633838721,-100.0,100000,19.50876808166504,-79.81277465820312,2.1286792755126953,0.36896389722824097
533314,episode_end,138.29623943047216,396,0.0554922892405715,-100.0,,,,,
533521,episode_end,311.15778589327977,207,0.05636366573714166,-100.0,,,,,
533664,episode_end,292.1176732768871,143,0.05663580770066181,-100.0,,,,,
533840,episode_end,263.4794719251329,176,0.0565041030166792,-100.0,,,,,
534000,train_step,,,0.05591333821900692,-100.0,100000,13.301607131958008,-80.39006042480469,1.8857955932617188,-0.3293600082397461
534113,episode_end,228.74646355640306,273,0.05553801962951118,-100.0,,,,,
534295,episode_end,282.18497798481917,182,0.056830988095587426,-100.0,,,,,
534484,episode_end,252.8370807532716,189,0.05769500727244778,-100.0,,,,,
534686,episode_end,302.33878469869194,202,0.05918337111284037,-100.0,,,,,
534896,episode_end,298.1836419919572,210,0.057322826444873604,-100.0,,,,,
535000,train_step,,,0.05583579303462026,-100.0,100000,50.968502044677734,-81.66059875488281,1.6994976997375488,-0.8670513033866882
535182,episode_end,311.44935187299006,286,0.05534865528091285,-100.0,,,,,
535376,episode_end,306.6288747226799,194,0.05564804993152851,-100.0,,,,,
535848,episode_end,267.94662230336087,472,0.05743220373003835,-100.0,,,,,
536000,train_step,,,0.05876829602915013,-100.0,100000,20.21268081665039,-83.35418701171875,2.1070988178253174,0.3035341799259186
536012,episode_end,283.1966034655478,164,0.05881078805921872,-100.0,,,,,
536197,episode_end,265.67449302391407,185,0.06040637202778618,-100.0,,,,,
536551,episode_end,240.97980896583059,354,0.056673850454717026,-100.0,,,,,
536747,episode_end,297.1586859087637,196,0.05838131286156299,-100.0,,,,,
536986,episode_end,245.3144300481381,239,0.058142402210057856,-100.0,,,,,
537000,train_step,,,0.058285985168843424,-100.0,100000,40.524845123291016,-83.0988998413086,2.1259937286376953,0.3581238389015198
537197,episode_end,253.7836518309018,211,0.06005139826096837,-100.0,,,,,
537429,episode_end,240.23159649346334,232,0.05927129479402573,-100.0,,,,,
537861,episode_end,259.7772989283623,432,0.058189526775143025,-100.0,,,,,
538000,train_step,,,0.058794258188391985,-100.0,100000,10.655702590942383,-80.88150024414062,1.975801706314087,-0.06857085227966309
538047,episode_end,299.4203743605401,186,0.058709154475343535,-100.0,,,,,
538215,episode_end,258.75334931816866,168,0.05977767117181699,-100.0,,,,,
538520,episode_end,274.95068602491176,305,0.05792258161840892,-100.0,,,,,
538669,episode_end,-605.5074562616187,149,0.05799998661405294,-100.0,,,,,
538872,episode_end,277.69216553644645,203,0.06065487176938861,-100.0,,,,,
539000,train_step,,,0.06291044607414212,-100.0,100000,35.92474365234375,-81.3487548828125,2.277120590209961,0.7665276527404785
539055,episode_end,277.8499634303616,183,0.06396381911851623,-100.0,,,,,
539235,episode_end,295.1159788245445,180,0.06264244689495742,-100.0,,,,,
539429,episode_end,264.2732410919109,194,0.0612442559999987,-100.0,,,,,
539643,episode_end,268.53011344615106,214,0.06148206364002403,-100.0,,,,,
539811,episode_end,308.7912196025053,168,0.060127387959884045,-100.0,,,,,
540000,train_step,,,0.05932913362775465,-100.0,100000,14.662418365478516,-82.03385925292969,2.079951047897339,0.22583425045013428
540027,episode_end,309.51104147212243,216,0.0595800681181133,-100.0,,,,,
540257,episode_end,257.33955962371687,230,0.059309203918409506,-100.0,,,,,
540472,episode_end,279.69245318469774,215,0.05888942075638011,-100.0,,,,,
540646,episode_end,260.16135170735055,174,0.058090416559901395,-100.0,,,,,
540862,episode_end,265.8380751013882,216,0.057357083406734476,-100.0,,,,,
541000,train_step,,,0.057115312409519677,-100.0,100000,34.12358856201172,-80.05679321289062,2.0445451736450195,0.12751856446266174
541062,episode_end,248.4174120511248,200,0.05682272576088997,-100.0,,,,,
541273,episode_end,261.0099769866853,211,0.058197596115280664,-100.0,,,,,
541486,episode_end,244.7768625064503,213,0.05837228469924557,-100.0,,,,,
541670,episode_end,306.8373735692672,184,0.056880407537775506,-100.0,,,,,
541837,episode_end,317.66853433915594,167,0.055084349042155964,-100.0,,,,,
542000,train_step,,,0.054076009425185416,-100.0,100000,82.46720886230469,-84.15029907226562,1.8087639808654785,-0.5579051971435547
542027,episode_end,179.6463422265336,190,0.053846363438987986,-100.0,,,,,
542410,episode_end,265.6371675646024,383,0.054323951858903353,-100.0,,,,,
542600,episode_end,271.5455505333073,190,0.05537208224527255,-100.0,,,,,
542814,episode_end,289.2561257983857,214,0.05598302833110286,-100.0,,,,,
542991,episode_end,276.89364764842855,177,0.05634074488411698,-100.0,,,,,
543000,train_step,,,0.05646341192928668,-100.0,100000,86.01889038085938,-83.81053161621094,2.1318321228027344,0.3789065480232239
543225,episode_end,269.73385466312214,234,0.05451877909663864,-100.0,,,,,
543408,episode_end,299.09012317091117,183,0.05381195565859576,-100.0,,,,,
543606,episode_end,309.98085195134,198,0.054035271557411696,-100.0,,,,,
543799,episode_end,298.4266093732861,193,0.05479708519430723,-100.0,,,,,
544000,train_step,,,0.05484779585003103,-100.0,100000,9.43779182434082,-83.17057800292969,2.1300363540649414,0.37752050161361694
544799,episode_end,125.3457470771059,1000,0.054297374141061484,-100.0,,,,,
544988,episode_end,314.16344133135595,189,0.05396730488691393,-100.0,,,,,
545000,train_step,,,0.053948865938035565,-100.0,100000,5.178104400634766,-84.95454406738281,2.0784382820129395,0.2290177047252655
545211,episode_end,252.55750621238673,223,0.05327487675697893,-100.0,,,,,
546000,train_step,,,0.05564884578093965,-100.0,100000,9.988385200500488,-83.69143676757812,2.0785624980926514,0.226943239569664
546211,episode_end,22.01352291151445,1000,0.056291020642473114,-100.0,,,,,
546467,episode_end,281.3653115724362,256,0.05503827158214281,-100.0,,,,,
546721,episode_end,194.2959366906774,254,0.05474188770009919,-100.0,,,,,
546966,episode_end,193.19181818381858,245,0.055730675686959906,-100.0,,,,,
547000,train_step,,,0.05574300019564596,-100.0,100000,16.236583709716797,-81.00032043457031,2.09832501411438,0.2838648557662964
547137,episode_end,263.5409488650454,171,0.0560808770064253,-100.0,,,,,
547330,episode_end,310.51464679778053,193,0.0581205685764813,-100.0,,,,,
547565,episode_end,186.63565786482758,235,0.057436576203521196,-100.0,,,,,
547855,episode_end,238.00146127615236,290,0.05731897156722802,-100.0,,,,,
548000,train_step,,,0.05750215118464856,-100.0,100000,16.006837844848633,-86.64590454101562,1.822556495666504,-0.506766676902771
548086,episode_end,297.59028174414505,231,0.0562672477518759,-100.0,,,,,
548603,episode_end,-186.4781740259298,517,0.05380933745473145,-100.0,,,,,
549000,train_step,,,0.05284494642812356,-100.0,100000,27.2508602142334,-81.22735595703125,1.9906708002090454,-0.027431853115558624
549603,episode_end,42.12872855394389,1000,0.05346119207915791,-100.0,,,,,
549814,episode_end,312.1756844762915,211,0.053835879660624406,-100.0,,,,,
550000,train_step,,,0.05432602620840817,-100.0,100000,137.43069458007812,-78.51240539550781,1.9712990522384644,-0.08359865844249725
550015,episode_end,-51.830120254687166,201,0.05437403741461863,-100.0,,,,,
550288,episode_end,-64.1153841716117,273,0.055096441352177755,-100.0,,,,,
550480,episode_end,272.4507362533879,192,0.05566107402386325,-100.0,,,,,
551000,train_step,,,0.05505084954181182,-100.0,100000,17.966075897216797,-85.17823028564453,1.7995997667312622,-0.581059992313385
551431,episode_end,172.04081652182518,951,0.05553355924139067,-100.0,,,,,
551640,episode_end,304.08941443178526,209,0.05623097832427492,-100.0,,,,,
551952,episode_end,263.929150183283,312,0.05720413511738966,-100.0,,,,,
552000,train_step,,,0.056994440092619086,-100.0,100000,28.159372329711914,-87.66567993164062,1.9434691667556763,-0.16194961965084076
552210,episode_end,256.2795404710404,258,0.0583757002515494,-100.0,,,,,
552459,episode_end,251.3119786710678,249,0.05902114625341145,-100.0,,,,,
552670,episode_end,301.2005680024272,211,0.058149869610001466,-100.0,,,,,
552867,episode_end,266.67715587854894,197,0.056799471563237204,-100.0,,,,,
553000,train_step,,,0.056982502560474234,-100.0,100000,28.593652725219727,-86.04353332519531,1.7426693439483643,-0.7372552752494812
553040,episode_end,164.48200515291595,173,0.05707191039651291,-100.0,,,,,
553292,episode_end,281.7383329173904,252,0.05683727858730266,-100.0,,,,,
553521,episode_end,170.8402887376197,229,0.05603680624421535,-100.0,,,,,
553702,episode_end,140.79242615470164,181,0.05535356839376986,-100.0,,,,,
553946,episode_end,234.1490482217237,244,0.05719212072100085,-100.0,,,,,
554000,train_step,,,0.05727374559492618,-100.0,100000,38.1617431640625,-84.7392578125,2.0256264209747314,0.0732891857624054
554447,episode_end,-35.880581331826576,501,0.0571374506725162,-100.0,,,,,
554734,episode_end,279.5696331836871,287,0.05617241537857279,-100.0,,,,,
554962,episode_end,277.8662981691542,228,0.05609073190313531,-100.0,,,,,
555000,train_step,,,0.056236540275161534,-100.0,100000,5.578466415405273,-82.65328216552734,1.9887216091156006,-0.03246145695447922
555167,episode_end,282.77714026496625,205,0.055572817936397845,-100.0,,,,,
555340,episode_end,284.0938601282751,173,0.055352489695152524,-100.0,,,,,
555637,episode_end,224.55816249727923,297,0.05646071082473454,-100.0,,,,,
556000,train_step,,,0.05554566151831495,-100.0,100000,65.60884094238281,-83.33003234863281,2.1432576179504395,0.4140937626361847
556009,episode_end,232.08487439523603,372,0.0555618412007134,-100.0,,,,,
556178,episode_end,282.9284066960941,169,0.055892597839024574,-100.0,,,,,
556387,episode_end,270.33517685849233,209,0.057621174769492155,-100.0,,,,,
556597,episode_end,294.0244638008726,210,0.05931647277333573,-100.0,,,,,
556751,episode_end,266.7498736908753,154,0.0596564049926169,-100.0,,,,,
557000,train_step,,,0.06050686306076615,-100.0,100000,8.23607349395752,-80.99551391601562,1.8672921657562256,-0.37224555015563965
557025,episode_end,248.2146764154059,274,0.06066042125223379,-100.0,,,,,
557202,episode_end,287.9577489456448,177,0.06110832665502478,-100.0,,,,,
557402,episode_end,272.3764816875473,200,0.06160729828939477,-100.0,,,,,
557493,episode_end,39.61923747179529,91,0.061337102222594184,-100.0,,,,,
557697,episode_end,284.96549732114113,204,0.06130416008238148,-100.0,,,,,
558000,train_step,,,0.06157451602390883,-100.0,100000,25.736530303955078,-84.04570770263672,2.019670009613037,0.05483006685972214
558011,episode_end,258.3360660784416,314,0.06177465093940625,-100.0,,,,,
558218,episode_end,319.1386796433862,207,0.06398511150482845,-100.0,,,,,
559000,train_step,,,0.06090110155064504,-100.0,100000,5.381519794464111,-77.42110443115234,1.7674332857131958,-0.6508388519287109
559174,episode_end,253.33195615688632,956,0.05855782109116133,-100.0,,,,,
559502,episode_end,227.13692065753915,328,0.056961317616608935,-100.0,,,,,
559669,episode_end,318.15649014827756,167,0.05742031678238771,-100.0,,,,,
559827,episode_end,265.9620938412548,158,0.05761495959698354,-100.0,,,,,
559989,episode_end,308.63912307509895,162,0.058520968162801,-100.0,,,,,
560000,train_step,,,0.05864181866058155,-100.0,100000,6.119865417480469,-77.45237731933594,1.8856300115585327,-0.32438844442367554
560152,episode_end,265.2377337597469,163,0.05792491281690987,-100.0,,,,,
560325,episode_end,305.617278538029,173,0.05831547252578833,-100.0,,,,,
560567,episode_end,262.466622209558,242,0.06022823147782837,-100.0,,,,,
560782,episode_end,261.76046137425453,215,0.061514676633215366,-100.0,,,,,
561000,train_step,,,0.06208672763105783,-100.0,100000,12.589517593383789,-77.45508575439453,1.8915302753448486,-0.3014615774154663
561066,episode_end,244.41849406297635,284,0.06168174382417027,-100.0,,,,,
561251,episode_end,269.8033544254865,185,0.061415750962041035,-100.0,,,,,
561399,episode_end,304.47748566338817,148,0.060432164260931204,-100.0,,,,,
561573,episode_end,291.4777464160312,174,0.060881404702058724,-100.0,,,,,
561790,episode_end,247.29921344974747,217,0.06215531038843674,-100.0,,,,,
561964,episode_end,308.37569768966296,174,0.06249177015779938,-100.0,,,,,
562000,train_step,,,0.06282150246766331,-100.0,100000,31.768909454345703,-80.38898468017578,2.1808834075927734,0.5005866885185242
562187,episode_end,249.5574983741533,223,0.06320299169046058,-100.0,,,,,
562382,episode_end,240.44586338985266,195,0.06145376696272805,-100.0,,,,,
562523,episode_end,17.796221957081926,141,0.06065829883520202,-100.0,,,,,
562936,episode_end,210.43048094452254,413,0.060372060806735406,-100.0,,,,,
563000,train_step,,,0.06091809503696695,-100.0,100000,19.206310272216797,-80.4859619140625,1.7666939496994019,-0.65284264087677
563101,episode_end,297.5318989840085,165,0.06069993260276328,-100.0,,,,,
563268,episode_end,309.5233741884398,167,0.060259668791291084,-100.0,,,,,
563453,episode_end,265.59058534042003,185,0.06013707923334243,-100.0,,,,,
563678,episode_end,250.8992497539551,225,0.06009637634494791,-100.0,,,,,
564000,train_step,,,0.061091973472993104,-100.0,100000,15.862610816955566,-80.58010864257812,2.178007125854492,0.49759697914123535
564077,episode_end,272.9457042920367,399,0.06138749727771281,-100.0,,,,,
564293,episode_end,303.0473770959912,216,0.062461297895672126,-100.0,,,,,
564524,episode_end,266.51876038632867,231,0.0616182193000325,-100.0,,,,,
564718,episode_end,245.48839688334243,194,0.06238751545798474,-100.0,,,,,
564910,episode_end,318.44233484746417,192,0.06154827851331241,-100.0,,,,,
565000,train_step,,,0.062483261374891415,-100.0,100000,7.7327470779418945,-83.22837829589844,2.036856174468994,0.10219702124595642
565116,episode_end,227.32631286491778,206,0.06324120312461151,-100.0,,,,,
565300,episode_end,254.8997127200141,184,0.0642684607793232,-100.0,,,,,
565650,episode_end,272.6139157844457,350,0.06586463818810658,-100.0,,,,,
565868,episode_end,285.28464136725665,218,0.0654366569350865,-100.0,,,,,
566000,train_step,,,0.06490423386066618,-100.0,100000,16.17843246459961,-77.94830322265625,2.104370594024658,0.28543680906295776
566147,episode_end,275.68907716389936,279,0.06383798841375599,-100.0,,,,,
566334,episode_end,303.0759175357167,187,0.06463681467578702,-100.0,,,,,
566504,episode_end,290.52782439413045,170,0.06509478275423254,-100.0,,,,,
566698,episode_end,248.6512618213745,194,0.06531727901374525,-100.0,,,,,
566880,episode_end,275.5574671392443,182,0.06432265467581727,-100.0,,,,,
567000,train_step,,,0.06458828005532667,-100.0,100000,15.686677932739258,-81.38478088378906,2.1610116958618164,0.4411272406578064
567065,episode_end,261.6443745223168,185,0.06497488456556297,-100.0,,,,,
567263,episode_end,321.43061642065874,198,0.06501685878503655,-100.0,,,,,
567478,episode_end,291.1196738041292,215,0.06331753155113722,-100.0,,,,,
567661,episode_end,268.7361646046661,183,0.06221398554112024,-100.0,,,,,
567927,episode_end,282.7971758503553,266,0.06053906737759724,-100.0,,,,,
568000,train_step,,,0.0603302239207527,-100.0,100000,10.608373641967773,-81.77601623535156,1.972588062286377,-0.07697051763534546
568145,episode_end,258.6848594678554,218,0.06000191669728065,-100.0,,,,,
568312,episode_end,290.89447988318796,167,0.060079267192634726,-100.0,,,,,
568525,episode_end,270.3960825169245,213,0.060855227757078106,-100.0,,,,,
568689,episode_end,286.4713469044596,164,0.06118709872751658,-100.0,,,,,
568857,episode_end,258.71884760901264,168,0.06200685435951851,-100.0,,,,,
569000,train_step,,,0.063221059401547,-100.0,100000,13.17677116394043,-79.26823425292969,1.758410096168518,-0.6670582294464111
569057,episode_end,271.66444668706697,200,0.06323654942330748,-100.0,,,,,
569224,episode_end,312.13637415750736,167,0.06390373096407079,-100.0,,,,,
569383,episode_end,286.68738113647805,159,0.06410470672721721,-100.0,,,,,
569539,episode_end,322.26196544722296,156,0.06498065621990294,-100.0,,,,,
569762,episode_end,260.1794272620065,223,0.0649835510414703,-100.0,,,,,
569957,episode_end,280.7755235635632,195,0.06468489281538704,-100.0,,,,,
570000,train_step,,,0.06442768755287787,-100.0,100000,127.5683364868164,-77.13720703125,1.8197932243347168,-0.494165301322937
570125,episode_end,284.2931083327687,168,0.06445685551646863,-100.0,,,,,
570390,episode_end,276.7174149131977,265,0.06519205775879378,-100.0,,,,,
570580,episode_end,275.18324573397285,190,0.06329205403715601,-100.0,,,,,
570884,episode_end,264.80506679137727,304,0.06294899061813411,-100.0,,,,,
571000,train_step,,,0.06261858022588472,-100.0,100000,8.311259269714355,-81.5697021484375,2.1717746257781982,0.4759349822998047
571115,episode_end,243.29087745791517,231,0.06326850410092442,-100.0,,,,,
571297,episode_end,303.91322685855454,182,0.06281004205803378,-100.0,,,,,
571496,episode_end,311.42121363706894,199,0.06327920835233063,-100.0,,,,,
571693,episode_end,303.4122242170654,197,0.06304362718310946,-100.0,,,,,
571874,episode_end,298.55629374498255,181,0.06269340343116596,-100.0,,,,,
572000,train_step,,,0.06308466451052512,-100.0,100000,20.167015075683594,-79.18018341064453,2.2599430084228516,0.7182948589324951
572071,episode_end,289.01286779867496,197,0.06307511287735612,-100.0,,,,,
572223,episode_end,269.27680353406595,152,0.0636621063190634,-100.0,,,,,
572389,episode_end,267.94683210292055,166,0.0647561872135788,-100.0,,,,,
572628,episode_end,291.1481201819544,239,0.06513636204377328,-100.0,,,,,
572831,episode_end,185.06453963289854,203,0.06560796578389397,-100.0,,,,,
573000,train_step,,,0.06591752639707248,-100.0,100000,18.103303909301758,-80.93545532226562,1.940310001373291,-0.1623179316520691
573042,episode_end,286.07898704281024,211,0.0659541494667729,-100.0,,,,,
573242,episode_end,253.51864620028812,200,0.06433558652759487,-100.0,,,,,
573413,episode_end,276.4148653709814,171,0.06447214302852748,-100.0,,,,,
573563,episode_end,304.89230065460725,150,0.06495479214480723,-100.0,,,,,
573752,episode_end,148.58541970121183,189,0.06716070511399089,-100.0,,,,,
573959,episode_end,298.36467401063646,207,0.06605499325336868,-100.0,,,,,
574000,train_step,,,0.06612668782723984,-100.0,100000,18.336231231689453,-81.44905090332031,1.9626878499984741,-0.10134665668010712
574140,episode_end,298.3098343574647,181,0.06675808302123855,-100.0,,,,,
574317,episode_end,289.1131167984825,177,0.06657167581890801,-100.0,,,,,
574513,episode_end,316.0015790880059,196,0.06582126656029365,-100.0,,,,,
574706,episode_end,259.66859069887994,193,0.06498824138159164,-100.0,,,,,
574929,episode_end,286.55750035095866,223,0.06438258224219792,-100.0,,,,,
575000,train_step,,,0.06396703633953787,-100.0,100000,18.224319458007812,-82.5496826171875,1.9292755126953125,-0.19444911181926727
575118,episode_end,311.9660415069334,189,0.06413681598509476,-100.0,,,,,
575389,episode_end,277.7615915870325,271,0.06495821345092224,-100.0,,,,,
575552,episode_end,291.3083410384828,163,0.06540951780757812,-100.0,,,,,
575737,episode_end,293.6264099950862,185,0.06645643674808473,-100.0,,,,,
575924,episode_end,286.7012373488732,187,0.06794186131905296,-100.0,,,,,
576000,train_step,,,0.06707119425896638,-100.0,100000,20.521366119384766,-84.00286865234375,1.7473118305206299,-0.6827634572982788
576092,episode_end,272.8083399085337,168,0.06614597046265805,-100.0,,,,,
576321,episode_end,276.0411706941201,229,0.0647136047072274,-100.0,,,,,
576506,episode_end,257.38900115752557,185,0.06429723832059353,-100.0,,,,,
576693,episode_end,300.6206360574665,187,0.06437602564304971,-100.0,,,,,
576865,episode_end,263.17845401707973,172,0.06293307145780566,-100.0,,,,,
577000,train_step,,,0.06238643372077761,-100.0,100000,6.059415817260742,-79.66029357910156,2.211264133453369,0.5861327648162842
577039,episode_end,305.5643299933406,174,0.06238473995327638,-100.0,,,,,
577371,episode_end,303.07994373275756,332,0.061447634684922134,-100.0,,,,,
577608,episode_end,265.6045378617987,237,0.05902024840496302,-100.0,,,,,
577878,episode_end,281.61603866593623,270,0.05751190139212451,-100.0,,,,,
578000,train_step,,,0.058562042292772204,-100.0,100000,21.079511642456055,-82.76632690429688,2.0909273624420166,0.25802165269851685
578115,episode_end,287.3886017824957,237,0.05946723257317093,-100.0,,,,,
578302,episode_end,277.88915299521057,187,0.05946175883943357,-100.0,,,,,
578563,episode_end,323.15803177047405,261,0.05956609421849149,-100.0,,,,,
578786,episode_end,308.60835117378673,223,0.05971814957788136,-100.0,,,,,
578989,episode_end,264.03671900161225,203,0.060364832079721285,-100.0,,,,,
579000,train_step,,,0.06042886293786025,-100.0,100000,11.064079284667969,-81.07587432861328,1.8641724586486816,-0.3811708688735962
579198,episode_end,302.56863937344355,209,0.060309492979571194,-100.0,,,,,
579639,episode_end,260.80673850589494,441,0.06033954547108587,-100.0,,,,,
579862,episode_end,266.7436471126282,223,0.062353706772582305,-100.0,,,,,
580000,train_step,,,0.06333974261052473,-100.0,100000,14.072395324707031,-81.33905792236328,2.0001015663146973,0.0002803802490234375
580121,episode_end,236.72601999831164,259,0.06473880700299457,-100.0,,,,,
580316,episode_end,314.04620455983377,195,0.06544829123195808,-100.0,,,,,
580471,episode_end,306.75615556263426,155,0.06365693309478813,-100.0,,,,,
580681,episode_end,263.06440114775137,210,0.061758120053376296,-100.0,,,,,
580883,episode_end,311.094668522486,202,0.06054452196008907,-100.0,,,,,
581000,train_step,,,0.060438654680491984,-100.0,100000,29.207656860351562,-78.54960632324219,2.1452529430389404,0.40759849548339844
581085,episode_end,186.69478012876735,202,0.060034854610081144,-100.0,,,,,
581299,episode_end,234.9949430040388,214,0.05987193025478178,-100.0,,,,,
581465,episode_end,305.4091167480676,166,0.05948084215373362,-100.0,,,,,
581663,episode_end,298.68850786843984,198,0.05998052466888457,-100.0,,,,,
581845,episode_end,253.74578279594132,182,0.06014043439418935,-100.0,,,,,
582000,train_step,,,0.059514585683017,-100.0,100000,71.43913269042969,-80.15992736816406,2.3035049438476562,0.8563497066497803
582071,episode_end,273.191477582777,226,0.060322879547007685,-100.0,,,,,
582317,episode_end,279.82818647305714,246,0.0609388733691173,-100.0,,,,,
582669,episode_end,268.7651194315996,352,0.05915021987761271,-100.0,,,,,
582870,episode_end,300.6493216469106,201,0.05960627928304874,-100.0,,,,,
583000,train_step,,,0.05936351760075628,-100.0,100000,6.3863983154296875,-81.76251220703125,2.095346450805664,0.2692655920982361
583049,episode_end,279.8928980372684,179,0.05909976478871015,-100.0,,,,,
583213,episode_end,282.7398353538704,164,0.0602110052093714,-100.0,,,,,
583565,episode_end,244.96469242838137,352,0.06138611713813119,-100.0,,,,,
583756,episode_end,261.6767751453812,191,0.06081618199204423,-100.0,,,,,
583938,episode_end,289.1639305061021,182,0.06116726554666688,-100.0,,,,,
584000,train_step,,,0.06154654681896487,-100.0,100000,6.106624603271484,-80.94174194335938,2.1578586101531982,0.44010409712791443
584146,episode_end,306.136660820525,208,0.06071133430332734,-100.0,,,,,
584332,episode_end,250.26049766119337,186,0.06167089385276129,-100.0,,,,,
584497,episode_end,275.9472543040642,165,0.061694349270015714,-100.0,,,,,
584695,episode_end,193.27872117272784,198,0.0621334627780204,-100.0,,,,,
584907,episode_end,277.12437078807477,212,0.06324970095711711,-100.0,,,,,
585000,train_step,,,0.06288506552887832,-100.0,100000,18.277618408203125,-89.29591369628906,1.9621846675872803,-0.10461414605379105
585095,episode_end,275.5879603897554,188,0.06296573868504639,-100.0,,,,,
585293,episode_end,277.244602426925,198,0.06167476619064931,-100.0,,,,,
585496,episode_end,246.67872222872154,203,0.061516503767024944,-100.0,,,,,
585713,episode_end,273.5251205258297,217,0.06070770713066878,-100.0,,,,,
586000,train_step,,,0.061259782402719745,-100.0,100000,6.546059608459473,-82.49888610839844,2.024354934692383,0.06801396608352661
586007,episode_end,300.1672464646192,294,0.06128784185071058,-100.0,,,,,
586355,episode_end,278.3761287023154,348,0.06408387089745661,-100.0,,,,,
586578,episode_end,274.22057761923224,223,0.064902383714633,-100.0,,,,,
586764,episode_end,270.66885880155723,186,0.06464134140753504,-100.0,,,,,
586984,episode_end,256.41244188812504,220,0.06420970368168889,-100.0,,,,,
587000,train_step,,,0.06416765387522774,-100.0,100000,5.863437652587891,-84.20734405517578,2.206082582473755,0.5659558773040771
587238,episode_end,290.6013085317047,254,0.0655344711265693,-100.0,,,,,
587425,episode_end,297.8270299011519,187,0.06477418603827721,-100.0,,,,,
587624,episode_end,308.8905856453552,199,0.06502041452453051,-100.0,,,,,
587808,episode_end,286.25684567060455,184,0.06651366698574222,-100.0,,,,,
587997,episode_end,245.60824521703466,189,0.06861328424860927,-100.0,,,,,
588000,train_step,,,0.06862314206964627,-100.0,100000,28.456993103027344,-81.81063079833984,1.8337595462799072,-0.4453788995742798
588246,episode_end,266.09666889978433,249,0.06989676871843425,-100.0,,,,,
588412,episode_end,317.68736621784427,166,0.070088172669963,-100.0,,,,,
588608,episode_end,144.45730412203403,196,0.07021164474965953,-100.0,,,,,
588827,episode_end,320.17072733530733,219,0.06808201453189971,-100.0,,,,,
589000,train_step,,,0.06698879188115227,-100.0,100000,8.460073471069336,-81.91673278808594,1.9020617008209229,-0.26474982500076294
589019,episode_end,186.41039799043625,192,0.06713248350339056,-100.0,,,,,
589186,episode_end,290.57345363394916,167,0.06898462849023752,-100.0,,,,,
589379,episode_end,291.99049844141007,193,0.06930467303228348,-100.0,,,,,
589542,episode_end,298.7027182040176,163,0.06995154198254232,-100.0,,,,,
589706,episode_end,323.3129271626815,164,0.07035211737640125,-100.0,,,,,
589891,episode_end,304.94177128815477,185,0.0694835251935733,-100.0,,,,,
590000,train_step,,,0.06800742436983243,-100.0,100000,12.409235000610352,-85.80502319335938,2.076094627380371,0.2045532464981079
590115,episode_end,297.06213850158315,224,0.06797686856967936,-100.0,,,,,
590300,episode_end,303.2870804377437,185,0.06688950464669334,-100.0,,,,,
590515,episode_end,259.7208596036991,215,0.06551279527845932,-100.0,,,,,
590716,episode_end,290.49155131186666,201,0.06438114555252332,-100.0,,,,,
590915,episode_end,250.28255044480375,199,0.06314804585227705,-100.0,,,,,
591000,train_step,,,0.0631839625407961,-100.0,100000,10.028543472290039,-85.51761627197266,2.091586112976074,0.25293391942977905
591121,episode_end,289.283214776774,206,0.06346065331774575,-100.0,,,,,
591315,episode_end,295.718960137246,194,0.06256164496616055,-100.0,,,,,
591493,episode_end,301.5794107679808,178,0.06407658870771861,-100.0,,,,,
591672,episode_end,274.87460638072184,179,0.06458160715620118,-100.0,,,,,
591872,episode_end,242.22793533728583,200,0.06603805120133635,-100.0,,,,,
592000,train_step,,,0.06512391423527736,-100.0,100000,17.940298080444336,-82.8165283203125,2.062755584716797,0.17141510546207428
592047,episode_end,288.1752035504212,175,0.06490285219099709,-100.0,,,,,
592245,episode_end,250.288421413037,198,0.06544806899067811,-100.0,,,,,
592435,episode_end,300.29201438017105,190,0.06606761179265128,-100.0,,,,,
592619,episode_end,296.869039725486,184,0.06463362786402761,-100.0,,,,,
592837,episode_end,276.5555803940717,218,0.0639294400098304,-100.0,,,,,
593000,train_step,,,0.063879413392085,-100.0,100000,8.76517105102539,-84.22970581054688,2.0448415279388428,0.12334822863340378
593068,episode_end,249.07419687528736,231,0.06430536663842507,-100.0,,,,,
593285,episode_end,322.9382189223941,217,0.06549948846974461,-100.0,,,,,
593462,episode_end,314.4664832500541,177,0.06531663656702816,-100.0,,,,,
593692,episode_end,286.7169655260322,230,0.06679108524893332,-100.0,,,,,
593909,episode_end,231.80126101531334,217,0.06625590402652484,-100.0,,,,,
594000,train_step,,,0.06613862069305228,-100.0,100000,58.96000671386719,-83.28364562988281,2.0023140907287598,0.0062852054834365845
594372,episode_end,250.69500584532142,463,0.06364887314657036,-100.0,,,,,
594559,episode_end,258.88481743580155,187,0.06437106646909507,-100.0,,,,,
594810,episode_end,252.80757523619312,251,0.06450045465203334,-100.0,,,,,
594994,episode_end,275.4221986990261,184,0.06377512591221395,-100.0,,,,,
595000,train_step,,,0.06378386906513121,-100.0,100000,16.898971557617188,-85.17637634277344,1.9130603075027466,-0.23928046226501465
595207,episode_end,275.64798626058587,213,0.06277788179643197,-100.0,,,,,
595386,episode_end,296.2251623344264,179,0.06370119843228694,-100.0,,,,,
595589,episode_end,302.10525460921315,203,0.06504508134110171,-100.0,,,,,
595795,episode_end,297.72203441665675,206,0.06608495537475295,-100.0,,,,,
595998,episode_end,137.22421692740437,203,0.06487550604301695,-100.0,,,,,
596000,train_step,,,0.06485236751772465,-100.0,100000,16.00408363342285,-85.56695556640625,1.819035530090332,-0.4950539767742157
596218,episode_end,248.19690490542158,220,0.06340726632923352,-100.0,,,,,
596382,episode_end,300.4126867390547,164,0.06347221931363334,-100.0,,,,,
596576,episode_end,263.2780829160464,194,0.062895055337814,-100.0,,,,,
596761,episode_end,247.20350241669274,185,0.06373089991898521,-100.0,,,,,
596918,episode_end,292.4944685074785,157,0.0639258315962072,-100.0,,,,,
597000,train_step,,,0.06426791428854198,-100.0,100000,19.46563720703125,-84.52891540527344,1.9455931186676025,-0.14933045208454132
597087,episode_end,284.5794001096533,169,0.06392957694504671,-100.0,,,,,
597307,episode_end,307.40455864221974,220,0.06354148802133705,-100.0,,,,,
598000,train_step,,,0.06379263845170872,-100.0,100000,6.4701828956604,-85.40034484863281,2.028214693069458,0.07765040546655655
598095,episode_end,286.7439263501783,788,0.06404983548467272,-100.0,,,,,
598267,episode_end,282.9418342413148,172,0.06312024543388582,-100.0,,,,,
598431,episode_end,289.9539513789548,164,0.06268177725755268,-100.0,,,,,
598629,episode_end,297.96668414658916,198,0.064109079372607,-100.0,,,,,
598789,episode_end,310.6861681751884,160,0.06426663032268708,-100.0,,,,,
598978,episode_end,303.9315841041194,189,0.06349489038506019,-100.0,,,,,
599000,train_step,,,0.0635786279537523,-100.0,100000,11.746498107910156,-83.8175048828125,2.1459319591522217,0.4021122455596924
599154,episode_end,265.6668476290704,176,0.06344762901015491,-100.0,,,,,
599338,episode_end,294.9576225280922,184,0.06386801913135029,-100.0,,,,,
599551,episode_end,308.93872116344426,213,0.06351024121885303,-100.0,,,,,
599736,episode_end,281.1485395929453,185,0.06268053420045266,-100.0,,,,,
599922,episode_end,286.56484532385355,186,0.06224194444963125,-100.0,,,,,
600000,train_step,,,0.06259069226690647,-100.0,100000,19.52419662475586,-84.57452392578125,2.1426234245300293,0.3952289819717407
