global_step,event,episode_return,episode_length,alpha,hover_reward_value,replay_size,critic_loss,actor_loss,logp
148,episode_end,-319.05979163825805,148,0.010000000000000005,200.0,,,,
249,episode_end,-221.00043115037437,101,0.010000000000000005,200.0,,,,
365,episode_end,-282.3147549033948,116,0.010000000000000005,200.0,,,,
458,episode_end,-50.889745412906606,93,0.010000000000000005,200.0,,,,
579,episode_end,-226.20775527739235,121,0.010000000000000005,200.0,,,,
662,episode_end,-127.46376875375223,83,0.010000000000000005,200.0,,,,
760,episode_end,-331.2955699645724,98,0.010000000000000005,200.0,,,,
878,episode_end,-201.9365289065832,118,0.010000000000000005,200.0,,,,
974,episode_end,-112.21268747659539,96,0.010000000000000005,200.0,,,,
1000,train_step,,,0.010000000000000005,200.0,1000,,,
1090,episode_end,-154.81797243101977,116,0.010000000000000005,200.0,,,,
1219,episode_end,-114.25570649568456,129,0.010000000000000005,200.0,,,,
1305,episode_end,106.44941088385914,86,0.010000000000000005,200.0,,,,
1431,episode_end,-269.22683392814315,126,0.010000000000000005,200.0,,,,
1539,episode_end,-382.0794005640124,108,0.010000000000000005,200.0,,,,
1619,episode_end,-450.4722051713344,80,0.010000000000000005,200.0,,,,
1738,episode_end,-3.850723022578933,119,0.010000000000000005,200.0,,,,
1846,episode_end,-443.25560099895836,108,0.010000000000000005,200.0,,,,
1924,episode_end,-74.1129944837972,78,0.010000000000000005,200.0,,,,
2000,train_step,,,0.010000000000000005,200.0,2000,,,
2041,episode_end,-290.37023129933914,117,0.010000000000000005,200.0,,,,
2174,episode_end,-309.4698121665613,133,0.010000000000000005,200.0,,,,
2285,episode_end,-365.54505205306043,111,0.010000000000000005,200.0,,,,
2384,episode_end,-92.64532012171522,99,0.010000000000000005,200.0,,,,
2519,episode_end,-180.52939113119967,135,0.010000000000000005,200.0,,,,
2603,episode_end,-76.35894196095201,84,0.010000000000000005,200.0,,,,
2731,episode_end,-190.4963490482378,128,0.010000000000000005,200.0,,,,
2870,episode_end,33.354345704848896,139,0.010000000000000005,200.0,,,,
3000,train_step,,,0.010000000000000005,200.0,3000,,,
3015,episode_end,90.51508016419177,145,0.010000000000000005,200.0,,,,
3095,episode_end,-279.8712600107678,80,0.010000000000000005,200.0,,,,
3252,episode_end,-291.8309260019304,157,0.010000000000000005,200.0,,,,
3420,episode_end,-456.95395191311826,168,0.010000000000000005,200.0,,,,
3511,episode_end,-292.3057706550924,91,0.010000000000000005,200.0,,,,
3633,episode_end,-159.68926375283638,122,0.010000000000000005,200.0,,,,
3696,episode_end,-152.86964746728984,63,0.010000000000000005,200.0,,,,
3867,episode_end,-398.7888264695224,171,0.010000000000000005,200.0,,,,
3994,episode_end,-219.31246143423118,127,0.010000000000000005,200.0,,,,
4000,train_step,,,0.010000000000000005,200.0,4000,,,
4083,episode_end,117.80189111146612,89,0.010000000000000005,200.0,,,,
4203,episode_end,-226.31681080173308,120,0.010000000000000005,200.0,,,,
4324,episode_end,-281.0833333738331,121,0.010000000000000005,200.0,,,,
4414,episode_end,-357.31118990293476,90,0.010000000000000005,200.0,,,,
4510,episode_end,-134.2240095200215,96,0.010000000000000005,200.0,,,,
4585,episode_end,160.68776881610705,75,0.010000000000000005,200.0,,,,
4684,episode_end,-235.53574245177103,99,0.010000000000000005,200.0,,,,
4812,episode_end,-315.33568025589807,128,0.010000000000000005,200.0,,,,
4923,episode_end,-6.351460592527104,111,0.010000000000000005,200.0,,,,
5000,train_step,,,0.010000000000000005,200.0,5000,,,
5024,episode_end,-336.2651402175998,101,0.010000000000000005,200.0,,,,
5143,episode_end,-136.19168961329603,119,0.010000000000000005,200.0,,,,
5220,episode_end,-147.71779097833493,77,0.010000000000000005,200.0,,,,
5325,episode_end,-359.0109509159804,105,0.010000000000000005,200.0,,,,
5462,episode_end,-127.63250720487474,137,0.010000000000000005,200.0,,,,
5565,episode_end,-380.1341196278872,103,0.010000000000000005,200.0,,,,
5639,episode_end,-109.9294103722583,74,0.010000000000000005,200.0,,,,
5710,episode_end,-114.59960916404303,71,0.010000000000000005,200.0,,,,
5861,episode_end,-206.88771170982352,151,0.010000000000000005,200.0,,,,
5975,episode_end,-449.06927457537654,114,0.010000000000000005,200.0,,,,
6000,train_step,,,0.010000000000000005,200.0,6000,,,
6117,episode_end,-132.43905290349585,142,0.010000000000000005,200.0,,,,
6198,episode_end,131.1653044756917,81,0.010000000000000005,200.0,,,,
6299,episode_end,-271.5935703383977,101,0.010000000000000005,200.0,,,,
6422,episode_end,-138.5121953382343,123,0.010000000000000005,200.0,,,,
6494,episode_end,-58.93762683688133,72,0.010000000000000005,200.0,,,,
6589,episode_end,-236.95063411483133,95,0.010000000000000005,200.0,,,,
6763,episode_end,-175.36105666003485,174,0.010000000000000005,200.0,,,,
6855,episode_end,13.077009722727098,92,0.010000000000000005,200.0,,,,
6974,episode_end,-120.92855710342089,119,0.010000000000000005,200.0,,,,
7000,train_step,,,0.010000000000000005,200.0,7000,,,
7040,episode_end,-72.70838554834208,66,0.010000000000000005,200.0,,,,
7153,episode_end,-251.70675439106887,113,0.010000000000000005,200.0,,,,
7235,episode_end,139.98441220853934,82,0.010000000000000005,200.0,,,,
7402,episode_end,-153.46296818243957,167,0.010000000000000005,200.0,,,,
7492,episode_end,-274.48858035972546,90,0.010000000000000005,200.0,,,,
7598,episode_end,-438.792859364577,106,0.010000000000000005,200.0,,,,
7727,episode_end,-76.42869666956332,129,0.010000000000000005,200.0,,,,
7835,episode_end,153.36546911773334,108,0.010000000000000005,200.0,,,,
7943,episode_end,-272.5844739589268,108,0.010000000000000005,200.0,,,,
8000,train_step,,,0.010000000000000005,200.0,8000,,,
8053,episode_end,-160.74099124419894,110,0.010000000000000005,200.0,,,,
8163,episode_end,-360.0219769835813,110,0.010000000000000005,200.0,,,,
8258,episode_end,-330.7851549367314,95,0.010000000000000005,200.0,,,,
8375,episode_end,134.12621635375137,117,0.010000000000000005,200.0,,,,
8464,episode_end,-53.063242745563635,89,0.010000000000000005,200.0,,,,
8539,episode_end,-76.52665802013493,75,0.010000000000000005,200.0,,,,
8672,episode_end,-523.8657021298346,133,0.010000000000000005,200.0,,,,
8775,episode_end,-378.4158448250158,103,0.010000000000000005,200.0,,,,
8852,episode_end,-52.12520991896915,77,0.010000000000000005,200.0,,,,
8938,episode_end,-76.38304961718164,86,0.010000000000000005,200.0,,,,
9000,train_step,,,0.010000000000000005,200.0,9000,,,
9051,episode_end,-249.72127519768839,113,0.010000000000000005,200.0,,,,
9135,episode_end,76.75113268563388,84,0.010000000000000005,200.0,,,,
9255,episode_end,-83.44702501632294,120,0.010000000000000005,200.0,,,,
9360,episode_end,-307.028709259827,105,0.010000000000000005,200.0,,,,
9454,episode_end,-278.2571891844211,94,0.010000000000000005,200.0,,,,
9550,episode_end,-227.35305859170558,96,0.010000000000000005,200.0,,,,
9706,episode_end,-288.44331699146073,156,0.010000000000000005,200.0,,,,
9818,episode_end,-344.4967409321739,112,0.010000000000000005,200.0,,,,
9947,episode_end,-254.62157475670733,129,0.010000000000000005,200.0,,,,
10000,train_step,,,0.010000000000000005,200.0,10000,91.35011291503906,0.07877296209335327,-1.3224748373031616
10077,episode_end,-209.11937473456442,130,0.010000000000000005,200.0,,,,
10193,episode_end,-215.78570212695013,116,0.010000000000000005,200.0,,,,
10343,episode_end,-303.5525648519537,150,0.010000000000000005,200.0,,,,
10456,episode_end,-92.77777843971965,113,0.010000000000000005,200.0,,,,
10781,episode_end,-405.16003193546663,325,0.010000000000000005,200.0,,,,
10890,episode_end,-283.93136815242747,109,0.010000000000000005,200.0,,,,
11000,train_step,,,0.010000000000000005,200.0,11000,372.6156921386719,4.190130710601807,4.18773889541626
11002,episode_end,-185.91802244287192,112,0.010000000000000005,200.0,,,,
11129,episode_end,26.17210351761372,127,0.010000000000000005,200.0,,,,
11241,episode_end,-214.70710076427366,112,0.010000000000000005,200.0,,,,
11419,episode_end,-213.5725675428314,178,0.010000000000000005,200.0,,,,
11523,episode_end,-293.23344664463707,104,0.010000000000000005,200.0,,,,
11773,episode_end,-306.39767520321834,250,0.010000000000000005,200.0,,,,
11878,episode_end,-75.4716173284608,105,0.010000000000000005,200.0,,,,
12000,train_step,,,0.010000000000000005,200.0,12000,342.53839111328125,1.8680390119552612,7.174360275268555
12128,episode_end,-358.96609228148037,250,0.010000000000000005,200.0,,,,
12238,episode_end,-251.07374833219308,110,0.010000000000000005,200.0,,,,
12616,episode_end,-259.07682459614557,378,0.010000000000000005,200.0,,,,
13000,train_step,,,0.010000000000000005,200.0,13000,21.996295928955078,-2.4692304134368896,6.159920692443848
13247,episode_end,-324.9564467689062,631,0.010000000000000005,200.0,,,,
13327,episode_end,-488.8915491074947,80,0.010000000000000005,200.0,,,,
13625,episode_end,159.1018714304501,298,0.010000000000000005,200.0,,,,
13743,episode_end,-326.6990112844578,118,0.010000000000000005,200.0,,,,
14000,train_step,,,0.010000000000000005,200.0,14000,7.205349922180176,-3.861819267272949,6.813623428344727
14743,episode_end,-122.53809886810515,1000,0.010000000000000005,200.0,,,,
15000,train_step,,,0.010000000000000005,200.0,15000,321.2798767089844,-5.440680503845215,6.988846778869629
15743,episode_end,-164.63086926568553,1000,0.010000000000000005,200.0,,,,
15878,episode_end,21.663752069540564,135,0.010000000000000005,200.0,,,,
16000,train_step,,,0.010000000000000005,200.0,16000,49.87689971923828,-6.320760726928711,6.843040466308594
16023,episode_end,53.395120721974564,145,0.010000000000000005,200.0,,,,
16465,episode_end,393.78850085596054,442,0.010000000000000005,200.0,,,,
16689,episode_end,-433.73688206069824,224,0.010000000000000005,200.0,,,,
17000,train_step,,,0.010000000000000005,200.0,17000,481.9042053222656,-9.531018257141113,8.227462768554688
17202,episode_end,4.736640307959462,513,0.010000000000000005,200.0,,,,
17592,episode_end,199.7824605571884,390,0.010000000000000005,200.0,,,,
18000,train_step,,,0.010000000000000005,200.0,18000,12.829545974731445,-12.824594497680664,8.280065536499023
18066,episode_end,363.31123309941404,474,0.010000000000000005,200.0,,,,
18390,episode_end,404.40227209830084,324,0.010000000000000005,200.0,,,,
18816,episode_end,-75.24891793884134,426,0.010000000000000005,200.0,,,,
18961,episode_end,-33.715522333874716,145,0.010000000000000005,200.0,,,,
19000,train_step,,,0.010000000000000005,200.0,19000,58.36577606201172,-19.97757911682129,7.270341396331787
19096,episode_end,11.283117514434835,135,0.010000000000000005,200.0,,,,
19498,episode_end,346.38966478541664,402,0.010000000000000005,200.0,,,,
19660,episode_end,53.91973604675459,162,0.010000000000000005,200.0,,,,
19779,episode_end,-10.81426362964686,119,0.010000000000000005,200.0,,,,
19901,episode_end,-14.18570597506374,122,0.010000000000000005,200.0,,,,
20000,train_step,,,0.010000000000000005,200.0,20000,48.26426696777344,-24.761869430541992,7.549567699432373
20129,episode_end,-171.7213259777431,228,0.010000000000000005,200.0,,,,
20273,episode_end,210.97951578885704,144,0.010000000000000005,200.0,,,,
20402,episode_end,196.71592304033783,129,0.010000000000000005,200.0,,,,
20788,episode_end,374.8048723027803,386,0.010000000000000005,200.0,,,,
21000,train_step,,,0.010000000000000005,200.0,21000,28.487234115600586,-29.8552188873291,7.44609260559082
21138,episode_end,136.3351639471643,350,0.010000000000000005,200.0,,,,
22000,train_step,,,0.010000000000000005,200.0,22000,19.548969268798828,-26.022594451904297,6.83665657043457
22138,episode_end,-106.06007167184585,1000,0.010000000000000005,200.0,,,,
22253,episode_end,25.186312488195753,115,0.010000000000000005,200.0,,,,
22577,episode_end,-254.10896238008849,324,0.010000000000000005,200.0,,,,
22703,episode_end,82.67520941337989,126,0.010000000000000005,200.0,,,,
22788,episode_end,0.03794971600258634,85,0.010000000000000005,200.0,,,,
23000,train_step,,,0.010000000000000005,200.0,23000,27.914226531982422,-43.02448272705078,7.2820868492126465
23218,episode_end,-479.76797992089337,430,0.010000000000000005,200.0,,,,
23324,episode_end,-240.5543870753914,106,0.010000000000000005,200.0,,,,
23451,episode_end,-308.4670926906623,127,0.010000000000000005,200.0,,,,
23622,episode_end,-33.807609252404475,171,0.010000000000000005,200.0,,,,
23958,episode_end,-302.46935921767033,336,0.010000000000000005,200.0,,,,
24000,train_step,,,0.010000000000000005,200.0,24000,35.96453094482422,-26.214717864990234,6.776095390319824
24033,episode_end,-52.6847734684455,75,0.010000000000000005,200.0,,,,
24109,episode_end,248.47105488656416,76,0.010000000000000005,200.0,,,,
24189,episode_end,174.27592115467547,80,0.010000000000000005,200.0,,,,
24669,episode_end,-198.28609659135594,480,0.010000000000000005,200.0,,,,
25000,train_step,,,0.010000000000000005,200.0,25000,43.5567741394043,-38.38446807861328,6.578920364379883
25068,episode_end,-272.9585959390994,399,0.010000000000000005,200.0,,,,
25162,episode_end,137.33313057304676,94,0.010000000000000005,200.0,,,,
25313,episode_end,17.490701469395106,151,0.010000000000000005,200.0,,,,
25420,episode_end,-48.64798595717657,107,0.010000000000000005,200.0,,,,
25793,episode_end,-222.0434671537883,373,0.010000000000000005,200.0,,,,
25912,episode_end,239.05990010885358,119,0.010000000000000005,200.0,,,,
26000,train_step,,,0.010000000000000005,200.0,26000,103.10208892822266,-36.653419494628906,6.155059814453125
26093,episode_end,-98.28531177608666,181,0.010000000000000005,200.0,,,,
26244,episode_end,-53.51324680087371,151,0.010000000000000005,200.0,,,,
26362,episode_end,-44.29640792581171,118,0.010000000000000005,200.0,,,,
27000,train_step,,,0.010000000000000005,200.0,27000,328.9576721191406,-38.201263427734375,5.868199348449707
27047,episode_end,-346.88708313747617,685,0.010000000000000005,200.0,,,,
27155,episode_end,212.74669618517356,108,0.010000000000000005,200.0,,,,
27289,episode_end,-137.2807997650373,134,0.010000000000000005,200.0,,,,
27462,episode_end,-132.59688523681962,173,0.010000000000000005,200.0,,,,
27617,episode_end,-83.27580739822864,155,0.010000000000000005,200.0,,,,
27702,episode_end,11.45240256395769,85,0.010000000000000005,200.0,,,,
27826,episode_end,35.11095819509828,124,0.010000000000000005,200.0,,,,
27984,episode_end,-155.09723580544426,158,0.010000000000000005,200.0,,,,
28000,train_step,,,0.010000000000000005,200.0,28000,42.758811950683594,-40.41071319580078,6.393698692321777
28145,episode_end,-108.26068843012213,161,0.010000000000000005,200.0,,,,
28304,episode_end,-32.46864532341057,159,0.010000000000000005,200.0,,,,
28411,episode_end,40.94011083752136,107,0.010000000000000005,200.0,,,,
28548,episode_end,13.625614346345031,137,0.010000000000000005,200.0,,,,
29000,train_step,,,0.010000000000000005,200.0,29000,40.02069854736328,-45.79935073852539,5.9699249267578125
29380,episode_end,-32.51374276504956,832,0.010000000000000005,200.0,,,,
29557,episode_end,-154.66488036927393,177,0.010000000000000005,200.0,,,,
29791,episode_end,-148.22443188085185,234,0.010000000000000005,200.0,,,,
29952,episode_end,18.705304544831904,161,0.010000000000000005,200.0,,,,
30000,train_step,,,0.010000000000000005,200.0,30000,309.05780029296875,-41.094154357910156,6.398443222045898
30332,episode_end,-74.02212319844234,380,0.010000000000000005,200.0,,,,
30487,episode_end,-157.46253024929166,155,0.010000000000000005,200.0,,,,
31000,train_step,,,0.010000000000000005,200.0,31000,341.0991516113281,-47.199790954589844,7.016247749328613
31036,episode_end,132.16660059088494,549,0.010000000000000005,200.0,,,,
31408,episode_end,440.8514233308913,372,0.010000000000000005,200.0,,,,
31616,episode_end,40.163634465085295,208,0.010000000000000005,200.0,,,,
32000,train_step,,,0.010000000000000005,200.0,32000,28.53330421447754,-52.64392852783203,6.815404415130615
32306,episode_end,154.2469724131271,690,0.010000000000000005,200.0,,,,
33000,train_step,,,0.010000000000000005,200.0,33000,23.88396453857422,-48.34849166870117,6.9151105880737305
33306,episode_end,-28.142490830521428,1000,0.010000000000000005,200.0,,,,
34000,train_step,,,0.010000000000000005,200.0,34000,270.4854736328125,-50.52729797363281,6.955765724182129
34306,episode_end,206.62356052025865,1000,0.010000000000000005,200.0,,,,
35000,train_step,,,0.010000000000000005,200.0,35000,38.31825637817383,-50.197059631347656,6.872082710266113
35306,episode_end,220.32013374069496,1000,0.010000000000000005,200.0,,,,
36000,train_step,,,0.010000000000000005,200.0,36000,340.7228088378906,-46.82457733154297,6.702999114990234
36306,episode_end,18.094357285872768,1000,0.010000000000000005,200.0,,,,
36548,episode_end,404.13503424706937,242,0.010000000000000005,200.0,,,,
37000,train_step,,,0.010000000000000005,200.0,37000,48.16121292114258,-49.23800277709961,7.020140171051025
37062,episode_end,11.54711356463531,514,0.010000000000000005,200.0,,,,
37452,episode_end,-153.11137665738167,390,0.010000000000000005,200.0,,,,
37844,episode_end,-87.50744213699198,392,0.010000000000000005,200.0,,,,
38000,train_step,,,0.010000000000000005,200.0,38000,29.564346313476562,-51.785709381103516,6.956377983093262
38844,episode_end,254.69735521584892,1000,0.010000000000000005,200.0,,,,
39000,train_step,,,0.010000000000000005,200.0,39000,28.369462966918945,-43.163780212402344,6.721770286560059
39026,episode_end,77.6374800810064,182,0.010000000000000005,200.0,,,,
40000,train_step,,,0.010000000000000005,200.0,40000,53.10634231567383,-37.46147918701172,7.028332710266113
40026,episode_end,-25.631405161942872,1000,0.010000000000000005,200.0,,,,
40165,episode_end,7.930033032695377,139,0.010000000000000005,200.0,,,,
40494,episode_end,-149.4573122247172,329,0.010000000000000005,200.0,,,,
40603,episode_end,-3.3665894032311883,109,0.010000000000000005,200.0,,,,
41000,train_step,,,0.010000000000000005,200.0,41000,19.72169303894043,-47.621665954589844,6.926557540893555
41385,episode_end,-209.81753894735004,782,0.010000000000000005,200.0,,,,
42000,train_step,,,0.010000000000000005,200.0,42000,15.436925888061523,-43.18492889404297,6.389956951141357
42106,episode_end,-21.90834753131324,721,0.010000000000000005,200.0,,,,
42224,episode_end,-21.86534596347589,118,0.010000000000000005,200.0,,,,
42396,episode_end,32.758058965206374,172,0.010000000000000005,200.0,,,,
43000,train_step,,,0.010000000000000005,200.0,43000,15.869244575500488,-42.31409454345703,6.597038269042969
43234,episode_end,-15.480807427979911,838,0.010000000000000005,200.0,,,,
43471,episode_end,-73.19537252623354,237,0.010000000000000005,200.0,,,,
43649,episode_end,23.83297622541062,178,0.010000000000000005,200.0,,,,
43808,episode_end,-24.64380304333747,159,0.010000000000000005,200.0,,,,
44000,train_step,,,0.010000000000000005,200.0,44000,17.172639846801758,-40.12722396850586,6.245199680328369
44808,episode_end,76.35012231646401,1000,0.010000000000000005,200.0,,,,
44967,episode_end,0.5923179718840146,159,0.010000000000000005,200.0,,,,
45000,train_step,,,0.010000000000000005,200.0,45000,58.8638916015625,-49.67213439941406,6.9672369956970215
45188,episode_end,444.398597515165,221,0.010000000000000005,200.0,,,,
45286,episode_end,197.73474962561158,98,0.010000000000000005,200.0,,,,
45992,episode_end,-178.08312246570085,706,0.010000000000000005,200.0,,,,
46000,train_step,,,0.010000000000000005,200.0,46000,22.762470245361328,-44.50920104980469,6.84411096572876
46095,episode_end,205.14466290557306,103,0.010000000000000005,200.0,,,,
46194,episode_end,1.2136994858793742,99,0.010000000000000005,200.0,,,,
46732,episode_end,-213.86387120663048,538,0.010000000000000005,200.0,,,,
47000,train_step,,,0.010000000000000005,200.0,47000,19.434722900390625,-50.661338806152344,6.956770896911621
47732,episode_end,165.40942953033706,1000,0.010000000000000005,200.0,,,,
48000,train_step,,,0.010000000000000005,200.0,48000,75.74737548828125,-47.30061340332031,6.595798015594482
48732,episode_end,-72.09956078584938,1000,0.010000000000000005,200.0,,,,
48798,episode_end,216.35025338416864,66,0.010000000000000005,200.0,,,,
49000,train_step,,,0.010000000000000005,200.0,49000,29.52499771118164,-44.513145446777344,6.5735697746276855
49798,episode_end,146.39429382568255,1000,0.010000000000000005,200.0,,,,
50000,train_step,,,0.010000000000000005,200.0,50000,65.89276123046875,-54.611610412597656,6.7896318435668945
50733,episode_end,-81.05500351542523,935,0.010000000000000005,200.0,,,,
51000,train_step,,,0.010000000000000005,200.0,51000,28.595922470092773,-41.637596130371094,6.720169544219971
51733,episode_end,88.66065160719518,1000,0.010000000000000005,200.0,,,,
51954,episode_end,-10.800994494029155,221,0.010000000000000005,200.0,,,,
52000,train_step,,,0.010000000000000005,200.0,52000,38.967803955078125,-42.12077331542969,6.710497856140137
52954,episode_end,187.981046374164,1000,0.010000000000000005,200.0,,,,
53000,train_step,,,0.010000000000000005,200.0,53000,61.42295837402344,-46.46798324584961,6.425199031829834
53954,episode_end,156.05841633572754,1000,0.010000000000000005,200.0,,,,
54000,train_step,,,0.010000000000000005,200.0,54000,43.88174057006836,-53.441001892089844,7.289593696594238
54268,episode_end,154.57212405458736,314,0.010000000000000005,200.0,,,,
54463,episode_end,44.38766273380392,195,0.010000000000000005,200.0,,,,
55000,train_step,,,0.010000000000000005,200.0,55000,20.733016967773438,-56.177486419677734,6.2654571533203125
55463,episode_end,167.8056579142715,1000,0.010000000000000005,200.0,,,,
56000,train_step,,,0.010000000000000005,200.0,56000,316.85333251953125,-51.20691680908203,6.559552192687988
56463,episode_end,100.32322479586348,1000,0.010000000000000005,200.0,,,,
57000,train_step,,,0.010000000000000005,200.0,57000,30.311378479003906,-48.76930236816406,7.495875358581543
57463,episode_end,-28.5579247532811,1000,0.010000000000000005,200.0,,,,
58000,train_step,,,0.010000000000000005,200.0,58000,102.72068786621094,-52.726890563964844,6.811928749084473
58463,episode_end,259.6913342528815,1000,0.010000000000000005,200.0,,,,
58949,episode_end,165.52605467505555,486,0.010000000000000005,200.0,,,,
59000,train_step,,,0.010000000000000005,200.0,59000,283.41534423828125,-49.73206329345703,7.456168174743652
59949,episode_end,145.10050200353228,1000,0.010000000000000005,200.0,,,,
60000,train_step,,,0.010000000000000005,200.0,60000,18.124494552612305,-51.366432189941406,6.643442153930664
60109,episode_end,158.81794959492157,160,0.010000000000000005,200.0,,,,
61000,train_step,,,0.010000000000000005,200.0,61000,320.4923095703125,-51.41312789916992,6.67714786529541
61109,episode_end,132.64968925933772,1000,0.010000000000000005,200.0,,,,
62000,train_step,,,0.010000000000000005,200.0,62000,12.1990966796875,-50.371307373046875,7.073982238769531
62109,episode_end,165.1096774171818,1000,0.010000000000000005,200.0,,,,
63000,train_step,,,0.010000000000000005,200.0,63000,23.80054473876953,-59.958251953125,6.815054893493652
63109,episode_end,166.35667867224353,1000,0.010000000000000005,200.0,,,,
64000,train_step,,,0.010000000000000005,200.0,64000,37.432430267333984,-47.140159606933594,7.155184745788574
64109,episode_end,179.0655277900289,1000,0.010000000000000005,200.0,,,,
65000,train_step,,,0.010000000000000005,200.0,65000,321.2995910644531,-55.895320892333984,6.937078475952148
65109,episode_end,181.16249355172042,1000,0.010000000000000005,200.0,,,,
66000,train_step,,,0.010000000000000005,200.0,66000,28.07554054260254,-60.08171081542969,6.960113525390625
66109,episode_end,-3.6552459548364546,1000,0.010000000000000005,200.0,,,,
67000,train_step,,,0.010000000000000005,200.0,67000,273.14788818359375,-49.54286193847656,6.283989429473877
67109,episode_end,160.86794830183806,1000,0.010000000000000005,200.0,,,,
67243,episode_end,164.5457006272503,134,0.010000000000000005,200.0,,,,
68000,train_step,,,0.010000000000000005,200.0,68000,575.9921875,-65.43829345703125,6.6203203201293945
68243,episode_end,184.67748589679962,1000,0.010000000000000005,200.0,,,,
68531,episode_end,177.2555298983974,288,0.010000000000000005,200.0,,,,
68676,episode_end,-58.08582287133834,145,0.010000000000000005,200.0,,,,
68816,episode_end,129.27883674465141,140,0.010000000000000005,200.0,,,,
69000,train_step,,,0.010000000000000005,200.0,69000,24.64632797241211,-65.49693298339844,5.968076229095459
69816,episode_end,190.10034743163962,1000,0.010000000000000005,200.0,,,,
70000,train_step,,,0.010000000000000005,200.0,70000,28.730419158935547,-55.536415100097656,6.244755744934082
70816,episode_end,167.27925993709204,1000,0.010000000000000005,200.0,,,,
71000,train_step,,,0.010000000000000005,200.0,71000,25.847824096679688,-55.692203521728516,6.391301155090332
71816,episode_end,203.67597559156025,1000,0.010000000000000005,200.0,,,,
72000,train_step,,,0.010000000000000005,200.0,72000,31.880496978759766,-59.08617401123047,6.5159711837768555
72138,episode_end,-200.57489091714126,322,0.010000000000000005,200.0,,,,
72251,episode_end,89.86898856437173,113,0.010000000000000005,200.0,,,,
72369,episode_end,117.58688918452336,118,0.010000000000000005,200.0,,,,
72515,episode_end,-81.35342994522324,146,0.010000000000000005,200.0,,,,
72793,episode_end,232.9859882076483,278,0.010000000000000005,200.0,,,,
72923,episode_end,141.6921661711398,130,0.010000000000000005,200.0,,,,
73000,train_step,,,0.010000000000000005,200.0,73000,42.22383499145508,-61.39258575439453,6.751707077026367
73923,episode_end,203.23800684554618,1000,0.010000000000000005,200.0,,,,
74000,train_step,,,0.010000000000000005,200.0,74000,29.80270767211914,-60.213539123535156,6.536406517028809
74074,episode_end,-65.5756587370044,151,0.010000000000000005,200.0,,,,
74236,episode_end,126.13876633428097,162,0.010000000000000005,200.0,,,,
74396,episode_end,151.9123356769813,160,0.010000000000000005,200.0,,,,
75000,train_step,,,0.010000000000000005,200.0,75000,49.857688903808594,-70.13202667236328,6.483601093292236
75396,episode_end,179.53523198485786,1000,0.010000000000000005,200.0,,,,
76000,train_step,,,0.010000000000000005,200.0,76000,16.452775955200195,-55.277870178222656,6.003581523895264
76396,episode_end,176.16602645762242,1000,0.010000000000000005,200.0,,,,
76517,episode_end,215.48623471775022,121,0.010000000000000005,200.0,,,,
76653,episode_end,13.90037645217538,136,0.010000000000000005,200.0,,,,
77000,train_step,,,0.010000000000000005,200.0,77000,364.47320556640625,-57.32847595214844,5.8985443115234375
77653,episode_end,155.8967414255882,1000,0.010000000000000005,200.0,,,,
77788,episode_end,-39.99463841991927,135,0.010000000000000005,200.0,,,,
77936,episode_end,116.86521847401559,148,0.010000000000000005,200.0,,,,
78000,train_step,,,0.010000000000000005,200.0,78000,281.7844543457031,-62.421295166015625,6.268397331237793
78069,episode_end,-47.01621490800883,133,0.010000000000000005,200.0,,,,
79000,train_step,,,0.010000000000000005,200.0,79000,20.410350799560547,-53.153533935546875,5.7289628982543945
79069,episode_end,216.999634250258,1000,0.010000000000000005,200.0,,,,
79268,episode_end,469.8586192347667,199,0.010000000000000005,200.0,,,,
79405,episode_end,234.32844727310453,137,0.010000000000000005,200.0,,,,
79522,episode_end,33.72756905338187,117,0.010000000000000005,200.0,,,,
80000,train_step,,,0.010000000000000005,200.0,80000,308.1441650390625,-64.36236572265625,5.873414516448975
80522,episode_end,186.6862486244331,1000,0.010000000000000005,200.0,,,,
81000,train_step,,,0.010000000000000005,200.0,81000,219.69241333007812,-66.66062927246094,6.2067952156066895
81522,episode_end,195.8066383454552,1000,0.010000000000000005,200.0,,,,
82000,train_step,,,0.010000000000000005,200.0,82000,22.919687271118164,-57.186363220214844,6.024631500244141
82522,episode_end,190.33299914305877,1000,0.010000000000000005,200.0,,,,
82673,episode_end,213.22401411121945,151,0.010000000000000005,200.0,,,,
82812,episode_end,248.73175261418947,139,0.010000000000000005,200.0,,,,
82935,episode_end,186.41304558880046,123,0.010000000000000005,200.0,,,,
83000,train_step,,,0.010000000000000005,200.0,83000,41.935081481933594,-56.988380432128906,6.123036861419678
83935,episode_end,187.75041989236212,1000,0.010000000000000005,200.0,,,,
84000,train_step,,,0.010000000000000005,200.0,84000,280.76422119140625,-53.20032501220703,6.27324104309082
84060,episode_end,-35.23591597893531,125,0.010000000000000005,200.0,,,,
84198,episode_end,205.6581233494244,138,0.010000000000000005,200.0,,,,
84319,episode_end,-28.203516149081082,121,0.010000000000000005,200.0,,,,
85000,train_step,,,0.010000000000000005,200.0,85000,14.540031433105469,-58.30387496948242,5.526072978973389
85319,episode_end,170.90386543842058,1000,0.010000000000000005,200.0,,,,
86000,train_step,,,0.010000000000000005,200.0,86000,293.3883056640625,-63.77761459350586,6.338662624359131
86319,episode_end,109.74063899109157,1000,0.010000000000000005,200.0,,,,
86444,episode_end,1.0125252644499199,125,0.010000000000000005,200.0,,,,
86566,episode_end,-6.322700235127442,122,0.010000000000000005,200.0,,,,
86687,episode_end,162.31237493543262,121,0.010000000000000005,200.0,,,,
86809,episode_end,165.93297374076707,122,0.010000000000000005,200.0,,,,
87000,train_step,,,0.010000000000000005,200.0,87000,31.05484390258789,-47.92784118652344,5.927406311035156
87809,episode_end,51.550026033137506,1000,0.010000000000000005,200.0,,,,
87923,episode_end,-4.379278058026557,114,0.010000000000000005,200.0,,,,
88000,train_step,,,0.010000000000000005,200.0,88000,24.771766662597656,-49.713783264160156,5.859254837036133
88034,episode_end,109.86557845573569,111,0.010000000000000005,200.0,,,,
88174,episode_end,-174.60556497750895,140,0.010000000000000005,200.0,,,,
88364,episode_end,205.8560482663063,190,0.010000000000000005,200.0,,,,
89000,train_step,,,0.010000000000000005,200.0,89000,223.68722534179688,-64.02032470703125,6.146484375
89364,episode_end,152.93935230260962,1000,0.010000000000000005,200.0,,,,
89501,episode_end,177.73793810524086,137,0.010000000000000005,200.0,,,,
89687,episode_end,191.7224596638374,186,0.010000000000000005,200.0,,,,
89806,episode_end,-98.93782439103497,119,0.010000000000000005,200.0,,,,
90000,train_step,,,0.010000000000000005,200.0,90000,176.16229248046875,-61.85635757446289,6.413225173950195
90806,episode_end,121.8715303077571,1000,0.010000000000000005,200.0,,,,
91000,train_step,,,0.010000000000000005,200.0,91000,25.766128540039062,-60.14319610595703,5.792984485626221
91806,episode_end,199.07499335863605,1000,0.010000000000000005,200.0,,,,
92000,train_step,,,0.010000000000000005,200.0,92000,55.63883972167969,-59.65437316894531,5.854437828063965
92806,episode_end,139.94287514560267,1000,0.010000000000000005,200.0,,,,
93000,train_step,,,0.010000000000000005,200.0,93000,24.070175170898438,-48.28752136230469,6.380021095275879
93806,episode_end,155.84922468743846,1000,0.010000000000000005,200.0,,,,
94000,train_step,,,0.010000000000000005,200.0,94000,32.06867980957031,-57.61994171142578,6.211989402770996
94806,episode_end,201.68512466965032,1000,0.010000000000000005,200.0,,,,
94925,episode_end,147.03026581557455,119,0.010000000000000005,200.0,,,,
95000,train_step,,,0.010000000000000005,200.0,95000,27.583778381347656,-57.81474304199219,6.3329877853393555
95036,episode_end,29.482423186931015,111,0.010000000000000005,200.0,,,,
95154,episode_end,164.04295541128414,118,0.010000000000000005,200.0,,,,
96000,train_step,,,0.010000000000000005,200.0,96000,34.36848831176758,-74.25067901611328,5.932570457458496
96154,episode_end,115.32827621222029,1000,0.010000000000000005,200.0,,,,
96264,episode_end,136.67332185454205,110,0.010000000000000005,200.0,,,,
96756,episode_end,35.492907828002615,492,0.010000000000000005,200.0,,,,
96878,episode_end,223.88840392276154,122,0.010000000000000005,200.0,,,,
96996,episode_end,92.78067618881494,118,0.010000000000000005,200.0,,,,
97000,train_step,,,0.010000000000000005,200.0,97000,204.0496368408203,-63.39081573486328,6.585207939147949
97473,episode_end,40.46807317455762,477,0.010000000000000005,200.0,,,,
97624,episode_end,-116.8072989227426,151,0.010000000000000005,200.0,,,,
98000,train_step,,,0.010000000000000005,200.0,98000,90.12791442871094,-61.77383041381836,6.1983256340026855
98179,episode_end,113.20272873122786,555,0.010000000000000005,200.0,,,,
99000,train_step,,,0.010000000000000005,200.0,99000,162.76498413085938,-62.67233657836914,6.316530227661133
99179,episode_end,111.1267890586909,1000,0.010000000000000005,200.0,,,,
100000,train_step,,,0.010000000000000005,200.0,100000,45.72789001464844,-60.476173400878906,6.209657669067383
100179,episode_end,110.51208324554622,1000,0.010000000000000005,200.0,,,,
100306,episode_end,-40.63068915442149,127,0.010000000000000005,200.0,,,,
100457,episode_end,215.54683179703028,151,0.010000000000000005,200.0,,,,
101000,train_step,,,0.010000000000000005,200.0,100000,36.172176361083984,-65.21489715576172,6.112125873565674
101014,episode_end,154.70555499728803,557,0.010000000000000005,200.0,,,,
101160,episode_end,-8.167970911866476,146,0.010000000000000005,200.0,,,,
102000,train_step,,,0.010000000000000005,200.0,100000,279.9642028808594,-58.15403366088867,5.564475059509277
102160,episode_end,189.98790975611828,1000,0.010000000000000005,200.0,,,,
102329,episode_end,255.98101314525388,169,0.010000000000000005,200.0,,,,
103000,train_step,,,0.010000000000000005,200.0,100000,38.18510437011719,-59.398277282714844,5.98223876953125
103329,episode_end,81.90933980445182,1000,0.010000000000000005,200.0,,,,
104000,train_step,,,0.010000000000000005,200.0,100000,32.266204833984375,-63.020721435546875,6.055844306945801
104329,episode_end,87.86794777908332,1000,0.010000000000000005,200.0,,,,
105000,train_step,,,0.010000000000000005,200.0,100000,39.127479553222656,-60.670467376708984,5.991044044494629
105329,episode_end,208.95235567084978,1000,0.010000000000000005,200.0,,,,
106000,train_step,,,0.010000000000000005,200.0,100000,24.222911834716797,-63.90349578857422,6.282226085662842
106329,episode_end,148.9706840261367,1000,0.010000000000000005,200.0,,,,
107000,train_step,,,0.010000000000000005,200.0,100000,95.30904388427734,-51.104766845703125,5.793737888336182
107329,episode_end,103.92795232517597,1000,0.010000000000000005,200.0,,,,
107411,episode_end,243.3221394975409,82,0.010000000000000005,200.0,,,,
107506,episode_end,226.7072347028489,95,0.010000000000000005,200.0,,,,
107584,episode_end,236.3527319263835,78,0.010000000000000005,200.0,,,,
107747,episode_end,208.96590219912883,163,0.010000000000000005,200.0,,,,
107924,episode_end,25.605039937360317,177,0.010000000000000005,200.0,,,,
108000,train_step,,,0.010000000000000005,200.0,100000,38.454185485839844,-58.371238708496094,5.66987943649292
108924,episode_end,214.86339891066402,1000,0.010000000000000005,200.0,,,,
109000,train_step,,,0.010000000000000005,200.0,100000,22.910987854003906,-55.33168029785156,6.114557266235352
109924,episode_end,183.75593473308925,1000,0.010000000000000005,200.0,,,,
110000,train_step,,,0.010000000000000005,200.0,100000,297.1679992675781,-58.200523376464844,5.829092979431152
110924,episode_end,160.07306580576267,1000,0.010000000000000005,200.0,,,,
111000,train_step,,,0.010000000000000005,200.0,100000,146.11453247070312,-59.87934875488281,5.636646270751953
111034,episode_end,224.84088257996405,110,0.010000000000000005,200.0,,,,
112000,train_step,,,0.010000000000000005,200.0,100000,166.49310302734375,-60.29783630371094,6.024271011352539
112034,episode_end,191.6175937655933,1000,0.010000000000000005,200.0,,,,
113000,train_step,,,0.010000000000000005,200.0,100000,273.2655029296875,-55.7680549621582,5.806095123291016
113034,episode_end,154.5986723440756,1000,0.010000000000000005,200.0,,,,
114000,train_step,,,0.010000000000000005,200.0,100000,29.186111450195312,-61.0528564453125,5.737364768981934
114034,episode_end,2.6500156774179287,1000,0.010000000000000005,200.0,,,,
115000,train_step,,,0.010000000000000005,200.0,100000,16.973596572875977,-53.43903732299805,5.1267194747924805
115034,episode_end,-40.24609609226693,1000,0.010000000000000005,200.0,,,,
116000,train_step,,,0.010000000000000005,200.0,100000,210.79248046875,-60.23503875732422,5.9298601150512695
116034,episode_end,-30.954869632199774,1000,0.010000000000000005,200.0,,,,
117000,train_step,,,0.010000000000000005,200.0,100000,25.023393630981445,-52.79832458496094,5.649718284606934
117034,episode_end,-33.04707446331159,1000,0.010000000000000005,200.0,,,,
118000,train_step,,,0.010000000000000005,200.0,100000,48.56529998779297,-51.80262756347656,5.484104633331299
118034,episode_end,-14.245412526501461,1000,0.010000000000000005,200.0,,,,
119000,train_step,,,0.010000000000000005,200.0,100000,133.82363891601562,-49.51238250732422,5.858190059661865
119034,episode_end,-17.927399325026023,1000,0.010000000000000005,200.0,,,,
119206,episode_end,-171.72419303231126,172,0.010000000000000005,200.0,,,,
120000,train_step,,,0.010000000000000005,200.0,100000,199.33253479003906,-51.81198501586914,5.482753753662109
120206,episode_end,174.8708229839118,1000,0.010000000000000005,200.0,,,,
121000,train_step,,,0.010000000000000005,200.0,100000,91.72529602050781,-57.496009826660156,5.764247417449951
121206,episode_end,166.22384885380552,1000,0.010000000000000005,200.0,,,,
122000,train_step,,,0.010000000000000005,200.0,100000,21.02058982849121,-58.91974639892578,5.488366603851318
122206,episode_end,159.78488966166577,1000,0.010000000000000005,200.0,,,,
123000,train_step,,,0.010000000000000005,200.0,100000,228.0532989501953,-55.3375244140625,5.429113388061523
123206,episode_end,119.94132837684265,1000,0.010000000000000005,200.0,,,,
124000,train_step,,,0.010000000000000005,200.0,100000,26.925594329833984,-58.337039947509766,6.335555553436279
124206,episode_end,159.00003551399527,1000,0.010000000000000005,200.0,,,,
125000,train_step,,,0.010000000000000005,200.0,100000,40.94626235961914,-52.98265838623047,5.531810283660889
125206,episode_end,164.84884078377397,1000,0.010000000000000005,200.0,,,,
126000,train_step,,,0.010000000000000005,200.0,100000,39.96080017089844,-60.942039489746094,6.030670642852783
126206,episode_end,116.58019997288598,1000,0.010000000000000005,200.0,,,,
127000,train_step,,,0.010000000000000005,200.0,100000,75.19874572753906,-57.566951751708984,5.5733866691589355
127206,episode_end,200.6375659290182,1000,0.010000000000000005,200.0,,,,
128000,train_step,,,0.010000000000000005,200.0,100000,76.75498962402344,-60.52005386352539,5.793696403503418
128206,episode_end,166.48012380565473,1000,0.010000000000000005,200.0,,,,
129000,train_step,,,0.010000000000000005,200.0,100000,154.97117614746094,-62.892478942871094,5.852624893188477
129206,episode_end,180.62527442312629,1000,0.010000000000000005,200.0,,,,
130000,train_step,,,0.010000000000000005,200.0,100000,157.50152587890625,-59.298004150390625,5.867703437805176
130206,episode_end,143.68509910144783,1000,0.010000000000000005,200.0,,,,
131000,train_step,,,0.010000000000000005,200.0,100000,84.22867584228516,-63.92815017700195,5.9125261306762695
131206,episode_end,155.81538902911657,1000,0.010000000000000005,200.0,,,,
132000,train_step,,,0.010000000000000005,200.0,100000,15.399316787719727,-65.30792999267578,5.931831359863281
132206,episode_end,143.41188954335036,1000,0.010000000000000005,200.0,,,,
133000,train_step,,,0.010000000000000005,200.0,100000,13.68901252746582,-59.16684341430664,6.28248405456543
133206,episode_end,211.13222846290887,1000,0.010000000000000005,200.0,,,,
134000,train_step,,,0.010000000000000005,200.0,100000,138.80007934570312,-70.60831451416016,5.963100910186768
134206,episode_end,146.9590565799097,1000,0.010000000000000005,200.0,,,,
135000,train_step,,,0.010000000000000005,200.0,100000,96.9154281616211,-63.019351959228516,5.938114166259766
135206,episode_end,-31.052868632420505,1000,0.010000000000000005,200.0,,,,
136000,train_step,,,0.010000000000000005,200.0,100000,24.463415145874023,-64.95266723632812,6.310565948486328
136206,episode_end,200.13622980346395,1000,0.010000000000000005,200.0,,,,
136393,episode_end,-403.9896913247057,187,0.010000000000000005,200.0,,,,
136528,episode_end,168.7486677340861,135,0.010000000000000005,200.0,,,,
137000,train_step,,,0.010000000000000005,200.0,100000,12.153127670288086,-59.321502685546875,5.313218116760254
137528,episode_end,191.50962858578586,1000,0.010000000000000005,200.0,,,,
138000,train_step,,,0.010000000000000005,200.0,100000,40.77845001220703,-61.43419647216797,5.626228332519531
138528,episode_end,206.58950667525068,1000,0.010000000000000005,200.0,,,,
139000,train_step,,,0.010000000000000005,200.0,100000,27.909000396728516,-59.78959655761719,5.941629409790039
139528,episode_end,211.04913580629224,1000,0.010000000000000005,200.0,,,,
140000,train_step,,,0.010000000000000005,200.0,100000,41.64472579956055,-56.09947204589844,5.443707466125488
140528,episode_end,151.50948534875621,1000,0.010000000000000005,200.0,,,,
141000,train_step,,,0.010000000000000005,200.0,100000,16.641807556152344,-63.50230407714844,5.70234489440918
141528,episode_end,161.26824084260005,1000,0.010000000000000005,200.0,,,,
142000,train_step,,,0.010000000000000005,200.0,100000,10.493515014648438,-54.75429916381836,5.207313537597656
142528,episode_end,188.8562651217513,1000,0.010000000000000005,200.0,,,,
143000,train_step,,,0.010000000000000005,200.0,100000,19.12676239013672,-59.21501159667969,5.983899116516113
143528,episode_end,177.31788938149109,1000,0.010000000000000005,200.0,,,,
144000,train_step,,,0.010000000000000005,200.0,100000,12.496342658996582,-62.224205017089844,5.413841247558594
144528,episode_end,187.34647978821826,1000,0.010000000000000005,200.0,,,,
145000,train_step,,,0.010000000000000005,200.0,100000,14.61929702758789,-52.63153076171875,5.671454429626465
145528,episode_end,200.25180326722082,1000,0.010000000000000005,200.0,,,,
146000,train_step,,,0.010000000000000005,200.0,100000,12.679108619689941,-60.94655990600586,6.076825141906738
146528,episode_end,181.1354062048524,1000,0.010000000000000005,200.0,,,,
147000,train_step,,,0.010000000000000005,200.0,100000,22.83161163330078,-59.68578338623047,6.4867353439331055
147528,episode_end,159.64789575626162,1000,0.010000000000000005,200.0,,,,
148000,train_step,,,0.010000000000000005,200.0,100000,84.04598999023438,-63.57537078857422,5.858914375305176
148528,episode_end,194.7137613698762,1000,0.010000000000000005,200.0,,,,
149000,train_step,,,0.010000000000000005,200.0,100000,14.683756828308105,-60.95726013183594,5.712418079376221
149528,episode_end,158.98969958553442,1000,0.010000000000000005,200.0,,,,
150000,train_step,,,0.010000000000000005,200.0,100000,182.30685424804688,-55.92767333984375,5.339588165283203
150528,episode_end,170.4112086660414,1000,0.010000000000000005,200.0,,,,
151000,train_step,,,0.010000000000000005,200.0,100000,20.77851104736328,-56.82184600830078,5.785043716430664
151528,episode_end,48.89222312338518,1000,0.010000000000000005,200.0,,,,
152000,train_step,,,0.010000000000000005,200.0,100000,51.31416320800781,-54.37056350708008,5.404464244842529
152528,episode_end,152.81686517837718,1000,0.010000000000000005,200.0,,,,
153000,train_step,,,0.010000000000000005,200.0,100000,13.318334579467773,-61.663352966308594,5.943735122680664
153528,episode_end,203.60907710649113,1000,0.010000000000000005,200.0,,,,
154000,train_step,,,0.010000000000000005,200.0,100000,18.439071655273438,-61.98265838623047,6.0939226150512695
154528,episode_end,200.30651153793235,1000,0.010000000000000005,200.0,,,,
155000,train_step,,,0.010000000000000005,200.0,100000,10.583146095275879,-54.60966873168945,5.317662239074707
155528,episode_end,185.46923943881544,1000,0.010000000000000005,200.0,,,,
156000,train_step,,,0.010000000000000005,200.0,100000,181.70074462890625,-62.214454650878906,5.734539031982422
156528,episode_end,193.1098915524604,1000,0.010000000000000005,200.0,,,,
157000,train_step,,,0.010000000000000005,200.0,100000,28.8626708984375,-60.9764404296875,4.959374904632568
157528,episode_end,156.6288889664165,1000,0.010000000000000005,200.0,,,,
157830,episode_end,281.4290049061546,302,0.010000000000000005,200.0,,,,
158000,train_step,,,0.010000000000000005,200.0,100000,28.086021423339844,-59.50677490234375,5.191425800323486
158830,episode_end,140.76246411807173,1000,0.010000000000000005,200.0,,,,
159000,train_step,,,0.010000000000000005,200.0,100000,11.422711372375488,-62.24383544921875,5.157779693603516
159830,episode_end,208.6499333087137,1000,0.010000000000000005,200.0,,,,
160000,train_step,,,0.010000000000000005,200.0,100000,18.814687728881836,-63.40296173095703,5.496479034423828
160830,episode_end,175.18381522301902,1000,0.010000000000000005,200.0,,,,
161000,train_step,,,0.010000000000000005,200.0,100000,8.591779708862305,-57.55339050292969,4.770689010620117
161830,episode_end,158.06463533730576,1000,0.010000000000000005,200.0,,,,
162000,train_step,,,0.010000000000000005,200.0,100000,6.996795177459717,-54.83902359008789,4.661038398742676
162830,episode_end,-50.16781029453743,1000,0.010000000000000005,200.0,,,,
163000,train_step,,,0.010000000000000005,200.0,100000,12.658498764038086,-54.57013702392578,4.756510257720947
163830,episode_end,161.66953308451704,1000,0.010000000000000005,200.0,,,,
164000,train_step,,,0.010000000000000005,200.0,100000,101.37115478515625,-51.28199005126953,5.588258743286133
164830,episode_end,187.8645165373513,1000,0.010000000000000005,200.0,,,,
164974,episode_end,-176.84333390111937,144,0.010000000000000005,200.0,,,,
165000,train_step,,,0.010000000000000005,200.0,100000,7.080245018005371,-50.282283782958984,5.325489044189453
165125,episode_end,162.57157267389914,151,0.010000000000000005,200.0,,,,
166000,train_step,,,0.010000000000000005,200.0,100000,39.45985794067383,-60.15579605102539,4.7433624267578125
166125,episode_end,140.67608270986503,1000,0.010000000000000005,200.0,,,,
166246,episode_end,134.76187084013583,121,0.010000000000000005,200.0,,,,
167000,train_step,,,0.010000000000000005,200.0,100000,14.652278900146484,-63.41092300415039,5.2743425369262695
167246,episode_end,121.85712140263732,1000,0.010000000000000005,200.0,,,,
168000,train_step,,,0.010000000000000005,200.0,100000,10.507823944091797,-58.99168395996094,5.355762481689453
168246,episode_end,164.0966374569425,1000,0.010000000000000005,200.0,,,,
168347,episode_end,-39.304166902172696,101,0.010000000000000005,200.0,,,,
169000,train_step,,,0.010000000000000005,200.0,100000,110.020751953125,-52.926910400390625,5.1208343505859375
169347,episode_end,177.65048590270783,1000,0.010000000000000005,200.0,,,,
170000,train_step,,,0.010000000000000005,200.0,100000,27.52492904663086,-54.81157684326172,6.042453289031982
170347,episode_end,176.9749043659065,1000,0.010000000000000005,200.0,,,,
170440,episode_end,64.67245800584706,93,0.010000000000000005,200.0,,,,
171000,train_step,,,0.010000000000000005,200.0,100000,19.92382049560547,-60.88068389892578,5.250158309936523
171440,episode_end,-112.35509443720655,1000,0.010000000000000005,200.0,,,,
172000,train_step,,,0.010000000000000005,200.0,100000,135.40061950683594,-56.350128173828125,5.461923122406006
172440,episode_end,161.56276305613667,1000,0.010000000000000005,200.0,,,,
173000,train_step,,,0.010000000000000005,200.0,100000,25.675678253173828,-49.59508514404297,5.143739700317383
173440,episode_end,-14.911300360775902,1000,0.010000000000000005,200.0,,,,
174000,train_step,,,0.010000000000000005,200.0,100000,24.858909606933594,-67.02047729492188,5.6924662590026855
174440,episode_end,-55.120523557936146,1000,0.010000000000000005,200.0,,,,
174540,episode_end,194.13459972913273,100,0.010000000000000005,200.0,,,,
175000,train_step,,,0.010000000000000005,200.0,100000,212.1233367919922,-56.628448486328125,5.796626567840576
175540,episode_end,181.2115097530858,1000,0.010000000000000005,200.0,,,,
176000,train_step,,,0.010000000000000005,200.0,100000,16.14812469482422,-51.33928298950195,6.45561408996582
176540,episode_end,121.06473008027959,1000,0.010000000000000005,200.0,,,,
177000,train_step,,,0.010000000000000005,200.0,100000,24.783370971679688,-61.078495025634766,6.535890102386475
177540,episode_end,-126.73665890753881,1000,0.010000000000000005,200.0,,,,
178000,train_step,,,0.010000000000000005,200.0,100000,9.89777946472168,-50.04130172729492,7.211390495300293
178540,episode_end,138.95557521034033,1000,0.010000000000000005,200.0,,,,
179000,train_step,,,0.010000000000000005,200.0,100000,56.399314880371094,-55.967559814453125,6.715275287628174
179540,episode_end,-43.361567993635255,1000,0.010000000000000005,200.0,,,,
180000,train_step,,,0.010000000000000005,200.0,100000,219.61196899414062,-68.05435180664062,6.849822044372559
180540,episode_end,-73.38895173269063,1000,0.010000000000000005,200.0,,,,
181000,train_step,,,0.010000000000000005,200.0,100000,24.58847427368164,-62.837921142578125,6.640126705169678
181540,episode_end,201.05930006821143,1000,0.010000000000000005,200.0,,,,
181813,episode_end,182.77432506997712,273,0.010000000000000005,200.0,,,,
182000,train_step,,,0.010000000000000005,200.0,100000,302.004150390625,-57.009056091308594,5.8337202072143555
182813,episode_end,134.34374291863415,1000,0.010000000000000005,200.0,,,,
183000,train_step,,,0.010000000000000005,200.0,100000,14.792590141296387,-50.818870544433594,5.4778666496276855
183813,episode_end,209.38498521191366,1000,0.010000000000000005,200.0,,,,
184000,train_step,,,0.010000000000000005,200.0,100000,47.74311065673828,-63.18338394165039,5.598795413970947
184813,episode_end,182.44534701949175,1000,0.010000000000000005,200.0,,,,
185000,train_step,,,0.010000000000000005,200.0,100000,12.59856128692627,-55.879661560058594,5.603208541870117
185813,episode_end,127.68680590001291,1000,0.010000000000000005,200.0,,,,
186000,train_step,,,0.010000000000000005,200.0,100000,54.14923858642578,-58.807945251464844,5.880709648132324
186813,episode_end,166.32409554378327,1000,0.010000000000000005,200.0,,,,
187000,train_step,,,0.010000000000000005,200.0,100000,18.413938522338867,-54.09364700317383,5.552415370941162
187813,episode_end,225.63933169875182,1000,0.010000000000000005,200.0,,,,
187960,episode_end,463.6740702285893,147,0.010000000000000005,200.0,,,,
188000,train_step,,,0.010000000000000005,200.0,100000,12.558248519897461,-54.88016128540039,5.1426897048950195
188765,episode_end,349.6117683085922,805,0.010000000000000005,200.0,,,,
188845,episode_end,-214.80571264996465,80,0.010000000000000005,200.0,,,,
189000,train_step,,,0.010000000000000005,200.0,100000,24.95789909362793,-56.593631744384766,5.489248752593994
189010,episode_end,443.1898680854459,165,0.010000000000000005,200.0,,,,
189682,episode_end,334.72735615605177,672,0.010000000000000005,200.0,,,,
190000,train_step,,,0.010000000000000005,200.0,100000,349.5785217285156,-65.28390502929688,4.893052101135254
190593,episode_end,360.2045882733852,911,0.010000000000000005,200.0,,,,
191000,train_step,,,0.010000000000000005,200.0,100000,147.56362915039062,-62.44538879394531,5.297525405883789
191319,episode_end,367.1530081935526,726,0.010000000000000005,200.0,,,,
192000,train_step,,,0.010000000000000005,200.0,100000,107.5377426147461,-64.3971176147461,6.005247592926025
192319,episode_end,175.6513136350297,1000,0.010000000000000005,200.0,,,,
193000,train_step,,,0.010000000000000005,200.0,100000,45.28514862060547,-59.56159973144531,5.620089530944824
193319,episode_end,248.86799430439734,1000,0.010000000000000005,200.0,,,,
193893,episode_end,406.86970961314057,574,0.010000000000000005,200.0,,,,
194000,train_step,,,0.010000000000000005,200.0,100000,13.815435409545898,-60.53746032714844,5.10306453704834
194174,episode_end,442.8445117856517,281,0.010000000000000005,200.0,,,,
195000,train_step,,,0.010000000000000005,200.0,100000,7.6488037109375,-54.379127502441406,5.517563819885254
195117,episode_end,339.03479147006544,943,0.010000000000000005,200.0,,,,
195193,episode_end,-264.77091064307587,76,0.010000000000000005,200.0,,,,
195522,episode_end,440.18634389677237,329,0.010000000000000005,200.0,,,,
195706,episode_end,476.2933704120605,184,0.010000000000000005,200.0,,,,
195801,episode_end,230.24389615728336,95,0.010000000000000005,200.0,,,,
196000,train_step,,,0.010000000000000005,200.0,100000,49.04768753051758,-58.315067291259766,4.767482757568359
196251,episode_end,467.42227638125144,450,0.010000000000000005,200.0,,,,
196328,episode_end,-147.9299493800857,77,0.010000000000000005,200.0,,,,
197000,train_step,,,0.010000000000000005,200.0,100000,54.85596466064453,-48.11204528808594,4.898615837097168
197328,episode_end,218.66065267794178,1000,0.010000000000000005,200.0,,,,
198000,train_step,,,0.010000000000000005,200.0,100000,230.78363037109375,-46.86775588989258,4.75994873046875
198178,episode_end,374.6628284625516,850,0.010000000000000005,200.0,,,,
199000,train_step,,,0.010000000000000005,200.0,100000,25.359172821044922,-50.900482177734375,4.506683349609375
199178,episode_end,202.16836809436433,1000,0.010000000000000005,200.0,,,,
200000,train_step,,,0.010000000000000005,200.0,100000,9.629878997802734,-52.57872772216797,4.98231840133667
200037,episode_end,345.37706701966704,859,0.010000000000000005,200.0,,,,
200262,episode_end,430.97692585208034,225,0.010000000000000005,200.0,,,,
200333,episode_end,218.04239113948762,71,0.010000000000000005,200.0,,,,
201000,train_step,,,0.010000000000000005,200.0,100000,52.06147003173828,-55.40233612060547,4.767059326171875
201158,episode_end,426.79504106098744,825,0.010000000000000005,200.0,,,,
202000,train_step,,,0.010000000000000005,200.0,100000,128.68402099609375,-58.609310150146484,5.018867492675781
202021,episode_end,340.357540737034,863,0.010000000000000005,200.0,,,,
203000,train_step,,,0.010000000000000005,200.0,100000,64.43567657470703,-64.5892333984375,5.4227495193481445
203021,episode_end,222.82748608108653,1000,0.010000000000000005,200.0,,,,
203679,episode_end,419.9118867750055,658,0.010000000000000005,200.0,,,,
204000,train_step,,,0.010000000000000005,200.0,100000,62.42161560058594,-54.102081298828125,5.003101825714111
204144,episode_end,404.41715738767533,465,0.010000000000000005,200.0,,,,
205000,train_step,,,0.010000000000000005,200.0,100000,13.930569648742676,-62.23188781738281,5.203159332275391
205144,episode_end,190.99011188414804,1000,0.010000000000000005,200.0,,,,
205505,episode_end,421.22153218911626,361,0.010000000000000005,200.0,,,,
206000,train_step,,,0.010000000000000005,200.0,100000,44.160884857177734,-49.465721130371094,4.9176740646362305
206039,episode_end,365.3910566876967,534,0.010000000000000005,200.0,,,,
207000,train_step,,,0.010000000000000005,200.0,100000,12.679677963256836,-62.5998420715332,4.985330581665039
207039,episode_end,187.03018211816635,1000,0.010000000000000005,200.0,,,,
208000,train_step,,,0.010000000000000005,200.0,100000,245.737060546875,-54.511016845703125,5.591133117675781
208039,episode_end,175.1170009838244,1000,0.010000000000000005,200.0,,,,
208960,episode_end,357.07995851681017,921,0.010000000000000005,200.0,,,,
209000,train_step,,,0.010000000000000005,200.0,100000,26.08490753173828,-56.31990051269531,5.146449565887451
209673,episode_end,398.4980710660596,713,0.010000000000000005,200.0,,,,
210000,train_step,,,0.010000000000000005,200.0,100000,24.602100372314453,-64.2605972290039,5.220773220062256
210407,episode_end,-111.97138498518599,734,0.010000000000000005,200.0,,,,
211000,train_step,,,0.010000000000000005,200.0,100000,16.301877975463867,-63.227874755859375,5.250875473022461
211030,episode_end,407.26318655928424,623,0.010000000000000005,200.0,,,,
212000,train_step,,,0.010000000000000005,200.0,100000,19.808502197265625,-59.541988372802734,5.157839775085449
212030,episode_end,207.93856175850965,1000,0.010000000000000005,200.0,,,,
212515,episode_end,403.0196242638481,485,0.010000000000000005,200.0,,,,
213000,train_step,,,0.010000000000000005,200.0,100000,14.979660034179688,-63.107398986816406,5.2013654708862305
213515,episode_end,109.80635106618212,1000,0.010000000000000005,200.0,,,,
214000,train_step,,,0.010000000000000005,200.0,100000,27.2513370513916,-62.115074157714844,5.065725326538086
214515,episode_end,257.77924803802705,1000,0.010000000000000005,200.0,,,,
215000,train_step,,,0.010000000000000005,200.0,100000,178.1539306640625,-60.45610046386719,5.24387788772583
215515,episode_end,154.06056787203684,1000,0.010000000000000005,200.0,,,,
216000,train_step,,,0.010000000000000005,200.0,100000,9.456014633178711,-61.824493408203125,5.324487686157227
216515,episode_end,-56.81112457097727,1000,0.010000000000000005,200.0,,,,
217000,train_step,,,0.010000000000000005,200.0,100000,46.358211517333984,-59.913490295410156,5.309303283691406
217515,episode_end,140.4028730427509,1000,0.010000000000000005,200.0,,,,
218000,train_step,,,0.010000000000000005,200.0,100000,10.110794067382812,-64.3304443359375,5.887045383453369
218515,episode_end,157.0398571689118,1000,0.010000000000000005,200.0,,,,
219000,train_step,,,0.010000000000000005,200.0,100000,8.36302375793457,-64.10872650146484,5.351657867431641
219462,episode_end,330.5059042546034,947,0.010000000000000005,200.0,,,,
220000,train_step,,,0.010000000000000005,200.0,100000,181.3016815185547,-61.67716979980469,5.704334735870361
220462,episode_end,108.30186112554381,1000,0.010000000000000005,200.0,,,,
221000,train_step,,,0.010000000000000005,200.0,100000,100.48690032958984,-62.45846176147461,5.495821475982666
221462,episode_end,176.62155537535457,1000,0.010000000000000005,200.0,,,,
221827,episode_end,438.98751164636633,365,0.010000000000000005,200.0,,,,
222000,train_step,,,0.010000000000000005,200.0,100000,7.639825820922852,-58.30393600463867,5.003963947296143
222033,episode_end,469.5293794371899,206,0.010000000000000005,200.0,,,,
222535,episode_end,399.8421231808321,502,0.010000000000000005,200.0,,,,
222651,episode_end,185.98915352565712,116,0.010000000000000005,200.0,,,,
223000,train_step,,,0.010000000000000005,200.0,100000,22.173112869262695,-58.87333297729492,4.8783698081970215
223039,episode_end,410.9560482832264,388,0.010000000000000005,200.0,,,,
224000,train_step,,,0.010000000000000005,200.0,100000,43.60359191894531,-59.022308349609375,5.278589248657227
224039,episode_end,197.28017412197204,1000,0.010000000000000005,200.0,,,,
225000,train_step,,,0.010000000000000005,200.0,100000,8.33109188079834,-64.32012176513672,5.193516731262207
225039,episode_end,212.85647097558476,1000,0.010000000000000005,200.0,,,,
226000,train_step,,,0.010000000000000005,200.0,100000,11.51495361328125,-59.87828826904297,5.281476020812988
226001,episode_end,318.1186713837568,962,0.010000000000000005,200.0,,,,
226491,episode_end,371.53154275273516,490,0.010000000000000005,200.0,,,,
227000,train_step,,,0.010000000000000005,200.0,100000,8.201554298400879,-58.876834869384766,5.20891809463501
227491,episode_end,162.93481377110112,1000,0.010000000000000005,200.0,,,,
228000,train_step,,,0.010000000000000005,200.0,100000,93.20892333984375,-63.277828216552734,4.810453414916992
228491,episode_end,182.14197606370925,1000,0.010000000000000005,200.0,,,,
229000,train_step,,,0.010000000000000005,200.0,100000,5.940664291381836,-57.09980010986328,4.832050323486328
229491,episode_end,151.21341580415216,1000,0.010000000000000005,200.0,,,,
230000,train_step,,,0.010000000000000005,200.0,100000,10.093803405761719,-53.65507888793945,4.667518615722656
230491,episode_end,-52.07714982723914,1000,0.010000000000000005,200.0,,,,
230726,episode_end,463.76237746125537,235,0.010000000000000005,200.0,,,,
231000,train_step,,,0.010000000000000005,200.0,100000,12.071390151977539,-68.5596694946289,4.900572299957275
231007,episode_end,473.07839926465124,281,0.010000000000000005,200.0,,,,
231423,episode_end,218.93171923033623,416,0.010000000000000005,200.0,,,,
231865,episode_end,421.0424805622884,442,0.010000000000000005,200.0,,,,
232000,train_step,,,0.010000000000000005,200.0,100000,13.141326904296875,-60.78376770019531,4.737364768981934
232020,episode_end,-235.5958203353546,155,0.010000000000000005,200.0,,,,
232366,episode_end,258.24740807276254,346,0.010000000000000005,200.0,,,,
233000,train_step,,,0.010000000000000005,200.0,100000,8.972945213317871,-68.08442687988281,5.318922519683838
233196,episode_end,235.60264586061186,830,0.010000000000000005,200.0,,,,
233529,episode_end,248.59845873034115,333,0.010000000000000005,200.0,,,,
234000,train_step,,,0.010000000000000005,200.0,100000,13.473094940185547,-57.90306091308594,5.008817672729492
234437,episode_end,146.03562432201113,908,0.010000000000000005,200.0,,,,
235000,train_step,,,0.010000000000000005,200.0,100000,11.584171295166016,-63.45934295654297,4.951791286468506
235171,episode_end,357.2300798451695,734,0.010000000000000005,200.0,,,,
235516,episode_end,241.3428152514912,345,0.010000000000000005,200.0,,,,
236000,train_step,,,0.010000000000000005,200.0,100000,16.93567657470703,-59.87158203125,4.7726006507873535
236454,episode_end,384.8268235778056,938,0.010000000000000005,200.0,,,,
237000,train_step,,,0.010000000000000005,200.0,100000,6.385528564453125,-56.99420928955078,4.821681022644043
237454,episode_end,139.208572890324,1000,0.010000000000000005,200.0,,,,
237940,episode_end,368.44636003465814,486,0.010000000000000005,200.0,,,,
238000,train_step,,,0.010000000000000005,200.0,100000,15.047306060791016,-59.85548400878906,5.224614143371582
238940,episode_end,167.00633628713447,1000,0.010000000000000005,200.0,,,,
239000,train_step,,,0.010000000000000005,200.0,100000,15.544960021972656,-63.75944519042969,5.069771766662598
239407,episode_end,23.971786229047638,467,0.010000000000000005,200.0,,,,
239641,episode_end,437.2607893967382,234,0.010000000000000005,200.0,,,,
239793,episode_end,448.5873420174869,152,0.010000000000000005,200.0,,,,
240000,train_step,,,0.010000000000000005,200.0,100000,153.8201904296875,-62.43920135498047,4.872983932495117
240233,episode_end,388.5301721311975,440,0.010000000000000005,200.0,,,,
240793,episode_end,342.3852851487404,560,0.010000000000000005,200.0,,,,
241000,train_step,,,0.010000000000000005,200.0,100000,12.712844848632812,-68.31900024414062,4.845681667327881
241793,episode_end,207.71808554329328,1000,0.010000000000000005,200.0,,,,
242000,train_step,,,0.010000000000000005,200.0,100000,11.046442031860352,-60.70198059082031,4.98110294342041
242793,episode_end,210.98002162946554,1000,0.010000000000000005,200.0,,,,
243000,train_step,,,0.010000000000000005,200.0,100000,9.248308181762695,-68.95049285888672,4.936219215393066
243218,episode_end,380.423603858131,425,0.010000000000000005,200.0,,,,
243797,episode_end,408.86552770263023,579,0.010000000000000005,200.0,,,,
244000,train_step,,,0.010000000000000005,200.0,100000,16.955020904541016,-61.538124084472656,4.958583831787109
244074,episode_end,442.8334798522632,277,0.010000000000000005,200.0,,,,
244511,episode_end,384.93527452574415,437,0.010000000000000005,200.0,,,,
245000,train_step,,,0.010000000000000005,200.0,100000,13.754390716552734,-68.11184692382812,5.04021692276001
245495,episode_end,291.7728931219066,984,0.010000000000000005,200.0,,,,
246000,train_step,,,0.010000000000000005,200.0,100000,19.08895492553711,-67.71582794189453,4.916412830352783
246495,episode_end,153.78915846228685,1000,0.010000000000000005,200.0,,,,
247000,train_step,,,0.010000000000000005,200.0,100000,9.875276565551758,-63.6590461730957,5.034704208374023
247495,episode_end,186.49855793220502,1000,0.010000000000000005,200.0,,,,
248000,train_step,,,0.010000000000000005,200.0,100000,11.158414840698242,-75.4386978149414,5.574581146240234
248035,episode_end,440.7651325263773,540,0.010000000000000005,200.0,,,,
248987,episode_end,421.3769471680448,952,0.010000000000000005,200.0,,,,
249000,train_step,,,0.010000000000000005,200.0,100000,19.126333236694336,-69.62468719482422,4.893793106079102
249987,episode_end,174.22082402081244,1000,0.010000000000000005,200.0,,,,
250000,train_step,,,0.010000000000000005,200.0,100000,56.93989181518555,-65.94819641113281,5.095965385437012
250987,episode_end,187.00519498892035,1000,0.010000000000000005,200.0,,,,
251000,train_step,,,0.010000000000000005,200.0,100000,14.260967254638672,-66.42904663085938,5.032224655151367
251987,episode_end,116.67180637570274,1000,0.010000000000000005,200.0,,,,
252000,train_step,,,0.010000000000000005,200.0,100000,132.36083984375,-67.98633575439453,5.1256866455078125
252987,episode_end,167.07574334276478,1000,0.010000000000000005,200.0,,,,
253000,train_step,,,0.010000000000000005,200.0,100000,12.4506254196167,-68.8580551147461,5.636229991912842
253987,episode_end,217.831826069585,1000,0.010000000000000005,200.0,,,,
254000,train_step,,,0.010000000000000005,200.0,100000,179.67205810546875,-63.64119338989258,5.434554100036621
254864,episode_end,342.7416388115055,877,0.010000000000000005,200.0,,,,
255000,train_step,,,0.010000000000000005,200.0,100000,22.721677780151367,-63.41204071044922,5.618492126464844
255864,episode_end,196.4749207111525,1000,0.010000000000000005,200.0,,,,
256000,train_step,,,0.010000000000000005,200.0,100000,24.45655059814453,-64.98332977294922,5.917084693908691
256738,episode_end,362.2091338970723,874,0.010000000000000005,200.0,,,,
257000,train_step,,,0.010000000000000005,200.0,100000,9.601324081420898,-63.912620544433594,5.898418426513672
257738,episode_end,220.19657605530398,1000,0.010000000000000005,200.0,,,,
258000,train_step,,,0.010000000000000005,200.0,100000,296.5658874511719,-75.52310943603516,6.19167423248291
258662,episode_end,323.36720423121085,924,0.010000000000000005,200.0,,,,
259000,train_step,,,0.010000000000000005,200.0,100000,10.043270111083984,-71.9171371459961,5.867655277252197
259662,episode_end,227.58544727058478,1000,0.010000000000000005,200.0,,,,
259834,episode_end,485.8262952243133,172,0.010000000000000005,200.0,,,,
260000,train_step,,,0.010000000000000005,200.0,100000,42.90940856933594,-76.41453552246094,5.763518333435059
260040,episode_end,444.74720717949134,206,0.010000000000000005,200.0,,,,
260503,episode_end,387.901888579626,463,0.010000000000000005,200.0,,,,
261000,train_step,,,0.010000000000000005,200.0,100000,39.656036376953125,-78.82645416259766,5.990716457366943
261503,episode_end,156.42848469853686,1000,0.010000000000000005,200.0,,,,
262000,train_step,,,0.010000000000000005,200.0,100000,205.8055419921875,-76.06683349609375,5.947813510894775
262351,episode_end,333.85686777034937,848,0.010000000000000005,200.0,,,,
263000,train_step,,,0.010000000000000005,200.0,100000,83.79447174072266,-76.46829223632812,5.743294715881348
263351,episode_end,260.12115163379815,1000,0.010000000000000005,200.0,,,,
264000,train_step,,,0.010000000000000005,200.0,100000,29.002351760864258,-64.39533996582031,5.73966121673584
264351,episode_end,264.2939434173267,1000,0.010000000000000005,200.0,,,,
265000,train_step,,,0.010000000000000005,200.0,100000,19.542720794677734,-69.38111877441406,5.6753010749816895
265293,episode_end,-79.17205881679108,942,0.010000000000000005,200.0,,,,
265749,episode_end,465.1378861993361,456,0.010000000000000005,200.0,,,,
266000,train_step,,,0.010000000000000005,200.0,100000,25.611862182617188,-69.64954376220703,6.137292861938477
266220,episode_end,441.67853272440686,471,0.010000000000000005,200.0,,,,
267000,train_step,,,0.010000000000000005,200.0,100000,221.45498657226562,-62.1072883605957,5.823523998260498
267116,episode_end,400.73673395177957,896,0.010000000000000005,200.0,,,,
267363,episode_end,468.52563907651347,247,0.010000000000000005,200.0,,,,
267996,episode_end,403.445782765199,633,0.010000000000000005,200.0,,,,
268000,train_step,,,0.010000000000000005,200.0,100000,14.437744140625,-67.63807678222656,5.503122329711914
268429,episode_end,399.50179363099943,433,0.010000000000000005,200.0,,,,
268814,episode_end,371.84054536840495,385,0.010000000000000005,200.0,,,,
269000,train_step,,,0.010000000000000005,200.0,100000,16.60083770751953,-64.6890640258789,6.062131881713867
269719,episode_end,397.6055615599281,905,0.010000000000000005,200.0,,,,
270000,train_step,,,0.010000000000000005,200.0,100000,13.282999992370605,-71.91278076171875,5.938567161560059
270615,episode_end,445.9027036226815,896,0.010000000000000005,200.0,,,,
270819,episode_end,419.0697399561896,204,0.010000000000000005,200.0,,,,
270953,episode_end,268.0732006969757,134,0.010000000000000005,200.0,,,,
271000,train_step,,,0.010000000000000005,200.0,100000,25.40869140625,-66.83100891113281,6.05393123626709
271110,episode_end,493.9503675778,157,0.010000000000000005,200.0,,,,
271524,episode_end,476.9946009872648,414,0.010000000000000005,200.0,,,,
272000,train_step,,,0.010000000000000005,200.0,100000,6.9376091957092285,-73.05830383300781,6.261834144592285
272429,episode_end,325.7834717275613,905,0.010000000000000005,200.0,,,,
272616,episode_end,451.54472441906097,187,0.010000000000000005,200.0,,,,
273000,train_step,,,0.010000000000000005,200.0,100000,14.381861686706543,-78.34014892578125,6.459379196166992
273300,episode_end,374.64913607533686,684,0.010000000000000005,200.0,,,,
273833,episode_end,439.95154604845504,533,0.010000000000000005,200.0,,,,
274000,train_step,,,0.010000000000000005,200.0,100000,9.611809730529785,-65.59840393066406,6.218470573425293
274714,episode_end,328.99528789535736,881,0.010000000000000005,200.0,,,,
275000,train_step,,,0.010000000000000005,200.0,100000,17.539644241333008,-66.84867858886719,5.965994358062744
275285,episode_end,367.7643647697031,571,0.010000000000000005,200.0,,,,
275707,episode_end,381.50488059042493,422,0.010000000000000005,200.0,,,,
276000,train_step,,,0.010000000000000005,200.0,100000,32.330116271972656,-75.94786071777344,6.072826385498047
276340,episode_end,395.2933731779291,633,0.010000000000000005,200.0,,,,
277000,train_step,,,0.010000000000000005,200.0,100000,327.3968200683594,-75.82624816894531,6.0923919677734375
277340,episode_end,157.78972042105764,1000,0.010000000000000005,200.0,,,,
278000,train_step,,,0.010000000000000005,200.0,100000,33.0088996887207,-66.68190002441406,6.490278244018555
278340,episode_end,160.50441551462964,1000,0.010000000000000005,200.0,,,,
279000,train_step,,,0.010000000000000005,200.0,100000,52.203372955322266,-80.12413024902344,5.888735771179199
279340,episode_end,211.61362944567617,1000,0.010000000000000005,200.0,,,,
279511,episode_end,446.81909638448326,171,0.010000000000000005,200.0,,,,
279721,episode_end,469.0686212158713,210,0.010000000000000005,200.0,,,,
280000,train_step,,,0.010000000000000005,200.0,100000,23.115257263183594,-67.47356414794922,5.676726818084717
280721,episode_end,215.5340892911942,1000,0.010000000000000005,200.0,,,,
281000,train_step,,,0.010000000000000005,200.0,100000,15.792272567749023,-75.64984130859375,5.850509166717529
281721,episode_end,157.74745694668775,1000,0.010000000000000005,200.0,,,,
282000,train_step,,,0.010000000000000005,200.0,100000,47.038421630859375,-74.57489013671875,5.287215232849121
282721,episode_end,216.97887197131433,1000,0.010000000000000005,200.0,,,,
283000,train_step,,,0.010000000000000005,200.0,100000,20.80664825439453,-75.50410461425781,5.869474411010742
283721,episode_end,99.47841763816622,1000,0.010000000000000005,200.0,,,,
284000,train_step,,,0.010000000000000005,200.0,100000,20.491130828857422,-69.4908447265625,5.00993537902832
284503,episode_end,364.40618587251475,782,0.010000000000000005,200.0,,,,
284882,episode_end,461.9494154174703,379,0.010000000000000005,200.0,,,,
285000,train_step,,,0.010000000000000005,200.0,100000,12.773884773254395,-75.45939636230469,5.573836326599121
285516,episode_end,417.9512505656019,634,0.010000000000000005,200.0,,,,
286000,train_step,,,0.010000000000000005,200.0,100000,33.90870666503906,-66.15977478027344,5.633965015411377
286004,episode_end,409.16956227194675,488,0.010000000000000005,200.0,,,,
287000,train_step,,,0.010000000000000005,200.0,100000,242.94940185546875,-65.86659240722656,4.889840126037598
287004,episode_end,183.5044014750311,1000,0.010000000000000005,200.0,,,,
288000,train_step,,,0.010000000000000005,200.0,100000,170.72845458984375,-75.20458984375,5.588303089141846
288004,episode_end,69.97052507184989,1000,0.010000000000000005,200.0,,,,
288617,episode_end,399.84943323935386,613,0.010000000000000005,200.0,,,,
288867,episode_end,417.5280666163592,250,0.010000000000000005,200.0,,,,
289000,train_step,,,0.010000000000000005,200.0,100000,9.248440742492676,-67.17362976074219,5.277800559997559
289274,episode_end,406.61334863609824,407,0.010000000000000005,200.0,,,,
289798,episode_end,433.8839953334868,524,0.010000000000000005,200.0,,,,
290000,train_step,,,0.010000000000000005,200.0,100000,45.01423645019531,-67.39079284667969,5.201356410980225
290067,episode_end,477.10548106301417,269,0.010000000000000005,200.0,,,,
290311,episode_end,492.9573141693714,244,0.010000000000000005,200.0,,,,
290759,episode_end,233.74185572607138,448,0.010000000000000005,200.0,,,,
291000,train_step,,,0.010000000000000005,200.0,100000,48.44161605834961,-79.4334487915039,5.041020393371582
291097,episode_end,405.336761900428,338,0.010000000000000005,200.0,,,,
291427,episode_end,460.062250619342,330,0.010000000000000005,200.0,,,,
291647,episode_end,460.73386563023587,220,0.010000000000000005,200.0,,,,
291774,episode_end,-203.6820312137412,127,0.010000000000000005,200.0,,,,
292000,train_step,,,0.010000000000000005,200.0,100000,87.94915771484375,-76.63330078125,5.128488540649414
292216,episode_end,432.31356842736733,442,0.010000000000000005,200.0,,,,
292586,episode_end,454.96329050151746,370,0.010000000000000005,200.0,,,,
292903,episode_end,451.52112939823877,317,0.010000000000000005,200.0,,,,
293000,train_step,,,0.010000000000000005,200.0,100000,26.006404876708984,-78.78196716308594,5.633336544036865
293146,episode_end,281.96665821798837,243,0.010000000000000005,200.0,,,,
293452,episode_end,464.3394173675451,306,0.010000000000000005,200.0,,,,
294000,train_step,,,0.010000000000000005,200.0,100000,86.13400268554688,-70.54100036621094,5.559298038482666
294046,episode_end,438.2574385083008,594,0.010000000000000005,200.0,,,,
295000,train_step,,,0.010000000000000005,200.0,100000,75.13446044921875,-76.44392395019531,5.601357460021973
295046,episode_end,161.17803837167824,1000,0.010000000000000005,200.0,,,,
295322,episode_end,437.3291507238484,276,0.010000000000000005,200.0,,,,
295535,episode_end,463.39503211987153,213,0.010000000000000005,200.0,,,,
296000,train_step,,,0.010000000000000005,200.0,100000,38.496498107910156,-68.63124084472656,5.478021621704102
296360,episode_end,434.7614125763511,825,0.010000000000000005,200.0,,,,
296581,episode_end,489.2950213235817,221,0.010000000000000005,200.0,,,,
297000,train_step,,,0.010000000000000005,200.0,100000,36.6827392578125,-74.42152404785156,5.986148834228516
297053,episode_end,398.8738558084961,472,0.010000000000000005,200.0,,,,
297236,episode_end,441.56407560034364,183,0.010000000000000005,200.0,,,,
297486,episode_end,501.360667392407,250,0.010000000000000005,200.0,,,,
297846,episode_end,449.47009513578695,360,0.010000000000000005,200.0,,,,
298000,train_step,,,0.010000000000000005,200.0,100000,66.66748809814453,-72.60043334960938,6.033932685852051
298414,episode_end,437.2893245470619,568,0.010000000000000005,200.0,,,,
298507,episode_end,211.763642615501,93,0.010000000000000005,200.0,,,,
298753,episode_end,480.3084617297756,246,0.010000000000000005,200.0,,,,
299000,train_step,,,0.010000000000000005,200.0,100000,68.17586517333984,-64.05270385742188,5.527299880981445
299003,episode_end,450.45024051075893,250,0.010000000000000005,200.0,,,,
299326,episode_end,447.6225456254235,323,0.010000000000000005,200.0,,,,
300000,train_step,,,0.010000000000000005,200.0,100000,326.39923095703125,-75.8785400390625,5.302084445953369
300326,episode_end,305.5888767459433,1000,0.010000000000000005,-100.0,,,,
300586,episode_end,196.10011711185493,260,0.010000000000000005,-100.0,,,,
300657,episode_end,-128.2772044217228,71,0.010000000000000005,-100.0,,,,
300932,episode_end,148.816351325145,275,0.010000000000000005,-100.0,,,,
301000,train_step,,,0.010000000000000005,-100.0,100000,10.835437774658203,-74.08204650878906,5.083347320556641
301479,episode_end,111.49445616493396,547,0.010000000000000005,-100.0,,,,
301678,episode_end,142.9214122009982,199,0.010000000000000005,-100.0,,,,
302000,train_step,,,0.010000000000000005,-100.0,100000,341.71209716796875,-66.34416198730469,5.082010746002197
302004,episode_end,153.01616323776867,326,0.010000000000000005,-100.0,,,,
302527,episode_end,-405.49897357849903,523,0.010000000000000005,-100.0,,,,
302739,episode_end,176.09517329340994,212,0.010000000000000005,-100.0,,,,
303000,train_step,,,0.010000000000000005,-100.0,100000,284.4015197753906,-67.65831756591797,5.5611162185668945
303739,episode_end,15.556704920616463,1000,0.010000000000000005,-100.0,,,,
303903,episode_end,184.58280440659126,164,0.010000000000000005,-100.0,,,,
304000,train_step,,,0.010000000000000005,-100.0,100000,31.587703704833984,-77.03323364257812,5.304262161254883
304073,episode_end,175.664219907703,170,0.010000000000000005,-100.0,,,,
305000,train_step,,,0.010000000000000005,-100.0,100000,20.542125701904297,-77.12762451171875,5.957849025726318
305032,episode_end,139.12813498264467,959,0.010000000000000005,-100.0,,,,
305261,episode_end,144.73202513797872,229,0.010000000000000005,-100.0,,,,
305621,episode_end,157.24068065978477,360,0.010000000000000005,-100.0,,,,
305926,episode_end,151.7323080185188,305,0.010000000000000005,-100.0,,,,
306000,train_step,,,0.010000000000000005,-100.0,100000,8.890979766845703,-70.97988891601562,5.360201835632324
306013,episode_end,-59.569780717313286,87,0.010000000000000005,-100.0,,,,
307000,train_step,,,0.010000000000000005,-100.0,100000,37.10970687866211,-73.55895233154297,5.723371505737305
307013,episode_end,-358.3095935573396,1000,0.010000000000000005,-100.0,,,,
307367,episode_end,134.5210422381119,354,0.010000000000000005,-100.0,,,,
307658,episode_end,279.8249421865528,291,0.010000000000000005,-100.0,,,,
307981,episode_end,123.63025703090054,323,0.010000000000000005,-100.0,,,,
308000,train_step,,,0.010000000000000005,-100.0,100000,16.80694580078125,-76.32371520996094,5.327121257781982
308284,episode_end,141.87956655322702,303,0.010000000000000005,-100.0,,,,
309000,train_step,,,0.010000000000000005,-100.0,100000,14.248882293701172,-70.1685791015625,5.689711570739746
309164,episode_end,13.659803384953491,880,0.010000000000000005,-100.0,,,,
310000,train_step,,,0.010000000000000005,-100.0,100000,360.4017028808594,-69.59317016601562,5.587197303771973
310164,episode_end,-156.70847108736885,1000,0.010000000000000005,-100.0,,,,
310535,episode_end,135.92112431899358,371,0.010000000000000005,-100.0,,,,
311000,train_step,,,0.010000000000000005,-100.0,100000,345.77587890625,-77.15577697753906,5.3446736335754395
311535,episode_end,-45.28701135495103,1000,0.010000000000000005,-100.0,,,,
311912,episode_end,139.72044629857757,377,0.010000000000000005,-100.0,,,,
312000,train_step,,,0.010000000000000005,-100.0,100000,13.820898056030273,-73.39954376220703,5.4706878662109375
312221,episode_end,120.60230986915722,309,0.010000000000000005,-100.0,,,,
312538,episode_end,140.1841878805559,317,0.010000000000000005,-100.0,,,,
312723,episode_end,157.46087231390604,185,0.010000000000000005,-100.0,,,,
312917,episode_end,130.59462409644684,194,0.010000000000000005,-100.0,,,,
313000,train_step,,,0.010000000000000005,-100.0,100000,18.826601028442383,-73.10546875,5.287860870361328
313439,episode_end,135.3891052931193,522,0.010000000000000005,-100.0,,,,
313878,episode_end,140.07662129254805,439,0.010000000000000005,-100.0,,,,
314000,train_step,,,0.010000000000000005,-100.0,100000,31.485244750976562,-80.70625305175781,5.603254318237305
314066,episode_end,158.86173065814785,188,0.010000000000000005,-100.0,,,,
314421,episode_end,124.33424237390054,355,0.010000000000000005,-100.0,,,,
314960,episode_end,148.75910438705648,539,0.010000000000000005,-100.0,,,,
315000,train_step,,,0.010000000000000005,-100.0,100000,66.74458312988281,-80.67451477050781,5.926352500915527
315669,episode_end,103.70347215246242,709,0.010000000000000005,-100.0,,,,
316000,train_step,,,0.010000000000000005,-100.0,100000,19.641948699951172,-77.82745361328125,5.525330543518066
316097,episode_end,155.7818751790009,428,0.010000000000000005,-100.0,,,,
316539,episode_end,94.8188142899823,442,0.010000000000000005,-100.0,,,,
316751,episode_end,160.61121852880524,212,0.010000000000000005,-100.0,,,,
317000,train_step,,,0.010000000000000005,-100.0,100000,15.957209587097168,-77.17276000976562,6.002962112426758
317391,episode_end,73.21431899297923,640,0.010000000000000005,-100.0,,,,
317677,episode_end,152.44193129730795,286,0.010000000000000005,-100.0,,,,
318000,train_step,,,0.010000000000000005,-100.0,100000,43.598052978515625,-80.86177062988281,5.535165786743164
318098,episode_end,114.27799714042513,421,0.010000000000000005,-100.0,,,,
318527,episode_end,134.55251411926258,429,0.010000000000000005,-100.0,,,,
318973,episode_end,167.71487900311558,446,0.010000000000000005,-100.0,,,,
319000,train_step,,,0.010000000000000005,-100.0,100000,18.654388427734375,-83.33158874511719,5.684171676635742
319221,episode_end,171.23355862023328,248,0.010000000000000005,-100.0,,,,
319671,episode_end,119.96520597768777,450,0.010000000000000005,-100.0,,,,
320000,train_step,,,0.010000000000000005,-100.0,100000,72.86737060546875,-76.96450805664062,5.404236793518066
320061,episode_end,145.3212061146886,390,0.010000000000000005,-100.0,,,,
320439,episode_end,-90.81797753681123,378,0.010000000000000005,-100.0,,,,
320622,episode_end,-113.65823526380659,183,0.010000000000000005,-100.0,,,,
320846,episode_end,171.72835434118872,224,0.010000000000000005,-100.0,,,,
321000,train_step,,,0.010000000000000005,-100.0,100000,14.200721740722656,-72.37168884277344,5.447718620300293
321287,episode_end,133.02225073600832,441,0.010000000000000005,-100.0,,,,
321477,episode_end,-284.24382540136696,190,0.010000000000000005,-100.0,,,,
322000,train_step,,,0.010000000000000005,-100.0,100000,15.694381713867188,-76.8216323852539,5.37288761138916
322067,episode_end,112.96611668766077,590,0.010000000000000005,-100.0,,,,
322410,episode_end,139.4190899388769,343,0.010000000000000005,-100.0,,,,
322524,episode_end,-129.9545604401368,114,0.010000000000000005,-100.0,,,,
322966,episode_end,139.0833218343639,442,0.010000000000000005,-100.0,,,,
323000,train_step,,,0.010000000000000005,-100.0,100000,20.476640701293945,-82.60054016113281,5.403892517089844
323289,episode_end,155.51787776549432,323,0.010000000000000005,-100.0,,,,
323775,episode_end,133.3822204671519,486,0.010000000000000005,-100.0,,,,
324000,train_step,,,0.010000000000000005,-100.0,100000,26.780250549316406,-72.86080932617188,4.9811553955078125
324775,episode_end,-173.35871428822054,1000,0.010000000000000005,-100.0,,,,
325000,train_step,,,0.010000000000000005,-100.0,100000,242.55252075195312,-78.94418334960938,5.199190616607666
325223,episode_end,89.53877431353403,448,0.010000000000000005,-100.0,,,,
325412,episode_end,136.95796971556285,189,0.010000000000000005,-100.0,,,,
326000,train_step,,,0.010000000000000005,-100.0,100000,16.34926414489746,-72.92385864257812,5.22816276550293
326334,episode_end,67.70621636558828,922,0.010000000000000005,-100.0,,,,
326873,episode_end,150.38209087549848,539,0.010000000000000005,-100.0,,,,
327000,train_step,,,0.010000000000000005,-100.0,100000,188.7301483154297,-80.29755401611328,5.305173397064209
327242,episode_end,110.2307260624358,369,0.010000000000000005,-100.0,,,,
327478,episode_end,198.9879589238056,236,0.010000000000000005,-100.0,,,,
327780,episode_end,176.56878581244325,302,0.010000000000000005,-100.0,,,,
327978,episode_end,171.0348220824544,198,0.010000000000000005,-100.0,,,,
328000,train_step,,,0.010000000000000005,-100.0,100000,61.77887725830078,-83.67372131347656,5.246395111083984
328261,episode_end,187.82743348051497,283,0.010000000000000005,-100.0,,,,
329000,train_step,,,0.010000000000000005,-100.0,100000,15.979491233825684,-76.62724304199219,5.5472588539123535
329164,episode_end,113.28457884911089,903,0.010000000000000005,-100.0,,,,
329440,episode_end,172.1167216089249,276,0.010000000000000005,-100.0,,,,
329828,episode_end,93.87373648283283,388,0.010000000000000005,-100.0,,,,
329970,episode_end,-307.70094622276696,142,0.010000000000000005,-100.0,,,,
330000,train_step,,,0.010000000000000005,-100.0,100000,138.9059600830078,-76.33258056640625,5.718672752380371
330130,episode_end,163.5790253535951,160,0.010000000000000005,-100.0,,,,
330410,episode_end,146.35384029325303,280,0.010000000000000005,-100.0,,,,
330904,episode_end,123.75342027039684,494,0.010000000000000005,-100.0,,,,
331000,train_step,,,0.010000000000000005,-100.0,100000,106.75614929199219,-85.94863891601562,6.068063735961914
331252,episode_end,132.60473900080981,348,0.010000000000000005,-100.0,,,,
331499,episode_end,177.48233546323402,247,0.010000000000000005,-100.0,,,,
331804,episode_end,190.50459276563336,305,0.010000000000000005,-100.0,,,,
332000,train_step,,,0.010000000000000005,-100.0,100000,21.648303985595703,-80.16119384765625,5.573450088500977
332015,episode_end,175.90751773515547,211,0.010000000000000005,-100.0,,,,
332259,episode_end,115.69323529009709,244,0.010000000000000005,-100.0,,,,
332498,episode_end,195.30039150873608,239,0.010000000000000005,-100.0,,,,
332748,episode_end,192.1712151413635,250,0.010000000000000005,-100.0,,,,
333000,train_step,,,0.010000000000000005,-100.0,100000,31.473506927490234,-86.00508117675781,5.8829803466796875
333087,episode_end,233.9842388185816,339,0.010000000000000005,-100.0,,,,
333334,episode_end,189.73077248919014,247,0.010000000000000005,-100.0,,,,
333599,episode_end,196.5281245572085,265,0.010000000000000005,-100.0,,,,
333967,episode_end,71.9895790878676,368,0.010000000000000005,-100.0,,,,
334000,train_step,,,0.010000000000000005,-100.0,100000,104.71527099609375,-76.73194885253906,5.393798351287842
334353,episode_end,152.8576511198982,386,0.010000000000000005,-100.0,,,,
334903,episode_end,113.74559677165465,550,0.010000000000000005,-100.0,,,,
335000,train_step,,,0.010000000000000005,-100.0,100000,15.536393165588379,-78.49126434326172,5.82751989364624
335536,episode_end,101.58786921660351,633,0.010000000000000005,-100.0,,,,
335829,episode_end,79.3689874033524,293,0.010000000000000005,-100.0,,,,
336000,train_step,,,0.010000000000000005,-100.0,100000,32.24457931518555,-78.88041687011719,5.714784622192383
336404,episode_end,151.5228348404945,575,0.010000000000000005,-100.0,,,,
336979,episode_end,136.85561598761404,575,0.010000000000000005,-100.0,,,,
337000,train_step,,,0.010000000000000005,-100.0,100000,44.6536750793457,-82.61222839355469,5.876540184020996
337342,episode_end,111.83153209865675,363,0.010000000000000005,-100.0,,,,
337612,episode_end,88.58368737293362,270,0.010000000000000005,-100.0,,,,
337913,episode_end,184.7279252368313,301,0.010000000000000005,-100.0,,,,
338000,train_step,,,0.010000000000000005,-100.0,100000,33.49639892578125,-80.37579345703125,5.8465986251831055
338159,episode_end,132.3498851504515,246,0.010000000000000005,-100.0,,,,
338559,episode_end,117.19720485883279,400,0.010000000000000005,-100.0,,,,
338883,episode_end,126.46111802716055,324,0.010000000000000005,-100.0,,,,
339000,train_step,,,0.010000000000000005,-100.0,100000,51.039127349853516,-86.22342681884766,5.751334190368652
339213,episode_end,84.25849503115444,330,0.010000000000000005,-100.0,,,,
339523,episode_end,115.68540017968206,310,0.010000000000000005,-100.0,,,,
339915,episode_end,108.29398185541368,392,0.010000000000000005,-100.0,,,,
340000,train_step,,,0.010000000000000005,-100.0,100000,182.57955932617188,-77.42584228515625,5.599872589111328
340232,episode_end,82.68066969697693,317,0.010000000000000005,-100.0,,,,
340739,episode_end,151.92292337728563,507,0.010000000000000005,-100.0,,,,
341000,train_step,,,0.010000000000000005,-100.0,100000,26.781612396240234,-78.93260192871094,5.818964004516602
341124,episode_end,130.4265801766489,385,0.010000000000000005,-100.0,,,,
341652,episode_end,170.36083144592402,528,0.010000000000000005,-100.0,,,,
342000,train_step,,,0.010000000000000005,-100.0,100000,13.246793746948242,-80.66133117675781,5.633245468139648
342098,episode_end,112.87537508131541,446,0.010000000000000005,-100.0,,,,
342424,episode_end,127.87728631671506,326,0.010000000000000005,-100.0,,,,
342754,episode_end,132.81933885149417,330,0.010000000000000005,-100.0,,,,
343000,train_step,,,0.010000000000000005,-100.0,100000,30.475757598876953,-80.64253234863281,5.391275405883789
343013,episode_end,148.39630545888633,259,0.010000000000000005,-100.0,,,,
343265,episode_end,114.3675210016264,252,0.010000000000000005,-100.0,,,,
343597,episode_end,75.75146274694245,332,0.010000000000000005,-100.0,,,,
343833,episode_end,125.28550877591204,236,0.010000000000000005,-100.0,,,,
344000,train_step,,,0.010000000000000005,-100.0,100000,188.5521240234375,-84.49311065673828,5.948853015899658
344132,episode_end,177.41222748856097,299,0.010000000000000005,-100.0,,,,
344617,episode_end,151.4705891953361,485,0.010000000000000005,-100.0,,,,
344930,episode_end,106.14871310590028,313,0.010000000000000005,-100.0,,,,
345000,train_step,,,0.010000000000000005,-100.0,100000,95.41270446777344,-79.65647888183594,5.877718925476074
345271,episode_end,120.68843637160919,341,0.010000000000000005,-100.0,,,,
345582,episode_end,164.50126363685257,311,0.010000000000000005,-100.0,,,,
345997,episode_end,117.20394923289395,415,0.010000000000000005,-100.0,,,,
346000,train_step,,,0.010000000000000005,-100.0,100000,41.47412872314453,-82.86532592773438,5.541728496551514
346319,episode_end,173.66734932414658,322,0.010000000000000005,-100.0,,,,
346578,episode_end,116.26412248975042,259,0.010000000000000005,-100.0,,,,
346863,episode_end,167.2178905291571,285,0.010000000000000005,-100.0,,,,
347000,train_step,,,0.010000000000000005,-100.0,100000,18.94293212890625,-77.13578796386719,5.665847301483154
347187,episode_end,182.21825469670202,324,0.010000000000000005,-100.0,,,,
347645,episode_end,114.6806923866311,458,0.010000000000000005,-100.0,,,,
347940,episode_end,118.77322019067554,295,0.010000000000000005,-100.0,,,,
348000,train_step,,,0.010000000000000005,-100.0,100000,13.13917350769043,-81.30165100097656,5.946877479553223
348145,episode_end,176.44170172474148,205,0.010000000000000005,-100.0,,,,
348924,episode_end,79.31982158395947,779,0.010000000000000005,-100.0,,,,
349000,train_step,,,0.010000000000000005,-100.0,100000,154.76226806640625,-82.70157623291016,5.643775939941406
349260,episode_end,75.82298616297318,336,0.010000000000000005,-100.0,,,,
349540,episode_end,163.58101075281587,280,0.010000000000000005,-100.0,,,,
349943,episode_end,153.19843842186347,403,0.010000000000000005,-100.0,,,,
350000,train_step,,,0.010000000000000005,-100.0,100000,18.783161163330078,-82.69308471679688,6.068512916564941
350596,episode_end,151.5880028444572,653,0.010000000000000005,-100.0,,,,
350958,episode_end,115.49887612631835,362,0.010000000000000005,-100.0,,,,
351000,train_step,,,0.010000000000000005,-100.0,100000,178.75503540039062,-87.01324462890625,5.923162460327148
351424,episode_end,156.68679039310416,466,0.010000000000000005,-100.0,,,,
351797,episode_end,166.44607254082337,373,0.010000000000000005,-100.0,,,,
352000,train_step,,,0.010000000000000005,-100.0,100000,41.2493896484375,-83.2762680053711,5.8244218826293945
352030,episode_end,177.69552118970142,233,0.010000000000000005,-100.0,,,,
352315,episode_end,-88.96750501984879,285,0.010000000000000005,-100.0,,,,
352552,episode_end,117.32272474328786,237,0.010000000000000005,-100.0,,,,
352829,episode_end,140.53800458327038,277,0.010000000000000005,-100.0,,,,
353000,train_step,,,0.010000000000000005,-100.0,100000,56.26878356933594,-81.30109405517578,6.1164069175720215
353253,episode_end,130.1006866594116,424,0.010000000000000005,-100.0,,,,
353771,episode_end,145.4239424463648,518,0.010000000000000005,-100.0,,,,
354000,train_step,,,0.010000000000000005,-100.0,100000,26.111160278320312,-82.81330871582031,5.813623428344727
354264,episode_end,159.83251776932164,493,0.010000000000000005,-100.0,,,,
354623,episode_end,167.31273102369832,359,0.010000000000000005,-100.0,,,,
354813,episode_end,155.46253040508515,190,0.010000000000000005,-100.0,,,,
355000,train_step,,,0.010000000000000005,-100.0,100000,115.1683349609375,-88.16227722167969,6.03679084777832
355250,episode_end,80.52722980659782,437,0.010000000000000005,-100.0,,,,
355625,episode_end,156.79741455964586,375,0.010000000000000005,-100.0,,,,
355886,episode_end,159.20710114995248,261,0.010000000000000005,-100.0,,,,
356000,train_step,,,0.010000000000000005,-100.0,100000,129.62060546875,-89.41059112548828,6.331078052520752
356189,episode_end,181.61566981406463,303,0.010000000000000005,-100.0,,,,
356546,episode_end,113.20459468794776,357,0.010000000000000005,-100.0,,,,
356810,episode_end,96.77988800166216,264,0.010000000000000005,-100.0,,,,
357000,train_step,,,0.010000000000000005,-100.0,100000,59.817832946777344,-87.10208129882812,7.049073219299316
357140,episode_end,125.52269610868673,330,0.010000000000000005,-100.0,,,,
357591,episode_end,46.217665689965735,451,0.010000000000000005,-100.0,,,,
357811,episode_end,116.33637660431329,220,0.010000000000000005,-100.0,,,,
358000,train_step,,,0.010000000000000005,-100.0,100000,134.56430053710938,-85.5526123046875,6.272535800933838
358134,episode_end,128.7974367932547,323,0.010000000000000005,-100.0,,,,
358533,episode_end,122.60135110890539,399,0.010000000000000005,-100.0,,,,
358946,episode_end,154.6402679245503,413,0.010000000000000005,-100.0,,,,
359000,train_step,,,0.010000000000000005,-100.0,100000,22.251171112060547,-84.48184204101562,6.309352874755859
359563,episode_end,96.12325939374516,617,0.010000000000000005,-100.0,,,,
360000,train_step,,,0.010000000000000005,-100.0,100000,15.932269096374512,-91.63034057617188,6.43355655670166
360081,episode_end,109.73081461556504,518,0.010000000000000005,-100.0,,,,
360338,episode_end,-261.2585012125481,257,0.010000000000000005,-100.0,,,,
361000,train_step,,,0.010000000000000005,-100.0,100000,322.48931884765625,-91.55016326904297,6.585478782653809
361157,episode_end,74.74634405921992,819,0.010000000000000005,-100.0,,,,
361545,episode_end,140.3711687239927,388,0.010000000000000005,-100.0,,,,
362000,train_step,,,0.010000000000000005,-100.0,100000,37.69905090332031,-89.32894134521484,6.502359867095947
362176,episode_end,51.236573693829094,631,0.010000000000000005,-100.0,,,,
363000,train_step,,,0.010000000000000005,-100.0,100000,96.43707275390625,-88.64863586425781,6.352315902709961
363081,episode_end,58.60175649844014,905,0.010000000000000005,-100.0,,,,
363444,episode_end,121.9514034793406,363,0.010000000000000005,-100.0,,,,
363726,episode_end,275.35610760997884,282,0.010000000000000005,-100.0,,,,
364000,train_step,,,0.010000000000000005,-100.0,100000,334.4163818359375,-89.53343200683594,6.190557479858398
364726,episode_end,-118.75861742672147,1000,0.010000000000000005,-100.0,,,,
365000,train_step,,,0.010000000000000005,-100.0,100000,19.523550033569336,-88.08415985107422,6.385394096374512
365511,episode_end,174.06610811646965,785,0.010000000000000005,-100.0,,,,
365784,episode_end,184.5914431985477,273,0.010000000000000005,-100.0,,,,
366000,train_step,,,0.010000000000000005,-100.0,100000,54.25282287597656,-89.80614471435547,6.237438201904297
366784,episode_end,-100.45389419751908,1000,0.010000000000000005,-100.0,,,,
367000,episode_end,143.13716594816268,216,0.010000000000000005,-100.0,,,,
367000,train_step,,,0.010000000000000005,-100.0,100000,487.8058776855469,-85.39114379882812,6.725378036499023
367147,episode_end,164.72213052287537,147,0.010000000000000005,-100.0,,,,
367464,episode_end,149.51007547217264,317,0.010000000000000005,-100.0,,,,
367926,episode_end,225.83337361989183,462,0.010000000000000005,-100.0,,,,
368000,train_step,,,0.010000000000000005,-100.0,100000,81.42264556884766,-80.11093139648438,6.423260688781738
368214,episode_end,174.82099195693263,288,0.010000000000000005,-100.0,,,,
368507,episode_end,159.6870700689588,293,0.010000000000000005,-100.0,,,,
368816,episode_end,125.384654232766,309,0.010000000000000005,-100.0,,,,
369000,train_step,,,0.010000000000000005,-100.0,100000,177.2261505126953,-81.4066390991211,6.388688087463379
369122,episode_end,163.96460990423066,306,0.010000000000000005,-100.0,,,,
369590,episode_end,114.01322806321431,468,0.010000000000000005,-100.0,,,,
370000,train_step,,,0.010000000000000005,-100.0,100000,22.29674530029297,-81.19778442382812,6.187416076660156
370164,episode_end,138.55772143557726,574,0.010000000000000005,-100.0,,,,
370531,episode_end,147.61804900106426,367,0.010000000000000005,-100.0,,,,
371000,train_step,,,0.010000000000000005,-100.0,100000,132.49571228027344,-87.91000366210938,6.386246204376221
371045,episode_end,138.53772812392822,514,0.010000000000000005,-100.0,,,,
371334,episode_end,146.282874173578,289,0.010000000000000005,-100.0,,,,
372000,train_step,,,0.010000000000000005,-100.0,100000,272.0104675292969,-85.36627197265625,6.32151985168457
372334,episode_end,-75.81451921026056,1000,0.010000000000000005,-100.0,,,,
372671,episode_end,159.00121865258,337,0.010000000000000005,-100.0,,,,
372877,episode_end,154.27402296851096,206,0.010000000000000005,-100.0,,,,
373000,train_step,,,0.010000000000000005,-100.0,100000,51.877838134765625,-88.71263122558594,5.622687339782715
373207,episode_end,143.29619418609857,330,0.010000000000000005,-100.0,,,,
373362,episode_end,171.7742466223733,155,0.010000000000000005,-100.0,,,,
373776,episode_end,154.6980302750043,414,0.010000000000000005,-100.0,,,,
374000,train_step,,,0.010000000000000005,-100.0,100000,139.88031005859375,-83.1009521484375,6.167089939117432
374405,episode_end,104.54037553586562,629,0.010000000000000005,-100.0,,,,
374703,episode_end,190.634337992072,298,0.010000000000000005,-100.0,,,,
375000,train_step,,,0.010000000000000005,-100.0,100000,138.15188598632812,-77.46813201904297,6.124066352844238
375159,episode_end,107.96268928154453,456,0.010000000000000005,-100.0,,,,
375692,episode_end,133.63675668526147,533,0.010000000000000005,-100.0,,,,
376000,train_step,,,0.010000000000000005,-100.0,100000,105.59664916992188,-81.94220733642578,5.906079292297363
376153,episode_end,111.74111123569917,461,0.010000000000000005,-100.0,,,,
377000,train_step,,,0.010000000000000005,-100.0,100000,164.78944396972656,-80.48344421386719,5.825066566467285
377153,episode_end,-71.47418957346719,1000,0.010000000000000005,-100.0,,,,
377408,episode_end,163.66234030737394,255,0.010000000000000005,-100.0,,,,
377662,episode_end,162.98005176286009,254,0.010000000000000005,-100.0,,,,
378000,train_step,,,0.010000000000000005,-100.0,100000,72.3858871459961,-81.70288848876953,5.440048694610596
378088,episode_end,102.74691419859192,426,0.010000000000000005,-100.0,,,,
378352,episode_end,135.6839054312662,264,0.010000000000000005,-100.0,,,,
378689,episode_end,177.3063604161701,337,0.010000000000000005,-100.0,,,,
378976,episode_end,182.17674466790385,287,0.010000000000000005,-100.0,,,,
379000,train_step,,,0.010000000000000005,-100.0,100000,26.427719116210938,-81.16656494140625,5.621509075164795
379693,episode_end,179.00045377924988,717,0.010000000000000005,-100.0,,,,
379883,episode_end,145.25887185446757,190,0.010000000000000005,-100.0,,,,
380000,train_step,,,0.010000000000000005,-100.0,100000,17.545440673828125,-77.14073181152344,5.733731746673584
380233,episode_end,136.12983871069343,350,0.010000000000000005,-100.0,,,,
380511,episode_end,165.20074578267466,278,0.010000000000000005,-100.0,,,,
381000,train_step,,,0.010000000000000005,-100.0,100000,76.72541046142578,-81.43486022949219,5.962887763977051
381048,episode_end,43.37865517526346,537,0.010000000000000005,-100.0,,,,
381312,episode_end,152.43017653018774,264,0.010000000000000005,-100.0,,,,
381661,episode_end,126.83616572317908,349,0.010000000000000005,-100.0,,,,
382000,train_step,,,0.010000000000000005,-100.0,100000,22.037715911865234,-81.6935043334961,5.79605770111084
382599,episode_end,81.7161649822856,938,0.010000000000000005,-100.0,,,,
382912,episode_end,149.7771707224417,313,0.010000000000000005,-100.0,,,,
383000,train_step,,,0.010000000000000005,-100.0,100000,88.26659393310547,-77.80494689941406,5.830085754394531
383260,episode_end,107.85044119853947,348,0.010000000000000005,-100.0,,,,
383580,episode_end,167.81485172126375,320,0.010000000000000005,-100.0,,,,
384000,train_step,,,0.010000000000000005,-100.0,100000,42.089019775390625,-78.74030303955078,6.120621681213379
384172,episode_end,117.80680898658031,592,0.010000000000000005,-100.0,,,,
384463,episode_end,129.46932348443096,291,0.010000000000000005,-100.0,,,,
384783,episode_end,123.54431479062225,320,0.010000000000000005,-100.0,,,,
385000,train_step,,,0.010000000000000005,-100.0,100000,40.196861267089844,-83.15619659423828,6.241436004638672
385122,episode_end,149.94641496578993,339,0.010000000000000005,-100.0,,,,
385534,episode_end,186.0029866700582,412,0.010000000000000005,-100.0,,,,
386000,train_step,,,0.010000000000000005,-100.0,100000,26.088298797607422,-75.98365783691406,5.667885780334473
386534,episode_end,-177.03261103918922,1000,0.010000000000000005,-100.0,,,,
387000,train_step,,,0.010000000000000005,-100.0,100000,22.045509338378906,-81.43834686279297,5.649261951446533
387186,episode_end,94.20951759055222,652,0.010000000000000005,-100.0,,,,
387879,episode_end,93.67154628507178,693,0.010000000000000005,-100.0,,,,
388000,train_step,,,0.010000000000000005,-100.0,100000,84.44111633300781,-82.67052459716797,6.149065971374512
388179,episode_end,121.00893851504503,300,0.010000000000000005,-100.0,,,,
388728,episode_end,87.50601030925208,549,0.010000000000000005,-100.0,,,,
388923,episode_end,185.82324787455627,195,0.010000000000000005,-100.0,,,,
389000,train_step,,,0.010000000000000005,-100.0,100000,77.99868774414062,-81.69270324707031,5.856192588806152
389544,episode_end,115.63985020767372,621,0.010000000000000005,-100.0,,,,
389837,episode_end,151.25238582765044,293,0.010000000000000005,-100.0,,,,
390000,train_step,,,0.010000000000000005,-100.0,100000,38.83479690551758,-76.54267120361328,5.854991436004639
390477,episode_end,94.5587930297444,640,0.010000000000000005,-100.0,,,,
390827,episode_end,138.84875501766578,350,0.010000000000000005,-100.0,,,,
391000,train_step,,,0.010000000000000005,-100.0,100000,48.27268600463867,-78.46354675292969,5.651949882507324
391139,episode_end,141.41595927772536,312,0.010000000000000005,-100.0,,,,
391577,episode_end,-81.39270445364141,438,0.010000000000000005,-100.0,,,,
391777,episode_end,135.08434074674736,200,0.010000000000000005,-100.0,,,,
392000,train_step,,,0.010000000000000005,-100.0,100000,58.8599853515625,-77.6515884399414,6.038922309875488
392132,episode_end,150.49310744864837,355,0.010000000000000005,-100.0,,,,
392401,episode_end,187.77228296027423,269,0.010000000000000005,-100.0,,,,
392643,episode_end,243.2876505758364,242,0.010000000000000005,-100.0,,,,
393000,train_step,,,0.010000000000000005,-100.0,100000,23.211362838745117,-76.46024322509766,6.442415237426758
393002,episode_end,147.27635194570712,359,0.010000000000000005,-100.0,,,,
393294,episode_end,179.2433586014048,292,0.010000000000000005,-100.0,,,,
393483,episode_end,205.42560183594475,189,0.010000000000000005,-100.0,,,,
394000,train_step,,,0.010000000000000005,-100.0,100000,147.64480590820312,-79.43527221679688,6.209478378295898
394082,episode_end,132.03210280660934,599,0.010000000000000005,-100.0,,,,
394800,episode_end,-152.62008874567078,718,0.010000000000000005,-100.0,,,,
395000,train_step,,,0.010000000000000005,-100.0,100000,67.15348052978516,-80.44046020507812,6.355034351348877
395733,episode_end,194.81278138476364,933,0.010000000000000005,-100.0,,,,
396000,train_step,,,0.010000000000000005,-100.0,100000,87.78082275390625,-79.79403686523438,6.0854597091674805
396316,episode_end,203.3598463646281,583,0.010000000000000005,-100.0,,,,
397000,train_step,,,0.010000000000000005,-100.0,100000,67.44081115722656,-73.87931060791016,5.928286075592041
397015,episode_end,135.05938807039053,699,0.010000000000000005,-100.0,,,,
398000,train_step,,,0.010000000000000005,-100.0,100000,117.10604858398438,-78.24473571777344,6.1361589431762695
398015,episode_end,-210.41841213199842,1000,0.010000000000000005,-100.0,,,,
399000,train_step,,,0.010000000000000005,-100.0,100000,87.00423431396484,-79.94499206542969,6.335466384887695
399015,episode_end,-209.09140857524605,1000,0.010000000000000005,-100.0,,,,
399279,episode_end,190.33870506515981,264,0.010000000000000005,-100.0,,,,
399662,episode_end,133.94737691781927,383,0.010000000000000005,-100.0,,,,
400000,train_step,,,0.010000000000000005,-100.0,100000,84.48475646972656,-76.96658325195312,6.3632659912109375
400104,episode_end,163.2003357777494,442,0.010000000000000005,-100.0,,,,
400725,episode_end,141.9940207031619,621,0.010000000000000005,-100.0,,,,
401000,train_step,,,0.010000000000000005,-100.0,100000,12.766508102416992,-75.91401672363281,6.376552581787109
401187,episode_end,123.98520040121893,462,0.010000000000000005,-100.0,,,,
401467,episode_end,136.4766616395571,280,0.010000000000000005,-100.0,,,,
401761,episode_end,187.71372350389927,294,0.010000000000000005,-100.0,,,,
402000,train_step,,,0.010000000000000005,-100.0,100000,21.107421875,-75.83394622802734,6.354615688323975
402039,episode_end,145.2658244077955,278,0.010000000000000005,-100.0,,,,
402383,episode_end,156.2398320159897,344,0.010000000000000005,-100.0,,,,
402653,episode_end,174.30474787609472,270,0.010000000000000005,-100.0,,,,
402803,episode_end,-55.19115790505295,150,0.010000000000000005,-100.0,,,,
403000,train_step,,,0.010000000000000005,-100.0,100000,15.695886611938477,-74.29881286621094,6.639843940734863
403002,episode_end,185.49786785738053,199,0.010000000000000005,-100.0,,,,
403291,episode_end,172.51018360908031,289,0.010000000000000005,-100.0,,,,
403844,episode_end,143.1490810556826,553,0.010000000000000005,-100.0,,,,
404000,train_step,,,0.010000000000000005,-100.0,100000,13.270719528198242,-74.42929077148438,6.27512264251709
404337,episode_end,-109.92144460787857,493,0.010000000000000005,-100.0,,,,
404658,episode_end,112.49720044931799,321,0.010000000000000005,-100.0,,,,
404980,episode_end,152.80396745888248,322,0.010000000000000005,-100.0,,,,
405000,train_step,,,0.010000000000000005,-100.0,100000,64.87345886230469,-72.67381286621094,6.4181718826293945
405980,episode_end,-163.95077316512115,1000,0.010000000000000005,-100.0,,,,
406000,train_step,,,0.010000000000000005,-100.0,100000,90.73497009277344,-72.30229187011719,6.357853412628174
406196,episode_end,164.08195907631838,216,0.010000000000000005,-100.0,,,,
406399,episode_end,128.5894928680912,203,0.010000000000000005,-100.0,,,,
406646,episode_end,117.4168078910568,247,0.010000000000000005,-100.0,,,,
406887,episode_end,140.57270004525645,241,0.010000000000000005,-100.0,,,,
407000,train_step,,,0.010000000000000005,-100.0,100000,14.370584487915039,-70.86082458496094,6.620174407958984
407106,episode_end,99.08330755305329,219,0.010000000000000005,-100.0,,,,
407392,episode_end,131.33773824423014,286,0.010000000000000005,-100.0,,,,
407759,episode_end,162.51751254249706,367,0.010000000000000005,-100.0,,,,
407941,episode_end,140.24136572562273,182,0.010000000000000005,-100.0,,,,
408000,train_step,,,0.010000000000000005,-100.0,100000,51.49934005737305,-72.06014251708984,6.029082298278809
408234,episode_end,138.908985065786,293,0.010000000000000005,-100.0,,,,
408544,episode_end,145.78855100978998,310,0.010000000000000005,-100.0,,,,
408932,episode_end,92.15250102301984,388,0.010000000000000005,-100.0,,,,
409000,train_step,,,0.010000000000000005,-100.0,100000,26.242347717285156,-67.53153991699219,6.040696144104004
409249,episode_end,-241.2304054653707,317,0.010000000000000005,-100.0,,,,
409552,episode_end,153.0258388567251,303,0.010000000000000005,-100.0,,,,
410000,train_step,,,0.010000000000000005,-100.0,100000,22.837169647216797,-72.58197021484375,6.086402416229248
410064,episode_end,122.69167009314356,512,0.010000000000000005,-100.0,,,,
410314,episode_end,152.82138793408953,250,0.010000000000000005,-100.0,,,,
410619,episode_end,137.8890150281389,305,0.010000000000000005,-100.0,,,,
411000,train_step,,,0.010000000000000005,-100.0,100000,41.73085403442383,-67.83775329589844,6.29307746887207
411240,episode_end,123.41505880809547,621,0.010000000000000005,-100.0,,,,
411561,episode_end,163.34785934014553,321,0.010000000000000005,-100.0,,,,
411920,episode_end,151.22628142501682,359,0.010000000000000005,-100.0,,,,
412000,train_step,,,0.010000000000000005,-100.0,100000,9.578582763671875,-71.38916015625,5.994397163391113
412251,episode_end,141.34016838257284,331,0.010000000000000005,-100.0,,,,
412440,episode_end,-85.80645213574378,189,0.010000000000000005,-100.0,,,,
412657,episode_end,146.6204632235907,217,0.010000000000000005,-100.0,,,,
413000,train_step,,,0.010000000000000005,-100.0,100000,26.412588119506836,-71.01062774658203,6.188854694366455
413145,episode_end,108.65017438938352,488,0.010000000000000005,-100.0,,,,
413477,episode_end,147.95720298593622,332,0.010000000000000005,-100.0,,,,
414000,train_step,,,0.010000000000000005,-100.0,100000,30.42184829711914,-66.2974624633789,6.250804424285889
414368,episode_end,163.28846531871017,891,0.010000000000000005,-100.0,,,,
414555,episode_end,147.11782857643055,187,0.010000000000000005,-100.0,,,,
415000,train_step,,,0.010000000000000005,-100.0,100000,12.469423294067383,-69.07624816894531,6.599518775939941
415455,episode_end,9.583609129715,900,0.010000000000000005,-100.0,,,,
416000,train_step,,,0.010000000000000005,-100.0,100000,94.77674102783203,-67.16482543945312,7.2345380783081055
416455,episode_end,-163.15830325138185,1000,0.010000000000000005,-100.0,,,,
417000,train_step,,,0.010000000000000005,-100.0,100000,165.4473876953125,-68.15982055664062,6.09431266784668
417046,episode_end,234.42872377223287,591,0.010000000000000005,-100.0,,,,
417882,episode_end,-227.31042129262875,836,0.010000000000000005,-100.0,,,,
418000,train_step,,,0.010000000000000005,-100.0,100000,245.68948364257812,-68.05523681640625,6.584575176239014
418858,episode_end,-256.17298274725744,976,0.010000000000000005,-100.0,,,,
419000,train_step,,,0.010000000000000005,-100.0,100000,122.29363250732422,-70.70777130126953,6.178685188293457
419223,episode_end,157.83151161751363,365,0.010000000000000005,-100.0,,,,
419663,episode_end,138.04521003527765,440,0.010000000000000005,-100.0,,,,
420000,train_step,,,0.010000000000000005,-100.0,100000,189.39385986328125,-66.57386016845703,6.233268737792969
420184,episode_end,81.1130921810907,521,0.010000000000000005,-100.0,,,,
420925,episode_end,108.40807601447106,741,0.010000000000000005,-100.0,,,,
421000,train_step,,,0.010000000000000005,-100.0,100000,14.948436737060547,-67.64288330078125,6.130594730377197
421221,episode_end,226.64141438504055,296,0.010000000000000005,-100.0,,,,
421930,episode_end,-234.68442978596528,709,0.010000000000000005,-100.0,,,,
422000,train_step,,,0.010000000000000005,-100.0,100000,11.81906795501709,-67.1954345703125,6.258354187011719
422245,episode_end,179.31366142790623,315,0.010000000000000005,-100.0,,,,
422718,episode_end,-259.08723476555247,473,0.010000000000000005,-100.0,,,,
422942,episode_end,186.49564292748266,224,0.010000000000000005,-100.0,,,,
423000,train_step,,,0.010000000000000005,-100.0,100000,167.6117401123047,-68.55510711669922,6.046967506408691
423309,episode_end,110.72692761084144,367,0.010000000000000005,-100.0,,,,
423623,episode_end,179.85316722848313,314,0.010000000000000005,-100.0,,,,
424000,train_step,,,0.010000000000000005,-100.0,100000,34.859527587890625,-68.26812744140625,6.365081787109375
424623,episode_end,36.85884945322548,1000,0.010000000000000005,-100.0,,,,
425000,train_step,,,0.010000000000000005,-100.0,100000,22.45846939086914,-66.86831665039062,6.683815002441406
425552,episode_end,144.10963020988316,929,0.010000000000000005,-100.0,,,,
425914,episode_end,133.463039793595,362,0.010000000000000005,-100.0,,,,
426000,train_step,,,0.010000000000000005,-100.0,100000,14.317155838012695,-68.84463500976562,6.183112621307373
426228,episode_end,129.6171432478786,314,0.010000000000000005,-100.0,,,,
426768,episode_end,154.1033961754701,540,0.010000000000000005,-100.0,,,,
427000,train_step,,,0.010000000000000005,-100.0,100000,33.74238586425781,-69.17169189453125,6.513835906982422
427093,episode_end,181.52055104901925,325,0.010000000000000005,-100.0,,,,
427323,episode_end,137.17812089944331,230,0.010000000000000005,-100.0,,,,
427742,episode_end,-103.65339072704849,419,0.010000000000000005,-100.0,,,,
427970,episode_end,174.98100532866107,228,0.010000000000000005,-100.0,,,,
428000,train_step,,,0.010000000000000005,-100.0,100000,102.90586853027344,-69.37773132324219,6.557367324829102
428536,episode_end,123.89845644607709,566,0.010000000000000005,-100.0,,,,
428815,episode_end,179.41201295695794,279,0.010000000000000005,-100.0,,,,
429000,train_step,,,0.010000000000000005,-100.0,100000,119.70801544189453,-68.43846893310547,6.377729415893555
429063,episode_end,271.9930047224352,248,0.010000000000000005,-100.0,,,,
429404,episode_end,152.98770282750112,341,0.010000000000000005,-100.0,,,,
430000,train_step,,,0.010000000000000005,-100.0,100000,44.74623107910156,-66.6279067993164,6.366860389709473
430364,episode_end,-24.73855850958067,960,0.010000000000000005,-100.0,,,,
430681,episode_end,167.0285026266725,317,0.010000000000000005,-100.0,,,,
430922,episode_end,185.03580375269962,241,0.010000000000000005,-100.0,,,,
431000,train_step,,,0.010000000000000005,-100.0,100000,16.333030700683594,-67.25543212890625,6.992593765258789
431156,episode_end,291.6425409485024,234,0.010000000000000005,-100.0,,,,
431672,episode_end,134.4596095898233,516,0.010000000000000005,-100.0,,,,
431919,episode_end,249.98848890316742,247,0.010000000000000005,-100.0,,,,
432000,train_step,,,0.010000000000000005,-100.0,100000,217.32476806640625,-69.0401611328125,7.234073638916016
432274,episode_end,-126.61336066511927,355,0.010000000000000005,-100.0,,,,
433000,train_step,,,0.010000000000000005,-100.0,100000,20.416444778442383,-69.42988586425781,6.525571346282959
433274,episode_end,-95.72566785663263,1000,0.010000000000000005,-100.0,,,,
433545,episode_end,200.53201200345396,271,0.010000000000000005,-100.0,,,,
434000,train_step,,,0.010000000000000005,-100.0,100000,87.2216567993164,-71.55999755859375,7.202442169189453
434545,episode_end,68.84298910376812,1000,0.010000000000000005,-100.0,,,,
435000,train_step,,,0.010000000000000005,-100.0,100000,13.83590316772461,-69.27723693847656,6.866068363189697
435545,episode_end,-58.14575006149667,1000,0.010000000000000005,-100.0,,,,
435764,episode_end,200.4936718341007,219,0.010000000000000005,-100.0,,,,
436000,train_step,,,0.010000000000000005,-100.0,100000,28.706275939941406,-71.88626098632812,7.067383766174316
436115,episode_end,105.71982346698645,351,0.010000000000000005,-100.0,,,,
437000,train_step,,,0.010000000000000005,-100.0,100000,29.722999572753906,-66.87397003173828,6.641880512237549
437115,episode_end,-84.37982047358543,1000,0.010000000000000005,-100.0,,,,
437460,episode_end,282.96008059828785,345,0.010000000000000005,-100.0,,,,
437716,episode_end,249.0320274962317,256,0.010000000000000005,-100.0,,,,
438000,train_step,,,0.010000000000000005,-100.0,100000,171.1986083984375,-69.75994873046875,7.046309471130371
438442,episode_end,-146.71676389638924,726,0.010000000000000005,-100.0,,,,
438661,episode_end,165.2015334629165,219,0.010000000000000005,-100.0,,,,
438905,episode_end,191.7161379125411,244,0.010000000000000005,-100.0,,,,
439000,train_step,,,0.010000000000000005,-100.0,100000,62.33476257324219,-70.20121765136719,6.346521377563477
439128,episode_end,-13.007047554551747,223,0.010000000000000005,-100.0,,,,
439369,episode_end,300.21205272838375,241,0.010000000000000005,-100.0,,,,
439705,episode_end,-149.2128286130389,336,0.010000000000000005,-100.0,,,,
439970,episode_end,176.89911607203743,265,0.010000000000000005,-100.0,,,,
440000,train_step,,,0.010000000000000005,-100.0,100000,17.966365814208984,-73.9582290649414,6.834266185760498
440227,episode_end,295.70533915724366,257,0.010000000000000005,-100.0,,,,
441000,train_step,,,0.010000000000000005,-100.0,100000,81.60052490234375,-70.1090087890625,6.661383152008057
441060,episode_end,159.4460083391109,833,0.010000000000000005,-100.0,,,,
441305,episode_end,180.77951765019264,245,0.010000000000000005,-100.0,,,,
442000,train_step,,,0.010000000000000005,-100.0,100000,142.64389038085938,-71.87631225585938,6.328481674194336
442305,episode_end,-156.19820390959015,1000,0.010000000000000005,-100.0,,,,
442522,episode_end,164.40591773942037,217,0.010000000000000005,-100.0,,,,
443000,train_step,,,0.010000000000000005,-100.0,100000,136.3056182861328,-76.19734191894531,6.52341365814209
443516,episode_end,29.73404783403899,994,0.010000000000000005,-100.0,,,,
443721,episode_end,306.7198025227799,205,0.010000000000000005,-100.0,,,,
444000,train_step,,,0.010000000000000005,-100.0,100000,20.144840240478516,-74.09564208984375,6.391400337219238
444042,episode_end,253.37446063301712,321,0.010000000000000005,-100.0,,,,
444292,episode_end,85.89891424879417,250,0.010000000000000005,-100.0,,,,
444821,episode_end,-146.53042773371567,529,0.010000000000000005,-100.0,,,,
445000,train_step,,,0.010000000000000005,-100.0,100000,25.654830932617188,-67.953369140625,6.431676864624023
445148,episode_end,231.60483956200986,327,0.010000000000000005,-100.0,,,,
446000,train_step,,,0.010000000000000005,-100.0,100000,25.4729061126709,-74.34073638916016,6.363062381744385
446053,episode_end,182.32572802747393,905,0.010000000000000005,-100.0,,,,
446388,episode_end,271.63033363254084,335,0.010000000000000005,-100.0,,,,
446820,episode_end,210.37136486126292,432,0.010000000000000005,-100.0,,,,
447000,train_step,,,0.010000000000000005,-100.0,100000,40.79311752319336,-74.7514877319336,6.369935989379883
447099,episode_end,142.529131622038,279,0.010000000000000005,-100.0,,,,
447927,episode_end,65.41069759626882,828,0.010000000000000005,-100.0,,,,
448000,train_step,,,0.010000000000000005,-100.0,100000,61.17723083496094,-72.30255126953125,5.921442985534668
448122,episode_end,150.61997741708578,195,0.010000000000000005,-100.0,,,,
448607,episode_end,165.60781200441582,485,0.010000000000000005,-100.0,,,,
448846,episode_end,212.50385154105305,239,0.010000000000000005,-100.0,,,,
449000,train_step,,,0.010000000000000005,-100.0,100000,87.7393569946289,-77.71307373046875,5.869161128997803
449076,episode_end,306.357342442396,230,0.010000000000000005,-100.0,,,,
450000,train_step,,,0.010000000000000005,-100.0,100000,17.50873565673828,-73.77998352050781,5.884509086608887
450076,episode_end,-69.65344147082983,1000,0.010000000000000005,-100.0,,,,
450316,episode_end,320.9321342828646,240,0.010000000000000005,-100.0,,,,
451000,train_step,,,0.010000000000000005,-100.0,100000,75.58782958984375,-71.0831298828125,5.491602897644043
451316,episode_end,-51.68190693235849,1000,0.010000000000000005,-100.0,,,,
451577,episode_end,314.73970376410114,261,0.010000000000000005,-100.0,,,,
452000,train_step,,,0.010000000000000005,-100.0,100000,90.73902893066406,-70.95950317382812,5.72661018371582
452012,episode_end,114.29289714401956,435,0.010000000000000005,-100.0,,,,
453000,train_step,,,0.010000000000000005,-100.0,100000,12.65677261352539,-73.80558776855469,6.021857738494873
453012,episode_end,-106.96483116848188,1000,0.010000000000000005,-100.0,,,,
454000,train_step,,,0.010000000000000005,-100.0,100000,27.031322479248047,-72.98637390136719,5.632076740264893
454012,episode_end,-78.08261763769997,1000,0.010000000000000005,-100.0,,,,
454311,episode_end,194.57694963671472,299,0.010000000000000005,-100.0,,,,
455000,train_step,,,0.010000000000000005,-100.0,100000,17.335628509521484,-70.68031311035156,6.086769104003906
455163,episode_end,38.33288393640827,852,0.010000000000000005,-100.0,,,,
455378,episode_end,305.9778737750062,215,0.010000000000000005,-100.0,,,,
455611,episode_end,146.47633523487428,233,0.010000000000000005,-100.0,,,,
456000,train_step,,,0.010000000000000005,-100.0,100000,19.398113250732422,-74.1480712890625,6.186968803405762
456066,episode_end,259.2768435437371,455,0.010000000000000005,-100.0,,,,
456568,episode_end,192.18930714749268,502,0.010000000000000005,-100.0,,,,
456741,episode_end,-128.66130540624292,173,0.010000000000000005,-100.0,,,,
457000,train_step,,,0.010000000000000005,-100.0,100000,37.4101676940918,-74.93547058105469,5.9568891525268555
457138,episode_end,108.49811587588793,397,0.010000000000000005,-100.0,,,,
457331,episode_end,-116.86986896513383,193,0.010000000000000005,-100.0,,,,
457691,episode_end,221.492789871256,360,0.010000000000000005,-100.0,,,,
458000,train_step,,,0.010000000000000005,-100.0,100000,57.16699981689453,-77.07755279541016,6.932827949523926
458019,episode_end,-91.99818280073447,328,0.010000000000000005,-100.0,,,,
458120,episode_end,-103.53612669382873,101,0.010000000000000005,-100.0,,,,
458214,episode_end,-239.4504528633586,94,0.010000000000000005,-100.0,,,,
458307,episode_end,-356.5979387262186,93,0.010000000000000005,-100.0,,,,
458405,episode_end,-203.49217648804074,98,0.010000000000000005,-100.0,,,,
458535,episode_end,-147.18281549965494,130,0.010000000000000005,-100.0,,,,
458794,episode_end,67.70250353308643,259,0.010000000000000005,-100.0,,,,
459000,train_step,,,0.010000000000000005,-100.0,100000,22.643756866455078,-70.58566284179688,6.7792510986328125
459126,episode_end,141.57123044518505,332,0.010000000000000005,-100.0,,,,
459608,episode_end,251.82023795006725,482,0.010000000000000005,-100.0,,,,
459803,episode_end,-153.02992534737407,195,0.010000000000000005,-100.0,,,,
459928,episode_end,-239.24163728750412,125,0.010000000000000005,-100.0,,,,
460000,train_step,,,0.010000000000000005,-100.0,100000,24.202362060546875,-70.84955596923828,6.681610107421875
460007,episode_end,-109.38787420445172,79,0.010000000000000005,-100.0,,,,
460357,episode_end,152.13625012433417,350,0.010000000000000005,-100.0,,,,
460671,episode_end,154.93605563650908,314,0.010000000000000005,-100.0,,,,
461000,train_step,,,0.010000000000000005,-100.0,100000,34.59007263183594,-77.17202758789062,6.784317970275879
461671,episode_end,18.755158680567483,1000,0.010000000000000005,-100.0,,,,
461787,episode_end,-363.3983514325851,116,0.010000000000000005,-100.0,,,,
462000,train_step,,,0.010000000000000005,-100.0,100000,77.13313293457031,-76.81553649902344,6.180861473083496
462130,episode_end,164.9007177950063,343,0.010000000000000005,-100.0,,,,
463000,train_step,,,0.010000000000000005,-100.0,100000,21.60444450378418,-78.27455139160156,7.082721710205078
463130,episode_end,44.07588758435292,1000,0.010000000000000005,-100.0,,,,
463517,episode_end,132.69282924327172,387,0.010000000000000005,-100.0,,,,
463663,episode_end,-169.05404938674883,146,0.010000000000000005,-100.0,,,,
463984,episode_end,183.52413695015696,321,0.010000000000000005,-100.0,,,,
464000,train_step,,,0.010000000000000005,-100.0,100000,43.41597366333008,-78.64138793945312,6.650221824645996
464276,episode_end,-79.81215113658327,292,0.010000000000000005,-100.0,,,,
464553,episode_end,181.23405419111413,277,0.010000000000000005,-100.0,,,,
464712,episode_end,-93.31266198042451,159,0.010000000000000005,-100.0,,,,
464964,episode_end,157.41539900803906,252,0.010000000000000005,-100.0,,,,
465000,train_step,,,0.010000000000000005,-100.0,100000,52.228538513183594,-77.37608337402344,5.881485939025879
465306,episode_end,168.9461052201175,342,0.010000000000000005,-100.0,,,,
466000,train_step,,,0.010000000000000005,-100.0,100000,29.306821823120117,-80.2728042602539,6.289094924926758
466306,episode_end,-175.60182614692363,1000,0.010000000000000005,-100.0,,,,
466826,episode_end,116.13685423397301,520,0.010000000000000005,-100.0,,,,
467000,train_step,,,0.010000000000000005,-100.0,100000,14.66234016418457,-72.47355651855469,6.422497749328613
467116,episode_end,190.95746703957425,290,0.010000000000000005,-100.0,,,,
467580,episode_end,149.89476706033923,464,0.010000000000000005,-100.0,,,,
468000,train_step,,,0.010000000000000005,-100.0,100000,202.08627319335938,-69.56558227539062,6.703122138977051
468302,episode_end,67.46722148970147,722,0.010000000000000005,-100.0,,,,
468772,episode_end,137.02031956151967,470,0.010000000000000005,-100.0,,,,
469000,train_step,,,0.010000000000000005,-100.0,100000,21.036617279052734,-72.3763427734375,6.397494316101074
469087,episode_end,132.4762566397829,315,0.010000000000000005,-100.0,,,,
469515,episode_end,154.00007711793592,428,0.010000000000000005,-100.0,,,,
470000,train_step,,,0.010000000000000005,-100.0,100000,23.877229690551758,-68.24116516113281,6.44904088973999
470447,episode_end,75.30936630183164,932,0.010000000000000005,-100.0,,,,
471000,train_step,,,0.010000000000000005,-100.0,100000,20.966236114501953,-68.67900085449219,5.844090938568115
471025,episode_end,96.61697578520298,578,0.010000000000000005,-100.0,,,,
471609,episode_end,144.5960047089773,584,0.010000000000000005,-100.0,,,,
471984,episode_end,247.28340321180818,375,0.010000000000000005,-100.0,,,,
472000,train_step,,,0.010000000000000005,-100.0,100000,15.215072631835938,-66.29263305664062,5.860166072845459
472984,episode_end,45.03647908663144,1000,0.010000000000000005,-100.0,,,,
473000,train_step,,,0.010000000000000005,-100.0,100000,22.106792449951172,-68.51666259765625,5.883539199829102
473721,episode_end,167.56643722562046,737,0.010000000000000005,-100.0,,,,
474000,train_step,,,0.010000000000000005,-100.0,100000,117.297119140625,-66.37112426757812,6.105011940002441
474033,episode_end,275.7099726882042,312,0.010000000000000005,-100.0,,,,
474305,episode_end,167.75542994548346,272,0.010000000000000005,-100.0,,,,
475000,train_step,,,0.010000000000000005,-100.0,100000,95.34907531738281,-63.563297271728516,6.572986602783203
475305,episode_end,-39.9785501486277,1000,0.010000000000000005,-100.0,,,,
476000,train_step,,,0.010000000000000005,-100.0,100000,16.885717391967773,-68.64695739746094,6.476393222808838
476305,episode_end,-49.70152224655345,1000,0.010000000000000005,-100.0,,,,
477000,train_step,,,0.010000000000000005,-100.0,100000,67.09224700927734,-66.94995880126953,6.022289276123047
477305,episode_end,-60.494257036842185,1000,0.010000000000000005,-100.0,,,,
477494,episode_end,164.7566531990578,189,0.010000000000000005,-100.0,,,,
478000,train_step,,,0.010000000000000005,-100.0,100000,75.5844955444336,-65.08522033691406,6.2001471519470215
478494,episode_end,-114.15976053222455,1000,0.010000000000000005,-100.0,,,,
479000,train_step,,,0.010000000000000005,-100.0,100000,62.37542724609375,-65.74259948730469,6.632933139801025
479011,episode_end,150.10451095017007,517,0.010000000000000005,-100.0,,,,
480000,train_step,,,0.010000000000000005,-100.0,100000,14.335088729858398,-65.32667541503906,6.706145286560059
480011,episode_end,-90.97443341188038,1000,0.010000000000000005,-100.0,,,,
480370,episode_end,215.7810341103674,359,0.010000000000000005,-100.0,,,,
481000,train_step,,,0.010000000000000005,-100.0,100000,26.10680389404297,-64.43326568603516,5.806568622589111
481370,episode_end,-58.76115522749447,1000,0.010000000000000005,-100.0,,,,
481936,episode_end,118.51886657851776,566,0.010000000000000005,-100.0,,,,
482000,train_step,,,0.010000000000000005,-100.0,100000,63.873573303222656,-66.82513427734375,6.082669258117676
482936,episode_end,-54.93370551437328,1000,0.010000000000000005,-100.0,,,,
483000,train_step,,,0.010000000000000005,-100.0,100000,109.62830352783203,-66.88226318359375,6.396237373352051
483149,episode_end,263.67762108315395,213,0.010000000000000005,-100.0,,,,
483383,episode_end,-47.66499966288151,234,0.010000000000000005,-100.0,,,,
484000,train_step,,,0.010000000000000005,-100.0,100000,69.3770751953125,-64.6658935546875,5.926353454589844
484383,episode_end,-29.227034838627738,1000,0.010000000000000005,-100.0,,,,
484628,episode_end,273.9953402555187,245,0.010000000000000005,-100.0,,,,
485000,train_step,,,0.010000000000000005,-100.0,100000,23.22330665588379,-64.83412170410156,6.549119472503662
485628,episode_end,46.44687347983928,1000,0.010000000000000005,-100.0,,,,
486000,train_step,,,0.010000000000000005,-100.0,100000,80.9857177734375,-64.29846954345703,6.052238941192627
486608,episode_end,148.18778014469092,980,0.010000000000000005,-100.0,,,,
487000,train_step,,,0.010000000000000005,-100.0,100000,71.46671295166016,-64.01110076904297,6.4019880294799805
487608,episode_end,-106.36168029733192,1000,0.010000000000000005,-100.0,,,,
488000,train_step,,,0.010000000000000005,-100.0,100000,16.962364196777344,-64.98812866210938,6.523187160491943
488446,episode_end,143.56769028155207,838,0.010000000000000005,-100.0,,,,
488564,episode_end,-55.28391545983392,118,0.010000000000000005,-100.0,,,,
488760,episode_end,153.7415389169121,196,0.010000000000000005,-100.0,,,,
489000,train_step,,,0.010000000000000005,-100.0,100000,14.857324600219727,-66.18475341796875,6.34644889831543
489760,episode_end,-78.90262646817415,1000,0.010000000000000005,-100.0,,,,
490000,train_step,,,0.010000000000000005,-100.0,100000,17.91392707824707,-65.10768127441406,6.431037902832031
490122,episode_end,270.9807354751665,362,0.010000000000000005,-100.0,,,,
491000,train_step,,,0.010000000000000005,-100.0,100000,12.162351608276367,-61.421051025390625,5.854673862457275
491122,episode_end,-77.66711561789732,1000,0.010000000000000005,-100.0,,,,
492000,train_step,,,0.010000000000000005,-100.0,100000,60.40809631347656,-62.29597091674805,6.172165870666504
492122,episode_end,-95.1568320977829,1000,0.010000000000000005,-100.0,,,,
493000,train_step,,,0.010000000000000005,-100.0,100000,18.101707458496094,-65.66593933105469,5.783976078033447
493122,episode_end,-49.80564730983266,1000,0.010000000000000005,-100.0,,,,
494000,train_step,,,0.010000000000000005,-100.0,100000,93.39230346679688,-64.27104187011719,6.2767839431762695
494122,episode_end,-95.31009886428035,1000,0.010000000000000005,-100.0,,,,
495000,train_step,,,0.010000000000000005,-100.0,100000,23.547908782958984,-66.38810729980469,6.295709609985352
495122,episode_end,-50.6300770873528,1000,0.010000000000000005,-100.0,,,,
495424,episode_end,234.3827251715332,302,0.010000000000000005,-100.0,,,,
496000,train_step,,,0.010000000000000005,-100.0,100000,22.50010108947754,-63.713531494140625,5.783951759338379
496424,episode_end,-104.34089445476637,1000,0.010000000000000005,-100.0,,,,
496645,episode_end,250.55796121901832,221,0.010000000000000005,-100.0,,,,
497000,train_step,,,0.010000000000000005,-100.0,100000,10.502131462097168,-59.77690124511719,6.031455993652344
497645,episode_end,23.853481018917382,1000,0.010000000000000005,-100.0,,,,
498000,train_step,,,0.010000000000000005,-100.0,100000,27.478267669677734,-63.737884521484375,5.622800827026367
498645,episode_end,-56.45820791865991,1000,0.010000000000000005,-100.0,,,,
499000,train_step,,,0.010000000000000005,-100.0,100000,11.360376358032227,-59.64126205444336,6.050576210021973
499276,episode_end,-314.79468565257037,631,0.010000000000000005,-100.0,,,,
500000,train_step,,,0.010000000000000005,-100.0,100000,24.785533905029297,-60.33864974975586,5.46814489364624
500276,episode_end,82.04382454479753,1000,0.010000000000000005,-100.0,,,,
501000,train_step,,,0.010000000000000005,-100.0,100000,33.822509765625,-63.44700241088867,5.643034934997559
501276,episode_end,-82.37093417374876,1000,0.010000000000000005,-100.0,,,,
502000,train_step,,,0.010000000000000005,-100.0,100000,17.312515258789062,-64.75283813476562,5.757194995880127
502276,episode_end,-35.32688240366383,1000,0.010000000000000005,-100.0,,,,
502496,episode_end,308.2771085595692,220,0.010000000000000005,-100.0,,,,
502787,episode_end,-335.920350568239,291,0.010000000000000005,-100.0,,,,
503000,train_step,,,0.010000000000000005,-100.0,100000,14.367232322692871,-57.69792938232422,5.880575180053711
503787,episode_end,-47.16216239575154,1000,0.010000000000000005,-100.0,,,,
504000,train_step,,,0.010000000000000005,-100.0,100000,27.572925567626953,-60.65566635131836,5.556403160095215
504013,episode_end,312.85282655481876,226,0.010000000000000005,-100.0,,,,
504192,episode_end,169.27540622396924,179,0.010000000000000005,-100.0,,,,
504534,episode_end,119.82166530804832,342,0.010000000000000005,-100.0,,,,
504630,episode_end,-164.57814498274553,96,0.010000000000000005,-100.0,,,,
505000,train_step,,,0.010000000000000005,-100.0,100000,15.869139671325684,-61.69614028930664,5.845378398895264
505630,episode_end,-71.83428513504356,1000,0.010000000000000005,-100.0,,,,
506000,train_step,,,0.010000000000000005,-100.0,100000,14.428792953491211,-58.05060577392578,5.527204990386963
506630,episode_end,-69.2186382943177,1000,0.010000000000000005,-100.0,,,,
507000,train_step,,,0.010000000000000005,-100.0,100000,33.434749603271484,-56.436241149902344,5.981065273284912
507630,episode_end,-29.85412084748655,1000,0.010000000000000005,-100.0,,,,
508000,train_step,,,0.010000000000000005,-100.0,100000,38.06777572631836,-54.981136322021484,5.710360527038574
508630,episode_end,-48.78454508664517,1000,0.010000000000000005,-100.0,,,,
509000,train_step,,,0.010000000000000005,-100.0,100000,13.679403305053711,-50.57695007324219,5.631084442138672
509630,episode_end,-56.50325737122753,1000,0.010000000000000005,-100.0,,,,
509801,episode_end,164.68576586619042,171,0.010000000000000005,-100.0,,,,
509941,episode_end,-164.93259643361068,140,0.010000000000000005,-100.0,,,,
510000,train_step,,,0.010000000000000005,-100.0,100000,13.405467987060547,-57.259971618652344,5.339446544647217
510562,episode_end,198.2418491768489,621,0.010000000000000005,-100.0,,,,
510740,episode_end,269.2824436397278,178,0.010000000000000005,-100.0,,,,
510887,episode_end,-254.27906862649976,147,0.010000000000000005,-100.0,,,,
511000,train_step,,,0.010000000000000005,-100.0,100000,18.999706268310547,-57.80809020996094,5.460721015930176
511204,episode_end,157.9854260996755,317,0.010000000000000005,-100.0,,,,
512000,train_step,,,0.010000000000000005,-100.0,100000,211.66160583496094,-52.45375061035156,5.328887939453125
512204,episode_end,-62.39573924401626,1000,0.010000000000000005,-100.0,,,,
513000,train_step,,,0.010000000000000005,-100.0,100000,93.3690185546875,-51.874046325683594,5.3545660972595215
513204,episode_end,-93.09235303160003,1000,0.010000000000000005,-100.0,,,,
513768,episode_end,44.40712427853028,564,0.010000000000000005,-100.0,,,,
514000,train_step,,,0.010000000000000005,-100.0,100000,69.07786560058594,-53.88825988769531,5.441653251647949
514070,episode_end,152.34202997144462,302,0.010000000000000005,-100.0,,,,
514316,episode_end,283.23175853103805,246,0.010000000000000005,-100.0,,,,
515000,train_step,,,0.010000000000000005,-100.0,100000,19.931655883789062,-50.17359161376953,5.4103264808654785
515316,episode_end,-90.64633824934285,1000,0.010000000000000005,-100.0,,,,
516000,train_step,,,0.010000000000000005,-100.0,100000,16.60157585144043,-54.481903076171875,6.1918792724609375
516316,episode_end,-55.666706564386274,1000,0.010000000000000005,-100.0,,,,
517000,train_step,,,0.010000000000000005,-100.0,100000,7.412845134735107,-52.001468658447266,5.759613037109375
517316,episode_end,-83.71007880813535,1000,0.010000000000000005,-100.0,,,,
518000,train_step,,,0.010000000000000005,-100.0,100000,9.631919860839844,-49.10535430908203,5.456169128417969
518316,episode_end,-88.71741267655857,1000,0.010000000000000005,-100.0,,,,
519000,train_step,,,0.010000000000000005,-100.0,100000,11.866849899291992,-52.96448516845703,5.598502159118652
519316,episode_end,-78.33489224022213,1000,0.010000000000000005,-100.0,,,,
520000,train_step,,,0.010000000000000005,-100.0,100000,8.57276725769043,-52.89590072631836,5.877954483032227
520316,episode_end,-70.13868673188512,1000,0.010000000000000005,-100.0,,,,
521000,train_step,,,0.010000000000000005,-100.0,100000,14.975157737731934,-45.12702560424805,5.291167259216309
521035,episode_end,185.12878948640775,719,0.010000000000000005,-100.0,,,,
521271,episode_end,267.96967714046207,236,0.010000000000000005,-100.0,,,,
522000,train_step,,,0.010000000000000005,-100.0,100000,16.205886840820312,-47.13740539550781,5.042492389678955
522271,episode_end,-93.59596628188527,1000,0.010000000000000005,-100.0,,,,
523000,train_step,,,0.010000000000000005,-100.0,100000,16.19516372680664,-46.37701416015625,5.101284980773926
523271,episode_end,-128.55021562847395,1000,0.010000000000000005,-100.0,,,,
524000,train_step,,,0.010000000000000005,-100.0,100000,25.54819107055664,-48.516700744628906,5.332867622375488
524271,episode_end,-46.86929816205091,1000,0.010000000000000005,-100.0,,,,
525000,train_step,,,0.010000000000000005,-100.0,100000,24.938383102416992,-48.3139762878418,5.598321914672852
525271,episode_end,-74.36393657378848,1000,0.010000000000000005,-100.0,,,,
525431,episode_end,-187.33311188123918,160,0.010000000000000005,-100.0,,,,
526000,train_step,,,0.010000000000000005,-100.0,100000,29.892921447753906,-47.1392822265625,5.393014907836914
526431,episode_end,-107.3714598591862,1000,0.010000000000000005,-100.0,,,,
527000,train_step,,,0.010000000000000005,-100.0,100000,12.655909538269043,-47.856689453125,5.521472930908203
527431,episode_end,-37.29559810050044,1000,0.010000000000000005,-100.0,,,,
528000,train_step,,,0.010000000000000005,-100.0,100000,12.373697280883789,-45.889747619628906,5.443960189819336
528154,episode_end,217.09056541549552,723,0.010000000000000005,-100.0,,,,
528469,episode_end,286.8841977892317,315,0.010000000000000005,-100.0,,,,
529000,train_step,,,0.010000000000000005,-100.0,100000,31.56005096435547,-47.98842239379883,5.5033369064331055
529007,episode_end,211.78754049964598,538,0.010000000000000005,-100.0,,,,
529370,episode_end,250.66449343846793,363,0.010000000000000005,-100.0,,,,
529707,episode_end,259.0647894412932,337,0.010000000000000005,-100.0,,,,
530000,train_step,,,0.010000000000000005,-100.0,100000,13.922309875488281,-46.340843200683594,5.336747646331787
530061,episode_end,250.9877926988882,354,0.010000000000000005,-100.0,,,,
530949,episode_end,53.81628032047003,888,0.010000000000000005,-100.0,,,,
531000,train_step,,,0.010000000000000005,-100.0,100000,10.283832550048828,-43.87269973754883,4.990265846252441
531909,episode_end,65.75837462082228,960,0.010000000000000005,-100.0,,,,
532000,train_step,,,0.010000000000000005,-100.0,100000,11.430596351623535,-44.84991455078125,5.629964351654053
532654,episode_end,230.68980496785426,745,0.010000000000000005,-100.0,,,,
533000,train_step,,,0.010000000000000005,-100.0,100000,10.659649848937988,-47.7716178894043,5.808108329772949
533584,episode_end,173.05158692906397,930,0.010000000000000005,-100.0,,,,
534000,train_step,,,0.010000000000000005,-100.0,100000,11.383255958557129,-43.73131561279297,5.836032867431641
534584,episode_end,-53.46231120718954,1000,0.010000000000000005,-100.0,,,,
534777,episode_end,171.25662506776536,193,0.010000000000000005,-100.0,,,,
534994,episode_end,300.83011717517354,217,0.010000000000000005,-100.0,,,,
535000,train_step,,,0.010000000000000005,-100.0,100000,73.8656005859375,-45.70088195800781,5.8566460609436035
535994,episode_end,-10.28585072170248,1000,0.010000000000000005,-100.0,,,,
536000,train_step,,,0.010000000000000005,-100.0,100000,11.426238059997559,-45.798072814941406,6.179788589477539
536186,episode_end,189.3433849321599,192,0.010000000000000005,-100.0,,,,
536418,episode_end,22.391040198284315,232,0.010000000000000005,-100.0,,,,
536824,episode_end,205.68230699449256,406,0.010000000000000005,-100.0,,,,
537000,train_step,,,0.010000000000000005,-100.0,100000,16.513708114624023,-47.477210998535156,5.898272514343262
537096,episode_end,291.29379017015447,272,0.010000000000000005,-100.0,,,,
537594,episode_end,192.28785853835245,498,0.010000000000000005,-100.0,,,,
538000,train_step,,,0.010000000000000005,-100.0,100000,17.269065856933594,-46.80088806152344,6.392122268676758
538092,episode_end,187.00406744828155,498,0.010000000000000005,-100.0,,,,
538711,episode_end,261.59054019771156,619,0.010000000000000005,-100.0,,,,
539000,train_step,,,0.010000000000000005,-100.0,100000,8.084754943847656,-50.55237579345703,6.28711462020874
539021,episode_end,252.66832584065625,310,0.010000000000000005,-100.0,,,,
539385,episode_end,294.06030991943453,364,0.010000000000000005,-100.0,,,,
539629,episode_end,155.6720087957633,244,0.010000000000000005,-100.0,,,,
539936,episode_end,282.74082712473086,307,0.010000000000000005,-100.0,,,,
540000,train_step,,,0.010000000000000005,-100.0,100000,80.34086608886719,-48.53725814819336,6.56270694732666
540218,episode_end,123.91273615447257,282,0.010000000000000005,-100.0,,,,
540467,episode_end,249.53159737429877,249,0.010000000000000005,-100.0,,,,
540691,episode_end,228.79983557324678,224,0.010000000000000005,-100.0,,,,
541000,train_step,,,0.010000000000000005,-100.0,100000,48.145179748535156,-49.196510314941406,6.500289440155029
541064,episode_end,271.3958947562455,373,0.010000000000000005,-100.0,,,,
541478,episode_end,230.31064718809938,414,0.010000000000000005,-100.0,,,,
541753,episode_end,166.26406958088944,275,0.010000000000000005,-100.0,,,,
542000,train_step,,,0.010000000000000005,-100.0,100000,11.5487642288208,-50.20258331298828,6.057114601135254
542105,episode_end,241.91380077544554,352,0.010000000000000005,-100.0,,,,
542700,episode_end,227.10411804941262,595,0.010000000000000005,-100.0,,,,
543000,train_step,,,0.010000000000000005,-100.0,100000,14.119193077087402,-50.80487060546875,6.575186729431152
543294,episode_end,180.03330808780072,594,0.010000000000000005,-100.0,,,,
544000,train_step,,,0.010000000000000005,-100.0,100000,7.546819686889648,-46.237667083740234,6.234513282775879
544249,episode_end,225.6570898304281,955,0.010000000000000005,-100.0,,,,
544874,episode_end,262.86061859857165,625,0.010000000000000005,-100.0,,,,
545000,train_step,,,0.010000000000000005,-100.0,100000,66.56111145019531,-53.094295501708984,6.207009792327881
545208,episode_end,276.90281717864434,334,0.010000000000000005,-100.0,,,,
545508,episode_end,245.40002783634486,300,0.010000000000000005,-100.0,,,,
545811,episode_end,269.62278359994247,303,0.010000000000000005,-100.0,,,,
546000,train_step,,,0.010000000000000005,-100.0,100000,7.32271146774292,-51.895137786865234,6.0270490646362305
546350,episode_end,257.0024774467697,539,0.010000000000000005,-100.0,,,,
546554,episode_end,270.3366903145303,204,0.010000000000000005,-100.0,,,,
546825,episode_end,281.08490459330733,271,0.010000000000000005,-100.0,,,,
547000,train_step,,,0.010000000000000005,-100.0,100000,50.24692153930664,-52.31871032714844,5.969494819641113
547135,episode_end,211.88478485162886,310,0.010000000000000005,-100.0,,,,
547494,episode_end,249.83759758452686,359,0.010000000000000005,-100.0,,,,
547748,episode_end,133.01748896329545,254,0.010000000000000005,-100.0,,,,
548000,train_step,,,0.010000000000000005,-100.0,100000,26.170570373535156,-49.158447265625,6.07974910736084
548118,episode_end,218.56780747952877,370,0.010000000000000005,-100.0,,,,
548553,episode_end,189.0791039172989,435,0.010000000000000005,-100.0,,,,
548928,episode_end,280.8245476681136,375,0.010000000000000005,-100.0,,,,
549000,train_step,,,0.010000000000000005,-100.0,100000,9.67005729675293,-51.16594696044922,6.248142242431641
549614,episode_end,163.80986266881035,686,0.010000000000000005,-100.0,,,,
549816,episode_end,259.00454872355414,202,0.010000000000000005,-100.0,,,,
550000,train_step,,,0.010000000000000005,-100.0,100000,10.91632080078125,-49.22423553466797,6.0756731033325195
550070,episode_end,105.37145260936363,254,0.010000000000000005,-100.0,,,,
550417,episode_end,241.04871199550436,347,0.010000000000000005,-100.0,,,,
550654,episode_end,151.98009230156828,237,0.010000000000000005,-100.0,,,,
551000,train_step,,,0.010000000000000005,-100.0,100000,37.97222137451172,-47.22981643676758,5.9371137619018555
551258,episode_end,126.38190627049275,604,0.010000000000000005,-100.0,,,,
551650,episode_end,257.9507669776939,392,0.010000000000000005,-100.0,,,,
552000,train_step,,,0.010000000000000005,-100.0,100000,7.757048606872559,-49.814449310302734,5.6636271476745605
552219,episode_end,112.00902238472575,569,0.010000000000000005,-100.0,,,,
552455,episode_end,274.6559840550806,236,0.010000000000000005,-100.0,,,,
552740,episode_end,131.43383210940354,285,0.010000000000000005,-100.0,,,,
553000,train_step,,,0.010000000000000005,-100.0,100000,57.65443801879883,-48.06003952026367,6.291007995605469
553024,episode_end,211.49167826883655,284,0.010000000000000005,-100.0,,,,
553697,episode_end,78.00201079734175,673,0.010000000000000005,-100.0,,,,
554000,train_step,,,0.010000000000000005,-100.0,100000,12.397506713867188,-45.001800537109375,5.803876876831055
554160,episode_end,255.76126914742514,463,0.010000000000000005,-100.0,,,,
554432,episode_end,236.5105857198661,272,0.010000000000000005,-100.0,,,,
554824,episode_end,237.30534774111604,392,0.010000000000000005,-100.0,,,,
555000,train_step,,,0.010000000000000005,-100.0,100000,12.271002769470215,-47.33381652832031,5.502718925476074
555170,episode_end,252.1512020553879,346,0.010000000000000005,-100.0,,,,
556000,train_step,,,0.010000000000000005,-100.0,100000,11.805028915405273,-49.55691909790039,5.98078727722168
556170,episode_end,-70.49520189066074,1000,0.010000000000000005,-100.0,,,,
556440,episode_end,222.11786672036592,270,0.010000000000000005,-100.0,,,,
557000,train_step,,,0.010000000000000005,-100.0,100000,26.66823959350586,-43.722991943359375,5.300216197967529
557222,episode_end,-271.79838767194053,782,0.010000000000000005,-100.0,,,,
557497,episode_end,219.0780268998261,275,0.010000000000000005,-100.0,,,,
557772,episode_end,281.6273454023518,275,0.010000000000000005,-100.0,,,,
558000,train_step,,,0.010000000000000005,-100.0,100000,17.714252471923828,-46.001773834228516,5.2286176681518555
558166,episode_end,143.49923052722622,394,0.010000000000000005,-100.0,,,,
558924,episode_end,105.7890420387698,758,0.010000000000000005,-100.0,,,,
559000,train_step,,,0.010000000000000005,-100.0,100000,129.21209716796875,-44.156429290771484,5.705964088439941
559916,episode_end,253.3114909428339,992,0.010000000000000005,-100.0,,,,
560000,train_step,,,0.010000000000000005,-100.0,100000,7.564750671386719,-41.899234771728516,5.436962127685547
560251,episode_end,229.36870333849487,335,0.010000000000000005,-100.0,,,,
561000,train_step,,,0.010000000000000005,-100.0,100000,7.292383193969727,-40.03863525390625,4.926060199737549
561002,episode_end,217.54337555309846,751,0.010000000000000005,-100.0,,,,
561812,episode_end,81.33438530087895,810,0.010000000000000005,-100.0,,,,
562000,train_step,,,0.010000000000000005,-100.0,100000,18.78730583190918,-43.60150146484375,5.296222686767578
562021,episode_end,226.92290126167865,209,0.010000000000000005,-100.0,,,,
562292,episode_end,273.4558987546212,271,0.010000000000000005,-100.0,,,,
562519,episode_end,139.97154710322656,227,0.010000000000000005,-100.0,,,,
562785,episode_end,139.7197219889456,266,0.010000000000000005,-100.0,,,,
563000,train_step,,,0.010000000000000005,-100.0,100000,5.896944999694824,-39.51944351196289,5.006361961364746
563785,episode_end,-86.90042602166272,1000,0.010000000000000005,-100.0,,,,
564000,train_step,,,0.010000000000000005,-100.0,100000,8.012837409973145,-40.281089782714844,5.428195953369141
564037,episode_end,259.8070546640748,252,0.010000000000000005,-100.0,,,,
565000,train_step,,,0.010000000000000005,-100.0,100000,7.657874584197998,-39.30126190185547,5.385141849517822
565037,episode_end,-55.588390641454104,1000,0.010000000000000005,-100.0,,,,
565274,episode_end,259.71682473100356,237,0.010000000000000005,-100.0,,,,
565512,episode_end,234.4486592894063,238,0.010000000000000005,-100.0,,,,
565819,episode_end,271.84494118091425,307,0.010000000000000005,-100.0,,,,
566000,train_step,,,0.010000000000000005,-100.0,100000,6.485219955444336,-39.40546798706055,5.525931358337402
566819,episode_end,-53.03946365064138,1000,0.010000000000000005,-100.0,,,,
567000,train_step,,,0.010000000000000005,-100.0,100000,7.080246925354004,-36.799774169921875,5.30879545211792
567819,episode_end,-91.50330874929848,1000,0.010000000000000005,-100.0,,,,
568000,train_step,,,0.010000000000000005,-100.0,100000,11.679615020751953,-38.52348709106445,4.889542579650879
568089,episode_end,237.48543766190411,270,0.010000000000000005,-100.0,,,,
568559,episode_end,295.379069051413,470,0.010000000000000005,-100.0,,,,
569000,train_step,,,0.010000000000000005,-100.0,100000,9.24207878112793,-38.285430908203125,4.730429649353027
569559,episode_end,-78.67386202689876,1000,0.010000000000000005,-100.0,,,,
570000,train_step,,,0.010000000000000005,-100.0,100000,7.380602836608887,-34.83479309082031,4.261660099029541
570559,episode_end,-78.46786828984357,1000,0.010000000000000005,-100.0,,,,
571000,train_step,,,0.010000000000000005,-100.0,100000,4.47242546081543,-35.215789794921875,4.61746072769165
571559,episode_end,-120.24389588545188,1000,0.010000000000000005,-100.0,,,,
571859,episode_end,189.50790838893843,300,0.010000000000000005,-100.0,,,,
572000,train_step,,,0.010000000000000005,-100.0,100000,4.144979476928711,-36.76986312866211,4.4591064453125
572859,episode_end,-61.536190505570524,1000,0.010000000000000005,-100.0,,,,
573000,train_step,,,0.010000000000000005,-100.0,100000,4.156830310821533,-38.247154235839844,4.54385232925415
573171,episode_end,253.33317290971019,312,0.010000000000000005,-100.0,,,,
573409,episode_end,275.2933165332545,238,0.010000000000000005,-100.0,,,,
573613,episode_end,160.12459592864138,204,0.010000000000000005,-100.0,,,,
573910,episode_end,270.9120055735697,297,0.010000000000000005,-100.0,,,,
574000,train_step,,,0.010000000000000005,-100.0,100000,6.02657413482666,-35.98394012451172,4.504416465759277
574087,episode_end,165.81213507800038,177,0.010000000000000005,-100.0,,,,
574367,episode_end,300.85823372264247,280,0.010000000000000005,-100.0,,,,
574647,episode_end,269.43756786237975,280,0.010000000000000005,-100.0,,,,
574955,episode_end,225.60717295898777,308,0.010000000000000005,-100.0,,,,
575000,train_step,,,0.010000000000000005,-100.0,100000,9.36026382446289,-38.259742736816406,4.325102806091309
575320,episode_end,210.0747007674656,365,0.010000000000000005,-100.0,,,,
575586,episode_end,223.57967681742693,266,0.010000000000000005,-100.0,,,,
575875,episode_end,279.8306517382879,289,0.010000000000000005,-100.0,,,,
576000,train_step,,,0.010000000000000005,-100.0,100000,74.25386810302734,-34.156288146972656,4.20692253112793
576193,episode_end,229.43379593849875,318,0.010000000000000005,-100.0,,,,
576521,episode_end,227.6858899603452,328,0.010000000000000005,-100.0,,,,
577000,train_step,,,0.010000000000000005,-100.0,100000,4.468112468719482,-36.11572265625,4.103471755981445
577120,episode_end,232.55024677812403,599,0.010000000000000005,-100.0,,,,
577419,episode_end,253.62927798100583,299,0.010000000000000005,-100.0,,,,
577785,episode_end,246.6083874888948,366,0.010000000000000005,-100.0,,,,
578000,train_step,,,0.010000000000000005,-100.0,100000,11.100194931030273,-34.00115203857422,4.198215484619141
578052,episode_end,246.05231853712309,267,0.010000000000000005,-100.0,,,,
578489,episode_end,238.65724098289598,437,0.010000000000000005,-100.0,,,,
578748,episode_end,228.68365498737242,259,0.010000000000000005,-100.0,,,,
578990,episode_end,268.11647580596855,242,0.010000000000000005,-100.0,,,,
579000,train_step,,,0.010000000000000005,-100.0,100000,6.690350532531738,-36.24369812011719,4.473282814025879
579200,episode_end,261.1547464851341,210,0.010000000000000005,-100.0,,,,
579419,episode_end,245.88416381546753,219,0.010000000000000005,-100.0,,,,
580000,train_step,,,0.010000000000000005,-100.0,100000,15.805663108825684,-37.10162353515625,4.373942852020264
580296,episode_end,151.23764557810767,877,0.010000000000000005,-100.0,,,,
580707,episode_end,214.1835920753988,411,0.010000000000000005,-100.0,,,,
580928,episode_end,282.3482271331752,221,0.010000000000000005,-100.0,,,,
581000,train_step,,,0.010000000000000005,-100.0,100000,6.158609390258789,-36.8321533203125,4.3526458740234375
581152,episode_end,284.19297478241066,224,0.010000000000000005,-100.0,,,,
581294,episode_end,-9.030959854404202,142,0.010000000000000005,-100.0,,,,
581728,episode_end,233.64230572697946,434,0.010000000000000005,-100.0,,,,
581850,episode_end,-2.8378391618313117,122,0.010000000000000005,-100.0,,,,
582000,train_step,,,0.010000000000000005,-100.0,100000,11.885406494140625,-35.07745361328125,4.270472049713135
582850,episode_end,-94.04405547404559,1000,0.010000000000000005,-100.0,,,,
583000,train_step,,,0.010000000000000005,-100.0,100000,6.7879133224487305,-37.27899169921875,5.442935943603516
583324,episode_end,-293.7540296896498,474,0.010000000000000005,-100.0,,,,
583554,episode_end,253.20210396841682,230,0.010000000000000005,-100.0,,,,
583910,episode_end,253.60330463335046,356,0.010000000000000005,-100.0,,,,
584000,train_step,,,0.010000000000000005,-100.0,100000,55.5201416015625,-39.7232780456543,4.416982650756836
584132,episode_end,245.87885960840825,222,0.010000000000000005,-100.0,,,,
584416,episode_end,198.45487187891717,284,0.010000000000000005,-100.0,,,,
584831,episode_end,262.8919228103605,415,0.010000000000000005,-100.0,,,,
585000,train_step,,,0.010000000000000005,-100.0,100000,70.24784851074219,-35.81082534790039,4.4756975173950195
585151,episode_end,223.8907481121619,320,0.010000000000000005,-100.0,,,,
585655,episode_end,172.22019150598,504,0.010000000000000005,-100.0,,,,
586000,train_step,,,0.010000000000000005,-100.0,100000,7.2121968269348145,-34.629638671875,4.3032941818237305
586012,episode_end,286.16255747243656,357,0.010000000000000005,-100.0,,,,
586311,episode_end,-97.74153381750803,299,0.010000000000000005,-100.0,,,,
586614,episode_end,248.5830919994321,303,0.010000000000000005,-100.0,,,,
586865,episode_end,263.8350158332158,251,0.010000000000000005,-100.0,,,,
587000,train_step,,,0.010000000000000005,-100.0,100000,14.094632148742676,-38.804893493652344,4.463486671447754
587158,episode_end,233.24599415544182,293,0.010000000000000005,-100.0,,,,
587573,episode_end,187.98601395237137,415,0.010000000000000005,-100.0,,,,
587693,episode_end,-16.857697528483286,120,0.010000000000000005,-100.0,,,,
588000,train_step,,,0.010000000000000005,-100.0,100000,19.030750274658203,-38.01390075683594,4.321843147277832
588124,episode_end,233.53913676589335,431,0.010000000000000005,-100.0,,,,
588636,episode_end,216.68207242977886,512,0.010000000000000005,-100.0,,,,
589000,train_step,,,0.010000000000000005,-100.0,100000,11.937553405761719,-38.183204650878906,4.7516069412231445
589636,episode_end,3.6203566079655545,1000,0.010000000000000005,-100.0,,,,
590000,train_step,,,0.010000000000000005,-100.0,100000,4.7608537673950195,-41.241058349609375,4.57614803314209
590012,episode_end,222.8217795734546,376,0.010000000000000005,-100.0,,,,
590221,episode_end,279.015321206983,209,0.010000000000000005,-100.0,,,,
590642,episode_end,201.12537079861374,421,0.010000000000000005,-100.0,,,,
590905,episode_end,223.49189827764104,263,0.010000000000000005,-100.0,,,,
591000,train_step,,,0.010000000000000005,-100.0,100000,4.893909454345703,-40.584716796875,4.720851898193359
591101,episode_end,251.43111620715433,196,0.010000000000000005,-100.0,,,,
591311,episode_end,237.0547117992217,210,0.010000000000000005,-100.0,,,,
591614,episode_end,250.5496823408322,303,0.010000000000000005,-100.0,,,,
592000,train_step,,,0.010000000000000005,-100.0,100000,5.581080913543701,-41.98832321166992,4.575929164886475
592037,episode_end,167.4461327615131,423,0.010000000000000005,-100.0,,,,
592478,episode_end,268.5768322046362,441,0.010000000000000005,-100.0,,,,
592803,episode_end,245.7407095737082,325,0.010000000000000005,-100.0,,,,
593000,train_step,,,0.010000000000000005,-100.0,100000,74.998291015625,-41.86363983154297,4.716327667236328
593090,episode_end,-39.15808779899426,287,0.010000000000000005,-100.0,,,,
593323,episode_end,267.88144708139566,233,0.010000000000000005,-100.0,,,,
593811,episode_end,290.8578248967199,488,0.010000000000000005,-100.0,,,,
594000,train_step,,,0.010000000000000005,-100.0,100000,8.540912628173828,-43.148529052734375,4.499624252319336
594409,episode_end,141.56869089290848,598,0.010000000000000005,-100.0,,,,
595000,train_step,,,0.010000000000000005,-100.0,100000,6.993553638458252,-42.48150634765625,4.7291998863220215
595123,episode_end,-331.73891549028883,714,0.010000000000000005,-100.0,,,,
595289,episode_end,242.2233790237608,166,0.010000000000000005,-100.0,,,,
595464,episode_end,266.8935891095697,175,0.010000000000000005,-100.0,,,,
595669,episode_end,241.9036894326216,205,0.010000000000000005,-100.0,,,,
595933,episode_end,299.3715100813997,264,0.010000000000000005,-100.0,,,,
596000,train_step,,,0.010000000000000005,-100.0,100000,6.912870407104492,-41.08033752441406,4.346283912658691
596237,episode_end,107.58978876244045,304,0.010000000000000005,-100.0,,,,
597000,train_step,,,0.010000000000000005,-100.0,100000,10.29197883605957,-40.3157958984375,4.122973442077637
597237,episode_end,-73.56869690720283,1000,0.010000000000000005,-100.0,,,,
598000,train_step,,,0.010000000000000005,-100.0,100000,5.484374046325684,-40.8521614074707,4.486320495605469
598237,episode_end,-62.43413113274806,1000,0.010000000000000005,-100.0,,,,
598497,episode_end,242.53880967099832,260,0.010000000000000005,-100.0,,,,
598793,episode_end,268.9722578914997,296,0.010000000000000005,-100.0,,,,
599000,train_step,,,0.010000000000000005,-100.0,100000,70.70130920410156,-40.08940887451172,4.105587005615234
599073,episode_end,186.5142044126365,280,0.010000000000000005,-100.0,,,,
599314,episode_end,261.92380937712903,241,0.010000000000000005,-100.0,,,,
599849,episode_end,105.18687020807405,535,0.010000000000000005,-100.0,,,,
600000,train_step,,,0.010000000000000005,-100.0,100000,7.65338134765625,-40.163299560546875,4.062480926513672
