global_step,event,episode_return,episode_length,alpha,hover_reward_value,replay_size,critic_loss,actor_loss,logp,alpha_loss
75,episode_end,-159.65906764370274,75,0.2,200.0,,,,,
166,episode_end,-353.14730305536403,91,0.2,200.0,,,,,
257,episode_end,-343.9711170204524,91,0.2,200.0,,,,,
360,episode_end,-343.04834053128025,103,0.2,200.0,,,,,
465,episode_end,-152.05909607296363,105,0.2,200.0,,,,,
560,episode_end,-300.82747561521103,95,0.2,200.0,,,,,
688,episode_end,-306.8707225585448,128,0.2,200.0,,,,,
804,episode_end,-157.26026521942566,116,0.2,200.0,,,,,
931,episode_end,-184.44657704550252,127,0.2,200.0,,,,,
1000,train_step,,,0.2,200.0,1000,,,,
1040,episode_end,-326.70203728535495,109,0.2,200.0,,,,,
1118,episode_end,-55.640676424088866,78,0.2,200.0,,,,,
1214,episode_end,-180.50181927260294,96,0.2,200.0,,,,,
1322,episode_end,-357.1707265849927,108,0.2,200.0,,,,,
1433,episode_end,-86.9187422436878,111,0.2,200.0,,,,,
1522,episode_end,-119.91982690892158,89,0.2,200.0,,,,,
1601,episode_end,-115.09613757315651,79,0.2,200.0,,,,,
1689,episode_end,-77.82398217321835,88,0.2,200.0,,,,,
1785,episode_end,-134.95924861140483,96,0.2,200.0,,,,,
1873,episode_end,-212.4327506445482,88,0.2,200.0,,,,,
1978,episode_end,-280.07960237605573,105,0.2,200.0,,,,,
2000,train_step,,,0.2,200.0,2000,,,,
2045,episode_end,-64.80231386010409,67,0.2,200.0,,,,,
2113,episode_end,-165.71359312892827,68,0.2,200.0,,,,,
2201,episode_end,-289.9788086297998,88,0.2,200.0,,,,,
2307,episode_end,-317.07695775380733,106,0.2,200.0,,,,,
2421,episode_end,-137.9245206588037,114,0.2,200.0,,,,,
2522,episode_end,-6.561795733561766,101,0.2,200.0,,,,,
2653,episode_end,134.82957701976937,131,0.2,200.0,,,,,
2750,episode_end,-278.93819167732113,97,0.2,200.0,,,,,
2910,episode_end,-141.7247745006312,160,0.2,200.0,,,,,
3000,train_step,,,0.2,200.0,3000,,,,
3002,episode_end,-311.9015554427333,92,0.2,200.0,,,,,
3109,episode_end,-184.57024681993155,107,0.2,200.0,,,,,
3200,episode_end,-19.182253880440427,91,0.2,200.0,,,,,
3327,episode_end,-374.88377498987785,127,0.2,200.0,,,,,
3459,episode_end,-134.01991587280835,132,0.2,200.0,,,,,
3572,episode_end,-86.75466314698906,113,0.2,200.0,,,,,
3677,episode_end,-228.0331911273944,105,0.2,200.0,,,,,
3761,episode_end,-60.09462054797954,84,0.2,200.0,,,,,
3878,episode_end,-169.3473677079504,117,0.2,200.0,,,,,
3987,episode_end,-288.8333852470165,109,0.2,200.0,,,,,
4000,train_step,,,0.2,200.0,4000,,,,
4107,episode_end,-147.31090446736454,120,0.2,200.0,,,,,
4205,episode_end,-328.8348901978454,98,0.2,200.0,,,,,
4313,episode_end,-171.52217473188563,108,0.2,200.0,,,,,
4408,episode_end,-269.7056773273621,95,0.2,200.0,,,,,
4485,episode_end,-54.2875349767331,77,0.2,200.0,,,,,
4607,episode_end,-216.45186913875625,122,0.2,200.0,,,,,
4705,episode_end,-290.47548621761933,98,0.2,200.0,,,,,
4815,episode_end,-402.966954649874,110,0.2,200.0,,,,,
4897,episode_end,173.4073019056804,82,0.2,200.0,,,,,
5000,train_step,,,0.2,200.0,5000,,,,
5033,episode_end,-441.20493038019407,136,0.2,200.0,,,,,
5129,episode_end,-264.0895246531801,96,0.2,200.0,,,,,
5215,episode_end,-348.3468491305174,86,0.2,200.0,,,,,
5320,episode_end,-333.0621527359443,105,0.2,200.0,,,,,
5415,episode_end,148.42536306102875,95,0.2,200.0,,,,,
5528,episode_end,-261.109239199234,113,0.2,200.0,,,,,
5614,episode_end,-86.23104022215058,86,0.2,200.0,,,,,
5711,episode_end,-216.20606402162693,97,0.2,200.0,,,,,
5782,episode_end,103.73694288638924,71,0.2,200.0,,,,,
5858,episode_end,-129.5183980944304,76,0.2,200.0,,,,,
5971,episode_end,-350.63061617946096,113,0.2,200.0,,,,,
6000,train_step,,,0.2,200.0,6000,,,,
6141,episode_end,-47.406710047161695,170,0.2,200.0,,,,,
6236,episode_end,-24.60795145507143,95,0.2,200.0,,,,,
6359,episode_end,-128.34287543152865,123,0.2,200.0,,,,,
6474,episode_end,-115.18930928889336,115,0.2,200.0,,,,,
6552,episode_end,-64.50109783318194,78,0.2,200.0,,,,,
6620,episode_end,-72.29078460477696,68,0.2,200.0,,,,,
6729,episode_end,-209.99306455207483,109,0.2,200.0,,,,,
6846,episode_end,-85.59500675137483,117,0.2,200.0,,,,,
6938,episode_end,-299.8147576930734,92,0.2,200.0,,,,,
7000,train_step,,,0.2,200.0,7000,,,,
7086,episode_end,-391.86494212246043,148,0.2,200.0,,,,,
7172,episode_end,-277.9829893679257,86,0.2,200.0,,,,,
7258,episode_end,-372.2637257793297,86,0.2,200.0,,,,,
7416,episode_end,-146.10692737466505,158,0.2,200.0,,,,,
7528,episode_end,-430.39032859109204,112,0.2,200.0,,,,,
7675,episode_end,-282.48214524742815,147,0.2,200.0,,,,,
8000,train_step,,,0.2,200.0,8000,,,,
8675,episode_end,49.56668326108633,1000,0.2,200.0,,,,,
8787,episode_end,-289.4300041708757,112,0.2,200.0,,,,,
8939,episode_end,-345.98155921715767,152,0.2,200.0,,,,,
9000,train_step,,,0.2,200.0,9000,,,,
9078,episode_end,-164.587017982295,139,0.2,200.0,,,,,
9187,episode_end,-131.5674935444919,109,0.2,200.0,,,,,
9287,episode_end,-110.8256764334283,100,0.2,200.0,,,,,
9401,episode_end,-276.04816157806397,114,0.2,200.0,,,,,
9522,episode_end,-81.43656122089736,121,0.2,200.0,,,,,
9628,episode_end,-177.76617816381489,106,0.2,200.0,,,,,
9740,episode_end,-331.9486045911863,112,0.2,200.0,,,,,
9840,episode_end,-263.8957902113225,100,0.2,200.0,,,,,
9906,episode_end,-418.8101324694557,66,0.2,200.0,,,,,
9996,episode_end,-141.04693826650748,90,0.2,200.0,,,,,
10000,train_step,,,0.2,200.0,10000,99.10592651367188,-0.21959489583969116,-1.3513414859771729,-5.393775939941406
10116,episode_end,-177.5070332463539,120,0.1933117211606895,200.0,,,,,
10248,episode_end,-505.2254340588454,132,0.18674420603879446,200.0,,,,,
10408,episode_end,-284.6674340828971,160,0.17986780555892498,200.0,,,,,
10529,episode_end,-79.09657485608298,121,0.1747863427665088,200.0,,,,,
10697,episode_end,-323.2795451337638,168,0.16814823062442105,200.0,,,,,
10878,episode_end,-317.2165853675923,181,0.1615708515784308,200.0,,,,,
11000,train_step,,,0.15748817561690281,200.0,11000,54.654937744140625,4.12882137298584,0.4048615097999573,-2.9484617710113525
11276,episode_end,-92.58022139482013,398,0.1492685105270883,200.0,,,,,
11496,episode_end,-4.056618010370883,220,0.1437066118051047,200.0,,,,,
11805,episode_end,-17.909617380023093,309,0.13722661490396998,200.0,,,,,
12000,train_step,,,0.13392539020144323,200.0,12000,67.9644775390625,4.593671798706055,1.1922212839126587,-1.6240170001983643
12805,episode_end,-11.831073668524242,1000,0.12137515788034826,200.0,,,,,
13000,train_step,,,0.11930944566485893,200.0,13000,97.5387954711914,7.900792121887207,1.7404637336730957,-0.5517832040786743
13563,episode_end,-222.08811504266055,758,0.11354786427572314,200.0,,,,,
14000,train_step,,,0.11013874798481528,200.0,14000,24.773218154907227,3.7920925617218018,1.97502863407135,-0.055087216198444366
14503,episode_end,327.1329461403409,940,0.10737665398337817,200.0,,,,,
15000,train_step,,,0.10784589448493487,200.0,15000,56.023353576660156,0.6334296464920044,2.2535386085510254,0.564643383026123
15503,episode_end,-98.69769727041832,1000,0.11428244175518074,200.0,,,,,
16000,train_step,,,0.11981894501723864,200.0,16000,62.848365783691406,-4.482229709625244,1.8457356691360474,-0.3273138403892517
16500,episode_end,-86.0585180226911,997,0.12389391120373389,200.0,,,,,
17000,train_step,,,0.12469853642097051,200.0,17000,22.764265060424805,-1.0494155883789062,1.9855437278747559,-0.030095912516117096
17500,episode_end,-44.879175871093935,1000,0.12346453075296587,200.0,,,,,
17931,episode_end,235.89214674303153,431,0.12082882859155578,200.0,,,,,
18000,train_step,,,0.12051097424073261,200.0,18000,25.79317283630371,-7.769903182983398,1.644328236579895,-0.7526066303253174
18441,episode_end,216.83490242836385,510,0.11940903730752644,200.0,,,,,
19000,train_step,,,0.11926081145882739,200.0,19000,17.03704833984375,-7.308680057525635,1.6203956604003906,-0.8072068691253662
19028,episode_end,195.4981632308876,587,0.11909904514272258,200.0,,,,,
19904,episode_end,162.08533527175217,876,0.12256778598433138,200.0,,,,,
20000,train_step,,,0.12359350209321175,200.0,20000,21.382192611694336,-10.670454978942871,2.280334949493408,0.5861119627952576
20739,episode_end,-199.25002298181187,835,0.12011503192204662,200.0,,,,,
21000,train_step,,,0.12008262899241987,200.0,21000,15.820235252380371,-14.392027854919434,2.1132426261901855,0.24002623558044434
21026,episode_end,202.8926287798327,287,0.12072682940483724,200.0,,,,,
21407,episode_end,-373.22237408253943,381,0.12608482873096843,200.0,,,,,
22000,train_step,,,0.12345545153628003,200.0,22000,33.3157958984375,-16.847789764404297,1.951244831085205,-0.10198981314897537
22407,episode_end,53.24634666291451,1000,0.12794879889679522,200.0,,,,,
22553,episode_end,3.7589839188075587,146,0.13086574675585438,200.0,,,,,
22658,episode_end,-10.220738171704696,105,0.13194355436279093,200.0,,,,,
22822,episode_end,439.94988865846796,164,0.13356560102968718,200.0,,,,,
23000,train_step,,,0.1335945215528192,200.0,23000,39.84558868408203,-16.25103759765625,2.2029619216918945,0.40855151414871216
23071,episode_end,294.8997608936536,249,0.1338456594871715,200.0,,,,,
23359,episode_end,237.77351390951137,288,0.13140715877125814,200.0,,,,,
23688,episode_end,-109.98484077323812,329,0.13144569975343687,200.0,,,,,
23901,episode_end,45.66317873681055,213,0.13121714848006072,200.0,,,,,
24000,train_step,,,0.12991237853015053,200.0,24000,51.22340774536133,-20.932403564453125,1.764949083328247,-0.4797143340110779
24261,episode_end,243.34833088995785,360,0.1262777835316646,200.0,,,,,
24597,episode_end,244.95668469003726,336,0.12640873474143605,200.0,,,,,
24823,episode_end,-159.2951855469928,226,0.1277585372702483,200.0,,,,,
25000,train_step,,,0.12966985753625412,200.0,25000,39.779563903808594,-21.44513702392578,2.166532516479492,0.34018659591674805
25211,episode_end,-116.3755966818299,388,0.13094653576187884,200.0,,,,,
25473,episode_end,458.61668979358564,262,0.13424723546926665,200.0,,,,,
25649,episode_end,9.349614115835536,176,0.13599950227758056,200.0,,,,,
25805,episode_end,439.6762534561223,156,0.13613892353173754,200.0,,,,,
26000,train_step,,,0.13830212628089306,200.0,26000,49.932796478271484,-27.912633895874023,1.9276318550109863,-0.1431669294834137
26069,episode_end,407.24415926493947,264,0.13910128968398602,200.0,,,,,
26707,episode_end,259.12610191492035,638,0.138565292436532,200.0,,,,,
26983,episode_end,217.04827637211173,276,0.1374601433437347,200.0,,,,,
27000,train_step,,,0.13777254068716147,200.0,27000,85.69189453125,-24.192737579345703,1.846282720565796,-0.3046908378601074
27261,episode_end,224.44052406960873,278,0.1356307642617749,200.0,,,,,
27478,episode_end,235.28524785703803,217,0.1343860077906398,200.0,,,,,
27723,episode_end,-4.398722208165523,245,0.13266351357478356,200.0,,,,,
28000,train_step,,,0.13307607638987975,200.0,28000,22.317283630371094,-24.996183395385742,2.0634653568267822,0.12799909710884094
28142,episode_end,264.47909834228176,419,0.1336956279348437,200.0,,,,,
28270,episode_end,250.5942687171547,128,0.13504778702192768,200.0,,,,,
28681,episode_end,255.07930678449964,411,0.13671994326776452,200.0,,,,,
29000,train_step,,,0.1373363669215271,200.0,29000,28.50505828857422,-32.387062072753906,1.8968231678009033,-0.2048395425081253
29110,episode_end,223.50471220894218,429,0.13808450545387796,200.0,,,,,
29488,episode_end,442.7686462359997,378,0.13789925843065798,200.0,,,,,
30000,train_step,,,0.12949771045210884,200.0,30000,329.219970703125,-33.13842010498047,1.8204731941223145,-0.3669694662094116
30040,episode_end,-165.65728075677447,552,0.1292695688748415,200.0,,,,,
30292,episode_end,-79.88547916655588,252,0.127440513609051,200.0,,,,,
30412,episode_end,34.432544392777174,120,0.12838472224932598,200.0,,,,,
30674,episode_end,211.35124097345465,262,0.12832796117791528,200.0,,,,,
30835,episode_end,488.90395728776673,161,0.12949240408983578,200.0,,,,,
30946,episode_end,34.61073366189507,111,0.1319436699427227,200.0,,,,,
31000,train_step,,,0.13233628158646007,200.0,31000,316.7313232421875,-36.04247283935547,1.96834135055542,-0.06402687728404999
31063,episode_end,238.34633679272122,117,0.1324072971578921,200.0,,,,,
32000,train_step,,,0.13217438818158272,200.0,32000,17.12683868408203,-36.69546890258789,2.069986343383789,0.1416267454624176
32063,episode_end,34.85577583497962,1000,0.13110775522888107,200.0,,,,,
32275,episode_end,457.54059963468217,212,0.13252506998177735,200.0,,,,,
33000,train_step,,,0.13310420309402893,200.0,33000,20.639583587646484,-34.60291290283203,1.9980320930480957,-0.003968693315982819
33050,episode_end,159.38696237337038,775,0.13315279812814867,200.0,,,,,
33252,episode_end,421.8915569594876,202,0.13339680796175596,200.0,,,,,
34000,train_step,,,0.13647209402348404,200.0,34000,29.162715911865234,-38.509925842285156,2.1666369438171387,0.3318799138069153
34252,episode_end,-29.49157160867892,1000,0.13474209989112274,200.0,,,,,
35000,train_step,,,0.12754843368870863,200.0,35000,35.935245513916016,-40.91106033325195,1.8425241708755493,-0.3242835998535156
35252,episode_end,-1.985067759928936,1000,0.12548307689196667,200.0,,,,,
35638,episode_end,230.76289818737223,386,0.1288692102430126,200.0,,,,,
35862,episode_end,424.35629355229213,224,0.13309835688071317,200.0,,,,,
36000,train_step,,,0.13555176238721484,200.0,36000,329.65240478515625,-40.033512115478516,2.255371570587158,0.5103352069854736
36188,episode_end,-53.34083818146611,326,0.13893716705227022,200.0,,,,,
36407,episode_end,242.95620997563566,219,0.1394227162976295,200.0,,,,,
36752,episode_end,272.6549373860871,345,0.13926427861844412,200.0,,,,,
36925,episode_end,467.1137077764218,173,0.1407119656112294,200.0,,,,,
37000,train_step,,,0.14018198913174126,200.0,37000,124.94480895996094,-37.53962707519531,2.135904312133789,0.2670266628265381
37225,episode_end,285.1814851095397,300,0.1366196272135573,200.0,,,,,
37532,episode_end,301.3880644597766,307,0.14211413652384725,200.0,,,,,
38000,train_step,,,0.1421022948572964,200.0,38000,78.73779296875,-42.94770050048828,1.8465635776519775,-0.2993863523006439
38532,episode_end,-21.12825211120225,1000,0.13758920479192893,200.0,,,,,
38703,episode_end,457.53257561626566,171,0.13446253558171484,200.0,,,,,
39000,train_step,,,0.1346558855840091,200.0,39000,18.81662368774414,-43.158180236816406,2.003243923187256,0.006504412740468979
39576,episode_end,317.110780315374,873,0.1358034839863432,200.0,,,,,
39684,episode_end,0.26682797143736536,108,0.13728849493734668,200.0,,,,,
39889,episode_end,271.28492541915193,205,0.13845650774609478,200.0,,,,,
39983,episode_end,219.12052622143807,94,0.13950452158800108,200.0,,,,,
40000,train_step,,,0.13972009796714127,200.0,40000,41.19056701660156,-46.828285217285156,2.2045111656188965,0.40250110626220703
40326,episode_end,270.9538521369792,343,0.14138825426768015,200.0,,,,,
40498,episode_end,-153.91688320271777,172,0.1408407217859162,200.0,,,,,
40675,episode_end,270.26284395211223,177,0.1416732642809327,200.0,,,,,
40770,episode_end,199.73422302174765,95,0.1417184246808142,200.0,,,,,
40992,episode_end,253.00589662188526,222,0.14290668594300318,200.0,,,,,
41000,train_step,,,0.14293043866465507,200.0,41000,38.53003692626953,-45.523521423339844,2.127697467803955,0.24842222034931183
41152,episode_end,491.3501096999581,160,0.14532043695767513,200.0,,,,,
41415,episode_end,458.52223390349644,263,0.14822293760800428,200.0,,,,,
41513,episode_end,251.92810590364888,98,0.148378755552026,200.0,,,,,
41775,episode_end,292.41466637280615,262,0.14898011788083862,200.0,,,,,
41922,episode_end,236.31400134808712,147,0.15020364413882992,200.0,,,,,
42000,train_step,,,0.15154463151410782,200.0,42000,42.84821319580078,-46.60812759399414,2.034018039703369,0.0641878992319107
42127,episode_end,486.4766210296667,205,0.15259035750332983,200.0,,,,,
42393,episode_end,302.44928864737676,266,0.15332428438333523,200.0,,,,,
42506,episode_end,30.325631550701218,113,0.1545462442662676,200.0,,,,,
42595,episode_end,20.376087457043127,89,0.15587620517707734,200.0,,,,,
42689,episode_end,2.5823333935956043,94,0.15766943032941855,200.0,,,,,
42784,episode_end,221.2616719508501,95,0.16034692510064286,200.0,,,,,
42987,episode_end,248.1026532920192,203,0.16027002452458255,200.0,,,,,
43000,train_step,,,0.16044826013513844,200.0,43000,41.25645446777344,-42.14070129394531,2.0686440467834473,0.12560349702835083
43108,episode_end,11.292675460546974,121,0.16232029608710552,200.0,,,,,
43198,episode_end,219.47695668820177,90,0.16282897521397172,200.0,,,,,
43297,episode_end,24.603153162301993,99,0.16347731844570504,200.0,,,,,
43394,episode_end,-14.071063559021965,97,0.1621777824333938,200.0,,,,,
43723,episode_end,280.02343924409683,329,0.1600236250229728,200.0,,,,,
43933,episode_end,292.18764949957847,210,0.1606094980662008,200.0,,,,,
44000,train_step,,,0.16122809442941058,200.0,44000,46.76475524902344,-57.230873107910156,1.8256795406341553,-0.31812363862991333
44031,episode_end,188.51068140266835,98,0.16058993480902387,200.0,,,,,
44505,episode_end,268.6236503865189,474,0.16221499725477645,200.0,,,,,
44701,episode_end,281.2190115508816,196,0.16418839507215874,200.0,,,,,
44833,episode_end,276.0922490895241,132,0.16405517933541494,200.0,,,,,
44918,episode_end,-21.846775729328613,85,0.1642119970512761,200.0,,,,,
45000,train_step,,,0.16352586897671614,200.0,45000,43.49021530151367,-53.23197937011719,1.8612446784973145,-0.25125598907470703
45012,episode_end,-45.07081980957998,94,0.16335292102071106,200.0,,,,,
45092,episode_end,37.25875409385054,80,0.16349075940538105,200.0,,,,,
45195,episode_end,197.98569954407202,103,0.16478230748361508,200.0,,,,,
45287,episode_end,-24.412541681446186,92,0.16234651347004117,200.0,,,,,
45460,episode_end,443.33643990352346,173,0.16303679702513665,200.0,,,,,
45565,episode_end,209.79637368910915,105,0.16460946804348175,200.0,,,,,
45693,episode_end,209.7747467121676,128,0.16480071430583454,200.0,,,,,
45812,episode_end,206.55516586260228,119,0.16577125193809525,200.0,,,,,
45903,episode_end,9.55750992913923,91,0.1652854683670178,200.0,,,,,
46000,train_step,,,0.163957177572903,200.0,46000,70.55694580078125,-57.98368835449219,2.169450283050537,0.3063916862010956
46115,episode_end,423.2823133119524,212,0.1613141069311501,200.0,,,,,
46276,episode_end,240.63031730283024,161,0.15883271005191416,200.0,,,,,
46378,episode_end,-45.94350223128663,102,0.156518799267315,200.0,,,,,
46457,episode_end,200.45679958815924,79,0.15522225953113958,200.0,,,,,
46624,episode_end,271.7940326716008,167,0.15740838851763297,200.0,,,,,
46823,episode_end,462.54848476071436,199,0.15617058492591177,200.0,,,,,
46937,episode_end,31.319973472781157,114,0.15661492018245257,200.0,,,,,
47000,train_step,,,0.15603633641504658,200.0,47000,325.029296875,-60.33600616455078,1.8088202476501465,-0.3551482856273651
47057,episode_end,233.93784836441165,120,0.1550416735197705,200.0,,,,,
47229,episode_end,461.1888693844259,172,0.1530137444851907,200.0,,,,,
47357,episode_end,155.89458116239066,128,0.1544605449855221,200.0,,,,,
47475,episode_end,24.259270287921083,118,0.15694263613036874,200.0,,,,,
47649,episode_end,271.3412833052589,174,0.15405039364365122,200.0,,,,,
47879,episode_end,437.6139549722267,230,0.15358685362691502,200.0,,,,,
47980,episode_end,12.90929806586486,101,0.15291912552700834,200.0,,,,,
48000,train_step,,,0.15312460980503861,200.0,48000,74.53401184082031,-59.39399337768555,1.9678902626037598,-0.060253895819187164
48141,episode_end,248.62397817482758,161,0.15188469205315802,200.0,,,,,
48237,episode_end,212.57663167377075,96,0.15019872070678122,200.0,,,,,
48380,episode_end,449.88036306037293,143,0.14978669068184233,200.0,,,,,
48634,episode_end,315.45893432429676,254,0.14851981245120516,200.0,,,,,
49000,train_step,,,0.14989655240771788,200.0,49000,38.68817138671875,-64.4753189086914,2.1657373905181885,0.3145380914211273
49216,episode_end,183.21859030180286,582,0.14945243689718352,200.0,,,,,
49558,episode_end,449.13000410506817,342,0.14873666690908086,200.0,,,,,
49702,episode_end,-59.36526382986918,144,0.1485704547524096,200.0,,,,,
50000,train_step,,,0.14650773140357737,200.0,50000,648.4261474609375,-59.7205810546875,1.9995328187942505,-0.0008973851799964905
50213,episode_end,226.02649945026306,511,0.15033546556239039,200.0,,,,,
50338,episode_end,229.700008647299,125,0.15176661720082293,200.0,,,,,
50482,episode_end,479.142156958147,144,0.15379134669535188,200.0,,,,,
50854,episode_end,214.7415209508526,372,0.1526113544007311,200.0,,,,,
51000,train_step,,,0.15137730076424452,200.0,51000,117.72096252441406,-57.685935974121094,1.859058141708374,-0.26609542965888977
51669,episode_end,119.231999627271,815,0.1514775876990648,200.0,,,,,
51814,episode_end,261.31046329175643,145,0.14895442498782965,200.0,,,,,
52000,train_step,,,0.15196959759439643,200.0,52000,41.24657440185547,-58.396690368652344,2.253915309906006,0.4783955216407776
52177,episode_end,247.7225788639443,363,0.15101803671386527,200.0,,,,,
52744,episode_end,207.9377537918053,567,0.1481709713073266,200.0,,,,,
52890,episode_end,458.39551646331597,146,0.1502040211321373,200.0,,,,,
53000,train_step,,,0.15010776345620638,200.0,53000,94.55020904541016,-59.33336639404297,1.6952943801879883,-0.5778444409370422
53176,episode_end,484.0686545788288,286,0.14878988271875596,200.0,,,,,
53585,episode_end,238.52012549048362,409,0.1489789636325309,200.0,,,,,
53871,episode_end,442.74938643114734,286,0.14905236445617592,200.0,,,,,
54000,train_step,,,0.14712146037277576,200.0,54000,22.592674255371094,-65.91734313964844,1.962721347808838,-0.07144419848918915
54291,episode_end,208.03141815222966,420,0.14383933126828205,200.0,,,,,
54447,episode_end,273.32583059665706,156,0.14282207012673256,200.0,,,,,
55000,train_step,,,0.13901188148113855,200.0,55000,44.6867561340332,-60.038211822509766,2.0948007106781006,0.1870604157447815
55075,episode_end,175.0403742227678,628,0.14075646775010736,200.0,,,,,
55259,episode_end,477.9910676460625,184,0.13810979611101337,200.0,,,,,
55755,episode_end,203.14384460086436,496,0.13809349775737745,200.0,,,,,
56000,train_step,,,0.14088085010736595,200.0,56000,23.716550827026367,-61.895572662353516,1.8735421895980835,-0.24783721566200256
56755,episode_end,-84.36298178737292,1000,0.1414913170644747,200.0,,,,,
56931,episode_end,277.3172798606577,176,0.14050689641808717,200.0,,,,,
57000,train_step,,,0.13931998053653016,200.0,57000,86.33268737792969,-65.21370697021484,2.129642963409424,0.2555239796638489
57134,episode_end,270.86470993327,203,0.139090543166986,200.0,,,,,
57287,episode_end,64.76374566184958,153,0.14016990579699937,200.0,,,,,
57754,episode_end,218.3389477618761,467,0.14010488222964096,200.0,,,,,
58000,train_step,,,0.14298521667614092,200.0,58000,27.859416961669922,-56.88568115234375,2.106459856033325,0.20706596970558167
58539,episode_end,176.47963010055713,785,0.14182240421190104,200.0,,,,,
58921,episode_end,398.59848686127134,382,0.14096643318932298,200.0,,,,,
59000,train_step,,,0.14057853835229564,200.0,59000,31.363998413085938,-58.30523681640625,2.0873959064483643,0.17146998643875122
59183,episode_end,495.7849017302711,262,0.1408569034908549,200.0,,,,,
59757,episode_end,208.27034675311995,574,0.13450715705609934,200.0,,,,,
59980,episode_end,285.0843702538407,223,0.13443066515041477,200.0,,,,,
60000,train_step,,,0.1341701245614561,200.0,60000,322.6573486328125,-63.552040100097656,1.941732406616211,-0.1170390248298645
60195,episode_end,295.16883488220236,215,0.13524800796067282,200.0,,,,,
60827,episode_end,148.8201902789665,632,0.13507006693471751,200.0,,,,,
61000,train_step,,,0.1342534062434173,200.0,61000,35.627174377441406,-61.63941955566406,1.6656774282455444,-0.6713284850120544
61075,episode_end,446.19287941728953,248,0.13537306645125882,200.0,,,,,
61351,episode_end,249.9852213286512,276,0.13574201116360934,200.0,,,,,
61639,episode_end,489.5999762920124,288,0.13803815254216603,200.0,,,,,
61941,episode_end,285.10648999643274,302,0.1367427368458227,200.0,,,,,
62000,train_step,,,0.13558511842859222,200.0,62000,313.5310974121094,-62.56669998168945,1.6398515701293945,-0.7196325063705444
62442,episode_end,168.90507338678603,501,0.1335748556385245,200.0,,,,,
62664,episode_end,298.14202215614836,222,0.1341728232850382,200.0,,,,,
63000,train_step,,,0.13833368533608828,200.0,63000,343.538818359375,-63.01234436035156,2.0260963439941406,0.05162084102630615
63004,episode_end,245.32480653854776,340,0.13839053819447517,200.0,,,,,
64000,train_step,,,0.14163225847641905,200.0,64000,271.8568420410156,-59.13731384277344,2.0131778717041016,0.02575637400150299
64004,episode_end,12.141108531404306,1000,0.14164688792946392,200.0,,,,,
64221,episode_end,444.0367682510805,217,0.14209144794940903,200.0,,,,,
64434,episode_end,292.3486511227021,213,0.1425106352608946,200.0,,,,,
65000,train_step,,,0.1436972737389709,200.0,65000,35.514610290527344,-64.94541931152344,2.1850476264953613,0.3590009808540344
65434,episode_end,33.41036913058095,1000,0.14489773855666715,200.0,,,,,
65642,episode_end,463.05362594047165,208,0.14721877965929323,200.0,,,,,
66000,train_step,,,0.14663971585810384,200.0,66000,19.733585357666016,-59.0264892578125,1.874693751335144,-0.24056018888950348
66036,episode_end,260.62407338579374,394,0.14674274701141185,200.0,,,,,
66210,episode_end,454.36675307386287,174,0.14261891952564965,200.0,,,,,
66533,episode_end,223.30982691003686,323,0.1431342542404556,200.0,,,,,
66792,episode_end,273.183306276146,259,0.14259582374180746,200.0,,,,,
66993,episode_end,287.15461552923307,201,0.13936460577511584,200.0,,,,,
67000,train_step,,,0.13949946825328563,200.0,67000,22.80337905883789,-70.0680160522461,1.866369605064392,-0.2632111608982086
67251,episode_end,427.7416273606143,258,0.14027171022613044,200.0,,,,,
67486,episode_end,263.2008219338619,235,0.14034771365424184,200.0,,,,,
67719,episode_end,428.16137261998125,233,0.14041310479465854,200.0,,,,,
67977,episode_end,452.62216755679214,258,0.1401509518786333,200.0,,,,,
68000,train_step,,,0.13991971306711842,200.0,68000,113.67697143554688,-69.85167694091797,2.332197666168213,0.6533285975456238
68262,episode_end,274.5417118681643,285,0.14140744261117807,200.0,,,,,
68566,episode_end,478.17655541007593,304,0.14335182623401072,200.0,,,,,
69000,train_step,,,0.1451708268566561,200.0,69000,36.907928466796875,-73.12848663330078,2.0135388374328613,0.026127979159355164
69161,episode_end,457.9878097686301,595,0.14891857289243152,200.0,,,,,
69361,episode_end,240.03940616929785,200,0.15062021748204812,200.0,,,,,
69571,episode_end,452.99553452609905,210,0.1496412787289778,200.0,,,,,
70000,train_step,,,0.14346417069197342,200.0,70000,16.184709548950195,-67.23876953125,1.85675048828125,-0.2781432867050171
70571,episode_end,200.6678825494825,1000,0.14030476723142177,200.0,,,,,
70801,episode_end,288.2713352331939,230,0.14390024449380814,200.0,,,,,
71000,train_step,,,0.14833463630393598,200.0,71000,21.16427230834961,-58.654266357421875,1.8182690143585205,-0.34679439663887024
71801,episode_end,153.35093207881658,1000,0.13287741124871089,200.0,,,,,
72000,train_step,,,0.13233734768370345,200.0,72000,35.085968017578125,-65.98271179199219,1.7725508213043213,-0.45999330282211304
72001,episode_end,478.3569304103672,200,0.13232655195932658,200.0,,,,,
72136,episode_end,36.44682297855678,135,0.13340860445857344,200.0,,,,,
72478,episode_end,290.35980909179176,342,0.1311520141217425,200.0,,,,,
72747,episode_end,428.1557041190095,269,0.13053331038297938,200.0,,,,,
73000,train_step,,,0.130705737738025,200.0,73000,319.27520751953125,-64.00545501708984,2.1211371421813965,0.24649065732955933
73200,episode_end,420.35967216804545,453,0.12906916761611328,200.0,,,,,
73397,episode_end,460.8601815941302,197,0.13115785056885113,200.0,,,,,
73734,episode_end,238.48579827800222,337,0.13067575244828103,200.0,,,,,
73965,episode_end,231.422009691523,231,0.13054538647714767,200.0,,,,,
74000,train_step,,,0.13007396033627394,200.0,74000,36.74269104003906,-65.15711212158203,1.7624714374542236,-0.48447591066360474
74273,episode_end,466.07866619879394,308,0.13332990153799693,200.0,,,,,
75000,train_step,,,0.13264847215314995,200.0,75000,214.56121826171875,-58.96471405029297,1.9976450204849243,-0.0047571249306201935
75273,episode_end,251.85066033479424,1000,0.13504907670093624,200.0,,,,,
75606,episode_end,289.73944771016744,333,0.13735131405066578,200.0,,,,,
76000,train_step,,,0.1354180579154444,200.0,76000,36.614105224609375,-69.20968627929688,2.219735622406006,0.4393368661403656
76571,episode_end,355.170857892918,965,0.13171137624743223,200.0,,,,,
76716,episode_end,38.29225169505017,145,0.1288865627984513,200.0,,,,,
76860,episode_end,39.31701527581751,144,0.12705154003822014,200.0,,,,,
77000,train_step,,,0.12555101439930025,200.0,77000,65.57354736328125,-59.13682174682617,1.8753814697265625,-0.25858891010284424
77227,episode_end,396.61782019819435,367,0.12365398151769315,200.0,,,,,
78000,train_step,,,0.12748367474892705,200.0,78000,26.92493438720703,-66.14768981933594,1.878161907196045,-0.2509579658508301
78227,episode_end,199.5133739751039,1000,0.12797312085359097,200.0,,,,,
78988,episode_end,253.96668112734767,761,0.12281725106469767,200.0,,,,,
79000,train_step,,,0.12273959204908537,200.0,79000,294.583251953125,-47.94066619873047,1.896019458770752,-0.2181190699338913
79280,episode_end,485.4766210420629,292,0.12461431031621109,200.0,,,,,
79499,episode_end,319.45602119201635,219,0.12560776638573004,200.0,,,,,
79868,episode_end,443.6047494869096,369,0.12587514127856034,200.0,,,,,
80000,train_step,,,0.12483961128918807,200.0,80000,25.536148071289062,-64.1859130859375,1.900817632675171,-0.20637094974517822
80089,episode_end,268.757026968553,221,0.12481883481530599,200.0,,,,,
80379,episode_end,238.55407655106794,290,0.12409181824741408,200.0,,,,,
80800,episode_end,406.5637782770644,421,0.12423429233543164,200.0,,,,,
81000,train_step,,,0.1255017563732112,200.0,81000,33.439842224121094,-63.67540740966797,1.9698469638824463,-0.06258063018321991
81124,episode_end,446.4682791448719,324,0.1258526084282221,200.0,,,,,
81310,episode_end,210.22419630307297,186,0.12650195434204292,200.0,,,,,
81681,episode_end,465.5303652410606,371,0.12504922762896403,200.0,,,,,
82000,train_step,,,0.12694476901694798,200.0,82000,43.57151794433594,-65.57260131835938,1.9635329246520996,-0.07526832818984985
82005,episode_end,239.955405174063,324,0.1268612708382529,200.0,,,,,
82332,episode_end,437.2306697520528,327,0.12936423494667956,200.0,,,,,
82746,episode_end,467.7369064207278,414,0.12649357333105418,200.0,,,,,
83000,train_step,,,0.12736008702379745,200.0,83000,266.9482421875,-59.014503479003906,2.092851400375366,0.19134218990802765
83312,episode_end,165.7103603000421,566,0.12686049997763701,200.0,,,,,
83573,episode_end,399.2246695274802,261,0.12448393419782851,200.0,,,,,
84000,train_step,,,0.12627722023830346,200.0,84000,29.428401947021484,-56.11341857910156,1.947811484336853,-0.10799241811037064
84037,episode_end,155.587244191851,464,0.12595747726011738,200.0,,,,,
84286,episode_end,492.07036931501784,249,0.12549292576954924,200.0,,,,,
84435,episode_end,227.58137767406333,149,0.12472564989704107,200.0,,,,,
84640,episode_end,18.201747231992286,205,0.12171919610336572,200.0,,,,,
84855,episode_end,-228.91112139784852,215,0.1217570042544784,200.0,,,,,
85000,train_step,,,0.1229356354633688,200.0,85000,23.688358306884766,-61.965545654296875,2.0413856506347656,0.08674794435501099
85227,episode_end,45.60964340045899,372,0.12437765189420025,200.0,,,,,
85564,episode_end,475.2224116430043,337,0.1278701458463729,200.0,,,,,
85797,episode_end,-4.2913650649599475,233,0.12699037523214032,200.0,,,,,
86000,train_step,,,0.12726433587476715,200.0,86000,44.205894470214844,-57.421627044677734,2.1158711910247803,0.23886710405349731
86153,episode_end,463.50826516862946,356,0.12731508177708617,200.0,,,,,
86404,episode_end,470.9769475312269,251,0.12542382039710295,200.0,,,,,
87000,train_step,,,0.12848526003204225,200.0,87000,28.77041244506836,-55.6008415222168,1.9571858644485474,-0.08785217255353928
87122,episode_end,7.262463677255624,718,0.12689868352481048,200.0,,,,,
87328,episode_end,445.4841750070809,206,0.12444312380341148,200.0,,,,,
87647,episode_end,421.8464900679021,319,0.12550445868848836,200.0,,,,,
87902,episode_end,445.3198249269476,255,0.1269250251926381,200.0,,,,,
88000,train_step,,,0.12661465637395172,200.0,88000,29.099746704101562,-58.29041290283203,2.24153995513916,0.49916836619377136
88290,episode_end,423.55136621849493,388,0.12866940887578227,200.0,,,,,
88577,episode_end,452.87330688871936,287,0.1314432134440237,200.0,,,,,
89000,train_step,,,0.13483025488085262,200.0,89000,28.013362884521484,-64.08934783935547,2.2786247730255127,0.5582912564277649
89018,episode_end,191.09280830760474,441,0.13539537459662554,200.0,,,,,
90000,train_step,,,0.13700234825103585,200.0,90000,256.1836242675781,-61.00079345703125,2.010002851486206,0.01988312602043152
90018,episode_end,170.01514462163325,1000,0.13738529614950948,200.0,,,,,
90587,episode_end,376.5675142074341,569,0.13334299424582907,200.0,,,,,
90838,episode_end,506.73577150969845,251,0.13054202718584207,200.0,,,,,
91000,train_step,,,0.13399431867606748,200.0,91000,53.8699836730957,-64.76860046386719,2.1233575344085693,0.24794335663318634
91586,episode_end,129.46387952136334,748,0.134835441361783,200.0,,,,,
92000,train_step,,,0.13568214677823004,200.0,92000,18.308380126953125,-50.945045471191406,1.7296266555786133,-0.5400546789169312
92306,episode_end,360.67597281902783,720,0.12995258467327317,200.0,,,,,
92784,episode_end,434.39877818945973,478,0.12942124763019305,200.0,,,,,
93000,train_step,,,0.1308584678955737,200.0,93000,56.62614059448242,-65.42232513427734,2.069179058074951,0.1406848132610321
93439,episode_end,221.6392263105314,655,0.13259955725217953,200.0,,,,,
93831,episode_end,420.33661454416773,392,0.13335021951817663,200.0,,,,,
94000,train_step,,,0.1331092064201721,200.0,94000,276.1759338378906,-61.614173889160156,1.96616530418396,-0.06823056936264038
94130,episode_end,450.6384914387244,299,0.13273023756351984,200.0,,,,,
94405,episode_end,233.59732993837946,275,0.1333487882129597,200.0,,,,,
94913,episode_end,386.66769167200556,508,0.1309678760943786,200.0,,,,,
95000,train_step,,,0.13074852312458007,200.0,95000,17.417911529541016,-55.64387893676758,1.9571969509124756,-0.08708177506923676
95118,episode_end,440.411664420441,205,0.12918854670376295,200.0,,,,,
95492,episode_end,448.8715412923963,374,0.12804618933238598,200.0,,,,,
95824,episode_end,451.78691555697674,332,0.1274830088329464,200.0,,,,,
96000,train_step,,,0.12801231584283168,200.0,96000,116.24107360839844,-56.46672058105469,2.2771074771881104,0.5696300268173218
96144,episode_end,467.0358305905633,320,0.12981836466059404,200.0,,,,,
96511,episode_end,257.59599040566764,367,0.13133100748229326,200.0,,,,,
96819,episode_end,446.0309264482461,308,0.13051690502188965,200.0,,,,,
97000,train_step,,,0.12976289609154923,200.0,97000,21.750770568847656,-60.09654235839844,2.2540910243988037,0.5188657641410828
97122,episode_end,455.5337991883434,303,0.1279750321054629,200.0,,,,,
97535,episode_end,476.88061318544356,413,0.12690498256527669,200.0,,,,,
97776,episode_end,481.530640336261,241,0.1252885330127726,200.0,,,,,
98000,train_step,,,0.12430559381491703,200.0,98000,577.8939208984375,-63.334407806396484,1.9349040985107422,-0.13572576642036438
98288,episode_end,43.59520765205053,512,0.12474033770962892,200.0,,,,,
99000,train_step,,,0.12160352425664958,200.0,99000,24.367733001708984,-63.4072265625,2.0414950847625732,0.08742950856685638
99080,episode_end,386.8672655697484,792,0.12095396549592485,200.0,,,,,
99509,episode_end,220.88065367350112,429,0.12287216874796368,200.0,,,,,
100000,train_step,,,0.11964660635718598,200.0,100000,88.30425262451172,-60.02272033691406,1.897458553314209,-0.21771715581417084
100079,episode_end,-241.3539808794439,570,0.11959348431202345,200.0,,,,,
100318,episode_end,454.6036858696244,239,0.12148224971993561,200.0,,,,,
100660,episode_end,241.50358882845805,342,0.11989064010962554,200.0,,,,,
101000,train_step,,,0.12284226071073716,200.0,100000,72.53141021728516,-59.47498321533203,2.1324386596679688,0.2777045965194702
101660,episode_end,195.50717955431426,1000,0.11763107350697542,200.0,,,,,
101829,episode_end,487.8189299355103,169,0.11933815326448949,200.0,,,,,
102000,train_step,,,0.12241675136270859,200.0,100000,242.84548950195312,-57.865692138671875,1.8187702894210815,-0.38064101338386536
102166,episode_end,222.4853013439642,337,0.12138390962020888,200.0,,,,,
102357,episode_end,483.145279885701,191,0.12220681824230775,200.0,,,,,
102612,episode_end,283.7660992240195,255,0.11708374565554838,200.0,,,,,
102956,episode_end,454.3403453102303,344,0.11499226276210714,200.0,,,,,
103000,train_step,,,0.11469658699941009,200.0,100000,31.49777603149414,-62.87778091430664,2.161419153213501,0.34954750537872314
103408,episode_end,459.1767918026166,452,0.11203816584739029,200.0,,,,,
104000,train_step,,,0.11312259593751939,200.0,100000,17.000282287597656,-48.39311981201172,2.0725321769714355,0.158067986369133
104335,episode_end,153.4854596088837,927,0.11558820395518199,200.0,,,,,
104556,episode_end,477.6674817226233,221,0.11484135088456514,200.0,,,,,
104755,episode_end,262.4636090484285,199,0.11545471417601144,200.0,,,,,
104871,episode_end,258.11179822285095,116,0.11573310485927608,200.0,,,,,
105000,train_step,,,0.1145399003622087,200.0,100000,34.23754119873047,-60.77421569824219,1.9179582595825195,-0.17777037620544434
105077,episode_end,460.73858262383607,206,0.11430476550628693,200.0,,,,,
105363,episode_end,454.22636349422515,286,0.11133370795213204,200.0,,,,,
105576,episode_end,468.5092582688743,213,0.111974784272517,200.0,,,,,
106000,train_step,,,0.11405197257445375,200.0,100000,35.767173767089844,-62.104881286621094,2.1663641929626465,0.36119315028190613
106008,episode_end,437.8977632091106,432,0.11418422098478659,200.0,,,,,
106243,episode_end,229.5549218249191,235,0.11449521385800811,200.0,,,,,
106518,episode_end,476.9116701739685,275,0.11168799865070494,200.0,,,,,
106832,episode_end,470.9790336839281,314,0.11179793530777782,200.0,,,,,
107000,train_step,,,0.1097255019494546,200.0,100000,422.44207763671875,-52.61677551269531,1.6912329196929932,-0.6823054552078247
107082,episode_end,476.65455642001115,250,0.11012472539246433,200.0,,,,,
107244,episode_end,468.1462512379636,162,0.11085243213981576,200.0,,,,,
107388,episode_end,237.54365688349998,144,0.11021279236732544,200.0,,,,,
107645,episode_end,481.4230983489753,257,0.10873416648085472,200.0,,,,,
107812,episode_end,464.5177009736085,167,0.10846977725615221,200.0,,,,,
108000,train_step,,,0.10805453946790598,200.0,100000,30.98126983642578,-52.884666442871094,1.9982516765594482,-0.0038899630308151245
108196,episode_end,456.03031443945207,384,0.10700107670030341,200.0,,,,,
108567,episode_end,445.1000817301907,371,0.10700385454516229,200.0,,,,,
108838,episode_end,472.89718542773136,271,0.10609326444760621,200.0,,,,,
109000,train_step,,,0.1051869533827547,200.0,100000,50.82902526855469,-64.82080841064453,2.144857406616211,0.32622113823890686
109167,episode_end,251.12639896830265,329,0.10420363503856128,200.0,,,,,
109526,episode_end,264.96423757226415,359,0.10662144704053914,200.0,,,,,
109685,episode_end,442.8742849364311,159,0.10423116981431185,200.0,,,,,
110000,train_step,,,0.1040632960865062,200.0,100000,250.9623260498047,-62.17700958251953,1.9116185903549194,-0.199985533952713
110021,episode_end,442.0416807834138,336,0.10403985001410346,200.0,,,,,
110290,episode_end,447.1645459688309,269,0.10399158012314176,200.0,,,,,
110557,episode_end,242.3107032100902,267,0.10229693873919915,200.0,,,,,
110733,episode_end,442.18731535927543,176,0.10094382485577368,200.0,,,,,
110925,episode_end,262.38301286834707,192,0.10151772363832148,200.0,,,,,
111000,train_step,,,0.10156403175331061,200.0,100000,43.27934265136719,-58.505977630615234,1.7730180025100708,-0.5191230177879333
111042,episode_end,251.61349733230594,117,0.10102737494644307,200.0,,,,,
111692,episode_end,439.1949082939313,650,0.09984293887031546,200.0,,,,,
111874,episode_end,269.6720182385005,182,0.09930253564183034,200.0,,,,,
112000,train_step,,,0.10060370302512307,200.0,100000,36.14138412475586,-60.29148483276367,1.9972918033599854,-0.00621979683637619
112148,episode_end,474.6136282735741,274,0.09928526886797355,200.0,,,,,
112308,episode_end,468.43394968482005,160,0.09951637441237737,200.0,,,,,
112494,episode_end,457.2667508943128,186,0.10217883229080893,200.0,,,,,
112817,episode_end,473.40788680358116,323,0.10415305598508899,200.0,,,,,
113000,train_step,,,0.10418831286399516,200.0,100000,35.62982940673828,-61.504695892333984,2.1130776405334473,0.2557312548160553
113171,episode_end,480.8189567995682,354,0.10295480482281591,200.0,,,,,
113497,episode_end,464.3088903069528,326,0.10225949326564869,200.0,,,,,
113758,episode_end,483.38720928145887,261,0.1034274226908365,200.0,,,,,
113908,episode_end,-174.787091137229,150,0.10313842960280803,200.0,,,,,
114000,train_step,,,0.10271718240563173,200.0,100000,267.9830322265625,-66.650390625,1.864981770515442,-0.30727124214172363
114206,episode_end,464.2545411423736,298,0.10291084274220841,200.0,,,,,
114373,episode_end,450.48660210633994,167,0.10387831778161428,200.0,,,,,
114721,episode_end,463.50599048093886,348,0.10711539062584557,200.0,,,,,
115000,episode_end,497.07550924864034,279,0.10257386254746506,200.0,,,,,
115000,train_step,,,0.10257386254746506,200.0,100000,22.34723472595215,-68.25630950927734,1.9140491485595703,-0.19572505354881287
115370,episode_end,465.31427814323473,370,0.102733867452131,200.0,,,,,
115720,episode_end,437.705009898439,350,0.10633372627793614,200.0,,,,,
115890,episode_end,283.43600604731273,170,0.10493872361573268,200.0,,,,,
116000,train_step,,,0.1056435313961505,200.0,100000,44.641136169433594,-57.77648162841797,2.18717622756958,0.42071300745010376
116254,episode_end,438.08272453749146,364,0.10513020088537572,200.0,,,,,
116630,episode_end,453.7497577455233,376,0.10783527575630894,200.0,,,,,
116882,episode_end,434.22151027999064,252,0.10802638511243534,200.0,,,,,
117000,train_step,,,0.10688964021407894,200.0,100000,56.5894660949707,-71.8927001953125,2.1149849891662598,0.2571016848087311
117033,episode_end,23.098403846089226,151,0.10719252714630179,200.0,,,,,
117404,episode_end,463.95951495400885,371,0.1034521984708951,200.0,,,,,
117692,episode_end,462.82383915088155,288,0.09992972922614589,200.0,,,,,
117917,episode_end,473.93901684632834,225,0.1002999580728229,200.0,,,,,
118000,train_step,,,0.10128961575328417,200.0,100000,30.63851547241211,-67.7273941040039,1.9931535720825195,-0.015676848590373993
118231,episode_end,471.9196272869874,314,0.10239611915439048,200.0,,,,,
118581,episode_end,459.7573427287811,350,0.10729994365095812,200.0,,,,,
118951,episode_end,266.89192991166175,370,0.11391166603638511,200.0,,,,,
119000,train_step,,,0.1135261637839981,200.0,100000,53.459938049316406,-76.15994262695312,1.79990553855896,-0.4353499412536621
119351,episode_end,456.63569054360505,400,0.10835970371547152,200.0,,,,,
119751,episode_end,464.43945228820184,400,0.11218573732476476,200.0,,,,,
120000,train_step,,,0.11311900560053716,200.0,100000,82.39385223388672,-69.20761108398438,2.123199939727783,0.2684915363788605
120025,episode_end,467.4989493408974,274,0.1139162819794413,200.0,,,,,
120389,episode_end,461.68525360042514,364,0.11791873537404805,200.0,,,,,
120693,episode_end,465.0837229182705,304,0.11672177100652914,200.0,,,,,
120939,episode_end,438.2780616317838,246,0.11554092395601698,200.0,,,,,
121000,train_step,,,0.11412170717181266,200.0,100000,52.47297668457031,-66.43229675292969,1.8531410694122314,-0.3187558054924011
121304,episode_end,466.68923532483365,365,0.11746422851109678,200.0,,,,,
121640,episode_end,289.2903263847569,336,0.11554324559796493,200.0,,,,,
121962,episode_end,491.0341831759726,322,0.11397778347351409,200.0,,,,,
122000,train_step,,,0.11366641678642524,200.0,100000,29.712844848632812,-73.93319702148438,1.8516494035720825,-0.3225865364074707
122305,episode_end,456.6526938835582,343,0.11528844592658183,200.0,,,,,
122603,episode_end,463.1081407973178,298,0.11171786232857522,200.0,,,,,
122993,episode_end,461.36871796452607,390,0.11143008238782164,200.0,,,,,
123000,train_step,,,0.11158055264915126,200.0,100000,325.4441223144531,-67.48507690429688,1.9892466068267822,-0.02358199656009674
123296,episode_end,471.36058126543844,303,0.1130233348645465,200.0,,,,,
123660,episode_end,491.13924977328776,364,0.11514177183526095,200.0,,,,,
124000,train_step,,,0.11600256926617965,200.0,100000,122.60224914550781,-74.69669342041016,2.023573875427246,0.050781331956386566
124106,episode_end,427.667504971726,446,0.11525654386467878,200.0,,,,,
124261,episode_end,290.33046340657063,155,0.11663639981620245,200.0,,,,,
124410,episode_end,262.3539130034125,149,0.11722526869229746,200.0,,,,,
124629,episode_end,243.84831987784202,219,0.11465574238742408,200.0,,,,,
124928,episode_end,471.86714459374963,299,0.10896751104811592,200.0,,,,,
125000,train_step,,,0.10785329237680366,200.0,100000,91.89313507080078,-71.13180541992188,1.898249864578247,-0.22659596800804138
125083,episode_end,452.0311740607111,155,0.10701087632137268,200.0,,,,,
125338,episode_end,496.4890539993512,255,0.10595184951428012,200.0,,,,,
125494,episode_end,265.5052148657709,156,0.10622430524726383,200.0,,,,,
125805,episode_end,472.74857821459364,311,0.10522394154473297,200.0,,,,,
126000,train_step,,,0.10592518670574694,200.0,100000,207.40036010742188,-68.85621643066406,1.832013726234436,-0.377132773399353
126090,episode_end,492.8864297380015,285,0.10442002425145218,200.0,,,,,
126403,episode_end,478.20107944309393,313,0.10439090420122786,200.0,,,,,
126564,episode_end,450.53646138355253,161,0.10387223142576966,200.0,,,,,
126666,episode_end,183.87474726971794,102,0.1021546420504365,200.0,,,,,
126923,episode_end,429.05535213453874,257,0.1029362807313112,200.0,,,,,
127000,train_step,,,0.10436425344173655,200.0,100000,254.03695678710938,-70.1594009399414,1.9332681894302368,-0.1508050411939621
127375,episode_end,402.01745571935044,452,0.10538317747511314,200.0,,,,,
127679,episode_end,470.7575425997087,304,0.10551131332298196,200.0,,,,,
127985,episode_end,428.0323020465818,306,0.10835355714873587,200.0,,,,,
128000,train_step,,,0.108050872390645,200.0,100000,360.0447082519531,-69.97774505615234,1.9822925329208374,-0.039401814341545105
128177,episode_end,474.16546648108215,192,0.10636399472415996,200.0,,,,,
128307,episode_end,191.66837547207388,130,0.10877402432930035,200.0,,,,,
128489,episode_end,446.6691969900324,182,0.10665478462732127,200.0,,,,,
128600,episode_end,201.7984854732722,111,0.1055408989977016,200.0,,,,,
128692,episode_end,104.256360202633,92,0.10513922582704785,200.0,,,,,
128943,episode_end,258.3508346698628,251,0.10758713159904824,200.0,,,,,
129000,train_step,,,0.1069001012938083,200.0,100000,390.04132080078125,-81.58769226074219,2.1548705101013184,0.3462684750556946
129245,episode_end,479.58465323978874,302,0.10786344666311311,200.0,,,,,
129417,episode_end,474.8102190929384,172,0.10681363559065304,200.0,,,,,
129734,episode_end,465.090422823587,317,0.10622417836318404,200.0,,,,,
129879,episode_end,180.18777446155048,145,0.1063854146052499,200.0,,,,,
130000,train_step,,,0.10684112629126803,200.0,100000,239.80125427246094,-82.28510284423828,2.0046935081481934,0.01049690693616867
130185,episode_end,476.831178449394,306,0.10571020710256919,200.0,,,,,
130456,episode_end,464.01482374250725,271,0.10439310602956818,200.0,,,,,
130777,episode_end,240.25065955501785,321,0.1065072045556351,200.0,,,,,
131000,train_step,,,0.10993108277213959,200.0,100000,55.00825119018555,-72.79865264892578,2.2381131649017334,0.5257307291030884
131031,episode_end,256.36273419347344,254,0.11052617831754867,200.0,,,,,
131245,episode_end,464.6070977710772,214,0.11257410743445465,200.0,,,,,
132000,train_step,,,0.11889073330572883,200.0,100000,108.28768920898438,-72.1474609375,1.9645410776138306,-0.0755116418004036
132245,episode_end,142.69822168050845,1000,0.12189719347097977,200.0,,,,,
132385,episode_end,247.7933519147802,140,0.12133082866359801,200.0,,,,,
132694,episode_end,384.6629388927223,309,0.12095954325617385,200.0,,,,,
132917,episode_end,464.9274121572651,223,0.1215254714855309,200.0,,,,,
133000,train_step,,,0.12230466378632329,200.0,100000,22.772939682006836,-74.1932373046875,1.6174449920654297,-0.8038400411605835
133264,episode_end,480.6911646636789,347,0.12026150537331934,200.0,,,,,
133929,episode_end,202.80922459411417,665,0.11785634374136264,200.0,,,,,
134000,train_step,,,0.11809093948887786,200.0,100000,32.553226470947266,-73.115234375,2.17008638381958,0.3633556663990021
134128,episode_end,463.77712902792194,199,0.11813338211174497,200.0,,,,,
134408,episode_end,432.3118784810251,280,0.11785736219967881,200.0,,,,,
134539,episode_end,187.6919602728895,131,0.1204663410449571,200.0,,,,,
134668,episode_end,-6.537602813091979,129,0.11964394233811511,200.0,,,,,
134939,episode_end,436.031922060318,271,0.11682578496586724,200.0,,,,,
135000,train_step,,,0.11655335397093435,200.0,100000,167.32681274414062,-84.17301177978516,1.905273199081421,-0.203606516122818
135118,episode_end,458.6730105110891,179,0.11793056635304781,200.0,,,,,
135550,episode_end,420.7051681726107,432,0.11595127681739284,200.0,,,,,
135791,episode_end,286.5390004592763,241,0.11365125981499212,200.0,,,,,
135931,episode_end,220.33203172427676,140,0.11511361408502045,200.0,,,,,
136000,train_step,,,0.11630591552737864,200.0,100000,230.51565551757812,-86.50439453125,2.05519437789917,0.11875273287296295
136174,episode_end,449.81643589847386,243,0.11456849507095739,200.0,,,,,
136483,episode_end,471.55298449760494,309,0.11304546426431919,200.0,,,,,
136827,episode_end,264.5091368240012,344,0.1144757370027793,200.0,,,,,
137000,train_step,,,0.116117673550215,200.0,100000,68.83811950683594,-80.85569763183594,2.0141377449035645,0.030440717935562134
137115,episode_end,451.3306276880302,288,0.11544289065296112,200.0,,,,,
137659,episode_end,445.84461183372605,544,0.11772785872821977,200.0,,,,,
137958,episode_end,475.7141615072234,299,0.1157176652292824,200.0,,,,,
138000,train_step,,,0.11491961720035673,200.0,100000,26.110748291015625,-82.83731079101562,1.7583701610565186,-0.5227715969085693
138187,episode_end,452.6517860635454,229,0.11348111202352988,200.0,,,,,
138458,episode_end,467.7013537751753,271,0.11059196340572401,200.0,,,,,
138728,episode_end,447.0494888840924,270,0.11398870180436957,200.0,,,,,
138975,episode_end,429.90595864724975,247,0.11154306816694984,200.0,,,,,
139000,train_step,,,0.111200117541684,200.0,100000,253.35073852539062,-87.20763397216797,1.8940086364746094,-0.2328019142150879
139126,episode_end,157.146077873134,151,0.11026500913391982,200.0,,,,,
139466,episode_end,427.05357220086046,340,0.10982199997922285,200.0,,,,,
139907,episode_end,376.35440436251235,441,0.11121454037841112,200.0,,,,,
140000,train_step,,,0.11280759753272673,200.0,100000,45.313133239746094,-83.79391479492188,1.9488935470581055,-0.11151783168315887
140284,episode_end,460.2318565935378,377,0.11113012304598407,200.0,,,,,
140568,episode_end,467.3803258234699,284,0.10963836313874309,200.0,,,,,
140859,episode_end,443.92659244457036,291,0.10880856853635042,200.0,,,,,
141000,train_step,,,0.10808019168090198,200.0,100000,64.99430847167969,-83.13418579101562,2.2944703102111816,0.6551618576049805
141159,episode_end,472.8797028701789,300,0.10891818341549644,200.0,,,,,
141368,episode_end,477.7063160144105,209,0.11006188771442126,200.0,,,,,
141518,episode_end,219.5338014085138,150,0.10978188039494902,200.0,,,,,
141765,episode_end,465.04608247008775,247,0.10831279050803609,200.0,,,,,
142000,train_step,,,0.10916268661043745,200.0,100000,47.8388557434082,-78.89640808105469,2.039715528488159,0.08796660602092743
142239,episode_end,465.9079362187701,474,0.10958648563060945,200.0,,,,,
142704,episode_end,372.0534021928225,465,0.1091448648665552,200.0,,,,,
143000,train_step,,,0.10981639175219514,200.0,100000,38.00190734863281,-81.13158416748047,1.896584153175354,-0.22843994200229645
143027,episode_end,453.73536721774445,323,0.10991435189877041,200.0,,,,,
143252,episode_end,475.6970141911191,225,0.11072566954141054,200.0,,,,,
143401,episode_end,230.73464519096126,149,0.11009447745394006,200.0,,,,,
143580,episode_end,450.7637852545554,179,0.10775444357214217,200.0,,,,,
143843,episode_end,459.6049206377235,263,0.10969922699955863,200.0,,,,,
144000,train_step,,,0.11101945853461644,200.0,100000,43.64899826049805,-81.2957763671875,1.7954883575439453,-0.4495266079902649
144166,episode_end,460.23939868542175,323,0.11089304230829003,200.0,,,,,
144460,episode_end,466.36716805684347,294,0.10875476007327925,200.0,,,,,
144735,episode_end,465.5664442924078,275,0.10902791705938732,200.0,,,,,
144884,episode_end,203.35427830180117,149,0.10886276369614892,200.0,,,,,
145000,train_step,,,0.1091658486440882,200.0,100000,85.65129089355469,-84.23552703857422,2.302034378051758,0.6689721345901489
145120,episode_end,428.7235859944106,236,0.10880486380387991,200.0,,,,,
145301,episode_end,473.0816288229464,181,0.10943337306889442,200.0,,,,,
145536,episode_end,453.8923206769912,235,0.10965825683066859,200.0,,,,,
145832,episode_end,472.6917847036535,296,0.11316328485848388,200.0,,,,,
146000,train_step,,,0.11313246144349502,200.0,100000,31.74507713317871,-80.53754425048828,1.693966269493103,-0.6669076085090637
146097,episode_end,464.4249915456265,265,0.1123636123468268,200.0,,,,,
146379,episode_end,473.1355862885088,282,0.11000765134300182,200.0,,,,,
146673,episode_end,489.05254817140144,294,0.11052124978585215,200.0,,,,,
146844,episode_end,470.33478555240896,171,0.10977036368729333,200.0,,,,,
147000,train_step,,,0.1093748942568306,200.0,100000,57.86894989013672,-77.78898620605469,2.238986015319824,0.5288695096969604
147086,episode_end,453.9571418866022,242,0.1117215248619626,200.0,,,,,
147312,episode_end,492.1300056978843,226,0.11316598285478202,200.0,,,,,
147730,episode_end,411.6440351733382,418,0.1140434332176161,200.0,,,,,
148000,train_step,,,0.1241778599073815,200.0,100000,360.69622802734375,-82.60021209716797,2.009687900543213,0.02020926959812641
148206,episode_end,403.68377094203134,476,0.13051861933893102,200.0,,,,,
148515,episode_end,437.0419972260219,309,0.12932128409554114,200.0,,,,,
148682,episode_end,438.83823044947854,167,0.12659126758875847,200.0,,,,,
149000,train_step,,,0.12204587556453529,200.0,100000,62.226585388183594,-87.17939758300781,1.7924141883850098,-0.43662726879119873
149081,episode_end,399.79715779765945,399,0.11984835921151243,200.0,,,,,
149342,episode_end,470.1000523825425,261,0.11858248382784717,200.0,,,,,
149666,episode_end,449.0798676775679,324,0.12045158492924045,200.0,,,,,
149944,episode_end,478.85461103339867,278,0.12545703070484301,200.0,,,,,
150000,train_step,,,0.12558591267564861,200.0,100000,518.4846801757812,-85.3638916015625,2.186229944229126,0.3863831162452698
150116,episode_end,441.09303503482465,172,0.1258909722108754,200.0,,,,,
150647,episode_end,395.7073770825882,531,0.12677823461906307,200.0,,,,,
150832,episode_end,458.6828072492481,185,0.1249769867016864,200.0,,,,,
151000,train_step,,,0.12350545250375877,200.0,100000,31.896995544433594,-88.47113037109375,2.081770181655884,0.171020045876503
151103,episode_end,463.7030719002982,271,0.12476208654708847,200.0,,,,,
151367,episode_end,483.2411968891297,264,0.12374102900085657,200.0,,,,,
151695,episode_end,492.90232550270906,328,0.12172597682705659,200.0,,,,,
151938,episode_end,469.0260399230475,243,0.12241384132998204,200.0,,,,,
152000,train_step,,,0.12205091169692893,200.0,100000,469.05328369140625,-88.98930358886719,2.006941795349121,0.01460084319114685
152181,episode_end,470.22505589231343,243,0.11991895108570327,200.0,,,,,
152488,episode_end,449.22624826479995,307,0.12345544336525183,200.0,,,,,
152693,episode_end,469.45139626121295,205,0.12725230156180015,200.0,,,,,
153000,train_step,,,0.12717639295200292,200.0,100000,194.41404724121094,-84.4012451171875,2.1510982513427734,0.31159186363220215
153002,episode_end,445.24360442717665,309,0.12716414656233674,200.0,,,,,
153164,episode_end,234.87227947017192,162,0.1251577257559228,200.0,,,,,
153511,episode_end,497.9516218008847,347,0.12134796903571722,200.0,,,,,
153805,episode_end,467.86162159090276,294,0.12362058217253769,200.0,,,,,
153976,episode_end,469.37960646101044,171,0.12648972447147944,200.0,,,,,
154000,train_step,,,0.12657598536041423,200.0,100000,40.867713928222656,-85.05875396728516,2.0243101119995117,0.05024661123752594
154200,episode_end,472.8116342354146,224,0.12575608074079866,200.0,,,,,
154377,episode_end,447.55831318143015,177,0.1250458323004793,200.0,,,,,
154743,episode_end,411.95592917845426,366,0.12759148695701444,200.0,,,,,
154993,episode_end,461.9227395354801,250,0.12809631518292663,200.0,,,,,
155000,train_step,,,0.1281544243845861,200.0,100000,113.3645248413086,-89.57821655273438,1.9801697731018066,-0.04074173420667648
155270,episode_end,440.20229676804666,277,0.12860232251778664,200.0,,,,,
155571,episode_end,493.1334265220203,301,0.12668922251380274,200.0,,,,,
155843,episode_end,449.52557852785986,272,0.12273906146154687,200.0,,,,,
156000,train_step,,,0.12148569182905944,200.0,100000,19.00112533569336,-89.33746337890625,2.0428719520568848,0.09037227928638458
156121,episode_end,469.49242521077514,278,0.12284803779416047,200.0,,,,,
156356,episode_end,475.46792658252843,235,0.12406771352077181,200.0,,,,,
156616,episode_end,478.1504986349433,260,0.12377191010074627,200.0,,,,,
156823,episode_end,482.31980403302117,207,0.12050135521601027,200.0,,,,,
157000,train_step,,,0.11982147203567921,200.0,100000,64.25312805175781,-90.37519073486328,1.8982539176940918,-0.215879887342453
157087,episode_end,491.53887807760947,264,0.11933669452341447,200.0,,,,,
157314,episode_end,496.8688001765112,227,0.1183894780907885,200.0,,,,,
157638,episode_end,480.466392320256,324,0.11688835379417119,200.0,,,,,
157808,episode_end,483.9020121026409,170,0.115429570611716,200.0,,,,,
158000,train_step,,,0.11719179773315129,200.0,100000,118.28163146972656,-90.32379913330078,2.130107879638672,0.2789437770843506
158060,episode_end,498.1172170294214,252,0.11808425371162898,200.0,,,,,
158248,episode_end,464.98176329898746,188,0.1213624464298164,200.0,,,,,
158459,episode_end,487.6892226653046,211,0.12421767412912321,200.0,,,,,
158580,episode_end,219.32977138212703,121,0.12502797186824707,200.0,,,,,
158723,episode_end,224.67897173201436,143,0.12266831155950822,200.0,,,,,
158892,episode_end,479.01758374560166,169,0.1235998358734234,200.0,,,,,
159000,train_step,,,0.12494042789885008,200.0,100000,23.926063537597656,-85.46510314941406,1.964605450630188,-0.07361781597137451
159116,episode_end,479.4523743620534,224,0.12479480568960809,200.0,,,,,
159356,episode_end,454.7384811108149,240,0.1246695411478433,200.0,,,,,
159629,episode_end,484.6602155936134,273,0.12148177309666114,200.0,,,,,
159969,episode_end,484.70404021571034,340,0.11943554956411012,200.0,,,,,
160000,train_step,,,0.1192745117430534,200.0,100000,68.5373306274414,-84.74800109863281,2.145890951156616,0.3102119266986847
160137,episode_end,449.1008504244397,168,0.1187589055477032,200.0,,,,,
160296,episode_end,438.9767389721943,159,0.11710640881521327,200.0,,,,,
160583,episode_end,478.0691098023532,287,0.11871421759491786,200.0,,,,,
160811,episode_end,462.5105948992714,228,0.11970766234657058,200.0,,,,,
161000,train_step,,,0.12179392819408942,200.0,100000,130.62255859375,-87.43516540527344,1.9988255500793457,-0.0024727433919906616
161137,episode_end,462.94870554198263,326,0.12267866057250129,200.0,,,,,
161402,episode_end,413.7715218769375,265,0.12084523686298686,200.0,,,,,
161708,episode_end,470.59062450436966,306,0.1224977223466952,200.0,,,,,
161968,episode_end,486.9197085448026,260,0.1224354479492622,200.0,,,,,
162000,train_step,,,0.12215361948907322,200.0,100000,350.80975341796875,-87.50458526611328,2.0841476917266846,0.17691875994205475
162210,episode_end,480.43975929231345,242,0.12443136909314047,200.0,,,,,
162418,episode_end,481.398164887351,208,0.12708262377183677,200.0,,,,,
162724,episode_end,463.1309590625279,306,0.12367857803575791,200.0,,,,,
162960,episode_end,490.91498264965594,236,0.1255526816074264,200.0,,,,,
163000,train_step,,,0.12601133146549337,200.0,100000,201.92349243164062,-84.15485382080078,1.9685701131820679,-0.06510341167449951
163137,episode_end,464.0093368336485,177,0.12630331491336627,200.0,,,,,
163276,episode_end,254.72931581987064,139,0.12588583074722018,200.0,,,,,
163418,episode_end,237.45507375737378,142,0.12442773854158815,200.0,,,,,
163711,episode_end,461.1372335014784,293,0.12746445473858875,200.0,,,,,
163956,episode_end,464.35889643166263,245,0.1275345563475187,200.0,,,,,
164000,train_step,,,0.1284884692773547,200.0,100000,89.12632751464844,-91.36314392089844,1.9543116092681885,-0.0937488004565239
164232,episode_end,460.4965678711063,276,0.12925609359735055,200.0,,,,,
164594,episode_end,269.54331376780124,362,0.1323059841349762,200.0,,,,,
164892,episode_end,474.2190807566219,298,0.1328627961002849,200.0,,,,,
165000,train_step,,,0.1307660919374399,200.0,100000,153.07937622070312,-87.45463562011719,1.9406893253326416,-0.12065859138965607
165158,episode_end,507.53203225649736,266,0.12843376526618347,200.0,,,,,
165427,episode_end,479.3607531457775,269,0.12793106026433088,200.0,,,,,
165635,episode_end,486.48216025696803,208,0.12699610406411485,200.0,,,,,
165927,episode_end,477.770513434575,292,0.12848385285437455,200.0,,,,,
166000,train_step,,,0.12812949885483613,200.0,100000,144.19915771484375,-88.9918212890625,2.0636467933654785,0.13077610731124878
166192,episode_end,477.8198847021178,265,0.13098985644933447,200.0,,,,,
166480,episode_end,489.40885809740894,288,0.12670947116448686,200.0,,,,,
166761,episode_end,471.9434896541123,281,0.12379513720300096,200.0,,,,,
167000,train_step,,,0.1248744725509228,200.0,100000,116.718505859375,-88.92888641357422,2.0122427940368652,0.02547060325741768
167007,episode_end,465.2494033739655,246,0.12491668260450899,200.0,,,,,
167305,episode_end,477.81378814093586,298,0.12484680521324436,200.0,,,,,
167478,episode_end,464.9411382841384,173,0.12587103156793186,200.0,,,,,
167773,episode_end,439.9332535200094,295,0.12804056109900447,200.0,,,,,
168000,train_step,,,0.12577824616614164,200.0,100000,233.85267639160156,-93.53457641601562,1.8397581577301025,-0.33221906423568726
168221,episode_end,461.63273532309546,448,0.12187252729705354,200.0,,,,,
168456,episode_end,498.42431172106546,235,0.12022686787374033,200.0,,,,,
168700,episode_end,498.78542670672385,244,0.1219001441514793,200.0,,,,,
169000,train_step,,,0.12679768638118324,200.0,100000,77.52113342285156,-86.78804016113281,2.018355131149292,0.03790628910064697
169222,episode_end,435.3568084524053,522,0.12662950809023907,200.0,,,,,
169486,episode_end,480.23533225254306,264,0.1252850993325922,200.0,,,,,
169723,episode_end,436.4775727758905,237,0.1295940436161224,200.0,,,,,
169965,episode_end,485.79982592428564,242,0.13268799645707288,200.0,,,,,
170000,train_step,,,0.13239095076684138,200.0,100000,74.1343765258789,-89.08882904052734,1.8797078132629395,-0.24323050677776337
170234,episode_end,497.3141462321931,269,0.1329682503598987,200.0,,,,,
170403,episode_end,483.0844517375046,169,0.13037875934360618,200.0,,,,,
170649,episode_end,423.03772775833215,246,0.13278316890724393,200.0,,,,,
170919,episode_end,445.3704359874701,270,0.13256529249516202,200.0,,,,,
171000,train_step,,,0.13125946038703717,200.0,100000,136.79808044433594,-85.75887298583984,1.8612840175628662,-0.2816739082336426
171331,episode_end,462.5394918018499,412,0.12989370119475,200.0,,,,,
171604,episode_end,463.8064412928094,273,0.1306072898592344,200.0,,,,,
171822,episode_end,484.6808974093559,218,0.12996471649572278,200.0,,,,,
171970,episode_end,256.3004753087025,148,0.13255707950178497,200.0,,,,,
172000,train_step,,,0.13287912063575893,200.0,100000,41.19344711303711,-89.12429809570312,2.0452768802642822,0.09138308465480804
172177,episode_end,489.8452859535169,207,0.13239529080193288,200.0,,,,,
172453,episode_end,494.4988507847168,276,0.13138203708262602,200.0,,,,,
172721,episode_end,482.22744410489406,268,0.13026246035512776,200.0,,,,,
172929,episode_end,482.83608533033265,208,0.12973677436090014,200.0,,,,,
173000,train_step,,,0.12972178697620532,200.0,100000,14.974854469299316,-90.91365814208984,1.9558451175689697,-0.09017998725175858
173166,episode_end,471.583771929549,237,0.13072703128495888,200.0,,,,,
173430,episode_end,465.285579409826,264,0.12920782911478124,200.0,,,,,
173742,episode_end,484.89608826017303,312,0.13061517515013893,200.0,,,,,
174000,train_step,,,0.12899590551958745,200.0,100000,46.87459182739258,-90.02462768554688,2.1808438301086426,0.37036314606666565
174017,episode_end,455.87283870415,275,0.12936636036898108,200.0,,,,,
174289,episode_end,479.8197904827676,272,0.1297271573383842,200.0,,,,,
174534,episode_end,460.9444361005836,245,0.12874581905710242,200.0,,,,,
174837,episode_end,480.5921927374998,303,0.12586845433217378,200.0,,,,,
175000,train_step,,,0.12466422273769627,200.0,100000,200.08978271484375,-98.85344696044922,2.0940961837768555,0.19592098891735077
175110,episode_end,491.3959019401229,273,0.12558278281483193,200.0,,,,,
175395,episode_end,466.26891682479123,285,0.1294333035647102,200.0,,,,,
175696,episode_end,469.7641303687488,301,0.1274771030056481,200.0,,,,,
175940,episode_end,486.4756368789337,244,0.12654776403475804,200.0,,,,,
176000,train_step,,,0.12651303450939802,200.0,100000,178.56005859375,-89.81361389160156,2.0139501094818115,0.028840593993663788
176108,episode_end,480.18867458095184,168,0.12742728763753572,200.0,,,,,
176363,episode_end,464.6961333780997,255,0.12998760984015478,200.0,,,,,
176654,episode_end,478.5494874092688,291,0.1267725173281489,200.0,,,,,
176904,episode_end,449.79319927426667,250,0.12660937432307232,200.0,,,,,
177000,train_step,,,0.1258856573630573,200.0,100000,53.601173400878906,-101.68922424316406,1.8467907905578613,-0.31750768423080444
177139,episode_end,439.8752162853018,235,0.12575276884043493,200.0,,,,,
177385,episode_end,475.2546689265268,246,0.1234872302404167,200.0,,,,,
177596,episode_end,456.7538180794303,211,0.1209909895004105,200.0,,,,,
177839,episode_end,452.87480906766257,243,0.12158168947566002,200.0,,,,,
178000,train_step,,,0.12302581875914978,200.0,100000,152.7039794921875,-104.04096984863281,2.1719493865966797,0.36029571294784546
178082,episode_end,457.9248637392068,243,0.12277931052590965,200.0,,,,,
178350,episode_end,488.0703253879815,268,0.1247131340475802,200.0,,,,,
178574,episode_end,476.54682903285544,224,0.12604687199652742,200.0,,,,,
178738,episode_end,446.1624709300846,164,0.12562946329442173,200.0,,,,,
178970,episode_end,484.17742177529414,232,0.12380085012966294,200.0,,,,,
179000,train_step,,,0.12349397576262319,200.0,100000,154.5938720703125,-98.53677368164062,1.9807289838790894,-0.04030659794807434
179246,episode_end,474.0127241326133,276,0.12229400655720367,200.0,,,,,
179475,episode_end,475.2637577501393,229,0.11920156125709269,200.0,,,,,
179732,episode_end,457.2021575027945,257,0.11905894738370287,200.0,,,,,
179923,episode_end,492.6919619444817,191,0.11845703454717592,200.0,,,,,
180000,train_step,,,0.11885081175831565,200.0,100000,72.98092651367188,-101.89340209960938,1.9557621479034424,-0.09422165900468826
180156,episode_end,483.89589073479044,233,0.12095780652328277,200.0,,,,,
180319,episode_end,272.8512145233253,163,0.12197208265386716,200.0,,,,,
180481,episode_end,448.84256554509005,162,0.12583472026685308,200.0,,,,,
180766,episode_end,482.48288069351264,285,0.1256399181809621,200.0,,,,,
180962,episode_end,454.69086071937653,196,0.12768562821558768,200.0,,,,,
181000,train_step,,,0.12738863949829585,200.0,100000,101.38232421875,-97.36479949951172,1.8533271551132202,-0.3022211790084839
181313,episode_end,433.43375848060174,351,0.12520990338206497,200.0,,,,,
181559,episode_end,506.2961604157444,246,0.12776344193478284,200.0,,,,,
181778,episode_end,449.55139213981727,219,0.12946345222471928,200.0,,,,,
181952,episode_end,453.1382964690681,174,0.12968685091784296,200.0,,,,,
182000,train_step,,,0.12954390287228557,200.0,100000,83.9013671875,-99.7060546875,2.1558332443237305,0.3184824585914612
182193,episode_end,458.2064828386955,241,0.13306187612185122,200.0,,,,,
182423,episode_end,448.26360459059595,230,0.13355452880092683,200.0,,,,,
182665,episode_end,472.98143684166223,242,0.13125697658833313,200.0,,,,,
182950,episode_end,488.2646239494204,285,0.1292864500450077,200.0,,,,,
183000,train_step,,,0.12945945623627592,200.0,100000,196.57296752929688,-108.39047241210938,1.9466025829315186,-0.10916507244110107
183168,episode_end,454.02479178236354,218,0.13116820568315601,200.0,,,,,
183584,episode_end,449.90704499785903,416,0.12925018280933334,200.0,,,,,
183816,episode_end,446.2787038946992,232,0.12658004765613734,200.0,,,,,
184000,train_step,,,0.125809312525342,200.0,100000,51.0030517578125,-102.93281555175781,1.9948676824569702,-0.010639354586601257
184021,episode_end,501.40463199055364,205,0.12576359282795627,200.0,,,,,
184408,episode_end,435.76745680925376,387,0.12302499966766646,200.0,,,,,
184601,episode_end,421.9114558925342,193,0.1250457713338534,200.0,,,,,
184829,episode_end,477.5648735957489,228,0.1237548987137762,200.0,,,,,
185000,train_step,,,0.12365472085305731,200.0,100000,58.277793884277344,-109.45135498046875,2.1810178756713867,0.3783748745918274
185085,episode_end,481.65547678408274,256,0.1252868779474798,200.0,,,,,
185357,episode_end,454.5655768187828,272,0.1260919727142553,200.0,,,,,
185632,episode_end,447.29129389982575,275,0.12126566231027304,200.0,,,,,
186000,train_step,,,0.11972025886412695,200.0,100000,182.50778198242188,-103.40192413330078,1.9624969959259033,-0.0796038955450058
186439,episode_end,389.78169244818304,807,0.12230141296099459,200.0,,,,,
186692,episode_end,500.9225951262748,253,0.1228432939068193,200.0,,,,,
186929,episode_end,486.92118049281083,237,0.12074861216308165,200.0,,,,,
187000,train_step,,,0.12066205341693333,200.0,100000,289.82904052734375,-103.95687866210938,1.89090096950531,-0.23071840405464172
187165,episode_end,476.9626981312224,236,0.1188683137029465,200.0,,,,,
187387,episode_end,458.70429490171966,222,0.11700670317914992,200.0,,,,,
187611,episode_end,498.72023387891556,224,0.11655151125245035,200.0,,,,,
187777,episode_end,466.81937042640794,166,0.11824952086371518,200.0,,,,,
188000,train_step,,,0.1190813443222392,200.0,100000,113.65220642089844,-98.4358139038086,2.140089511871338,0.2981029748916626
188039,episode_end,486.78114785850795,262,0.11946945192389558,200.0,,,,,
188302,episode_end,471.329412011762,263,0.1193438614363724,200.0,,,,,
188616,episode_end,488.0638729892667,314,0.1169871110348853,200.0,,,,,
188863,episode_end,480.53606601609346,247,0.1153899663822734,200.0,,,,,
189000,train_step,,,0.11623981878365144,200.0,100000,124.29490661621094,-94.69841003417969,1.896336555480957,-0.2230941504240036
189110,episode_end,464.0284455785647,247,0.11641746092858175,200.0,,,,,
189352,episode_end,486.85311226580586,242,0.11608586359008306,200.0,,,,,
189599,episode_end,493.21155868534674,247,0.11715806173385483,200.0,,,,,
189852,episode_end,488.63166186774174,253,0.11852846063848128,200.0,,,,,
190000,train_step,,,0.11921632811399797,200.0,100000,119.73489379882812,-102.9522705078125,2.0250842571258545,0.05334964022040367
190069,episode_end,456.16705046713844,217,0.11930402526406443,200.0,,,,,
190295,episode_end,437.1521059479241,226,0.1193609004636037,200.0,,,,,
190518,episode_end,487.64471669089545,223,0.12086993278503336,200.0,,,,,
190763,episode_end,456.2423484657339,245,0.11910017593619265,200.0,,,,,
191000,train_step,,,0.12371774042476498,200.0,100000,70.6050033569336,-110.84575653076172,1.9114258289337158,-0.18509797751903534
191026,episode_end,502.13896356128765,263,0.12348789308598933,200.0,,,,,
191234,episode_end,443.76735287790723,208,0.1233917528162706,200.0,,,,,
191495,episode_end,441.51009042445816,261,0.12171710094523035,200.0,,,,,
191741,episode_end,492.3008150058589,246,0.11983780032503698,200.0,,,,,
191872,episode_end,-39.89297167314476,131,0.11890361344940653,200.0,,,,,
192000,train_step,,,0.11876753418663907,200.0,100000,38.36375427246094,-104.90602111816406,1.8390231132507324,-0.3429754376411438
192096,episode_end,445.2055242699675,224,0.11813132225642231,200.0,,,,,
192316,episode_end,452.2696736065933,220,0.11867551476375805,200.0,,,,,
192640,episode_end,445.1585836033832,324,0.11938707419500451,200.0,,,,,
193000,train_step,,,0.12598045297372498,200.0,100000,368.5243835449219,-103.51177978515625,2.106088876724243,0.21977686882019043
193526,episode_end,428.39229901305833,886,0.1324283328857254,200.0,,,,,
193805,episode_end,434.04641105903903,279,0.12889984609251043,200.0,,,,,
194000,train_step,,,0.12567356024801013,200.0,100000,81.40742492675781,-107.5421371459961,1.787322759628296,-0.4411068856716156
194042,episode_end,489.3935091251938,237,0.12504085749042373,200.0,,,,,
194261,episode_end,451.210218835538,219,0.12315827401367557,200.0,,,,,
194429,episode_end,450.57868765082077,168,0.12394196341919263,200.0,,,,,
194652,episode_end,438.5552821206366,223,0.12187016146646844,200.0,,,,,
194817,episode_end,236.9382990242127,165,0.12309044689146095,200.0,,,,,
195000,train_step,,,0.12272841119139567,200.0,100000,62.41185760498047,-113.30298614501953,1.9635200500488281,-0.07652662694454193
195105,episode_end,453.93780979428243,288,0.12283371488159285,200.0,,,,,
195387,episode_end,476.88756948156356,282,0.12237730129665716,200.0,,,,,
195449,episode_end,194.90251789426117,62,0.12214263782516332,200.0,,,,,
195697,episode_end,481.68850737642003,248,0.12348990414823113,200.0,,,,,
195942,episode_end,473.2121486528216,245,0.12121193004662834,200.0,,,,,
196000,train_step,,,0.12118835202461654,200.0,100000,336.78802490234375,-114.10285949707031,2.04117488861084,0.08689586818218231
196150,episode_end,465.64656504291014,208,0.12036863621804667,200.0,,,,,
196337,episode_end,487.8714440586188,187,0.12072540680333309,200.0,,,,,
196576,episode_end,462.8828593259644,239,0.12355400824650153,200.0,,,,,
196826,episode_end,453.8807156339737,250,0.11998940921607103,200.0,,,,,
197000,train_step,,,0.12203073794297996,200.0,100000,426.0926513671875,-117.294921875,1.7973217964172363,-0.4263298809528351
197112,episode_end,482.083789209225,286,0.12036729176337405,200.0,,,,,
197383,episode_end,455.0147313784227,271,0.12080019488921546,200.0,,,,,
197597,episode_end,472.55369107006106,214,0.12154374476736453,200.0,,,,,
197840,episode_end,434.4281596815915,243,0.11991682717098723,200.0,,,,,
198000,train_step,,,0.12131172244515238,200.0,100000,105.90199279785156,-114.38328552246094,2.11218523979187,0.2366424947977066
198116,episode_end,477.7750939690151,276,0.12091371686483561,200.0,,,,,
198354,episode_end,495.0301574803789,238,0.11853016798611578,200.0,,,,,
198575,episode_end,453.7302754981032,221,0.11690109646649356,200.0,,,,,
198836,episode_end,485.9590602038712,261,0.11638420008648892,200.0,,,,,
199000,train_step,,,0.11531843660467761,200.0,100000,23.286197662353516,-107.60670471191406,1.9659056663513184,-0.07364562153816223
199316,episode_end,435.50974584307517,480,0.11346140325160385,200.0,,,,,
199586,episode_end,492.79907474332583,270,0.1118003934815029,200.0,,,,,
199804,episode_end,443.37582999328066,218,0.11115435639642014,200.0,,,,,
200000,train_step,,,0.11078141763796354,200.0,100000,96.24005126953125,-113.21278381347656,1.9981167316436768,-0.004143550992012024
200055,episode_end,456.20605833212045,251,0.1107185279265786,200.0,,,,,
200290,episode_end,477.96809187436577,235,0.113887880077068,200.0,,,,,
200517,episode_end,455.9711541128603,227,0.11417498032091648,200.0,,,,,
200780,episode_end,451.45933181941865,263,0.11446161980896617,200.0,,,,,
201000,train_step,,,0.11456222510442271,200.0,100000,76.3074722290039,-113.69022369384766,2.0322647094726562,0.06990573555231094
201011,episode_end,477.91984499614153,231,0.11459342638599873,200.0,,,,,
201245,episode_end,436.3312289359847,234,0.11741345572718355,200.0,,,,,
201548,episode_end,466.09046172688284,303,0.11873825402760452,200.0,,,,,
201822,episode_end,490.87040544636017,274,0.11841247036383895,200.0,,,,,
202000,train_step,,,0.11626698724914844,200.0,100000,128.48733520507812,-115.56542205810547,1.9249893426895142,-0.1614128202199936
202087,episode_end,493.36699294898057,265,0.11559464514505842,200.0,,,,,
202293,episode_end,449.5647298361131,206,0.11498186191140318,200.0,,,,,
202527,episode_end,489.6883389515189,234,0.11399526588760012,200.0,,,,,
202764,episode_end,493.72774884147947,237,0.11741551381895161,200.0,,,,,
202908,episode_end,470.3826731884742,144,0.11911514475948702,200.0,,,,,
203000,train_step,,,0.11896721517452011,200.0,100000,35.499855041503906,-119.50591278076172,1.9504470825195312,-0.10549373924732208
203098,episode_end,483.680664103122,190,0.11993285822723913,200.0,,,,,
203290,episode_end,441.2880326913116,192,0.117196504752848,200.0,,,,,
203571,episode_end,443.9478563425738,281,0.1168796637801351,200.0,,,,,
203828,episode_end,488.22570960642736,257,0.11505476870435977,200.0,,,,,
204000,train_step,,,0.11553014673118302,200.0,100000,37.777320861816406,-117.66226959228516,2.1555938720703125,0.3358064591884613
204037,episode_end,499.6695243927522,209,0.11580764493756238,200.0,,,,,
204250,episode_end,475.7601723810075,213,0.11582041682567244,200.0,,,,,
204478,episode_end,473.51268357606824,228,0.11975784232545515,200.0,,,,,
204713,episode_end,467.0750892083855,235,0.11918653100300997,200.0,,,,,
204937,episode_end,470.6006321514296,224,0.12128967037436421,200.0,,,,,
205000,train_step,,,0.12163970924052774,200.0,100000,216.63157653808594,-115.0963134765625,2.0513358116149902,0.10814860463142395
205111,episode_end,452.27531972500805,174,0.12252161868281289,200.0,,,,,
205340,episode_end,477.6501271474563,229,0.12416261047944589,200.0,,,,,
205533,episode_end,486.0604490876728,193,0.12526082071623454,200.0,,,,,
205719,episode_end,484.22908529958005,186,0.12847590198114428,200.0,,,,,
205944,episode_end,452.98673303656784,225,0.12869263566236433,200.0,,,,,
206000,train_step,,,0.12819149442971747,200.0,100000,56.99842834472656,-113.79887390136719,2.0045459270477295,0.009338289499282837
206158,episode_end,456.02768815114166,214,0.13076096191354894,200.0,,,,,
206371,episode_end,525.2214005085266,213,0.128710359372309,200.0,,,,,
206561,episode_end,441.7264505582238,190,0.12824276340284663,200.0,,,,,
206754,episode_end,483.28152995040523,193,0.127057530199877,200.0,,,,,
206951,episode_end,499.72129038452726,197,0.1296361646685166,200.0,,,,,
207000,train_step,,,0.12854547050429063,200.0,100000,309.5068359375,-115.35062408447266,1.841637372970581,-0.3248765468597412
207466,episode_end,471.70575198870165,515,0.13253535804452501,200.0,,,,,
207706,episode_end,437.06093522300205,240,0.13133454818353132,200.0,,,,,
207887,episode_end,460.3982172376164,181,0.12967548260354567,200.0,,,,,
208000,train_step,,,0.13244079015322216,200.0,100000,122.9326400756836,-116.404541015625,1.9938782453536987,-0.012375801801681519
208065,episode_end,470.70170095649763,178,0.13524473502778148,200.0,,,,,
208302,episode_end,462.8224763969967,237,0.1368540151954619,200.0,,,,,
208576,episode_end,504.72323799890705,274,0.13653102983199278,200.0,,,,,
208756,episode_end,464.5718236391385,180,0.13279498188652464,200.0,,,,,
209000,train_step,,,0.13632087161984346,200.0,100000,23.286352157592773,-120.76092529296875,2.0251941680908203,0.0502052903175354
209037,episode_end,468.11028689931305,281,0.13605635252793763,200.0,,,,,
209256,episode_end,500.37942237628664,219,0.1348646601187809,200.0,,,,,
209466,episode_end,502.64843970223234,210,0.13832910197097006,200.0,,,,,
209958,episode_end,417.2005976138634,492,0.13762399633019762,200.0,,,,,
210000,train_step,,,0.1374024008735737,200.0,100000,161.48373413085938,-108.13352966308594,1.866882085800171,-0.2642180919647217
210242,episode_end,489.9313739805514,284,0.13816941395492763,200.0,,,,,
210517,episode_end,490.54949577262477,275,0.13804609353500943,200.0,,,,,
210783,episode_end,491.3789957133263,266,0.13448754995328374,200.0,,,,,
211000,train_step,,,0.13361001128321606,200.0,100000,281.0078125,-112.65486145019531,2.0174713134765625,0.03516650199890137
211034,episode_end,431.7838676321036,251,0.13452589786284605,200.0,,,,,
211278,episode_end,474.90086066338523,244,0.13804939234765573,200.0,,,,,
211503,episode_end,459.34515648946785,225,0.14111940850712984,200.0,,,,,
211910,episode_end,446.4842872658524,407,0.13547299504270133,200.0,,,,,
212000,train_step,,,0.13470103441291306,200.0,100000,102.93499755859375,-120.75200653076172,2.01932954788208,0.038749903440475464
212093,episode_end,444.7991632084394,183,0.13405768854619568,200.0,,,,,
212320,episode_end,474.89694357599774,227,0.1323060739694985,200.0,,,,,
212552,episode_end,486.9926436686496,232,0.13267296905579007,200.0,,,,,
212724,episode_end,443.93650492325906,172,0.13600021935117618,200.0,,,,,
212964,episode_end,505.7873350246781,240,0.13989259936381418,200.0,,,,,
213000,train_step,,,0.1404155843811495,200.0,100000,175.20590209960938,-125.63414001464844,2.1921634674072266,0.37724536657333374
213166,episode_end,448.26989219033743,202,0.14251758882996,200.0,,,,,
213498,episode_end,489.6325344516226,332,0.13933053010734994,200.0,,,,,
213703,episode_end,487.89756132764984,205,0.13589770643008472,200.0,,,,,
213882,episode_end,476.2796196562343,179,0.13750702944719487,200.0,,,,,
214000,train_step,,,0.13661185825732633,200.0,100000,400.32574462890625,-107.04174041748047,1.8347594738006592,-0.32892948389053345
214111,episode_end,477.0143494053212,229,0.1335353911845626,200.0,,,,,
214340,episode_end,462.9865685128886,229,0.13275678965949145,200.0,,,,,
214573,episode_end,449.99645549794434,233,0.1329739338201446,200.0,,,,,
214779,episode_end,465.08151235959684,206,0.13311372258001095,200.0,,,,,
214992,episode_end,473.9674537836907,213,0.13518568585134982,200.0,,,,,
215000,train_step,,,0.135595291038239,200.0,100000,126.39671325683594,-112.39483642578125,2.0243263244628906,0.04860565811395645
215245,episode_end,478.3962891274412,253,0.13929171525482506,200.0,,,,,
215497,episode_end,422.0422581912685,252,0.1419413049445623,200.0,,,,,
215740,episode_end,444.994433236611,243,0.14129800111597132,200.0,,,,,
215926,episode_end,481.6466867438964,186,0.1405371262313578,200.0,,,,,
216000,train_step,,,0.13950972897958633,200.0,100000,131.85479736328125,-118.691162109375,2.0127549171447754,0.02512248232960701
216169,episode_end,465.7260298577599,243,0.13969013440172023,200.0,,,,,
216415,episode_end,484.61092222402993,246,0.14046600204990659,200.0,,,,,
216583,episode_end,463.4834849069405,168,0.13822488369548974,200.0,,,,,
216814,episode_end,461.9281020804158,231,0.13825947742396438,200.0,,,,,
217000,train_step,,,0.13462127399429258,200.0,100000,110.5602035522461,-125.4775390625,1.8243836164474487,-0.35216188430786133
217061,episode_end,458.5692320248503,247,0.13424336478361815,200.0,,,,,
217340,episode_end,465.05082176209015,279,0.1327873859754181,200.0,,,,,
217587,episode_end,442.22379648984196,247,0.13275734542525341,200.0,,,,,
217762,episode_end,443.5211351638219,175,0.13221304221663324,200.0,,,,,
218000,train_step,,,0.12815631250609355,200.0,100000,39.36619567871094,-119.6674575805664,1.7999370098114014,-0.41103020310401917
218037,episode_end,453.8416897209287,275,0.12833483828844833,200.0,,,,,
218259,episode_end,451.9291405395722,222,0.12778100370816683,200.0,,,,,
218522,episode_end,484.03394937785407,263,0.12542512414509632,200.0,,,,,
218828,episode_end,496.61344346661326,306,0.1274359528767927,200.0,,,,,
219000,train_step,,,0.1278576422160091,200.0,100000,16.410675048828125,-111.40203857421875,1.971667766571045,-0.058274589478969574
219079,episode_end,481.46661694942145,251,0.12858840347216968,200.0,,,,,
219414,episode_end,490.36197318698186,335,0.12698975938055626,200.0,,,,,
219722,episode_end,484.04005448156363,308,0.12621250461934197,200.0,,,,,
220000,train_step,,,0.1255635150820879,200.0,100000,323.67608642578125,-116.45063781738281,2.1323797702789307,0.27468055486679077
220013,episode_end,490.73645990689636,291,0.1258170832565331,200.0,,,,,
220309,episode_end,440.08007802601554,296,0.12926878150699916,200.0,,,,,
220565,episode_end,466.28728329630985,256,0.13057116416597406,200.0,,,,,
221000,train_step,,,0.13133768639296498,200.0,100000,13.9354248046875,-118.5430679321289,1.9550037384033203,-0.09134188294410706
221049,episode_end,504.28173118741125,484,0.13112174073687222,200.0,,,,,
221306,episode_end,462.59109331607266,257,0.13242022227064076,200.0,,,,,
221525,episode_end,483.81289814205604,219,0.1312440893941831,200.0,,,,,
222000,train_step,,,0.13373563028403965,200.0,100000,23.039108276367188,-115.72795867919922,1.8325294256210327,-0.33693230152130127
222017,episode_end,483.2352053436653,492,0.13393025923920476,200.0,,,,,
222269,episode_end,497.4515958347564,252,0.13662129469934567,200.0,,,,,
222503,episode_end,477.9143001960586,234,0.13635417020401042,200.0,,,,,
222657,episode_end,453.1474200854254,154,0.13249623953181477,200.0,,,,,
222917,episode_end,419.87761966263764,260,0.12923365038530898,200.0,,,,,
223000,train_step,,,0.13012023759305863,200.0,100000,147.09548950195312,-131.3332977294922,2.065145492553711,0.1328507363796234
223099,episode_end,450.6385614179897,182,0.12951130908094086,200.0,,,,,
223339,episode_end,496.5252013902551,240,0.12711943495721745,200.0,,,,,
223503,episode_end,466.0448660088796,164,0.12840399049506906,200.0,,,,,
223762,episode_end,502.63091652401334,259,0.13022505228002904,200.0,,,,,
224000,train_step,,,0.13064218529495675,200.0,100000,105.32411193847656,-121.59767150878906,2.117645740509033,0.23944412171840668
224022,episode_end,503.84847975595045,260,0.13079293736166736,200.0,,,,,
224322,episode_end,486.28012529083304,300,0.1322251385078905,200.0,,,,,
224502,episode_end,475.3539096216942,180,0.12990113976173776,200.0,,,,,
224724,episode_end,489.47852647836544,222,0.13066281956536735,200.0,,,,,
224968,episode_end,488.38417513957893,244,0.1314979505260688,200.0,,,,,
225000,train_step,,,0.13177335332522305,200.0,100000,114.74076843261719,-123.88223266601562,2.039215326309204,0.07947664707899094
225243,episode_end,501.32134480245423,275,0.1302738792514928,200.0,,,,,
225498,episode_end,274.9470626548136,255,0.12907314786828689,200.0,,,,,
225722,episode_end,487.2820196724255,224,0.13051062322058046,200.0,,,,,
226000,train_step,,,0.13175488558129125,200.0,100000,35.152244567871094,-129.0983123779297,2.0275533199310303,0.055845409631729126
226006,episode_end,499.9988262587667,284,0.13187737335529606,200.0,,,,,
226265,episode_end,466.2587584867246,259,0.12977257416618995,200.0,,,,,
226436,episode_end,475.51423256963136,171,0.12993893644837834,200.0,,,,,
226657,episode_end,490.7644624910144,221,0.12798727778520497,200.0,,,,,
226890,episode_end,482.3302762415071,233,0.12685726512879394,200.0,,,,,
227000,train_step,,,0.1266371741824657,200.0,100000,19.099706649780273,-120.17315673828125,1.9138526916503906,-0.1780174970626831
227048,episode_end,459.6877929336695,158,0.12670924094542868,200.0,,,,,
227219,episode_end,469.29581409943705,171,0.12450784371664388,200.0,,,,,
227413,episode_end,501.8638744237896,194,0.12423814744072072,200.0,,,,,
227600,episode_end,480.25065298449056,187,0.12350313972964107,200.0,,,,,
227833,episode_end,493.37241425596625,233,0.12157081993170527,200.0,,,,,
228000,train_step,,,0.1213440776008159,200.0,100000,18.230573654174805,-119.999755859375,1.7747610807418823,-0.47505688667297363
228072,episode_end,469.60236018828687,239,0.1202692508043731,200.0,,,,,
228339,episode_end,483.498388709885,267,0.12227265470923784,200.0,,,,,
228492,episode_end,475.9221340522177,153,0.1259353623208532,200.0,,,,,
228666,episode_end,465.46399186770054,174,0.12437100965139636,200.0,,,,,
228912,episode_end,479.09283711989053,246,0.1212180471850892,200.0,,,,,
229000,train_step,,,0.12063853484175537,200.0,100000,102.33967590332031,-124.7146224975586,2.0931215286254883,0.19694826006889343
229057,episode_end,482.11093017882865,145,0.12080988755101292,200.0,,,,,
229293,episode_end,462.3990104503131,236,0.11728514674324597,200.0,,,,,
229477,episode_end,479.3584217957162,184,0.11764426949217069,200.0,,,,,
229721,episode_end,486.44714005024525,244,0.12174134232265345,200.0,,,,,
229906,episode_end,489.5518492990116,185,0.12056800834225484,200.0,,,,,
230000,train_step,,,0.11833356904767925,200.0,100000,73.08443450927734,-121.2693862915039,1.8905284404754639,-0.23363924026489258
230045,episode_end,455.0206953411488,139,0.11844360512781202,200.0,,,,,
230257,episode_end,474.2013576848986,212,0.11476676476952499,200.0,,,,,
230466,episode_end,507.68237927801977,209,0.11454842018358155,200.0,,,,,
230635,episode_end,460.85283774558843,169,0.11513560346444399,200.0,,,,,
230838,episode_end,451.734267476208,203,0.11248932785115107,200.0,,,,,
231000,train_step,,,0.1124358580891127,200.0,100000,96.269287109375,-121.95525360107422,1.9037082195281982,-0.21043331921100616
231098,episode_end,480.90694432834226,260,0.11218924851108224,200.0,,,,,
231315,episode_end,483.92403153261023,217,0.11447330011690611,200.0,,,,,
231490,episode_end,480.7032856972648,175,0.11297046613303922,200.0,,,,,
231706,episode_end,473.1747786995551,216,0.10808132178942807,200.0,,,,,
231970,episode_end,488.17550510152705,264,0.10433040174969122,200.0,,,,,
232000,train_step,,,0.1045478655263767,200.0,100000,97.16201782226562,-121.15776062011719,1.9579652547836304,-0.09491905570030212
232208,episode_end,494.3884732677326,238,0.10277488120099695,200.0,,,,,
232403,episode_end,459.2788902119703,195,0.10071087685234571,200.0,,,,,
232654,episode_end,500.79065912522196,251,0.10134066126316359,200.0,,,,,
232868,episode_end,445.25767151838375,214,0.10175323296033761,200.0,,,,,
233000,train_step,,,0.10182065633889335,200.0,100000,280.47027587890625,-135.15304565429688,2.0123324394226074,0.02817421406507492
233065,episode_end,480.9345865174132,197,0.10176647644982126,200.0,,,,,
233250,episode_end,472.1889418592526,185,0.10191434560186634,200.0,,,,,
233588,episode_end,489.30555531487806,338,0.09745044114977745,200.0,,,,,
233850,episode_end,469.92532109683697,262,0.09726555993847329,200.0,,,,,
234000,train_step,,,0.0962457591145272,200.0,100000,90.09678649902344,-133.273681640625,1.8970201015472412,-0.24106043577194214
234055,episode_end,498.1003635340844,205,0.09616662981323244,200.0,,,,,
234290,episode_end,482.69879928658105,235,0.09479389175514166,200.0,,,,,
234500,episode_end,454.22445875240464,210,0.0969119878941476,200.0,,,,,
234806,episode_end,476.55721715580364,306,0.09728188427040367,200.0,,,,,
235000,train_step,,,0.10000786990516362,200.0,100000,29.499235153198242,-121.90284729003906,1.9124975204467773,-0.20147521793842316
235046,episode_end,494.34181529776606,240,0.09908010831554302,200.0,,,,,
235208,episode_end,447.1949600126228,162,0.09612974003694928,200.0,,,,,
235435,episode_end,466.8261667323241,227,0.09540770098833545,200.0,,,,,
235734,episode_end,471.287079015074,299,0.09692899823342176,200.0,,,,,
235875,episode_end,235.16214773770224,141,0.09876441895663925,200.0,,,,,
236000,train_step,,,0.09839801321888317,200.0,100000,363.6732177734375,-119.27980041503906,1.9663386344909668,-0.07805178314447403
236003,episode_end,279.73464871445196,128,0.09832552884068382,200.0,,,,,
236189,episode_end,451.8429666473873,186,0.09797696909489204,200.0,,,,,
236447,episode_end,474.80947137486544,258,0.09680450338902195,200.0,,,,,
236813,episode_end,471.65897830378714,366,0.0987562828410386,200.0,,,,,
237000,train_step,,,0.0969059955640357,200.0,100000,62.34585952758789,-118.11031341552734,2.025805950164795,0.060231536626815796
237036,episode_end,484.25477419026475,223,0.09661865917063403,200.0,,,,,
237248,episode_end,498.9851607727466,212,0.09366042041983924,200.0,,,,,
237483,episode_end,491.72575372589864,235,0.09309879995910254,200.0,,,,,
237941,episode_end,463.01448336660684,458,0.09345947953748744,200.0,,,,,
238000,train_step,,,0.094048622987959,200.0,100000,58.73230743408203,-125.8275146484375,2.0943470001220703,0.22303083539009094
238127,episode_end,448.5704909966299,186,0.09586022123171685,200.0,,,,,
238387,episode_end,498.0607096377981,260,0.09809401519178104,200.0,,,,,
238584,episode_end,464.94118628662466,197,0.09710496063032359,200.0,,,,,
238837,episode_end,475.2220298012645,253,0.09556955319848331,200.0,,,,,
239000,train_step,,,0.09309066363359307,200.0,100000,19.683467864990234,-120.7900390625,2.0942084789276123,0.22366783022880554
239058,episode_end,498.66606336268165,221,0.092575396896308,200.0,,,,,
239262,episode_end,474.8957597593119,204,0.09353893294560181,200.0,,,,,
239407,episode_end,453.1499261453476,145,0.09189372609073615,200.0,,,,,
239639,episode_end,457.80304285724645,232,0.08984554235747828,200.0,,,,,
239720,episode_end,206.01839947104156,81,0.08818502111953966,200.0,,,,,
239932,episode_end,462.4066372478205,212,0.08681656496545485,200.0,,,,,
240000,train_step,,,0.08720083210696022,200.0,100000,45.204200744628906,-126.0126953125,2.0310218334198,0.07567888498306274
240144,episode_end,449.1137928275744,212,0.08592151917063254,200.0,,,,,
240420,episode_end,476.13291194820056,276,0.08746909171663736,200.0,,,,,
240643,episode_end,458.5778513836557,223,0.08624387412361058,200.0,,,,,
240819,episode_end,483.1189581688262,176,0.08717045468369923,200.0,,,,,
241000,train_step,,,0.08598990947812478,200.0,100000,57.27670669555664,-121.36956787109375,1.7382744550704956,-0.6421502828598022
241049,episode_end,484.8002016882489,230,0.08568368862060181,200.0,,,,,
241221,episode_end,455.43712335993905,172,0.08622929810426117,200.0,,,,,
241455,episode_end,483.7105165864674,234,0.08683589209317005,200.0,,,,,
241598,episode_end,462.65366919098454,143,0.08755953379350315,200.0,,,,,
241849,episode_end,497.4010454744968,251,0.08927951834480097,200.0,,,,,
242000,train_step,,,0.08854686162773315,200.0,100000,35.564491271972656,-129.50335693359375,2.233315944671631,0.565610408782959
242106,episode_end,485.51891332367603,257,0.0883641787626395,200.0,,,,,
242309,episode_end,491.3386481511457,203,0.08866942556438796,200.0,,,,,
242734,episode_end,455.4347980490401,425,0.08776445505184756,200.0,,,,,
242978,episode_end,484.7848728771342,244,0.08939737443990182,200.0,,,,,
243000,train_step,,,0.08944891806298104,200.0,100000,21.661272048950195,-129.27386474609375,2.1699776649475098,0.4103405177593231
243212,episode_end,474.7077018306654,234,0.08994452094200908,200.0,,,,,
243445,episode_end,475.2286405897055,233,0.08960271291489531,200.0,,,,,
243677,episode_end,487.3631648287592,232,0.08967820246844359,200.0,,,,,
243937,episode_end,493.0024275007604,260,0.09069501966070036,200.0,,,,,
244000,train_step,,,0.0908415686324884,200.0,100000,24.579235076904297,-123.65171813964844,2.108182430267334,0.2594906985759735
244162,episode_end,468.1786215211991,225,0.09190750173100012,200.0,,,,,
244235,episode_end,54.841338397627794,73,0.09233016781395854,200.0,,,,,
244410,episode_end,452.5978324444645,175,0.09063229446606862,200.0,,,,,
244612,episode_end,260.8397419786686,202,0.09037618581156628,200.0,,,,,
244856,episode_end,473.917977083018,244,0.08938593947014777,200.0,,,,,
245000,train_step,,,0.08939621634884339,200.0,100000,264.6083679199219,-130.724853515625,2.1808037757873535,0.43658262491226196
245106,episode_end,504.8393835440274,250,0.089910103773606,200.0,,,,,
245349,episode_end,456.00084910513783,243,0.08877927189212166,200.0,,,,,
245533,episode_end,449.0306564527479,184,0.08840779533023783,200.0,,,,,
245781,episode_end,282.44595240302556,248,0.08908350257549806,200.0,,,,,
246000,train_step,,,0.08777905236827542,200.0,100000,59.43980026245117,-121.88139343261719,2.0429937839508057,0.1046011745929718
246049,episode_end,502.49368779934036,268,0.08771730442223306,200.0,,,,,
246232,episode_end,280.7641841441234,183,0.08855125507670132,200.0,,,,,
246415,episode_end,454.62140147730366,183,0.08867321785974841,200.0,,,,,
246612,episode_end,468.0879676448852,197,0.08942901483337673,200.0,,,,,
246868,episode_end,459.67709099588234,256,0.09129630398946745,200.0,,,,,
247000,train_step,,,0.09029210753036397,200.0,100000,20.44579315185547,-126.64912414550781,1.9230726957321167,-0.18498750030994415
247130,episode_end,437.2445555467845,262,0.08868963981765152,200.0,,,,,
247390,episode_end,454.7804553301746,260,0.0881241700184721,200.0,,,,,
247646,episode_end,477.04948298924774,256,0.0902668797466286,200.0,,,,,
247857,episode_end,497.25221744216117,211,0.09455202662054886,200.0,,,,,
248000,train_step,,,0.09772579779608215,200.0,100000,173.22769165039062,-123.28744506835938,1.9247806072235107,-0.1749296486377716
248099,episode_end,503.7696598492341,242,0.09778971514626349,200.0,,,,,
248315,episode_end,494.1673958420982,216,0.09735640774524154,200.0,,,,,
248461,episode_end,477.8464993606124,146,0.09609284943048975,200.0,,,,,
248702,episode_end,511.2484993746523,241,0.09812968195149294,200.0,,,,,
248963,episode_end,478.96094936616134,261,0.09822551778369835,200.0,,,,,
249000,train_step,,,0.09854474457805046,200.0,100000,18.932621002197266,-127.03178405761719,1.9836392402648926,-0.0379117950797081
249218,episode_end,475.01195273817774,255,0.09779514881822508,200.0,,,,,
249493,episode_end,458.4265730192445,275,0.1015403672913223,200.0,,,,,
249736,episode_end,493.366015382668,243,0.10289764432907518,200.0,,,,,
249926,episode_end,466.4356364817355,190,0.10331356328766766,200.0,,,,,
250000,train_step,,,0.10339096267738543,200.0,100000,109.22920227050781,-133.14337158203125,1.9435796737670898,-0.12803107500076294
250176,episode_end,466.21768099492533,250,0.10301660436569672,200.0,,,,,
250516,episode_end,-309.0363786806229,340,0.10527063655154666,200.0,,,,,
250758,episode_end,485.7799026471979,242,0.10076158898604798,200.0,,,,,
251000,train_step,,,0.0984429304154442,200.0,100000,175.30087280273438,-134.02157592773438,1.8326408863067627,-0.3879848122596741
251013,episode_end,478.06814697123457,255,0.09835163221036869,200.0,,,,,
251162,episode_end,444.1077533936937,149,0.09862810482306396,200.0,,,,,
251412,episode_end,476.40788751976754,250,0.09882650694165807,200.0,,,,,
251627,episode_end,481.5558842805096,215,0.09787146732503682,200.0,,,,,
251897,episode_end,501.6937876013344,270,0.09493607340598201,200.0,,,,,
252000,train_step,,,0.09580962324290714,200.0,100000,14.063261032104492,-121.17013549804688,2.1911747455596924,0.44838011264801025
252038,episode_end,467.3540409535369,141,0.09582227845489769,200.0,,,,,
252216,episode_end,489.51861745096704,178,0.09620497089496619,200.0,,,,,
252496,episode_end,482.4692999383399,280,0.09310580028636083,200.0,,,,,
252724,episode_end,489.02485149708696,228,0.09070735904740429,200.0,,,,,
253000,train_step,,,0.09112181194024802,200.0,100000,106.80760955810547,-127.33937072753906,1.971497654914856,-0.06827903538942337
253009,episode_end,278.8730281268969,285,0.09104925788648645,200.0,,,,,
253275,episode_end,495.7361876125936,266,0.09077933681794229,200.0,,,,,
253560,episode_end,482.6103556417165,285,0.08903071305880238,200.0,,,,,
253719,episode_end,445.25005012689985,159,0.09159893742044539,200.0,,,,,
253916,episode_end,470.4725725540632,197,0.09054399754384244,200.0,,,,,
254000,train_step,,,0.09040764650590769,200.0,100000,12.422645568847656,-141.10446166992188,2.0162174701690674,0.03897736966609955
254164,episode_end,495.1720181572903,248,0.09076848422346262,200.0,,,,,
254360,episode_end,473.7456140082325,196,0.09098621965886869,200.0,,,,,
254566,episode_end,455.22561004795296,206,0.09278962935207227,200.0,,,,,
254823,episode_end,484.09933511809646,257,0.09504525336715497,200.0,,,,,
254966,episode_end,479.44473138556475,143,0.09530827998087812,200.0,,,,,
255000,train_step,,,0.09571044802345069,200.0,100000,100.77778625488281,-137.04461669921875,2.1703243255615234,0.39965349435806274
255224,episode_end,481.45928985861025,258,0.09601496946370255,200.0,,,,,
255359,episode_end,290.9496667950659,135,0.09724592035238049,200.0,,,,,
255560,episode_end,450.4248636171711,201,0.09637253056262593,200.0,,,,,
255731,episode_end,443.1831303466607,171,0.09792453515106875,200.0,,,,,
255937,episode_end,452.67964794153073,206,0.09731831639222069,200.0,,,,,
256000,train_step,,,0.09699757305340062,200.0,100000,62.26878356933594,-129.13734436035156,1.6361210346221924,-0.8489548563957214
256192,episode_end,481.0633274866293,255,0.0968599020984125,200.0,,,,,
256360,episode_end,456.75116391508703,168,0.09742738516221798,200.0,,,,,
256555,episode_end,472.5625647676896,195,0.09761727686473028,200.0,,,,,
256815,episode_end,481.3137079678548,260,0.09847423368945404,200.0,,,,,
257000,train_step,,,0.09759352336502058,200.0,100000,183.94696044921875,-124.66938781738281,1.763213038444519,-0.550990104675293
257063,episode_end,478.86907614728653,248,0.09779458764904304,200.0,,,,,
257238,episode_end,442.18278796127544,175,0.09697311169868653,200.0,,,,,
257403,episode_end,436.33009757916057,165,0.09547023398689664,200.0,,,,,
257663,episode_end,472.81822812183464,260,0.09503391478425452,200.0,,,,,
257821,episode_end,458.324807976058,158,0.09698166201242384,200.0,,,,,
258000,train_step,,,0.09728879835861783,200.0,100000,38.566917419433594,-137.09146118164062,1.9256428480148315,-0.173257514834404
258012,episode_end,462.3592235783572,191,0.09720408577007372,200.0,,,,,
258214,episode_end,476.4250366252208,202,0.09882176076888179,200.0,,,,,
258464,episode_end,495.29563469198257,250,0.09838161345663628,200.0,,,,,
258745,episode_end,482.0790581891151,281,0.10115836392219602,200.0,,,,,
259000,train_step,,,0.10211693407799254,200.0,100000,90.52678680419922,-136.26535034179688,1.7835659980773926,-0.4938235878944397
259010,episode_end,481.69628899460497,265,0.102164063181423,200.0,,,,,
259267,episode_end,276.7677951674803,257,0.10240225344065473,200.0,,,,,
259442,episode_end,258.0064000459115,175,0.1010974904144126,200.0,,,,,
259594,episode_end,474.0978006922232,152,0.09731449296463257,200.0,,,,,
259847,episode_end,464.53144716131675,253,0.09572795892273503,200.0,,,,,
260000,train_step,,,0.09480513440481844,200.0,100000,105.45490264892578,-117.5035171508789,1.9175955057144165,-0.19413945078849792
260110,episode_end,469.9994755864648,263,0.09403460589020858,200.0,,,,,
260387,episode_end,471.6011401179801,277,0.09293714569409671,200.0,,,,,
260575,episode_end,450.89773537328335,188,0.09270226155419671,200.0,,,,,
260784,episode_end,512.9260367676569,209,0.092262822451323,200.0,,,,,
261000,train_step,,,0.09434476645186535,200.0,100000,299.6417236328125,-134.31610107421875,1.945894718170166,-0.12773165106773376
261034,episode_end,470.34226416937753,250,0.09433768576372975,200.0,,,,,
261251,episode_end,469.29973565962143,217,0.09565598056522372,200.0,,,,,
261476,episode_end,486.965203469028,225,0.09506239978961793,200.0,,,,,
261744,episode_end,499.4692030916478,268,0.09355320504681694,200.0,,,,,
261989,episode_end,476.5715107507081,245,0.09261955794720318,200.0,,,,,
262000,train_step,,,0.09225094984271977,200.0,100000,71.15548706054688,-134.8979034423828,1.8361918926239014,-0.39039450883865356
262297,episode_end,486.1157821582339,308,0.08749444028147549,200.0,,,,,
262558,episode_end,488.9184107580402,261,0.08724234603770582,200.0,,,,,
262705,episode_end,255.96402321428008,147,0.08958524579985559,200.0,,,,,
262921,episode_end,492.9978137921493,216,0.09039866864353058,200.0,,,,,
263000,train_step,,,0.09123812775572966,200.0,100000,20.922439575195312,-128.16510009765625,1.8517138957977295,-0.3550390601158142
263177,episode_end,462.09000627337934,256,0.09159626768231775,200.0,,,,,
263452,episode_end,459.06043537240765,275,0.09117077175755967,200.0,,,,,
263535,episode_end,-31.553484549108177,83,0.09177263324068603,200.0,,,,,
263730,episode_end,466.7996425354277,195,0.09169087048410715,200.0,,,,,
263951,episode_end,491.4526158762118,221,0.09099272403976659,200.0,,,,,
264000,train_step,,,0.09123373399678862,200.0,100000,21.392864227294922,-124.60464477539062,1.75182044506073,-0.5942240357398987
264230,episode_end,467.59654100045697,279,0.08938729981690147,200.0,,,,,
264816,episode_end,-132.90991697252716,586,0.09034928785754948,200.0,,,,,
264991,episode_end,478.2325542693229,175,0.09119438604427299,200.0,,,,,
265000,train_step,,,0.09113230536369968,200.0,100000,419.48529052734375,-127.3787841796875,2.1039419174194336,0.24898669123649597
265187,episode_end,461.43187837996817,196,0.09145913233823623,200.0,,,,,
265408,episode_end,276.0753197492555,221,0.09162993186937331,200.0,,,,,
265619,episode_end,494.30518180994716,211,0.09020627208152598,200.0,,,,,
265972,episode_end,295.231895829221,353,0.08979880888777377,200.0,,,,,
266000,train_step,,,0.08995996189024623,200.0,100000,54.94938659667969,-128.41610717773438,1.9986217021942139,-0.0033195912837982178
266302,episode_end,491.9988361835971,330,0.09117562469528452,200.0,,,,,
266499,episode_end,434.6330536144641,197,0.08867198928049486,200.0,,,,,
266677,episode_end,464.3727217739795,178,0.09194813187942485,200.0,,,,,
266858,episode_end,460.0422723995994,181,0.09255583299728444,200.0,,,,,
267000,train_step,,,0.09229175821544809,200.0,100000,41.15254592895508,-115.18812561035156,1.9857609272003174,-0.03392891585826874
267086,episode_end,454.46815091490225,228,0.09276242367402293,200.0,,,,,
267227,episode_end,470.0623018915723,141,0.09240122704084985,200.0,,,,,
267355,episode_end,-127.57275294623665,128,0.09301541939281109,200.0,,,,,
267583,episode_end,461.02096287327055,228,0.09424611581204435,200.0,,,,,
267733,episode_end,446.8473314773581,150,0.09525783041865339,200.0,,,,,
267872,episode_end,-25.413149198087098,139,0.09396428695258971,200.0,,,,,
268000,train_step,,,0.09380901605488962,200.0,100000,39.09126281738281,-126.34556579589844,1.9183889627456665,-0.19313202798366547
268208,episode_end,460.77291439925494,336,0.09156708297104767,200.0,,,,,
268482,episode_end,486.14628151032554,274,0.09279207614183171,200.0,,,,,
268720,episode_end,432.7187065991793,238,0.09600759700642386,200.0,,,,,
268926,episode_end,446.7680589376221,206,0.09646863278144185,200.0,,,,,
269000,train_step,,,0.0958834998437363,200.0,100000,29.685014724731445,-135.41896057128906,1.7676630020141602,-0.5447421669960022
269168,episode_end,478.80029351204286,242,0.09602748279676596,200.0,,,,,
269438,episode_end,474.4871271867352,270,0.09606451613242678,200.0,,,,,
269723,episode_end,496.0488062630454,285,0.09806505380499654,200.0,,,,,
269945,episode_end,463.3387310807712,222,0.09727119334538092,200.0,,,,,
270000,train_step,,,0.09567589192827561,200.0,100000,46.31094741821289,-132.82235717773438,1.6730074882507324,-0.7673821449279785
270207,episode_end,471.50462204515395,262,0.09274184597861668,200.0,,,,,
270599,episode_end,233.12364971791314,392,0.09356600713730066,200.0,,,,,
270761,episode_end,444.4621911214732,162,0.09418515881813087,200.0,,,,,
270848,episode_end,50.5951067920567,87,0.0945862512600896,200.0,,,,,
271000,train_step,,,0.09422191729436677,200.0,100000,120.92849731445312,-129.1981964111328,1.9003260135650635,-0.23543989658355713
271063,episode_end,449.28931657718914,215,0.09440484685175199,200.0,,,,,
271279,episode_end,488.5779675234888,216,0.09388570593519122,200.0,,,,,
271424,episode_end,252.6122740322179,145,0.0924746440534656,200.0,,,,,
271646,episode_end,494.93675729205245,222,0.092201447002196,200.0,,,,,
271857,episode_end,482.00606543668266,211,0.09328491258341494,200.0,,,,,
272000,train_step,,,0.09161474465724509,200.0,100000,29.414779663085938,-133.8250732421875,1.9612957239151,-0.09250959753990173
272063,episode_end,480.0447085766849,206,0.09145966248118036,200.0,,,,,
272304,episode_end,487.61884597347415,241,0.08889971111139622,200.0,,,,,
272466,episode_end,458.16069782284194,162,0.088140480440655,200.0,,,,,
272699,episode_end,458.11570504005067,233,0.08559961781730438,200.0,,,,,
272930,episode_end,484.7896261626787,231,0.08468303730725751,200.0,,,,,
273000,train_step,,,0.0848442930138321,200.0,100000,138.9580841064453,-131.28817749023438,1.8802675008773804,-0.29537254571914673
273143,episode_end,487.82909303757845,213,0.08585325705037325,200.0,,,,,
273418,episode_end,504.32109121000053,275,0.08813576064908839,200.0,,,,,
274000,train_step,,,0.09112777218594235,200.0,100000,116.28314208984375,-118.37041473388672,1.8797314167022705,-0.2881024181842804
274418,episode_end,302.75083894479747,1000,0.09197491117540793,200.0,,,,,
274619,episode_end,485.4637481135335,201,0.09106853059096452,200.0,,,,,
274903,episode_end,491.78871208906327,284,0.08948147323670819,200.0,,,,,
275000,train_step,,,0.08963718755729408,200.0,100000,184.14385986328125,-142.32020568847656,2.215980291366577,0.5209412574768066
275097,episode_end,458.03669970983447,194,0.09087336321305411,200.0,,,,,
275383,episode_end,467.33207567180295,286,0.09141962142286443,200.0,,,,,
275595,episode_end,235.41571236213616,212,0.09085028753326302,200.0,,,,,
275826,episode_end,479.7097266668341,231,0.08970271677973429,200.0,,,,,
276000,train_step,,,0.08842689484071627,200.0,100000,108.89264678955078,-137.39443969726562,1.9887542724609375,-0.027277275919914246
276073,episode_end,485.49444639934677,247,0.0874326847599631,200.0,,,,,
276290,episode_end,460.10737889027945,217,0.08865671942659577,200.0,,,,,
276466,episode_end,484.34274122063056,176,0.08999718600727453,200.0,,,,,
276671,episode_end,479.17103972181917,205,0.0894498285674776,200.0,,,,,
276883,episode_end,441.1872748516844,212,0.08882164623091011,200.0,,,,,
277000,train_step,,,0.089886587840074,200.0,100000,68.99676513671875,-128.52932739257812,2.0375232696533203,0.09040112793445587
277041,episode_end,234.37061060020505,158,0.09031720115836367,200.0,,,,,
277228,episode_end,488.2894749405053,187,0.0887095528479753,200.0,,,,,
277599,episode_end,484.09207586406734,371,0.08904472036980635,200.0,,,,,
277690,episode_end,255.53346474132178,91,0.08875709128756169,200.0,,,,,
277912,episode_end,474.2924420472618,222,0.08788709859170409,200.0,,,,,
278000,train_step,,,0.08785729978624215,200.0,100000,59.99140548706055,-131.88720703125,1.867669701576233,-0.3218328058719635
278066,episode_end,250.13139816899184,154,0.08844278677819686,200.0,,,,,
278299,episode_end,492.2499063113122,233,0.08938645821384993,200.0,,,,,
278432,episode_end,223.94262397813338,133,0.08873901671902622,200.0,,,,,
278626,episode_end,480.2160021703634,194,0.08877621514648178,200.0,,,,,
278821,episode_end,486.329260881716,195,0.08977570018228576,200.0,,,,,
279000,train_step,,,0.09144320338878884,200.0,100000,45.87471008300781,-130.69297790527344,2.0958476066589355,0.22927126288414001
279026,episode_end,511.0284983101397,205,0.09146998180675155,200.0,,,,,
279229,episode_end,459.0758779334183,203,0.09071228007647687,200.0,,,,,
279379,episode_end,436.55423036681117,150,0.0905719157644426,200.0,,,,,
279583,episode_end,469.5283372217231,204,0.09013832265856483,200.0,,,,,
279815,episode_end,472.2427765591929,232,0.09147654851856869,200.0,,,,,
280000,train_step,,,0.09369999447218555,200.0,100000,119.74197387695312,-130.9334716796875,2.116421699523926,0.27564698457717896
280047,episode_end,484.47948846692157,232,0.09401093222868283,200.0,,,,,
280256,episode_end,487.4405430924095,209,0.09503170791396201,200.0,,,,,
280336,episode_end,243.1480089924359,80,0.09750806833889172,200.0,,,,,
280511,episode_end,462.6904258625697,175,0.09782536601001131,200.0,,,,,
280770,episode_end,464.59014678669416,259,0.09690873500083506,200.0,,,,,
280991,episode_end,475.9621973211194,221,0.09830747150979402,200.0,,,,,
281000,train_step,,,0.09838646143016111,200.0,100000,109.05792236328125,-121.53416442871094,2.0341577529907227,0.0792071670293808
281071,episode_end,18.547873278917336,80,0.09811165341763864,200.0,,,,,
281309,episode_end,477.61669480611107,238,0.10015271870021653,200.0,,,,,
281469,episode_end,459.5321666817061,160,0.1007617356851549,200.0,,,,,
281695,episode_end,500.1850656457577,226,0.10047502590374675,200.0,,,,,
281877,episode_end,475.41575055360346,182,0.10252413068880324,200.0,,,,,
282000,train_step,,,0.10453209508960186,200.0,100000,46.32955551147461,-128.36331176757812,2.087833881378174,0.19835171103477478
282135,episode_end,464.74017841232984,258,0.10541211338109333,200.0,,,,,
282474,episode_end,482.39310738274486,339,0.10431728899796396,200.0,,,,,
282666,episode_end,461.99307441997655,192,0.10381173294595165,200.0,,,,,
282891,episode_end,466.44183427946075,225,0.10606741756048599,200.0,,,,,
282986,episode_end,23.456281954095985,95,0.1071304041197464,200.0,,,,,
283000,train_step,,,0.1070878163457154,200.0,100000,79.88088989257812,-118.3586196899414,1.804271936416626,-0.4372774362564087
283184,episode_end,495.85094129015073,198,0.10772444334359316,200.0,,,,,
283367,episode_end,493.82991034271856,183,0.10845417887404221,200.0,,,,,
283575,episode_end,492.15337842185556,208,0.10787931389210531,200.0,,,,,
283741,episode_end,450.20074456152247,166,0.10671134912717951,200.0,,,,,
283949,episode_end,298.9668699334281,208,0.10739773762032907,200.0,,,,,
284000,train_step,,,0.10707739518118758,200.0,100000,70.73249816894531,-129.1232452392578,2.013906955718994,0.03107127547264099
284221,episode_end,494.6459206121122,272,0.10670372523370387,200.0,,,,,
284317,episode_end,1.7368271004393137,96,0.1055472932959339,200.0,,,,,
284514,episode_end,272.83538946053403,197,0.10670649266099715,200.0,,,,,
284780,episode_end,498.7786309983583,266,0.10573130165512853,200.0,,,,,
284992,episode_end,463.6032409078289,212,0.10466714355458091,200.0,,,,,
285000,train_step,,,0.10481238699637069,200.0,100000,91.22534942626953,-138.94407653808594,2.0094268321990967,0.02126285433769226
285198,episode_end,450.95681217654595,206,0.10144212843184923,200.0,,,,,
285387,episode_end,483.12119575176047,189,0.1018967722604339,200.0,,,,,
285622,episode_end,298.50226188354515,235,0.10153558305858142,200.0,,,,,
285765,episode_end,490.0792896664635,143,0.10117560968567321,200.0,,,,,
285963,episode_end,486.47062325176825,198,0.10046779574402155,200.0,,,,,
286000,train_step,,,0.10035127412605528,200.0,100000,83.19956970214844,-126.7701644897461,1.860456943511963,-0.32082048058509827
286165,episode_end,471.8170095092637,202,0.0998391441519314,200.0,,,,,
286361,episode_end,456.43220873384,196,0.09990786949562146,200.0,,,,,
286589,episode_end,478.7922124132898,228,0.10055642647643116,200.0,,,,,
286892,episode_end,483.67058264674205,303,0.10234048081732226,200.0,,,,,
287000,train_step,,,0.1022379284601864,200.0,100000,134.8105010986328,-127.97996520996094,2.2626802921295166,0.5990297794342041
287092,episode_end,480.963809077364,200,0.10111927226188112,200.0,,,,,
287352,episode_end,476.0004365031788,260,0.09992513511439577,200.0,,,,,
287523,episode_end,491.15369148570767,171,0.09918958707077132,200.0,,,,,
287776,episode_end,467.22396795088486,253,0.10028320926232345,200.0,,,,,
288000,train_step,,,0.10024981091565789,200.0,100000,124.20267486572266,-130.18936157226562,1.8002979755401611,-0.4593324363231659
288003,episode_end,421.1077025145004,227,0.10021678827769809,200.0,,,,,
288204,episode_end,490.30606884458143,201,0.1011099387781903,200.0,,,,,
288454,episode_end,490.9590635430157,250,0.10307251588556816,200.0,,,,,
288753,episode_end,464.71885218470925,299,0.1055882396796366,200.0,,,,,
289000,train_step,,,0.10766821196521034,200.0,100000,305.45770263671875,-128.0373992919922,1.9285467863082886,-0.15924787521362305
289087,episode_end,463.8372801909622,334,0.1076775835599705,200.0,,,,,
289331,episode_end,476.36489534437453,244,0.10777019549677008,200.0,,,,,
289533,episode_end,230.75577173540586,202,0.1056652828060067,200.0,,,,,
289731,episode_end,499.6371646877925,198,0.09950801125573043,200.0,,,,,
289967,episode_end,483.8134801709403,236,0.09687967301943544,200.0,,,,,
290000,train_step,,,0.09658646334327511,200.0,100000,75.87564849853516,-127.88116455078125,1.805438756942749,-0.4547514319419861
290211,episode_end,475.2812327522716,244,0.09435960309369676,200.0,,,,,
290441,episode_end,492.27098589125706,230,0.09379572004480549,200.0,,,,,
290678,episode_end,498.30824808978554,237,0.09274518767143328,200.0,,,,,
290878,episode_end,488.0257838091835,200,0.09198043036882042,200.0,,,,,
291000,train_step,,,0.09049352540686768,200.0,100000,122.82967376708984,-127.76209259033203,1.8982853889465332,-0.24436712265014648
291022,episode_end,476.67415151799287,144,0.09062873666994668,200.0,,,,,
291214,episode_end,448.2945281580145,192,0.08956267633806413,200.0,,,,,
291461,episode_end,465.98861760273473,247,0.08894666765087733,200.0,,,,,
291721,episode_end,480.0714471235896,260,0.08963008593451106,200.0,,,,,
292000,train_step,,,0.09038795113557255,200.0,100000,24.361818313598633,-127.95171356201172,1.8440568447113037,-0.3748319745063782
292115,episode_end,481.8353919075,394,0.09117549489493591,200.0,,,,,
292381,episode_end,485.81124896053655,266,0.09248348689942526,200.0,,,,,
292541,episode_end,497.0940036929577,160,0.09358402624874443,200.0,,,,,
292747,episode_end,450.66880955993594,206,0.09155855196945668,200.0,,,,,
292978,episode_end,465.5820194449469,231,0.0926262468971485,200.0,,,,,
293000,train_step,,,0.09246981103207554,200.0,100000,201.17608642578125,-135.22203063964844,1.9624111652374268,-0.08949432522058487
293332,episode_end,460.88497944936,354,0.09103621148129816,200.0,,,,,
293540,episode_end,509.57423762641855,208,0.09005761142649135,200.0,,,,,
293813,episode_end,501.9425898934886,273,0.08746363982745839,200.0,,,,,
293950,episode_end,470.4353531296945,137,0.08580765714562909,200.0,,,,,
294000,train_step,,,0.08521374137640587,200.0,100000,56.63914489746094,-132.0129852294922,2.0541906356811523,0.13344983756542206
294227,episode_end,504.6037883236141,277,0.0838493652648113,200.0,,,,,
294763,episode_end,502.77818972966503,536,0.08302100151887254,200.0,,,,,
294977,episode_end,488.6048721109199,214,0.08402655845104243,200.0,,,,,
295000,train_step,,,0.0837498980438199,200.0,100000,25.33441925048828,-122.09587860107422,1.9006500244140625,-0.246380016207695
295202,episode_end,464.4484789409572,225,0.0834987460694247,200.0,,,,,
295434,episode_end,452.2959300471489,232,0.0815951306434072,200.0,,,,,
295615,episode_end,467.7805734057522,181,0.07979756680026162,200.0,,,,,
295831,episode_end,468.83140997875637,216,0.08000111485093295,200.0,,,,,
296000,train_step,,,0.08086438220028203,200.0,100000,19.33812141418457,-131.8779296875,2.2034029960632324,0.5115550756454468
296090,episode_end,496.5548202214855,259,0.08168828250219567,200.0,,,,,
296270,episode_end,484.26188760338863,180,0.08237395200563014,200.0,,,,,
296497,episode_end,461.4922304264234,227,0.08186983106386324,200.0,,,,,
296762,episode_end,508.20437855240453,265,0.0847360247240677,200.0,,,,,
297000,train_step,,,0.0859776800999318,200.0,100000,310.68914794921875,-127.41900634765625,2.1211864948272705,0.2973511815071106
297042,episode_end,486.37820651070774,280,0.0862002834114216,200.0,,,,,
297239,episode_end,472.3695337083283,197,0.0874031037287376,200.0,,,,,
298000,train_step,,,0.08775372989929318,200.0,100000,159.21536254882812,-128.79220581054688,2.0838229656219482,0.2039596438407898
298146,episode_end,369.71272875732524,907,0.08771495339070409,200.0,,,,,
298349,episode_end,457.3937114220828,203,0.0876554496454,200.0,,,,,
298534,episode_end,463.4308313933473,185,0.08649870081812792,200.0,,,,,
298977,episode_end,461.2239926814989,443,0.08841697401613922,200.0,,,,,
299000,train_step,,,0.08800859074040498,200.0,100000,36.771705627441406,-128.05072021484375,1.8178248405456543,-0.44274383783340454
299224,episode_end,492.9098301384281,247,0.08679456915354905,200.0,,,,,
299408,episode_end,461.404199089554,184,0.08552960243402805,200.0,,,,,
299632,episode_end,475.23944278195773,224,0.0833668033689812,200.0,,,,,
299998,episode_end,495.43289601136354,366,0.08215535379558574,200.0,,,,,
300000,train_step,,,0.08215956212293758,200.0,100000,30.42110824584961,-122.41027069091797,2.0755906105041504,0.188907653093338
300998,episode_end,48.2852781676804,1000,0.08616980066098706,-100.0,,,,,
301000,train_step,,,0.08618786803611188,-100.0,100000,359.1721496582031,-121.1671142578125,1.9214240312576294,-0.19260746240615845
301173,episode_end,181.62411322924595,175,0.08945427376096785,-100.0,,,,,
301325,episode_end,169.6296773987246,152,0.09417965817653753,-100.0,,,,,
301462,episode_end,192.2468561948518,137,0.09584213288854174,-100.0,,,,,
301612,episode_end,159.25247167741728,150,0.09635271984421825,-100.0,,,,,
301769,episode_end,165.0309627711352,157,0.09668397349572404,-100.0,,,,,
301947,episode_end,169.15370041448983,178,0.09601734318159993,-100.0,,,,,
302000,train_step,,,0.0958129984520657,-100.0,100000,73.68601989746094,-127.44342041015625,1.9266431331634521,-0.1720481514930725
302152,episode_end,191.13478756253713,205,0.09494046175427333,-100.0,,,,,
302795,episode_end,205.0935557006099,643,0.10456399059105626,-100.0,,,,,
302992,episode_end,191.74357805560348,197,0.1007256147180324,-100.0,,,,,
303000,train_step,,,0.10066196363026127,-100.0,100000,134.06735229492188,-133.67230224609375,2.3187811374664307,0.7319177985191345
303194,episode_end,178.7420521547472,202,0.0979682924083891,-100.0,,,,,
303369,episode_end,164.71240196060353,175,0.09602481266788944,-100.0,,,,,
303610,episode_end,201.72203800420306,241,0.0964069394774545,-100.0,,,,,
303837,episode_end,175.66868618198174,227,0.09541668390983123,-100.0,,,,,
304000,train_step,,,0.09367068397934958,-100.0,100000,15.239543914794922,-123.90385437011719,1.7704023122787476,-0.5436803102493286
304023,episode_end,178.85353322938832,186,0.09317871229757502,-100.0,,,,,
304224,episode_end,180.66384476518797,201,0.09304826407743516,-100.0,,,,,
304421,episode_end,182.96622906721365,197,0.09424772305845977,-100.0,,,,,
304609,episode_end,146.6504743933004,188,0.09398521716049657,-100.0,,,,,
304818,episode_end,168.52065226902346,209,0.09444323302162219,-100.0,,,,,
305000,train_step,,,0.0938892960118256,-100.0,100000,422.43377685546875,-130.32650756835938,2.0761146545410156,0.18005941808223724
305007,episode_end,141.99433264974806,189,0.0939008887501621,-100.0,,,,,
305159,episode_end,186.80041395085144,152,0.0937555897827455,-100.0,,,,,
305402,episode_end,296.0616423604202,243,0.09303355999708944,-100.0,,,,,
305602,episode_end,171.65307826366003,200,0.0912740940106457,-100.0,,,,,
305844,episode_end,194.11738979479009,242,0.08865444638857185,-100.0,,,,,
306000,train_step,,,0.08946205172324063,-100.0,100000,46.35829162597656,-134.11434936523438,2.0642168521881104,0.1550157070159912
306071,episode_end,203.40548275730183,227,0.09012832052594309,-100.0,,,,,
306268,episode_end,167.58749632904357,197,0.09287986472753085,-100.0,,,,,
306476,episode_end,183.7749838389779,208,0.09396231102326803,-100.0,,,,,
306693,episode_end,175.48331443825964,217,0.0935876008416295,-100.0,,,,,
306856,episode_end,146.17958138133883,163,0.09380654220563077,-100.0,,,,,
307000,train_step,,,0.09208053478368501,-100.0,100000,27.55419921875,-123.04013061523438,2.1684372425079346,0.40173837542533875
307437,episode_end,127.620009539331,581,0.09477419993567067,-100.0,,,,,
307659,episode_end,153.3275947159325,222,0.09752790152641938,-100.0,,,,,
307861,episode_end,192.53042619916607,202,0.09732915675368843,-100.0,,,,,
308000,train_step,,,0.09736568862173389,-100.0,100000,20.379009246826172,-126.22029876708984,2.021205186843872,0.04939284175634384
308075,episode_end,162.3222320023954,214,0.09847186969599452,-100.0,,,,,
308274,episode_end,194.9335090070465,199,0.09876244431221237,-100.0,,,,,
308469,episode_end,184.38160028720498,195,0.09855046303987537,-100.0,,,,,
308700,episode_end,196.33437875058013,231,0.09994398453259382,-100.0,,,,,
308956,episode_end,175.34150796953247,256,0.10297415232941633,-100.0,,,,,
309000,train_step,,,0.1030409970683158,-100.0,100000,67.435302734375,-117.50724792480469,2.250530958175659,0.5693636536598206
309165,episode_end,194.6313095124489,209,0.10435958186392304,-100.0,,,,,
309363,episode_end,165.08395678258847,198,0.10573960787383632,-100.0,,,,,
309578,episode_end,269.625703728701,215,0.10697465798107345,-100.0,,,,,
309774,episode_end,188.3256349442058,196,0.10556263367273809,-100.0,,,,,
309952,episode_end,148.00730229714026,178,0.1056776268808673,-100.0,,,,,
310000,train_step,,,0.10513422677647545,-100.0,100000,36.9579963684082,-130.26022338867188,1.8893659114837646,-0.24920497834682465
310143,episode_end,153.6628287555959,191,0.10448135377462482,-100.0,,,,,
310353,episode_end,206.50997393835382,210,0.10195419611322395,-100.0,,,,,
310574,episode_end,186.0436829214122,221,0.10452877122491493,-100.0,,,,,
310769,episode_end,164.3777680565269,195,0.10715378293041852,-100.0,,,,,
310955,episode_end,180.20410822343612,186,0.10909807430890298,-100.0,,,,,
311000,train_step,,,0.1088165068144933,-100.0,100000,135.57980346679688,-133.02413940429688,1.818596601486206,-0.40236932039260864
311456,episode_end,174.70331573148127,501,0.10598918468857725,-100.0,,,,,
311638,episode_end,163.77316780185106,182,0.10953587882871774,-100.0,,,,,
311883,episode_end,180.8148876353817,245,0.10706337068600454,-100.0,,,,,
312000,train_step,,,0.10785229576032368,-100.0,100000,411.67132568359375,-133.15667724609375,2.241391658782959,0.5375770330429077
312068,episode_end,204.60327380443846,185,0.10751857250887181,-100.0,,,,,
312276,episode_end,202.75119399138413,208,0.10350032349767402,-100.0,,,,,
312520,episode_end,183.59730565970779,244,0.09798453838221316,-100.0,,,,,
313000,train_step,,,0.09604270453813749,-100.0,100000,396.109619140625,-126.88700103759766,2.0165181159973145,0.038701266050338745
313151,episode_end,144.31938787884144,631,0.09855366684092001,-100.0,,,,,
313393,episode_end,151.33169884630462,242,0.10429306286659155,-100.0,,,,,
313678,episode_end,143.46754837019077,285,0.10566608707629056,-100.0,,,,,
313867,episode_end,-124.11299284577645,189,0.10746197523723722,-100.0,,,,,
314000,train_step,,,0.1058040440410831,-100.0,100000,26.331838607788086,-127.25511932373047,2.119140148162842,0.26760900020599365
314088,episode_end,189.21347883746975,221,0.10634941921667328,-100.0,,,,,
314296,episode_end,156.07312234193586,208,0.10678137643205665,-100.0,,,,,
314490,episode_end,126.73226208061848,194,0.10735983610809861,-100.0,,,,,
314702,episode_end,154.47845969825715,212,0.10393385768661585,-100.0,,,,,
314928,episode_end,132.00164092425024,226,0.1010537451261663,-100.0,,,,,
315000,train_step,,,0.1011800804007611,-100.0,100000,60.68696975708008,-126.56356811523438,1.9465168714523315,-0.1225222647190094
315198,episode_end,194.54628976309255,270,0.10071436844678128,-100.0,,,,,
315434,episode_end,177.5434130689426,236,0.10059412038471774,-100.0,,,,,
315651,episode_end,181.35406117755065,217,0.10050012982507422,-100.0,,,,,
315866,episode_end,163.35992929300357,215,0.10319348512051403,-100.0,,,,,
316000,train_step,,,0.10228264028168237,-100.0,100000,149.00897216796875,-129.1836395263672,2.131601095199585,0.3000525236129761
316098,episode_end,178.45424949762815,232,0.10135394722919228,-100.0,,,,,
316330,episode_end,210.3146405186215,232,0.10180200140353292,-100.0,,,,,
316552,episode_end,178.42378304466126,222,0.10268508229876075,-100.0,,,,,
316760,episode_end,151.86287757166588,208,0.10258462893148851,-100.0,,,,,
316965,episode_end,171.38495920467585,205,0.1046748594602467,-100.0,,,,,
317000,train_step,,,0.1043868245361302,-100.0,100000,32.698795318603516,-118.60258483886719,2.0086889266967773,0.019633978605270386
317395,episode_end,-268.1553561798479,430,0.10555409044395793,-100.0,,,,,
317635,episode_end,147.00001167614232,240,0.10773967323753342,-100.0,,,,,
317950,episode_end,227.82616947405302,315,0.11084556422534375,-100.0,,,,,
318000,train_step,,,0.11123150841471899,-100.0,100000,198.83009338378906,-125.41004943847656,1.9541294574737549,-0.10073831677436829
318172,episode_end,162.68748042035955,222,0.1085609934708027,-100.0,,,,,
318430,episode_end,178.40315417362825,258,0.10505401330972802,-100.0,,,,,
318631,episode_end,189.56480184925215,201,0.10322297917815279,-100.0,,,,,
318982,episode_end,119.70522570386595,351,0.10018711377279976,-100.0,,,,,
319000,train_step,,,0.10050376243635356,-100.0,100000,22.638925552368164,-126.84994506835938,2.071671962738037,0.16467052698135376
319160,episode_end,156.04776577276027,178,0.10188816948421184,-100.0,,,,,
319401,episode_end,181.33163423431404,241,0.1039191630277501,-100.0,,,,,
319655,episode_end,110.97028431547955,254,0.10538389216808121,-100.0,,,,,
319884,episode_end,157.11301870247814,229,0.1059515740273882,-100.0,,,,,
320000,train_step,,,0.1050222696695095,-100.0,100000,222.19699096679688,-121.21592712402344,1.9606142044067383,-0.08875919878482819
320059,episode_end,145.29561905073945,175,0.10367928219015114,-100.0,,,,,
320223,episode_end,168.26593421056677,164,0.10479981242050071,-100.0,,,,,
320398,episode_end,154.17505189141764,175,0.10505643157842959,-100.0,,,,,
320578,episode_end,155.0933501888841,180,0.10750549809316065,-100.0,,,,,
320835,episode_end,181.09431666172162,257,0.10888072996667772,-100.0,,,,,
321000,train_step,,,0.10822761312180076,-100.0,100000,21.36832046508789,-119.18315124511719,2.134194850921631,0.29838496446609497
321035,episode_end,175.18896670460592,200,0.10897117133624654,-100.0,,,,,
321230,episode_end,171.1806835881173,195,0.10898069424701712,-100.0,,,,,
321425,episode_end,213.51142263270765,195,0.10888843779695068,-100.0,,,,,
321631,episode_end,160.1239177261658,206,0.10934155597483403,-100.0,,,,,
321808,episode_end,163.3850236553025,177,0.11076601728418248,-100.0,,,,,
322000,train_step,,,0.11277714578415068,-100.0,100000,356.3606262207031,-118.34112548828125,1.877234697341919,-0.26791590452194214
322044,episode_end,197.16539760835462,236,0.1125269794429042,-100.0,,,,,
322276,episode_end,195.75132927996617,232,0.10949251846922606,-100.0,,,,,
322451,episode_end,173.66421274333044,175,0.10950618839460392,-100.0,,,,,
322718,episode_end,211.04590827824182,267,0.11057798606432381,-100.0,,,,,
322866,episode_end,158.62966517425872,148,0.11013316788558805,-100.0,,,,,
323000,train_step,,,0.1093427216346339,-100.0,100000,49.3040657043457,-117.27766418457031,1.8209037780761719,-0.39638784527778625
323097,episode_end,184.51443076312125,231,0.1077899267422929,-100.0,,,,,
323331,episode_end,179.74171743459465,234,0.10605726793936372,-100.0,,,,,
323550,episode_end,162.5793798158261,219,0.10735656596669955,-100.0,,,,,
323756,episode_end,179.21094062924413,206,0.10648993582081087,-100.0,,,,,
323961,episode_end,183.53729816776502,205,0.1078357706134068,-100.0,,,,,
324000,train_step,,,0.10762099872548449,-100.0,100000,53.16907501220703,-113.35588073730469,1.9312982559204102,-0.15314555168151855
324171,episode_end,181.87834728471165,210,0.10444886236037118,-100.0,,,,,
324337,episode_end,200.30841997483694,166,0.1030550419289896,-100.0,,,,,
324560,episode_end,192.45657420513513,223,0.10529912979600727,-100.0,,,,,
324789,episode_end,182.56355085393932,229,0.10572314157184104,-100.0,,,,,
324982,episode_end,184.53174268742166,193,0.10527678823992095,-100.0,,,,,
325000,train_step,,,0.10498027950110296,-100.0,100000,18.52592658996582,-124.83146667480469,1.8068820238113403,-0.4352847933769226
325198,episode_end,174.593554729284,216,0.10342440960415135,-100.0,,,,,
325395,episode_end,172.16067528703226,197,0.10522469710406422,-100.0,,,,,
325577,episode_end,161.8320466033124,182,0.1058260857946399,-100.0,,,,,
325753,episode_end,197.9769208656951,176,0.10762646861255791,-100.0,,,,,
325969,episode_end,190.9151224891521,216,0.11553955787470532,-100.0,,,,,
326000,train_step,,,0.11642508733135022,-100.0,100000,119.4219970703125,-122.70596313476562,2.1877269744873047,0.4037078619003296
326180,episode_end,191.0829355693754,211,0.11718524996629091,-100.0,,,,,
326399,episode_end,200.84666437800695,219,0.11599620579027445,-100.0,,,,,
326671,episode_end,201.37221148973873,272,0.11506651090032112,-100.0,,,,,
326877,episode_end,148.97875706191036,206,0.11260167279383276,-100.0,,,,,
327000,train_step,,,0.11162645448065993,-100.0,100000,150.7042236328125,-114.94249725341797,1.8401631116867065,-0.35045790672302246
327086,episode_end,165.25110468256577,209,0.11101478951900093,-100.0,,,,,
327263,episode_end,179.77901710879595,177,0.10979800183651155,-100.0,,,,,
327434,episode_end,172.84955206411897,171,0.10959494967310221,-100.0,,,,,
327723,episode_end,187.97364695337714,289,0.1092249040949739,-100.0,,,,,
327869,episode_end,168.87944580987937,146,0.10829698360562558,-100.0,,,,,
328000,train_step,,,0.1089060350398344,-100.0,100000,345.02874755859375,-116.88786315917969,1.9460608959197998,-0.1195976734161377
328094,episode_end,197.48571265976167,225,0.10940380763893649,-100.0,,,,,
328313,episode_end,187.98833477783933,219,0.10787737977181917,-100.0,,,,,
328517,episode_end,182.0977481089273,204,0.10922459614164308,-100.0,,,,,
328741,episode_end,212.1566634127379,224,0.10929099288016933,-100.0,,,,,
328919,episode_end,161.02720930692058,178,0.11040330900626266,-100.0,,,,,
329000,train_step,,,0.1107943066426,-100.0,100000,35.593238830566406,-118.61837768554688,1.936492681503296,-0.13972127437591553
329124,episode_end,183.33713797508642,205,0.11263454930430404,-100.0,,,,,
329336,episode_end,185.2419144045486,212,0.11177407547043984,-100.0,,,,,
329500,episode_end,163.48053945642894,164,0.11086897517489412,-100.0,,,,,
329689,episode_end,166.93293298143672,189,0.10931346422748515,-100.0,,,,,
329898,episode_end,188.85291539894,209,0.10871550377419743,-100.0,,,,,
330000,train_step,,,0.10812722138112617,-100.0,100000,227.78277587890625,-111.31229400634766,2.0539584159851074,0.12002764642238617
330116,episode_end,172.1174071975324,218,0.10925412756919214,-100.0,,,,,
330269,episode_end,173.15106839909012,153,0.11077825164793163,-100.0,,,,,
330484,episode_end,162.67710423609412,215,0.11056207530830615,-100.0,,,,,
330673,episode_end,173.51008857305862,189,0.11014957641057653,-100.0,,,,,
330876,episode_end,195.16703517391085,203,0.11005344442164551,-100.0,,,,,
331000,train_step,,,0.11050602536783548,-100.0,100000,28.078575134277344,-118.85667419433594,1.8366162776947021,-0.3598827123641968
331060,episode_end,168.4526840407081,184,0.11213411277719323,-100.0,,,,,
331281,episode_end,193.26050830397452,221,0.11562924605211766,-100.0,,,,,
331535,episode_end,191.76551715414735,254,0.11511167132835227,-100.0,,,,,
331783,episode_end,312.7529418147783,248,0.11297891368282845,-100.0,,,,,
332000,train_step,,,0.1141888948665717,-100.0,100000,27.827430725097656,-115.38746643066406,1.8833187818527222,-0.25318676233291626
332012,episode_end,168.17171150389328,229,0.11439417430003702,-100.0,,,,,
332183,episode_end,147.85887383935977,171,0.1166432291304429,-100.0,,,,,
332487,episode_end,186.76772312214976,304,0.11598281408807631,-100.0,,,,,
332686,episode_end,133.68026188352292,199,0.11543987060637043,-100.0,,,,,
332847,episode_end,165.06755103763936,161,0.11501236226543232,-100.0,,,,,
333000,train_step,,,0.11560741747340826,-100.0,100000,98.65446472167969,-112.78733825683594,2.007308006286621,0.01576758176088333
333061,episode_end,199.32128556937232,214,0.11478801607331106,-100.0,,,,,
333253,episode_end,183.17954692179075,192,0.11597272010617068,-100.0,,,,,
333474,episode_end,196.16865064073426,221,0.11691727108042203,-100.0,,,,,
333676,episode_end,167.25774616929954,202,0.11662415122648531,-100.0,,,,,
333891,episode_end,195.15653252360053,215,0.11786213650007457,-100.0,,,,,
334000,train_step,,,0.11794828419858777,-100.0,100000,188.8570556640625,-113.27562713623047,2.112685203552246,0.24086594581604004
334128,episode_end,199.86073675274912,237,0.11734271466708825,-100.0,,,,,
334336,episode_end,170.51592155306645,208,0.1167465895083851,-100.0,,,,,
334480,episode_end,172.00439514441962,144,0.11590915884447459,-100.0,,,,,
334694,episode_end,166.82639191539175,214,0.11692414041242172,-100.0,,,,,
334899,episode_end,173.53606368554568,205,0.11945105317895946,-100.0,,,,,
335000,train_step,,,0.12005533741674508,-100.0,100000,289.924072265625,-106.10699462890625,1.9429601430892944,-0.12091323733329773
335019,episode_end,-53.92869891561245,120,0.1202379820717965,-100.0,,,,,
335336,episode_end,179.98912219745887,317,0.12255447432091818,-100.0,,,,,
335521,episode_end,178.23010096674636,185,0.1252384591896568,-100.0,,,,,
335905,episode_end,143.77284949337832,384,0.12548827141553773,-100.0,,,,,
336000,train_step,,,0.12387377089338145,-100.0,100000,42.43299102783203,-109.66807556152344,1.6833508014678955,-0.6613193154335022
336107,episode_end,197.4303245732657,202,0.12131380444306676,-100.0,,,,,
336316,episode_end,179.62980353663008,209,0.12057184072624028,-100.0,,,,,
336517,episode_end,202.98356343250782,201,0.12158753477557274,-100.0,,,,,
336733,episode_end,162.15368358796007,216,0.11992383198177241,-100.0,,,,,
337000,train_step,,,0.11718098117542881,-100.0,100000,536.9678955078125,-110.32234191894531,2.1210715770721436,0.25958171486854553
337010,episode_end,192.12121563708445,277,0.11734211884395643,-100.0,,,,,
337261,episode_end,205.24031368133052,251,0.11639569952126907,-100.0,,,,,
337410,episode_end,161.48229933004575,149,0.11463699538728103,-100.0,,,,,
337611,episode_end,210.11174878858523,201,0.11490839184665812,-100.0,,,,,
337858,episode_end,200.16904742130288,247,0.11457612528369845,-100.0,,,,,
338000,train_step,,,0.11514004501663404,-100.0,100000,19.150218963623047,-102.44329833984375,2.090378522872925,0.19536283612251282
338039,episode_end,179.1671647052645,181,0.11577615937652527,-100.0,,,,,
338280,episode_end,197.36369551333735,241,0.11934823267529848,-100.0,,,,,
338504,episode_end,153.85472735692602,224,0.1191251785715538,-100.0,,,,,
338756,episode_end,164.23687319662545,252,0.11926726437959713,-100.0,,,,,
339000,train_step,,,0.12259489092866051,-100.0,100000,28.72576141357422,-108.74441528320312,1.9411745071411133,-0.12346697598695755
339047,episode_end,128.38221422174624,291,0.12383903745811105,-100.0,,,,,
339288,episode_end,200.359481844389,241,0.12416437323503246,-100.0,,,,,
339491,episode_end,161.72689694891616,203,0.12025288662019817,-100.0,,,,,
339697,episode_end,167.207137427928,206,0.12215107405512543,-100.0,,,,,
340000,train_step,,,0.12685703921179797,-100.0,100000,27.082427978515625,-113.15652465820312,1.8431522846221924,-0.32384246587753296
340005,episode_end,197.44491075344675,308,0.1268420975588275,-100.0,,,,,
340284,episode_end,183.5582272630656,279,0.1272492393273284,-100.0,,,,,
340488,episode_end,217.63027316058935,204,0.12861046201539833,-100.0,,,,,
340783,episode_end,282.6158108891635,295,0.12797244940226715,-100.0,,,,,
341000,train_step,,,0.13247336609253113,-100.0,100000,353.1046142578125,-106.95365142822266,1.936018466949463,-0.12933044135570526
341102,episode_end,166.67597043574506,319,0.13185606896244084,-100.0,,,,,
341338,episode_end,186.60335951664297,236,0.12851242204089608,-100.0,,,,,
341539,episode_end,150.80810054598894,201,0.13064661280166423,-100.0,,,,,
341750,episode_end,181.88137562724052,211,0.1283872142947321,-100.0,,,,,
342000,train_step,,,0.12850481849102824,-100.0,100000,845.926025390625,-111.19937896728516,1.8942277431488037,-0.2170223891735077
342054,episode_end,151.90335036100916,304,0.12775492914359007,-100.0,,,,,
342243,episode_end,-287.1118508811458,189,0.1269868848517388,-100.0,,,,,
342492,episode_end,164.2617097506078,249,0.12751064243991314,-100.0,,,,,
342737,episode_end,214.3569330523298,245,0.12913141244564513,-100.0,,,,,
343000,train_step,,,0.1296371140250438,-100.0,100000,489.7782287597656,-103.657958984375,2.0408968925476074,0.08355316519737244
343051,episode_end,269.2182242406071,314,0.12883716551377325,-100.0,,,,,
343413,episode_end,145.19783810726386,362,0.12249806891452356,-100.0,,,,,
343631,episode_end,168.23909936745667,218,0.12270746556140305,-100.0,,,,,
343926,episode_end,159.41537909905873,295,0.12194439572199937,-100.0,,,,,
344000,train_step,,,0.11975116353081573,-100.0,100000,104.39434051513672,-107.8046875,1.9272613525390625,-0.1543762981891632
344147,episode_end,174.31368328363646,221,0.11850199897694721,-100.0,,,,,
344327,episode_end,158.74511073323524,180,0.11781586514633327,-100.0,,,,,
344608,episode_end,197.3070855162816,281,0.11828618617837461,-100.0,,,,,
344857,episode_end,184.6684848042372,249,0.11929548230726553,-100.0,,,,,
345000,train_step,,,0.1172928396388042,-100.0,100000,302.70599365234375,-103.63553619384766,1.8535833358764648,-0.31378287076950073
345079,episode_end,196.68830350800033,222,0.11934928814567922,-100.0,,,,,
345382,episode_end,199.17480307983692,303,0.12377758661996123,-100.0,,,,,
345602,episode_end,179.52771668430003,220,0.12412244860368059,-100.0,,,,,
345859,episode_end,172.4472411061751,257,0.12032553078485393,-100.0,,,,,
346000,train_step,,,0.12061307872979221,-100.0,100000,245.43234252929688,-106.00921630859375,2.162006378173828,0.3426706790924072
346153,episode_end,175.60256277704735,294,0.12268952441750329,-100.0,,,,,
346373,episode_end,163.51783777267676,220,0.12444455827910827,-100.0,,,,,
346620,episode_end,152.74990585695247,247,0.12597479961197933,-100.0,,,,,
346897,episode_end,175.46757662252483,277,0.12611094106018694,-100.0,,,,,
347000,train_step,,,0.12496343996723001,-100.0,100000,44.054561614990234,-109.58975219726562,1.973524808883667,-0.055061377584934235
347123,episode_end,139.25011189748423,226,0.12381451000852384,-100.0,,,,,
347491,episode_end,191.4931132544621,368,0.12287168423287713,-100.0,,,,,
347760,episode_end,189.8201625195452,269,0.11888800238060954,-100.0,,,,,
348000,train_step,,,0.11940883591977637,-100.0,100000,204.65936279296875,-109.03033447265625,2.1672682762145996,0.35547900199890137
348028,episode_end,201.48797554464315,268,0.11950745528832549,-100.0,,,,,
348213,episode_end,173.6457075955242,185,0.11858426962763126,-100.0,,,,,
348396,episode_end,163.38075023812274,183,0.12294968535184168,-100.0,,,,,
348890,episode_end,118.59224773914802,494,0.11941223786266687,-100.0,,,,,
349000,train_step,,,0.12003563254293056,-100.0,100000,32.039798736572266,-103.84845733642578,2.0231528282165527,0.04908335953950882
349215,episode_end,143.61464661807113,325,0.12124518383053143,-100.0,,,,,
349549,episode_end,138.896599308075,334,0.12046749407840458,-100.0,,,,,
349776,episode_end,206.869541114951,227,0.11832822117236938,-100.0,,,,,
350000,train_step,,,0.11956459332710598,-100.0,100000,30.27267837524414,-106.79502868652344,2.1125316619873047,0.23900626599788666
350038,episode_end,192.94765068290081,262,0.12058070843722207,-100.0,,,,,
350317,episode_end,188.7567277192265,279,0.12337895874258656,-100.0,,,,,
350611,episode_end,197.11755095195986,294,0.12307549037743641,-100.0,,,,,
350813,episode_end,165.44523104141024,202,0.12463298162102586,-100.0,,,,,
350992,episode_end,172.3411647198784,179,0.12446646519483004,-100.0,,,,,
351000,train_step,,,0.12454104707006015,-100.0,100000,134.60560607910156,-109.67695617675781,1.8809338808059692,-0.24802890419960022
351216,episode_end,197.5515141895067,224,0.12247734527837878,-100.0,,,,,
351449,episode_end,195.20422025475924,233,0.1247054182733413,-100.0,,,,,
351630,episode_end,146.58731629252196,181,0.12400321586134659,-100.0,,,,,
351919,episode_end,144.78577969633358,289,0.12297984342649619,-100.0,,,,,
352000,train_step,,,0.12359034884101013,-100.0,100000,237.1029052734375,-100.9044189453125,1.8780004978179932,-0.2550743520259857
352126,episode_end,142.5800534260624,207,0.12291533988790855,-100.0,,,,,
352330,episode_end,155.99696035861524,204,0.12453732281997495,-100.0,,,,,
352546,episode_end,183.21988527391045,216,0.12367937000696873,-100.0,,,,,
352722,episode_end,171.33339848773392,176,0.12340424555770955,-100.0,,,,,
352937,episode_end,188.1663921585174,215,0.12629011089083775,-100.0,,,,,
353000,train_step,,,0.12712632612146962,-100.0,100000,186.2420654296875,-98.3243179321289,2.182506561279297,0.3764331340789795
353151,episode_end,187.5622702173796,214,0.12811310555195257,-100.0,,,,,
353370,episode_end,202.3042143676376,219,0.12652310841765843,-100.0,,,,,
353584,episode_end,185.1077263221306,214,0.12346739956777165,-100.0,,,,,
353818,episode_end,166.36742063658073,234,0.1234178778086312,-100.0,,,,,
354000,train_step,,,0.12741908212976566,-100.0,100000,415.100830078125,-102.73120880126953,2.1439173221588135,0.2965088486671448
354034,episode_end,171.9415397411164,216,0.12801390452453815,-100.0,,,,,
354243,episode_end,155.86032420030105,209,0.125900204369463,-100.0,,,,,
354512,episode_end,196.05023318102292,269,0.1264298892666209,-100.0,,,,,
354821,episode_end,149.09522940053452,309,0.12849566106247978,-100.0,,,,,
355000,train_step,,,0.13062939817427574,-100.0,100000,343.11541748046875,-101.11689758300781,2.147726535797119,0.3006815016269684
355098,episode_end,190.80817508458915,277,0.12979348169479826,-100.0,,,,,
355389,episode_end,135.22699601421448,291,0.1306738245669546,-100.0,,,,,
355800,episode_end,173.40497349839853,411,0.13537146422519836,-100.0,,,,,
356000,train_step,,,0.13779847581945487,-100.0,100000,540.554443359375,-101.59184265136719,2.095546245574951,0.18936926126480103
356062,episode_end,165.9636913106704,262,0.1374912779510935,-100.0,,,,,
356286,episode_end,193.3185853786613,224,0.13545062010450656,-100.0,,,,,
356667,episode_end,231.94113302073302,381,0.13051019634480135,-100.0,,,,,
356946,episode_end,197.76499196033473,279,0.12468700746630948,-100.0,,,,,
357000,train_step,,,0.12449553179343271,-100.0,100000,161.74874877929688,-96.53360748291016,1.9840490818023682,-0.0332331657409668
357299,episode_end,148.0477087446523,353,0.12139754188080432,-100.0,,,,,
357630,episode_end,105.47102893401983,331,0.12484206538213988,-100.0,,,,,
357925,episode_end,148.40405712719104,295,0.12886955720930948,-100.0,,,,,
358000,train_step,,,0.12887718259838649,-100.0,100000,128.804931640625,-93.920654296875,2.194284439086914,0.39806872606277466
358925,episode_end,-11.594446608048479,1000,0.12931950674093537,-100.0,,,,,
359000,train_step,,,0.12946349515770192,-100.0,100000,42.3613395690918,-96.90021514892578,2.0731146335601807,0.14947229623794556
359147,episode_end,187.546209249218,222,0.13159530459465676,-100.0,,,,,
359348,episode_end,199.77513297004316,201,0.13248937464653965,-100.0,,,,,
359868,episode_end,117.51864825415282,520,0.13113733775309092,-100.0,,,,,
360000,train_step,,,0.13031050594641433,-100.0,100000,238.6923828125,-96.3309555053711,1.9470680952072144,-0.10786661505699158
360111,episode_end,196.4878422349865,243,0.1302917267203238,-100.0,,,,,
360359,episode_end,177.42277506368177,248,0.13192276299255754,-100.0,,,,,
360612,episode_end,134.4357621141629,253,0.13411707126836359,-100.0,,,,,
360887,episode_end,157.15221425847608,275,0.13679286625911838,-100.0,,,,,
361000,train_step,,,0.13452728332318492,-100.0,100000,443.1644592285156,-94.89798736572266,1.9920084476470947,-0.016030944883823395
361193,episode_end,165.74533036754926,306,0.12859679422670917,-100.0,,,,,
361397,episode_end,208.88899757429942,204,0.12665364580830285,-100.0,,,,,
361653,episode_end,152.44491636549523,256,0.12660715206710837,-100.0,,,,,
361941,episode_end,164.04814510937223,288,0.12726945948819687,-100.0,,,,,
362000,train_step,,,0.12731020973710203,-100.0,100000,85.96659851074219,-93.61272430419922,2.0677759647369385,0.13969510793685913
362308,episode_end,157.32565866113126,367,0.12958972412199998,-100.0,,,,,
362953,episode_end,96.04235336794977,645,0.13007221867413735,-100.0,,,,,
363000,train_step,,,0.12990330341438794,-100.0,100000,335.60272216796875,-92.21509552001953,2.0314595699310303,0.06420792639255524
363252,episode_end,144.7174828617444,299,0.1265212217097805,-100.0,,,,,
363549,episode_end,184.14409502939557,297,0.12671780326115079,-100.0,,,,,
364000,train_step,,,0.1312327720543027,-100.0,100000,538.2730712890625,-95.76802825927734,2.2543184757232666,0.5164656043052673
364048,episode_end,96.4162597155529,499,0.1316718764564931,-100.0,,,,,
364303,episode_end,151.89148013178755,255,0.13279985352724308,-100.0,,,,,
364618,episode_end,150.91023696737028,315,0.13103922039274732,-100.0,,,,,
364943,episode_end,144.8354398384065,325,0.1280750904161944,-100.0,,,,,
365000,train_step,,,0.12857627745013916,-100.0,100000,94.87456512451172,-88.12628173828125,2.017666816711426,0.036238983273506165
365206,episode_end,168.7274687820595,263,0.12977180551261228,-100.0,,,,,
365413,episode_end,191.2632861664613,207,0.1286467040809622,-100.0,,,,,
365566,episode_end,172.9722315199516,153,0.12735630235287737,-100.0,,,,,
365774,episode_end,209.14084007445834,208,0.1253608964231634,-100.0,,,,,
365972,episode_end,207.7015044118884,198,0.12871238903153184,-100.0,,,,,
366000,train_step,,,0.12907462658156016,-100.0,100000,41.73472595214844,-91.34346008300781,2.075714111328125,0.15501421689987183
366321,episode_end,120.15818030703291,349,0.12700695213946903,-100.0,,,,,
366743,episode_end,132.53449986598503,422,0.1280614411849884,-100.0,,,,,
366877,episode_end,185.05560003152584,134,0.12793793205791795,-100.0,,,,,
367000,train_step,,,0.12735156014416138,-100.0,100000,32.93299865722656,-92.52713012695312,1.958665132522583,-0.08518308401107788
367017,episode_end,159.50369986034477,140,0.12727731056526415,-100.0,,,,,
367245,episode_end,194.36299035927385,228,0.12781799682244455,-100.0,,,,,
367445,episode_end,208.77912888070614,200,0.12819232105126152,-100.0,,,,,
367669,episode_end,254.44523067995692,224,0.12982560115267594,-100.0,,,,,
367876,episode_end,183.25779957319952,207,0.13439822245939467,-100.0,,,,,
368000,train_step,,,0.13721529596879775,-100.0,100000,429.8536376953125,-90.9636459350586,2.0378947257995605,0.07526668906211853
368027,episode_end,189.62180854817484,151,0.13702405275322602,-100.0,,,,,
368193,episode_end,166.82749960067525,166,0.13859084593838958,-100.0,,,,,
368420,episode_end,208.63003995511866,227,0.13645079438627275,-100.0,,,,,
368925,episode_end,111.57946007373688,505,0.1330953546672987,-100.0,,,,,
369000,train_step,,,0.13284367624416168,-100.0,100000,120.39583587646484,-86.70001220703125,2.1227593421936035,0.24779966473579407
369163,episode_end,210.81050789246484,238,0.1333725146997008,-100.0,,,,,
369411,episode_end,268.5365697653633,248,0.13444404719266104,-100.0,,,,,
369617,episode_end,284.1542460660805,206,0.13335645949656985,-100.0,,,,,
369809,episode_end,177.1600461306395,192,0.13386296656234306,-100.0,,,,,
370000,train_step,,,0.12916993207334565,-100.0,100000,482.4761962890625,-93.77845001220703,2.1258745193481445,0.2576184570789337
370013,episode_end,176.76832581110847,204,0.12921690773942537,-100.0,,,,,
370210,episode_end,249.99809267863512,197,0.1297483018631779,-100.0,,,,,
370415,episode_end,176.7520305976464,205,0.1274896583056926,-100.0,,,,,
370561,episode_end,-302.90104429548904,146,0.12945199382879324,-100.0,,,,,
370757,episode_end,248.70974169702583,196,0.13049875105225883,-100.0,,,,,
370979,episode_end,287.45642840812974,222,0.12844967753023365,-100.0,,,,,
371000,train_step,,,0.1288245312673091,-100.0,100000,115.79691314697266,-89.5037841796875,1.9601960182189941,-0.08157043159008026
371160,episode_end,249.6253510046198,181,0.12839145833621243,-100.0,,,,,
371375,episode_end,164.62821985707743,215,0.12622736651503164,-100.0,,,,,
371685,episode_end,265.6937454871175,310,0.1269781356486507,-100.0,,,,,
371894,episode_end,154.96528944836706,209,0.12630844200141103,-100.0,,,,,
372000,train_step,,,0.12610132101574315,-100.0,100000,401.24078369140625,-88.42692565917969,1.9409829378128052,-0.12220464646816254
372050,episode_end,173.13914781156814,156,0.12552206707737323,-100.0,,,,,
372253,episode_end,178.44029572280186,203,0.12244097419240965,-100.0,,,,,
372433,episode_end,148.70568340174185,180,0.11963353300888233,-100.0,,,,,
372647,episode_end,198.8010276973775,214,0.120667509362137,-100.0,,,,,
373000,train_step,,,0.12549821668552405,-100.0,100000,288.51202392578125,-96.47163391113281,2.1254472732543945,0.26036080718040466
373209,episode_end,214.14920790334958,562,0.1295116261160457,-100.0,,,,,
373448,episode_end,286.90508462543835,239,0.13079238517852917,-100.0,,,,,
373662,episode_end,286.16962530746184,214,0.1296706460431004,-100.0,,,,,
373862,episode_end,185.4285595404313,200,0.12510323670067805,-100.0,,,,,
374000,train_step,,,0.12364812765692532,-100.0,100000,41.778865814208984,-91.70826721191406,1.7983521223068237,-0.421507865190506
374023,episode_end,182.21745741506263,161,0.12313511366094487,-100.0,,,,,
374402,episode_end,230.1933471780542,379,0.11943707831677912,-100.0,,,,,
374631,episode_end,176.114243165103,229,0.11902034081556903,-100.0,,,,,
374740,episode_end,35.70170602274146,109,0.11839828063528074,-100.0,,,,,
374895,episode_end,189.8801069296817,155,0.11911776268876828,-100.0,,,,,
375000,train_step,,,0.11903751893741718,-100.0,100000,205.13186645507812,-89.36051940917969,2.1393144130706787,0.2965050935745239
375097,episode_end,140.48369351617976,202,0.11876204694797096,-100.0,,,,,
375262,episode_end,278.49417072009703,165,0.1197263761185668,-100.0,,,,,
375455,episode_end,282.7973091514399,193,0.11746117233563444,-100.0,,,,,
375940,episode_end,154.79712298674025,485,0.1137721572262217,-100.0,,,,,
376000,train_step,,,0.11383208052763386,-100.0,100000,26.108776092529297,-89.26918029785156,1.903400182723999,-0.20991435647010803
376164,episode_end,178.4374852652163,224,0.11498546347353313,-100.0,,,,,
376422,episode_end,201.3422438965198,258,0.11466174931220628,-100.0,,,,,
376578,episode_end,165.78598787177285,156,0.11236845776800454,-100.0,,,,,
376736,episode_end,155.3397869000887,158,0.11207365230395946,-100.0,,,,,
377000,train_step,,,0.11169661102735334,-100.0,100000,20.51863670349121,-88.71998596191406,2.0291638374328613,0.06392611563205719
377736,episode_end,63.98901504028795,1000,0.11284588931661688,-100.0,,,,,
377888,episode_end,280.74455640608704,152,0.11094589601221358,-100.0,,,,,
378000,train_step,,,0.11222469188108362,-100.0,100000,203.3006134033203,-91.14310455322266,2.00587797164917,0.012856781482696533
378096,episode_end,188.00094444238272,208,0.111633494214691,-100.0,,,,,
378270,episode_end,153.08622771286676,174,0.11133606199741643,-100.0,,,,,
378407,episode_end,174.85797560876114,137,0.11149173446476232,-100.0,,,,,
378575,episode_end,284.5034458904423,168,0.11204048156362452,-100.0,,,,,
378766,episode_end,175.03263558981138,191,0.11410241803884562,-100.0,,,,,
378937,episode_end,179.86832337373895,171,0.11153491563726702,-100.0,,,,,
379000,train_step,,,0.11121758885190206,-100.0,100000,37.316558837890625,-94.01773071289062,2.1006851196289062,0.22113129496574402
379186,episode_end,163.3948999600619,249,0.11252273547742997,-100.0,,,,,
379618,episode_end,188.92768310834663,432,0.11571629031583949,-100.0,,,,,
379847,episode_end,158.04617729534434,229,0.1166503188111355,-100.0,,,,,
380000,train_step,,,0.11558943829240147,-100.0,100000,18.903772354125977,-83.7223129272461,2.042323112487793,0.09132160246372223
380235,episode_end,-218.85375758851967,388,0.11404953662160248,-100.0,,,,,
380383,episode_end,151.15637099969365,148,0.11424176477971008,-100.0,,,,,
380609,episode_end,195.99705851864556,226,0.1141856205373063,-100.0,,,,,
380862,episode_end,160.80195756516883,253,0.11480945164689604,-100.0,,,,,
381000,train_step,,,0.11362621222375423,-100.0,100000,27.95905303955078,-84.2365493774414,1.8602954149246216,-0.3038352429866791
381011,episode_end,161.06545705152854,149,0.11343574572493782,-100.0,,,,,
381286,episode_end,176.07809258943837,275,0.10899838395704854,-100.0,,,,,
381482,episode_end,185.84285009242075,196,0.10918857272267603,-100.0,,,,,
381741,episode_end,199.95772029585981,259,0.11031301245542013,-100.0,,,,,
381976,episode_end,203.65464233039148,235,0.1094247261275783,-100.0,,,,,
382000,train_step,,,0.10953321172446341,-100.0,100000,121.7235336303711,-84.04716491699219,2.194331645965576,0.4297696053981781
382976,episode_end,21.59978763666668,1000,0.1076754493982149,-100.0,,,,,
383000,train_step,,,0.107418979371081,-100.0,100000,104.01322937011719,-85.69175720214844,2.005512237548828,0.012297675013542175
383227,episode_end,133.24218753819844,251,0.10643493006266277,-100.0,,,,,
383507,episode_end,188.1563096366109,280,0.10533184403032751,-100.0,,,,,
383701,episode_end,168.12420360768385,194,0.1051457348020489,-100.0,,,,,
383906,episode_end,139.28553132481744,205,0.10372396359142265,-100.0,,,,,
384000,train_step,,,0.10307516352231792,-100.0,100000,28.58806037902832,-80.23058319091797,1.9055825471878052,-0.21454459428787231
384092,episode_end,185.7115637216274,186,0.10278499480379884,-100.0,,,,,
384248,episode_end,155.86185154767213,156,0.10195355118207912,-100.0,,,,,
384396,episode_end,273.2816861312176,148,0.1036116248822163,-100.0,,,,,
384655,episode_end,134.72277627682655,259,0.10626690319630776,-100.0,,,,,
384970,episode_end,121.12684394324691,315,0.10395470393703729,-100.0,,,,,
385000,train_step,,,0.10437434480541427,-100.0,100000,221.67071533203125,-85.71548461914062,1.943190097808838,-0.1283774971961975
385970,episode_end,-65.13346032308556,1000,0.11201209463168578,-100.0,,,,,
386000,train_step,,,0.11217556491102422,-100.0,100000,124.66767883300781,-82.31352233886719,2.0155858993530273,0.034097038209438324
386277,episode_end,106.35126448653516,307,0.11596739683962667,-100.0,,,,,
386473,episode_end,176.8224850661445,196,0.12024322160184274,-100.0,,,,,
386773,episode_end,279.6768563919922,300,0.12448605268148472,-100.0,,,,,
387000,train_step,,,0.12462902135693027,-100.0,100000,67.89546203613281,-78.76296997070312,1.767533779144287,-0.48409077525138855
387038,episode_end,190.94242439345655,265,0.12448427909675974,-100.0,,,,,
387252,episode_end,176.58003186262937,214,0.1220679976427465,-100.0,,,,,
387520,episode_end,164.7662943173919,268,0.12046440564377936,-100.0,,,,,
387827,episode_end,169.46912917428847,307,0.12007243849483457,-100.0,,,,,
387997,episode_end,189.95458705779285,170,0.12080250438703204,-100.0,,,,,
388000,train_step,,,0.1207406796200277,-100.0,100000,36.55354309082031,-79.73306274414062,2.147181510925293,0.31115785241127014
388248,episode_end,192.27953650946364,251,0.12114395911105615,-100.0,,,,,
388493,episode_end,163.60414280003857,245,0.1257150577386047,-100.0,,,,,
388696,episode_end,276.45167855836775,203,0.12518862747198298,-100.0,,,,,
389000,train_step,,,0.12038328508740515,-100.0,100000,19.572463989257812,-79.34944915771484,1.8101896047592163,-0.4018426835536957
389329,episode_end,-225.29607149097325,633,0.11485286830108533,-100.0,,,,,
389574,episode_end,188.63866477405884,245,0.11354678942710218,-100.0,,,,,
389836,episode_end,191.6464416966362,262,0.1195998036131419,-100.0,,,,,
390000,train_step,,,0.11790962908916922,-100.0,100000,143.03860473632812,-79.46708679199219,1.8661141395568848,-0.2862260937690735
390046,episode_end,167.5619898472029,210,0.11686422278648716,-100.0,,,,,
390283,episode_end,193.39576672023463,237,0.11537271289828895,-100.0,,,,,
390771,episode_end,108.0471219821654,488,0.11775508924205376,-100.0,,,,,
390963,episode_end,176.00214219208414,192,0.11701773209135359,-100.0,,,,,
391000,train_step,,,0.11727066124109063,-100.0,100000,38.58354949951172,-75.47457122802734,2.450636863708496,0.9658366441726685
391214,episode_end,191.63348454867742,251,0.1168939181846922,-100.0,,,,,
391427,episode_end,311.2951940325883,213,0.11499217592385029,-100.0,,,,,
391673,episode_end,157.2246284359449,246,0.11537178765612502,-100.0,,,,,
392000,train_step,,,0.12039527394780639,-100.0,100000,370.51995849609375,-75.73234558105469,1.778559684753418,-0.468783438205719
392039,episode_end,124.25964795318737,366,0.12124303393411218,-100.0,,,,,
392241,episode_end,153.70272820334657,202,0.12387350471400498,-100.0,,,,,
392574,episode_end,181.81817985545416,333,0.12659140716000455,-100.0,,,,,
392838,episode_end,194.97094304841775,264,0.12675609716394923,-100.0,,,,,
393000,train_step,,,0.12545002198194077,-100.0,100000,54.84471130371094,-76.19026184082031,2.0105481147766113,0.021896272897720337
393344,episode_end,154.12948406888322,506,0.1276930965945473,-100.0,,,,,
393615,episode_end,197.2661080938686,271,0.1277312254904893,-100.0,,,,,
393819,episode_end,285.66246205975847,204,0.12552821846665596,-100.0,,,,,
394000,train_step,,,0.1236494738641973,-100.0,100000,85.79650115966797,-72.67366790771484,2.019735336303711,0.04125291109085083
394051,episode_end,294.34429627361465,232,0.12400764512956564,-100.0,,,,,
394278,episode_end,-77.98399688990932,227,0.12622224617363603,-100.0,,,,,
394520,episode_end,150.88634700913778,242,0.12561245916371974,-100.0,,,,,
394762,episode_end,175.17810027809566,242,0.1247378525806114,-100.0,,,,,
395000,train_step,,,0.12283372269771124,-100.0,100000,128.76040649414062,-74.46893310546875,1.7730867862701416,-0.47581979632377625
395034,episode_end,146.15711791583345,272,0.1223882726372151,-100.0,,,,,
395309,episode_end,195.11908184061627,275,0.12458266529571412,-100.0,,,,,
396000,train_step,,,0.1236288299460716,-100.0,100000,36.19624328613281,-71.30628967285156,2.070957899093628,0.14833521842956543
396106,episode_end,118.67292027881095,797,0.122079313759225,-100.0,,,,,
396838,episode_end,125.5058150353684,732,0.12726636486034235,-100.0,,,,,
397000,train_step,,,0.12620739165972386,-100.0,100000,87.5660171508789,-71.05732727050781,2.2183351516723633,0.45191600918769836
397081,episode_end,131.94729774424692,243,0.1278412372493611,-100.0,,,,,
397285,episode_end,308.0073759482708,204,0.12596409685377738,-100.0,,,,,
397486,episode_end,197.89878637289286,201,0.12380049703400192,-100.0,,,,,
397583,episode_end,-348.0494627893358,97,0.12389150175351953,-100.0,,,,,
397843,episode_end,-294.81648233230976,260,0.12337952860399205,-100.0,,,,,
398000,train_step,,,0.12276903578288006,-100.0,100000,33.43061828613281,-69.51107788085938,1.831291913986206,-0.3538566529750824
398105,episode_end,-297.7910774067078,262,0.12326757153073938,-100.0,,,,,
398338,episode_end,299.20417159904974,233,0.12033529827906364,-100.0,,,,,
398623,episode_end,276.96863842812115,285,0.12287966781152114,-100.0,,,,,
399000,train_step,,,0.12786251671367804,-100.0,100000,23.377368927001953,-67.99688720703125,1.8373754024505615,-0.33448630571365356
399623,episode_end,-67.80524889000174,1000,0.12961113479708278,-100.0,,,,,
399788,episode_end,-0.5367925394990749,165,0.12932244851943459,-100.0,,,,,
399945,episode_end,306.86741031752797,157,0.12867053455655336,-100.0,,,,,
400000,train_step,,,0.12827991453731435,-100.0,100000,213.77877807617188,-69.2032470703125,2.0579094886779785,0.11891914904117584
400210,episode_end,-92.47030123956381,265,0.1267428877277458,-100.0,,,,,
400390,episode_end,304.4038105508504,180,0.12391800832276897,-100.0,,,,,
400876,episode_end,126.17224643561516,486,0.12190174255961504,-100.0,,,,,
400991,episode_end,-505.56985787800585,115,0.12013072537601896,-100.0,,,,,
401000,train_step,,,0.11997794635453721,-100.0,100000,26.34493064880371,-71.66144561767578,1.9296178817749023,-0.14924177527427673
401304,episode_end,179.01971438725678,313,0.11915371030957624,-100.0,,,,,
401555,episode_end,-118.86080514490891,251,0.1212247991477054,-100.0,,,,,
401810,episode_end,225.8613022971718,255,0.12193375305100779,-100.0,,,,,
402000,train_step,,,0.12079728711366602,-100.0,100000,110.73452758789062,-69.67887878417969,2.185617446899414,0.39232921600341797
402109,episode_end,292.9187579972424,299,0.12071798608731867,-100.0,,,,,
402329,episode_end,104.13454648163908,220,0.12083118538728436,-100.0,,,,,
402682,episode_end,183.1901011171923,353,0.1230269115058681,-100.0,,,,,
403000,train_step,,,0.11751760708556973,-100.0,100000,89.38331604003906,-70.32003784179688,1.9607200622558594,-0.084104984998703
403078,episode_end,269.2197272164904,396,0.11820307579651501,-100.0,,,,,
403573,episode_end,119.13597417938809,495,0.11623650733849152,-100.0,,,,,
403801,episode_end,158.97643380450938,228,0.11374603327830093,-100.0,,,,,
404000,train_step,,,0.11264711851276403,-100.0,100000,88.35289764404297,-68.23963928222656,1.826685905456543,-0.3784307837486267
404151,episode_end,134.76122390223247,350,0.11284197780956325,-100.0,,,,,
404480,episode_end,191.31898542109374,329,0.11033834723505227,-100.0,,,,,
405000,train_step,,,0.1122095218121395,-100.0,100000,103.79399108886719,-64.0976791381836,2.1209888458251953,0.26464933156967163
405213,episode_end,201.47978242072986,733,0.11439676598506493,-100.0,,,,,
405423,episode_end,156.34621349762907,210,0.11351148801620181,-100.0,,,,,
405750,episode_end,162.20167126575498,327,0.10901323745571134,-100.0,,,,,
405912,episode_end,158.10934085206839,162,0.10862336544807297,-100.0,,,,,
406000,train_step,,,0.10882255630153988,-100.0,100000,124.64862060546875,-66.23888397216797,2.160459041595459,0.3559037446975708
406057,episode_end,151.05979757462916,145,0.10932240528424685,-100.0,,,,,
406305,episode_end,132.82460165861514,248,0.10778632256999539,-100.0,,,,,
406466,episode_end,187.26107795577155,161,0.10750927492238954,-100.0,,,,,
406617,episode_end,162.85466156576246,151,0.10713254753282878,-100.0,,,,,
406698,episode_end,-28.041027221534236,81,0.10703652627223662,-100.0,,,,,
406940,episode_end,152.3252794937194,242,0.10843119834264318,-100.0,,,,,
407000,train_step,,,0.10796303540504631,-100.0,100000,34.525604248046875,-67.38133239746094,2.0260534286499023,0.0579938143491745
407379,episode_end,173.11974537771908,439,0.10317208143749249,-100.0,,,,,
407680,episode_end,209.6564976897507,301,0.10316510190925325,-100.0,,,,,
407949,episode_end,183.95240286879095,269,0.10415112480024293,-100.0,,,,,
408000,train_step,,,0.10478772860770509,-100.0,100000,66.68763732910156,-67.41789245605469,1.98008131980896,-0.044932782649993896
408201,episode_end,198.99577996090147,252,0.10642480003116311,-100.0,,,,,
408485,episode_end,156.2390442730511,284,0.10882464391219814,-100.0,,,,,
409000,train_step,,,0.10530277732058371,-100.0,100000,77.36827087402344,-66.9263916015625,2.010993003845215,0.02474401891231537
409027,episode_end,92.92559054412317,542,0.10494146618469703,-100.0,,,,,
409293,episode_end,182.52705378842927,266,0.105995640381831,-100.0,,,,,
409652,episode_end,142.12207382739166,359,0.10676269589795502,-100.0,,,,,
409916,episode_end,160.45342197725918,264,0.10627684676085261,-100.0,,,,,
410000,train_step,,,0.10767538174717645,-100.0,100000,78.00335693359375,-66.76628875732422,2.3240723609924316,0.7222388982772827
410122,episode_end,-56.86660339008843,206,0.10706773763541334,-100.0,,,,,
410462,episode_end,175.5834941750667,340,0.10306370182001838,-100.0,,,,,
410642,episode_end,306.861263997779,180,0.10316362889545294,-100.0,,,,,
411000,train_step,,,0.1022190636545398,-100.0,100000,69.9096450805664,-61.398963928222656,1.9667558670043945,-0.0758177638053894
411120,episode_end,-163.04005132317602,478,0.10092570559110349,-100.0,,,,,
411483,episode_end,124.47081307716006,363,0.1016602864782269,-100.0,,,,,
411747,episode_end,188.85581691374608,264,0.10205552334945793,-100.0,,,,,
412000,train_step,,,0.10216101222592075,-100.0,100000,41.84668731689453,-64.99176025390625,2.0719735622406006,0.1641862988471985
412020,episode_end,196.95815848653567,273,0.10216260355054667,-100.0,,,,,
413000,train_step,,,0.10530614021826491,-100.0,100000,282.8553466796875,-63.970680236816406,2.0781893730163574,0.1759953796863556
413020,episode_end,83.45108928188122,1000,0.10538278018114057,-100.0,,,,,
413495,episode_end,121.91394414662825,475,0.10425930679017424,-100.0,,,,,
413779,episode_end,200.00015055719047,284,0.10357544368548048,-100.0,,,,,
414000,train_step,,,0.10054710794897706,-100.0,100000,53.44423294067383,-61.366886138916016,2.041912794113159,0.09627902507781982
414527,episode_end,216.25810940329885,748,0.10130633099295633,-100.0,,,,,
414788,episode_end,138.1131216718747,261,0.09912611580041537,-100.0,,,,,
415000,train_step,,,0.0999185612347641,-100.0,100000,123.31057739257812,-59.585567474365234,2.0044379234313965,0.010222289711236954
415612,episode_end,167.2249066446766,824,0.0985138538043356,-100.0,,,,,
416000,train_step,,,0.09623525045559582,-100.0,100000,82.32111358642578,-59.495697021484375,1.9319145679473877,-0.15938515961170197
416092,episode_end,216.68363489605758,480,0.09506215699540328,-100.0,,,,,
416713,episode_end,179.09533939044974,621,0.09657732523586572,-100.0,,,,,
417000,train_step,,,0.09650740292479877,-100.0,100000,11.287267684936523,-58.30827331542969,2.067166328430176,0.15704429149627686
417705,episode_end,127.16142902979134,992,0.09575997165034271,-100.0,,,,,
418000,train_step,,,0.09652793416340744,-100.0,100000,49.15388870239258,-60.24384689331055,1.730074167251587,-0.6310659646987915
418344,episode_end,120.21535242896627,639,0.09122010886835234,-100.0,,,,,
419000,train_step,,,0.10209228888016986,-100.0,100000,48.686859130859375,-55.85986328125,2.2932615280151367,0.6691871881484985
419204,episode_end,113.34337323117715,860,0.10289195223093153,-100.0,,,,,
419493,episode_end,164.1002625316169,289,0.1020196748344222,-100.0,,,,,
419723,episode_end,196.11330655780034,230,0.10214066459011109,-100.0,,,,,
420000,train_step,,,0.09879828533505028,-100.0,100000,22.71422004699707,-56.18128204345703,2.202828884124756,0.4694831371307373
420408,episode_end,92.376212575019,685,0.09562740610011784,-100.0,,,,,
421000,train_step,,,0.09710807894494008,-100.0,100000,48.734275817871094,-56.662879943847656,1.7636034488677979,-0.5512604117393494
421159,episode_end,68.5272070636736,751,0.09556217646891538,-100.0,,,,,
421461,episode_end,189.85159348953553,302,0.0946568392712725,-100.0,,,,,
421672,episode_end,195.6838978417885,211,0.09324800695985717,-100.0,,,,,
421928,episode_end,184.5448405380893,256,0.0936823133803752,-100.0,,,,,
422000,train_step,,,0.09302281567673883,-100.0,100000,36.3099250793457,-59.719200134277344,1.8990516662597656,-0.23974312841892242
422382,episode_end,165.6854862563153,454,0.0921141136102879,-100.0,,,,,
422741,episode_end,186.19545637957032,359,0.09191134237104107,-100.0,,,,,
423000,train_step,,,0.09362261637654319,-100.0,100000,18.699941635131836,-53.597442626953125,1.969929814338684,-0.07122069597244263
423505,episode_end,45.008477069383616,764,0.0932778488353934,-100.0,,,,,
424000,train_step,,,0.09005488114006749,-100.0,100000,25.133052825927734,-59.24589157104492,1.7846591472625732,-0.5183976888656616
424505,episode_end,-108.92957870835923,1000,0.08619237448259923,-100.0,,,,,
424765,episode_end,169.96921870509476,260,0.08751714857121545,-100.0,,,,,
425000,train_step,,,0.08855138933380957,-100.0,100000,32.79607391357422,-56.48048400878906,2.025383234024048,0.06153343617916107
425765,episode_end,-35.753191645630295,1000,0.08520151898546087,-100.0,,,,,
426000,train_step,,,0.08634984599103918,-100.0,100000,55.41944885253906,-52.837371826171875,1.9815430641174316,-0.04520761966705322
426765,episode_end,-109.38848250447555,1000,0.08812357409326059,-100.0,,,,,
426995,episode_end,156.60930193302323,230,0.08714498116275263,-100.0,,,,,
427000,train_step,,,0.08713910946092715,-100.0,100000,103.56697845458984,-49.520751953125,1.8504468202590942,-0.3649470806121826
427272,episode_end,156.25331023364404,277,0.0856872726173622,-100.0,,,,,
428000,train_step,,,0.08756738737457828,-100.0,100000,19.33025360107422,-50.79287338256836,1.9377024173736572,-0.15171602368354797
428272,episode_end,-80.61514027528565,1000,0.08585374501614064,-100.0,,,,,
428780,episode_end,205.6063402293556,508,0.08239439022168071,-100.0,,,,,
429000,train_step,,,0.08080700675983452,-100.0,100000,46.580162048339844,-54.08599853515625,1.9894208908081055,-0.026613712310791016
429049,episode_end,182.94883374886166,269,0.0809211038065927,-100.0,,,,,
429310,episode_end,167.59817874281518,261,0.0815221347552918,-100.0,,,,,
430000,train_step,,,0.08522591210967413,-100.0,100000,70.71185302734375,-45.39363098144531,1.8531630039215088,-0.36157867312431335
430310,episode_end,-83.52552387716898,1000,0.08316956269305392,-100.0,,,,,
430567,episode_end,207.60413525067423,257,0.08348541586063143,-100.0,,,,,
431000,train_step,,,0.08028793588786894,-100.0,100000,19.510265350341797,-46.05562973022461,1.7889857292175293,-0.5322064757347107
431567,episode_end,-91.51874658156036,1000,0.07614333240974622,-100.0,,,,,
432000,train_step,,,0.07641727531701296,-100.0,100000,77.72681427001953,-51.01286315917969,1.9931910037994385,-0.0175093412399292
432143,episode_end,109.4903768821247,576,0.07603792538223161,-100.0,,,,,
433000,train_step,,,0.07477605385409067,-100.0,100000,26.622718811035156,-44.493011474609375,2.059692859649658,0.15479905903339386
433143,episode_end,-84.67368023545215,1000,0.07462473488586044,-100.0,,,,,
433351,episode_end,200.0934136375073,208,0.07560752384875562,-100.0,,,,,
433577,episode_end,207.5315481140618,226,0.07695484627708507,-100.0,,,,,
433787,episode_end,179.68396005039628,210,0.07766483067208393,-100.0,,,,,
434000,train_step,,,0.07736289920178543,-100.0,100000,15.604248046875,-49.203975677490234,1.8590810298919678,-0.36064624786376953
434155,episode_end,283.93712895626294,368,0.07801358689942693,-100.0,,,,,
434730,episode_end,238.88834685859533,575,0.07975751632138678,-100.0,,,,,
435000,train_step,,,0.07857763224513444,-100.0,100000,23.878015518188477,-46.188629150390625,2.194136619567871,0.49381929636001587
435598,episode_end,153.07763614567983,868,0.07796854519557123,-100.0,,,,,
435726,episode_end,294.70020770932535,128,0.07705948319564689,-100.0,,,,,
435872,episode_end,150.2099637049621,146,0.07629553460939735,-100.0,,,,,
436000,train_step,,,0.07788447736984132,-100.0,100000,13.561339378356934,-45.632198333740234,1.9265179634094238,-0.18756499886512756
436396,episode_end,206.97698282504604,524,0.0786935358470831,-100.0,,,,,
436737,episode_end,290.34001495076495,341,0.0797370021985828,-100.0,,,,,
436960,episode_end,208.77236618080755,223,0.08040727532725944,-100.0,,,,,
437000,train_step,,,0.08012309591063886,-100.0,100000,116.26898956298828,-44.19639587402344,1.9005908966064453,-0.25092750787734985
437843,episode_end,124.38344510028035,883,0.08085596151575586,-100.0,,,,,
438000,train_step,,,0.08103973528834485,-100.0,100000,45.75082015991211,-37.253631591796875,2.0244545936584473,0.06145007908344269
438162,episode_end,313.97344636285743,319,0.08101947074625114,-100.0,,,,,
438374,episode_end,262.1346725944755,212,0.08203899937101251,-100.0,,,,,
439000,train_step,,,0.08142955751924943,-100.0,100000,68.82405090332031,-44.36981964111328,1.9024662971496582,-0.24461621046066284
439369,episode_end,130.73612443674537,995,0.08152983829252762,-100.0,,,,,
439544,episode_end,317.10897185461886,175,0.08113792601521139,-100.0,,,,,
439738,episode_end,308.13662713371275,194,0.07945520568157668,-100.0,,,,,
439933,episode_end,150.10451862612734,195,0.07868537856968236,-100.0,,,,,
440000,train_step,,,0.07795103792861373,-100.0,100000,55.946929931640625,-44.48301696777344,2.071040630340576,0.18127262592315674
440287,episode_end,226.86431176352784,354,0.08091497972625696,-100.0,,,,,
440480,episode_end,282.74991971090077,193,0.07954957026489722,-100.0,,,,,
440666,episode_end,261.29500964370766,186,0.07839475237252946,-100.0,,,,,
440966,episode_end,182.79631571442175,300,0.07606130649468923,-100.0,,,,,
441000,train_step,,,0.07613393440865189,-100.0,100000,17.59267234802246,-43.541015625,2.0940003395080566,0.24207565188407898
441706,episode_end,180.91537712736584,740,0.07561857098083556,-100.0,,,,,
442000,train_step,,,0.0737026111728421,-100.0,100000,22.110210418701172,-42.877620697021484,2.1673765182495117,0.436470091342926
442706,episode_end,-105.03972823615494,1000,0.07129773223596651,-100.0,,,,,
442898,episode_end,290.7420426665011,192,0.07183868024676297,-100.0,,,,,
443000,train_step,,,0.07148380388894156,-100.0,100000,43.00773620605469,-42.787574768066406,1.9564330577850342,-0.11494237184524536
443063,episode_end,292.462837631404,165,0.07168690240505406,-100.0,,,,,
444000,train_step,,,0.07509167181761855,-100.0,100000,46.091896057128906,-41.02940368652344,2.2917966842651367,0.7554746866226196
444063,episode_end,-64.46053346708256,1000,0.0754009081529019,-100.0,,,,,
444811,episode_end,280.111886800215,748,0.0713184217348612,-100.0,,,,,
444967,episode_end,298.8696758456882,156,0.07121058066909892,-100.0,,,,,
445000,train_step,,,0.07154014224895844,-100.0,100000,28.31159019470215,-42.39183044433594,2.124772548675537,0.3290867209434509
445923,episode_end,147.44109692191478,956,0.07117696586174894,-100.0,,,,,
446000,train_step,,,0.0708901651669549,-100.0,100000,12.473255157470703,-40.029563903808594,1.9611225128173828,-0.10289423167705536
446131,episode_end,148.75946737783397,208,0.07121560020995503,-100.0,,,,,
446235,episode_end,22.273101591774605,104,0.07168351085141036,-100.0,,,,,
446392,episode_end,289.7580178812726,157,0.07092904089706896,-100.0,,,,,
446489,episode_end,21.77309785163453,97,0.07084709719980074,-100.0,,,,,
447000,train_step,,,0.07021671043538551,-100.0,100000,22.190519332885742,-41.702693939208984,1.9015514850616455,-0.2614959478378296
447413,episode_end,172.45687100875585,924,0.06921588817213524,-100.0,,,,,
447566,episode_end,300.0341887733582,153,0.06864819200565227,-100.0,,,,,
447903,episode_end,155.74719359563926,337,0.06962117846790945,-100.0,,,,,
448000,train_step,,,0.06964369079279205,-100.0,100000,151.12939453125,-40.631813049316406,1.9966514110565186,-0.008921835571527481
448213,episode_end,239.06152490987753,310,0.0710266324677717,-100.0,,,,,
449000,train_step,,,0.07159474675250313,-100.0,100000,10.956319808959961,-36.30419158935547,1.9303739070892334,-0.18358542025089264
449138,episode_end,148.70253289506948,925,0.07009534308850951,-100.0,,,,,
449296,episode_end,298.7378732528391,158,0.06820563387011058,-100.0,,,,,
449496,episode_end,172.39803882938344,200,0.0673587826131579,-100.0,,,,,
449608,episode_end,-229.3240474498425,112,0.06753937265308818,-100.0,,,,,
449871,episode_end,287.950092944796,263,0.0678675693883099,-100.0,,,,,
450000,train_step,,,0.06806065961360927,-100.0,100000,92.02310180664062,-35.56782531738281,1.9356963634490967,-0.17280679941177368
450871,episode_end,-82.65947177476161,1000,0.06713245451046301,-100.0,,,,,
450975,episode_end,32.984780547941284,104,0.0676303190130154,-100.0,,,,,
451000,train_step,,,0.0676537097033761,-100.0,100000,51.12361145019531,-38.552452087402344,1.9422101974487305,-0.15564832091331482
451587,episode_end,255.35001905999727,612,0.07041987388021424,-100.0,,,,,
452000,train_step,,,0.07027845160237972,-100.0,100000,10.873146057128906,-42.947940826416016,2.018573760986328,0.04931921511888504
452156,episode_end,282.01397059134206,569,0.06985628071358206,-100.0,,,,,
452834,episode_end,280.8655445730959,678,0.07176746149644884,-100.0,,,,,
452989,episode_end,274.09655832858846,155,0.07239804361517875,-100.0,,,,,
453000,train_step,,,0.07244565413784017,-100.0,100000,32.45722579956055,-41.08836364746094,1.8809137344360352,-0.31259170174598694
453121,episode_end,46.51662413008077,132,0.07320875767791957,-100.0,,,,,
454000,train_step,,,0.08342783009977339,-100.0,100000,14.171363830566406,-40.744956970214844,2.0472512245178223,0.1173613965511322
454121,episode_end,-97.3661853296395,1000,0.08293296429319257,-100.0,,,,,
454258,episode_end,18.487906813597775,137,0.0839425328201036,-100.0,,,,,
454440,episode_end,270.99110542498954,182,0.08369758627558253,-100.0,,,,,
454868,episode_end,281.21789599073725,428,0.08152260246771875,-100.0,,,,,
455000,train_step,,,0.08090751680413669,-100.0,100000,88.39195251464844,-40.323402404785156,1.769086241722107,-0.5806208252906799
455430,episode_end,207.92768943908246,562,0.07909939874047733,-100.0,,,,,
455600,episode_end,287.07278576932976,170,0.07920102761113147,-100.0,,,,,
456000,train_step,,,0.08019588492558777,-100.0,100000,21.05728530883789,-42.93109130859375,1.939645528793335,-0.15229132771492004
456042,episode_end,303.73947034969945,442,0.0804068024444067,-100.0,,,,,
456196,episode_end,164.11469057835643,154,0.08115853081227087,-100.0,,,,,
456850,episode_end,280.8292091947871,654,0.07699826466110657,-100.0,,,,,
457000,train_step,,,0.07617808177429736,-100.0,100000,21.183486938476562,-41.6317024230957,1.8825432062149048,-0.3024140000343323
457005,episode_end,177.47027819168397,155,0.076175888447356,-100.0,,,,,
457238,episode_end,260.0689824044317,233,0.07569528833177325,-100.0,,,,,
457552,episode_end,269.6167515601196,314,0.07770669668197303,-100.0,,,,,
457743,episode_end,275.84997270246583,191,0.07741556783136146,-100.0,,,,,
458000,train_step,,,0.07777235503614663,-100.0,100000,18.524036407470703,-43.92649459838867,2.0745444297790527,0.19038398563861847
458005,episode_end,277.84102103619546,262,0.07780313076344908,-100.0,,,,,
458294,episode_end,279.56276245049844,289,0.0779432051259056,-100.0,,,,,
458610,episode_end,272.72382496088244,316,0.07923852888650634,-100.0,,,,,
458951,episode_end,281.9241618783219,341,0.07566852668131564,-100.0,,,,,
459000,train_step,,,0.07476619164058163,-100.0,100000,18.65755271911621,-48.49972152709961,1.7782397270202637,-0.575110912322998
459642,episode_end,-601.0584352280882,691,0.07544121551829167,-100.0,,,,,
459825,episode_end,287.6674497141239,183,0.07725405597256085,-100.0,,,,,
460000,train_step,,,0.07795284871632246,-100.0,100000,18.897281646728516,-39.706504821777344,2.0597000122070312,0.1523335874080658
460104,episode_end,297.7103704306553,279,0.07845629458936651,-100.0,,,,,
460267,episode_end,-175.29999129440267,163,0.07800960619249266,-100.0,,,,,
460517,episode_end,304.81883189165205,250,0.07621058727938375,-100.0,,,,,
460700,episode_end,268.3733373492617,183,0.0752493647758738,-100.0,,,,,
460977,episode_end,299.51734549391796,277,0.07445486884808845,-100.0,,,,,
461000,train_step,,,0.07449879137965393,-100.0,100000,17.075380325317383,-39.773193359375,1.7954826354980469,-0.5311257243156433
461229,episode_end,259.123874300955,252,0.07333215764662142,-100.0,,,,,
461631,episode_end,-105.12717997601126,402,0.07097657626072787,-100.0,,,,,
462000,train_step,,,0.07230785029673363,-100.0,100000,11.164648056030273,-39.27280807495117,1.7843670845031738,-0.566429615020752
462014,episode_end,-268.30730968647117,383,0.07220302453513981,-100.0,,,,,
462426,episode_end,-24.870214481463904,412,0.07290628301248046,-100.0,,,,,
462826,episode_end,207.69358085811456,400,0.0748015692479065,-100.0,,,,,
463000,train_step,,,0.07567498161375477,-100.0,100000,20.23727035522461,-38.37934494018555,2.1232001781463623,0.31801751255989075
463076,episode_end,248.42667671919943,250,0.07529209610813979,-100.0,,,,,
463663,episode_end,192.43990151502777,587,0.0738621676944374,-100.0,,,,,
463898,episode_end,287.3729906081097,235,0.07510296294664505,-100.0,,,,,
464000,train_step,,,0.07543159995673991,-100.0,100000,15.645933151245117,-41.68678283691406,1.9889740943908691,-0.02849651873111725
464161,episode_end,294.0447070096903,263,0.07605184850072867,-100.0,,,,,
464377,episode_end,296.0476332617907,216,0.0772632603178038,-100.0,,,,,
465000,train_step,,,0.07635074489021014,-100.0,100000,63.99073791503906,-35.85322570800781,1.8963534832000732,-0.2666223645210266
465377,episode_end,15.68449878838141,1000,0.07708613344266146,-100.0,,,,,
466000,train_step,,,0.0795857636431133,-100.0,100000,51.93674087524414,-39.45954132080078,2.1046130657196045,0.26476722955703735
466265,episode_end,245.12914699792788,888,0.08003422406182809,-100.0,,,,,
466488,episode_end,21.276856148655412,223,0.0801541124387306,-100.0,,,,,
466855,episode_end,107.35371261605884,367,0.08161071906507877,-100.0,,,,,
467000,train_step,,,0.08176611284576278,-100.0,100000,84.76008605957031,-39.516387939453125,1.8492982387542725,-0.37734103202819824
467081,episode_end,320.81083330123965,226,0.08126449157072681,-100.0,,,,,
467439,episode_end,216.4299927627502,358,0.07946554346473557,-100.0,,,,,
467695,episode_end,139.46141284589595,256,0.08032234274540637,-100.0,,,,,
467967,episode_end,199.90164755453668,272,0.08076927019683679,-100.0,,,,,
468000,train_step,,,0.08046349009286216,-100.0,100000,20.503414154052734,-40.999656677246094,1.9605703353881836,-0.09936067461967468
468222,episode_end,271.5168335442657,255,0.08090615802794274,-100.0,,,,,
468710,episode_end,233.5516561023404,488,0.081144967019189,-100.0,,,,,
469000,train_step,,,0.07941324073220445,-100.0,100000,24.087547302246094,-38.729515075683594,1.9095995426177979,-0.22899220883846283
469053,episode_end,102.35999554911523,343,0.07922285088252368,-100.0,,,,,
469309,episode_end,229.07239187967846,256,0.08091469218596625,-100.0,,,,,
469544,episode_end,264.5218358129565,235,0.08038807015239016,-100.0,,,,,
469840,episode_end,249.13132014552843,296,0.08020423174002193,-100.0,,,,,
470000,train_step,,,0.08069638709201447,-100.0,100000,9.908239364624023,-38.752784729003906,1.822169542312622,-0.4476103186607361
470009,episode_end,301.90782290615726,169,0.08075589287651645,-100.0,,,,,
470153,episode_end,38.70984688855708,144,0.08123430093209966,-100.0,,,,,
470258,episode_end,28.07961490637848,105,0.08179522994977446,-100.0,,,,,
470339,episode_end,-473.24249548834337,81,0.08212121506362473,-100.0,,,,,
470549,episode_end,280.481935128995,210,0.08386387716906411,-100.0,,,,,
470782,episode_end,271.83555999855423,233,0.08546600332583551,-100.0,,,,,
471000,train_step,,,0.08546023726764429,-100.0,100000,23.249122619628906,-35.64228057861328,2.037630319595337,0.09255937486886978
471007,episode_end,293.03535004431484,225,0.08540185927311048,-100.0,,,,,
472000,train_step,,,0.08119344381757934,-100.0,100000,25.00458526611328,-37.38426208496094,2.043227195739746,0.10854008793830872
472007,episode_end,-71.8455008566091,1000,0.08113989277268019,-100.0,,,,,
472357,episode_end,246.2824050018854,350,0.0812109322673471,-100.0,,,,,
472499,episode_end,264.6719607228172,142,0.08138089528535616,-100.0,,,,,
472742,episode_end,189.9001106718622,243,0.08080643750025798,-100.0,,,,,
472891,episode_end,292.8848495669355,149,0.07964733838841083,-100.0,,,,,
473000,train_step,,,0.07907342289794687,-100.0,100000,17.2313232421875,-34.78604507446289,1.9906445741653442,-0.023738324642181396
473064,episode_end,310.7900905469466,173,0.0794244556713744,-100.0,,,,,
473301,episode_end,291.6313556266605,237,0.08042758902449954,-100.0,,,,,
473858,episode_end,-80.04265487801635,557,0.0797519977772206,-100.0,,,,,
474000,train_step,,,0.08024200442586729,-100.0,100000,30.110177993774414,-36.72636413574219,2.358025550842285,0.9031941890716553
474052,episode_end,268.26912877671765,194,0.08038121603925003,-100.0,,,,,
474352,episode_end,269.3847251547752,300,0.08077554778169632,-100.0,,,,,
474493,episode_end,283.7257563296409,141,0.08071996404778312,-100.0,,,,,
474684,episode_end,273.797199444936,191,0.08136288993439232,-100.0,,,,,
475000,train_step,,,0.08331012028158813,-100.0,100000,144.73992919921875,-42.449737548828125,1.9338148832321167,-0.16448244452476501
475008,episode_end,230.90919613430515,324,0.08327546622940263,-100.0,,,,,
475278,episode_end,136.9156896479908,270,0.08398394669352455,-100.0,,,,,
475480,episode_end,271.7690800214899,202,0.08411276090893278,-100.0,,,,,
475744,episode_end,165.33781981928078,264,0.0843915933570651,-100.0,,,,,
475944,episode_end,267.56314410851985,200,0.08504569336686527,-100.0,,,,,
476000,train_step,,,0.08549712143665301,-100.0,100000,12.601420402526855,-41.92009735107422,1.9920668601989746,-0.019509509205818176
476518,episode_end,207.75187196041963,574,0.08651223654725125,-100.0,,,,,
476737,episode_end,289.3052215898148,219,0.08530123729779127,-100.0,,,,,
476903,episode_end,325.23579624095765,166,0.08559888712911275,-100.0,,,,,
477000,train_step,,,0.0857574533752754,-100.0,100000,140.40625,-41.47999572753906,1.8117272853851318,-0.4624418020248413
477107,episode_end,279.2760079197184,204,0.08531615774045935,-100.0,,,,,
477308,episode_end,275.4207039740658,201,0.08394918446236624,-100.0,,,,,
477529,episode_end,292.9903648256544,221,0.08493101688417708,-100.0,,,,,
478000,train_step,,,0.08254163860527128,-100.0,100000,31.91088104248047,-39.14378356933594,1.8828747272491455,-0.2921636998653412
478007,episode_end,155.56341139672884,478,0.0825117465031868,-100.0,,,,,
479000,train_step,,,0.07661574261211154,-100.0,100000,53.91935729980469,-38.001502990722656,1.9762485027313232,-0.06101645529270172
479007,episode_end,-109.06027595596444,1000,0.07656690635129193,-100.0,,,,,
480000,train_step,,,0.07715542050725054,-100.0,100000,48.1619987487793,-40.146324157714844,2.039238452911377,0.10052613168954849
480007,episode_end,-101.20903046971881,1000,0.07711158186263445,-100.0,,,,,
480234,episode_end,284.5793502807536,227,0.0771589196005227,-100.0,,,,,
480569,episode_end,286.1067759902057,335,0.0761176806015877,-100.0,,,,,
480847,episode_end,266.74400405098766,278,0.0772175068984899,-100.0,,,,,
481000,train_step,,,0.07727908824205966,-100.0,100000,39.74076843261719,-41.05693435668945,1.9809730052947998,-0.04871510714292526
481017,episode_end,277.70821751613977,170,0.07710590351121688,-100.0,,,,,
481217,episode_end,285.51592197957746,200,0.07733062144359511,-100.0,,,,,
481446,episode_end,282.0382334620745,229,0.07666745725055232,-100.0,,,,,
482000,train_step,,,0.07170483442681451,-100.0,100000,25.890026092529297,-42.27240753173828,1.9016700983047485,-0.25911858677864075
482446,episode_end,-100.91083477852408,1000,0.07254133108334344,-100.0,,,,,
482786,episode_end,242.70454323923735,340,0.0710548649497454,-100.0,,,,,
482990,episode_end,283.04413842702814,204,0.07094086210098759,-100.0,,,,,
483000,train_step,,,0.07085063892485342,-100.0,100000,59.5877685546875,-38.948299407958984,2.0276410579681396,0.07317085564136505
483211,episode_end,260.4240192902106,221,0.07016719939233747,-100.0,,,,,
483583,episode_end,299.0696104420546,372,0.07061069839569979,-100.0,,,,,
483788,episode_end,284.1200406569994,205,0.06980171968170039,-100.0,,,,,
483970,episode_end,260.97555904180797,182,0.06950609159290883,-100.0,,,,,
484000,train_step,,,0.0695408213158872,-100.0,100000,15.028675079345703,-37.346893310546875,1.9007892608642578,-0.2644800841808319
484427,episode_end,275.09854259036115,457,0.06878147972126696,-100.0,,,,,
484979,episode_end,192.3296968132619,552,0.0679939137913426,-100.0,,,,,
485000,train_step,,,0.0678761195554773,-100.0,100000,11.851696014404297,-33.675655364990234,1.9119685888290405,-0.2368108481168747
485179,episode_end,288.09830224418334,200,0.06878948714456522,-100.0,,,,,
485368,episode_end,262.3763173030135,189,0.06830938203876129,-100.0,,,,,
485542,episode_end,151.19727334828747,174,0.06680724771608533,-100.0,,,,,
485824,episode_end,264.818241320736,282,0.06588609446453897,-100.0,,,,,
486000,train_step,,,0.066485408018668,-100.0,100000,75.06407165527344,-37.31599426269531,1.802983283996582,-0.5340673923492432
486043,episode_end,251.08522701304508,219,0.06613854485616509,-100.0,,,,,
486253,episode_end,269.4029708889969,210,0.06525003558825722,-100.0,,,,,
486419,episode_end,293.30496979275347,166,0.06491608446370299,-100.0,,,,,
486715,episode_end,287.2273285543737,296,0.065461120380588,-100.0,,,,,
486889,episode_end,140.29117620976814,174,0.06560851307450016,-100.0,,,,,
487000,train_step,,,0.06607418823348686,-100.0,100000,13.011356353759766,-38.59563064575195,2.089183807373047,0.2423102706670761
487138,episode_end,256.20547372734757,249,0.06696468718377607,-100.0,,,,,
487796,episode_end,189.39017088199034,658,0.06708857148896474,-100.0,,,,,
488000,train_step,,,0.06567389613514626,-100.0,100000,40.53000259399414,-39.28926467895508,2.084949254989624,0.23132115602493286
488215,episode_end,204.1311201061443,419,0.06523501021826102,-100.0,,,,,
488601,episode_end,269.4355892471508,386,0.06515617509996205,-100.0,,,,,
489000,train_step,,,0.06684832229220121,-100.0,100000,17.681875228881836,-37.7200927734375,2.158174514770508,0.42791399359703064
489013,episode_end,205.36771576914828,412,0.06685077216849673,-100.0,,,,,
489271,episode_end,233.3660823629195,258,0.06604064862787665,-100.0,,,,,
489461,episode_end,274.0749077962003,190,0.06515210578297648,-100.0,,,,,
489667,episode_end,276.8710558740869,206,0.06674239508278836,-100.0,,,,,
489907,episode_end,284.8469944169178,240,0.06672840682158761,-100.0,,,,,
490000,train_step,,,0.06645083610322952,-100.0,100000,9.874505996704102,-36.48474884033203,2.123411178588867,0.3346043527126312
490083,episode_end,261.554142953908,176,0.0667606900769724,-100.0,,,,,
490487,episode_end,183.02913728533946,404,0.0681727749516451,-100.0,,,,,
490663,episode_end,309.83230371605237,176,0.06795497368273949,-100.0,,,,,
490896,episode_end,259.2905270412049,233,0.06720050133485969,-100.0,,,,,
491000,train_step,,,0.06775590349744123,-100.0,100000,78.11123657226562,-35.29420471191406,2.1111044883728027,0.2990758419036865
491089,episode_end,253.89181477388863,193,0.06754711568693426,-100.0,,,,,
491261,episode_end,310.34116930171376,172,0.06633371378358088,-100.0,,,,,
491713,episode_end,209.6502694333196,452,0.06669347472968445,-100.0,,,,,
491819,episode_end,21.156865261167894,106,0.06608488570601118,-100.0,,,,,
492000,train_step,,,0.06664489707327484,-100.0,100000,62.110496520996094,-33.85298156738281,1.9576239585876465,-0.11477035284042358
492149,episode_end,281.08601690445084,330,0.06724826164532666,-100.0,,,,,
492521,episode_end,264.07994212585413,372,0.0709561911167451,-100.0,,,,,
492762,episode_end,213.31674036366098,241,0.07020507698402749,-100.0,,,,,
493000,train_step,,,0.07029339503685192,-100.0,100000,12.63243293762207,-37.262977600097656,1.9691903591156006,-0.0818021148443222
493026,episode_end,245.4543205356064,264,0.07054186923917978,-100.0,,,,,
493223,episode_end,269.9839216395949,197,0.07103451289401669,-100.0,,,,,
493561,episode_end,211.93961008588948,338,0.07162012439826415,-100.0,,,,,
494000,train_step,,,0.07208441597578819,-100.0,100000,7.316749572753906,-34.00507354736328,1.9584579467773438,-0.1092519462108612
494203,episode_end,183.83607635547426,642,0.07153808690242955,-100.0,,,,,
494438,episode_end,273.0330084353179,235,0.07015931627810565,-100.0,,,,,
494975,episode_end,132.04228747953144,537,0.06922140752398664,-100.0,,,,,
495000,train_step,,,0.06910674277801152,-100.0,100000,10.181611061096191,-36.624900817871094,1.9820659160614014,-0.04792182147502899
495229,episode_end,139.83744790557472,254,0.0688529405415129,-100.0,,,,,
495477,episode_end,256.69991047152143,248,0.06953053599108547,-100.0,,,,,
496000,train_step,,,0.06978712483328357,-100.0,100000,17.211246490478516,-37.22706985473633,2.103015422821045,0.27425888180732727
496477,episode_end,56.291998794690684,1000,0.07090272229376415,-100.0,,,,,
496748,episode_end,272.43161266819834,271,0.06916083771137857,-100.0,,,,,
497000,train_step,,,0.06857318585750506,-100.0,100000,21.903121948242188,-38.56633758544922,1.8168431520462036,-0.49083372950553894
497003,episode_end,236.3555112797374,255,0.06856834230732146,-100.0,,,,,
497154,episode_end,266.3529102672792,151,0.06878389149715479,-100.0,,,,,
497332,episode_end,-74.88606745319473,178,0.06889398619298856,-100.0,,,,,
497569,episode_end,-238.73093061205023,237,0.0688571155779912,-100.0,,,,,
497803,episode_end,240.01436641736825,234,0.07077769370312735,-100.0,,,,,
498000,train_step,,,0.07108660417218311,-100.0,100000,12.754145622253418,-37.72286605834961,2.216001272201538,0.5710760354995728
498072,episode_end,293.0044147432003,269,0.07129439607343849,-100.0,,,,,
498249,episode_end,-94.98131546434871,177,0.07206216263755573,-100.0,,,,,
498522,episode_end,279.0981406649161,273,0.07178041240422904,-100.0,,,,,
499000,train_step,,,0.07380753041000433,-100.0,100000,9.120393753051758,-36.98002624511719,1.8865532875061035,-0.2956754267215729
499092,episode_end,129.63762284815203,570,0.07359427837939876,-100.0,,,,,
500000,train_step,,,0.0754758605227394,-100.0,100000,95.01131439208984,-41.00192642211914,2.278402805328369,0.7193770408630371
500092,episode_end,34.65068169542478,1000,0.07653402040487607,-100.0,,,,,
500310,episode_end,286.76538320154805,218,0.07631442875285466,-100.0,,,,,
500487,episode_end,146.63038673824178,177,0.0758839864557069,-100.0,,,,,
500700,episode_end,303.8152232888317,213,0.07635429385023726,-100.0,,,,,
501000,train_step,,,0.07671827144794635,-100.0,100000,96.93165588378906,-36.699222564697266,1.7453045845031738,-0.6539598703384399
501048,episode_end,260.07274691784744,348,0.07683384972195006,-100.0,,,,,
501261,episode_end,257.27958089327615,213,0.07668718825674044,-100.0,,,,,
502000,train_step,,,0.07628812669632526,-100.0,100000,16.95152473449707,-39.06455612182617,1.8638787269592285,-0.3502725064754486
502261,episode_end,150.8927521033128,1000,0.07635578795207092,-100.0,,,,,
502641,episode_end,217.00810119063345,380,0.07423232703551613,-100.0,,,,,
502832,episode_end,293.4426250496655,191,0.07490275580552797,-100.0,,,,,
503000,train_step,,,0.07431637832694232,-100.0,100000,82.36492919921875,-37.2924690246582,1.8794240951538086,-0.31342822313308716
503034,episode_end,254.61371474632966,202,0.0744129356498032,-100.0,,,,,
503243,episode_end,300.8571862753607,209,0.07451299820627888,-100.0,,,,,
503586,episode_end,303.7113926886129,343,0.07449940867546789,-100.0,,,,,
503743,episode_end,163.8934812417706,157,0.07605250770278639,-100.0,,,,,
503930,episode_end,297.92414688859225,187,0.07587111359454934,-100.0,,,,,
504000,train_step,,,0.07581547474241812,-100.0,100000,11.675749778747559,-39.89599609375,2.109853744506836,0.2833627164363861
504442,episode_end,269.6889455614845,512,0.07563453847315085,-100.0,,,,,
504890,episode_end,103.84031646509293,448,0.07699974499101114,-100.0,,,,,
505000,train_step,,,0.0777498586809354,-100.0,100000,35.15461730957031,-36.04053497314453,2.219221591949463,0.5599488019943237
505126,episode_end,138.44116756705802,236,0.07805954748907992,-100.0,,,,,
505353,episode_end,259.5495901027144,227,0.07822358056125985,-100.0,,,,,
505516,episode_end,3.179952673603637,163,0.07774650054998607,-100.0,,,,,
505709,episode_end,261.3661389071897,193,0.07576776576958363,-100.0,,,,,
505891,episode_end,280.39037163881346,182,0.07602330517916403,-100.0,,,,,
506000,train_step,,,0.07635243565702751,-100.0,100000,11.705474853515625,-40.30184555053711,2.023815155029297,0.061261627823114395
506099,episode_end,147.61578059955303,208,0.07639096232963197,-100.0,,,,,
506319,episode_end,272.5552177512891,220,0.0761220417085696,-100.0,,,,,
506473,episode_end,182.3125792715644,154,0.07622068510223218,-100.0,,,,,
506634,episode_end,184.65784851026882,161,0.07728021434426807,-100.0,,,,,
506916,episode_end,283.1757892748465,282,0.07729611169399513,-100.0,,,,,
507000,train_step,,,0.07779698072213383,-100.0,100000,13.388261795043945,-36.638580322265625,2.1996731758117676,0.5098958611488342
507072,episode_end,-494.8151090892975,156,0.07772588791923342,-100.0,,,,,
507268,episode_end,279.3741323136369,196,0.07995681974203935,-100.0,,,,,
507685,episode_end,268.99558406594923,417,0.08119710357220698,-100.0,,,,,
507828,episode_end,173.93059571747443,143,0.08092284959001028,-100.0,,,,,
508000,train_step,,,0.08128490422524551,-100.0,100000,87.27713012695312,-40.93647384643555,1.8018243312835693,-0.49738040566444397
508023,episode_end,291.38204991676105,195,0.08120739470728507,-100.0,,,,,
508389,episode_end,-164.2737752552606,366,0.08288148306941845,-100.0,,,,,
508736,episode_end,276.9542108702932,347,0.0836729139105963,-100.0,,,,,
508973,episode_end,244.99260376801706,237,0.08541240493170654,-100.0,,,,,
509000,train_step,,,0.0858911731862273,-100.0,100000,248.14739990234375,-40.89215087890625,2.0110042095184326,0.027011744678020477
509228,episode_end,293.3388000412933,255,0.08827396972998132,-100.0,,,,,
509376,episode_end,143.7400191451278,148,0.08868344641324104,-100.0,,,,,
509535,episode_end,275.01932265254413,159,0.08853935065226107,-100.0,,,,,
509692,episode_end,157.03276447330305,157,0.08933559315293245,-100.0,,,,,
510000,train_step,,,0.09034493051080168,-100.0,100000,19.60994529724121,-41.561649322509766,2.0940399169921875,0.22608336806297302
510692,episode_end,144.20074697268367,1000,0.09090045312528759,-100.0,,,,,
510889,episode_end,297.32946246135424,197,0.08973655074411223,-100.0,,,,,
511000,train_step,,,0.0889591519589366,-100.0,100000,26.328901290893555,-42.27785873413086,1.8383809328079224,-0.3910500705242157
511076,episode_end,177.47730544301862,187,0.08821362734142069,-100.0,,,,,
511540,episode_end,83.08046924848897,464,0.08814747912444443,-100.0,,,,,
512000,train_step,,,0.08639242300773553,-100.0,100000,64.13911437988281,-44.226417541503906,1.995337963104248,-0.011416822671890259
512027,episode_end,254.5134442575515,487,0.08592985509815823,-100.0,,,,,
512840,episode_end,244.36247021921662,813,0.08335797849718185,-100.0,,,,,
513000,train_step,,,0.08310902658663666,-100.0,100000,73.11961364746094,-47.65629577636719,1.9472935199737549,-0.1311129480600357
513050,episode_end,262.8209335355788,210,0.08321970956053021,-100.0,,,,,
513591,episode_end,119.96066739496031,541,0.0777701758784291,-100.0,,,,,
513788,episode_end,271.3882533170887,197,0.07528466998866898,-100.0,,,,,
513959,episode_end,285.8413995559787,171,0.07536789321470476,-100.0,,,,,
514000,train_step,,,0.07575736422480675,-100.0,100000,18.83953094482422,-43.81437683105469,2.2007412910461426,0.5179566144943237
514126,episode_end,266.2266931112631,167,0.07507828880762538,-100.0,,,,,
514713,episode_end,282.62596289785665,587,0.07473267398967513,-100.0,,,,,
514797,episode_end,59.10571102128986,84,0.07436368246572339,-100.0,,,,,
514998,episode_end,284.8410698063476,201,0.07186233719674398,-100.0,,,,,
515000,train_step,,,0.07183615612718393,-100.0,100000,18.467580795288086,-40.293670654296875,2.062614917755127,0.16488859057426453
515188,episode_end,186.6243380779613,190,0.06864230666206736,-100.0,,,,,
515364,episode_end,280.0764557733379,176,0.0665323980647337,-100.0,,,,,
515563,episode_end,303.7279318075367,199,0.06504394407520166,-100.0,,,,,
515998,episode_end,258.86066621948123,435,0.06457097289234114,-100.0,,,,,
516000,train_step,,,0.06455265717732746,-100.0,100000,7.386497497558594,-50.253135681152344,2.2742528915405273,0.7515278458595276
516197,episode_end,287.1208674743614,199,0.0644869932196982,-100.0,,,,,
516349,episode_end,44.877521267141105,152,0.06439786619008993,-100.0,,,,,
516776,episode_end,-345.93656189097857,427,0.06297535987720973,-100.0,,,,,
517000,train_step,,,0.06511174235359891,-100.0,100000,10.313642501831055,-45.955501556396484,1.8287018537521362,-0.4679264724254608
517034,episode_end,310.0049244680878,258,0.06520855403605484,-100.0,,,,,
517175,episode_end,282.92103552870765,141,0.06571514435021791,-100.0,,,,,
517410,episode_end,278.4677503444871,235,0.06633277087479554,-100.0,,,,,
517715,episode_end,-204.88353469337457,305,0.0657142850540109,-100.0,,,,,
517941,episode_end,286.5619820365548,226,0.06607910323052599,-100.0,,,,,
518000,train_step,,,0.06606619671515827,-100.0,100000,17.39044189453125,-48.249977111816406,1.919255256652832,-0.21939131617546082
518184,episode_end,162.30210878299715,243,0.06590144925380959,-100.0,,,,,
518407,episode_end,282.88940518546656,223,0.06539559251592927,-100.0,,,,,
518497,episode_end,-4.0220489412011915,90,0.06596137500435614,-100.0,,,,,
518652,episode_end,287.26449555762935,155,0.06571737455375949,-100.0,,,,,
518969,episode_end,258.9024576147315,317,0.06590077164047295,-100.0,,,,,
519000,train_step,,,0.06619919538340259,-100.0,100000,31.84191131591797,-45.66012954711914,2.0804126262664795,0.21832746267318726
519218,episode_end,297.21207744502965,249,0.06607442680508921,-100.0,,,,,
519460,episode_end,225.89293724058987,242,0.06376170675971783,-100.0,,,,,
519695,episode_end,251.56126495899838,235,0.06225613341060163,-100.0,,,,,
519969,episode_end,274.21725087622076,274,0.06413272148800045,-100.0,,,,,
520000,train_step,,,0.064024772116801,-100.0,100000,10.513492584228516,-45.90818786621094,2.1705007553100586,0.46861860156059265
520239,episode_end,274.58032977162725,270,0.06635181926126148,-100.0,,,,,
520644,episode_end,280.8556731280851,405,0.0666902038604823,-100.0,,,,,
520858,episode_end,315.1989897745955,214,0.06668547951129744,-100.0,,,,,
521000,train_step,,,0.06744933323629791,-100.0,100000,17.10822296142578,-40.94486999511719,2.115485191345215,0.3113914728164673
521858,episode_end,-130.02918442556484,1000,0.06840854348485016,-100.0,,,,,
522000,train_step,,,0.06957273262278954,-100.0,100000,89.38642883300781,-43.13819885253906,2.199777126312256,0.5324820280075073
522071,episode_end,288.3952785249974,213,0.07030165409528441,-100.0,,,,,
522354,episode_end,221.36669801422676,283,0.06973902186021312,-100.0,,,,,
522582,episode_end,279.17365521402354,228,0.06690359034713303,-100.0,,,,,
522786,episode_end,255.86797614534262,204,0.06583913057189701,-100.0,,,,,
522998,episode_end,265.93105412146383,212,0.06603231861890453,-100.0,,,,,
523000,train_step,,,0.06604211771936858,-100.0,100000,31.03199577331543,-51.390907287597656,2.212024688720703,0.576169490814209
523350,episode_end,271.37398061386284,352,0.06772706926063936,-100.0,,,,,
523546,episode_end,267.17175683452757,196,0.06957944991448511,-100.0,,,,,
523776,episode_end,247.42201569736892,230,0.06999552334801162,-100.0,,,,,
524000,train_step,,,0.06974006620307906,-100.0,100000,21.054553985595703,-47.45479965209961,1.7883750200271606,-0.5635531544685364
524776,episode_end,-21.346182619078817,1000,0.0739173152975331,-100.0,,,,,
524923,episode_end,284.5763042386933,147,0.07275689427854604,-100.0,,,,,
525000,train_step,,,0.07241865362699473,-100.0,100000,19.331512451171875,-45.251731872558594,2.0398154258728027,0.10452697426080704
525143,episode_end,251.64602985623335,220,0.07128431293732934,-100.0,,,,,
525292,episode_end,274.4375777915665,149,0.07107081498079393,-100.0,,,,,
525506,episode_end,174.20154586448422,214,0.07127562138198207,-100.0,,,,,
525676,episode_end,158.37548135008225,170,0.07164446702865694,-100.0,,,,,
525828,episode_end,159.26213461419147,152,0.07286226830194957,-100.0,,,,,
526000,train_step,,,0.07178043995794972,-100.0,100000,80.70204162597656,-42.543582916259766,2.001864194869995,0.004910804331302643
526017,episode_end,265.0995375603982,189,0.07183193660586824,-100.0,,,,,
526437,episode_end,187.3827693999644,420,0.07138707287712766,-100.0,,,,,
527000,train_step,,,0.07090265627999176,-100.0,100000,20.234546661376953,-45.26984405517578,1.8154964447021484,-0.48827916383743286
527392,episode_end,142.4776460233918,955,0.07156171493354288,-100.0,,,,,
527609,episode_end,282.4970004607721,217,0.07203867256916595,-100.0,,,,,
527775,episode_end,302.391771613571,166,0.07133080965737817,-100.0,,,,,
528000,train_step,,,0.07164606053471609,-100.0,100000,38.21415710449219,-48.37409210205078,1.9330673217773438,-0.1764357089996338
528346,episode_end,66.57704836453448,571,0.06894044442054856,-100.0,,,,,
528593,episode_end,143.14083045240577,247,0.06960557965827602,-100.0,,,,,
528772,episode_end,280.4761320484727,179,0.070068111315106,-100.0,,,,,
528954,episode_end,293.9617149985655,182,0.07012778086251606,-100.0,,,,,
529000,train_step,,,0.06986637739071994,-100.0,100000,86.07083129882812,-45.82628631591797,1.9674055576324463,-0.08673921227455139
529785,episode_end,236.4490827944362,831,0.06871336367034277,-100.0,,,,,
529912,episode_end,42.26462080355242,127,0.0687917879530099,-100.0,,,,,
530000,train_step,,,0.06941478715469312,-100.0,100000,25.054174423217773,-46.733089447021484,1.846777081489563,-0.40874582529067993
530162,episode_end,293.58979710946005,250,0.07032200747267484,-100.0,,,,,
530678,episode_end,205.6617072133012,516,0.07228983250315964,-100.0,,,,,
531000,train_step,,,0.07324615420818181,-100.0,100000,11.40544319152832,-53.106544494628906,1.997077226638794,-0.007639892399311066
531035,episode_end,265.80459779295893,357,0.07274093687737705,-100.0,,,,,
531241,episode_end,277.751426165958,206,0.07224293124269246,-100.0,,,,,
531759,episode_end,263.289947659116,518,0.06939290249656362,-100.0,,,,,
531903,episode_end,277.7506056129185,144,0.0686347490782603,-100.0,,,,,
532000,train_step,,,0.06942668540400884,-100.0,100000,8.211263656616211,-48.802677154541016,2.058760643005371,0.1567430943250656
532161,episode_end,259.30407368560077,258,0.06920040844077348,-100.0,,,,,
532387,episode_end,202.66915229885154,226,0.06874034715719857,-100.0,,,,,
532583,episode_end,286.488685960907,196,0.07005819662502633,-100.0,,,,,
532964,episode_end,124.9436372061459,381,0.072030926577894,-100.0,,,,,
533000,train_step,,,0.07208665770853408,-100.0,100000,9.762380599975586,-48.93447494506836,2.1614513397216797,0.4245983064174652
533163,episode_end,303.81817848806384,199,0.07152089819776093,-100.0,,,,,
533367,episode_end,271.32794576828553,204,0.07099019278742175,-100.0,,,,,
533578,episode_end,296.4937626803393,211,0.06923318415630599,-100.0,,,,,
533730,episode_end,279.41044894771204,152,0.06908918900300075,-100.0,,,,,
533965,episode_end,245.1561011277082,235,0.06805298938406952,-100.0,,,,,
534000,train_step,,,0.06787996349589827,-100.0,100000,8.21590805053711,-47.85289001464844,2.162558078765869,0.4372834861278534
534215,episode_end,245.6764199465964,250,0.06826577398712225,-100.0,,,,,
534357,episode_end,182.15174632891188,142,0.06803706782685603,-100.0,,,,,
534571,episode_end,305.25552001735576,214,0.06709437145383862,-100.0,,,,,
534835,episode_end,240.27298591357618,264,0.06599634914422199,-100.0,,,,,
535000,train_step,,,0.06516772540973118,-100.0,100000,199.10153198242188,-50.289207458496094,1.7301028966903687,-0.737032413482666
535020,episode_end,297.79361784824073,185,0.06529656708439907,-100.0,,,,,
535228,episode_end,291.1146389391451,208,0.0655731238115977,-100.0,,,,,
535423,episode_end,151.07995493160496,195,0.06568618161167274,-100.0,,,,,
535681,episode_end,283.36353763543116,258,0.06434695050876388,-100.0,,,,,
535993,episode_end,240.3853416963865,312,0.0646487553369655,-100.0,,,,,
536000,train_step,,,0.0646315368219775,-100.0,100000,6.209207534790039,-47.17641067504883,1.634183406829834,-1.0019909143447876
536525,episode_end,252.4040101090164,532,0.065843149258823,-100.0,,,,,
536937,episode_end,255.7438202174185,412,0.0654142669661623,-100.0,,,,,
537000,train_step,,,0.0652779566663717,-100.0,100000,58.41839599609375,-45.1036376953125,1.799593448638916,-0.5469298362731934
537133,episode_end,264.7974069330102,196,0.0647480745229213,-100.0,,,,,
537541,episode_end,242.66916832549168,408,0.06332897156876133,-100.0,,,,,
537785,episode_end,250.8180659576895,244,0.06159050233588548,-100.0,,,,,
537935,episode_end,157.05380406256833,150,0.06110104015110795,-100.0,,,,,
538000,train_step,,,0.06166623656330521,-100.0,100000,11.509960174560547,-52.60218811035156,2.0024638175964355,0.006864592432975769
538137,episode_end,284.92741157474757,202,0.06211717977170801,-100.0,,,,,
538319,episode_end,286.6136027104353,182,0.06189680803735535,-100.0,,,,,
538505,episode_end,303.6425773556072,186,0.06164270780476921,-100.0,,,,,
538713,episode_end,293.4410321272656,208,0.06181050633816223,-100.0,,,,,
538814,episode_end,26.475148887685947,101,0.0619483578209597,-100.0,,,,,
538937,episode_end,13.150132671789748,123,0.06193801929139458,-100.0,,,,,
539000,train_step,,,0.061992223303232126,-100.0,100000,117.2634048461914,-51.1405143737793,2.0927681922912598,0.25796496868133545
539149,episode_end,284.0382003049832,212,0.06184686385791272,-100.0,,,,,
539285,episode_end,17.72946214611939,136,0.061214719384372965,-100.0,,,,,
539475,episode_end,272.5036941598348,190,0.06187674540465981,-100.0,,,,,
539602,episode_end,29.780112507486308,127,0.0626433247411199,-100.0,,,,,
539716,episode_end,52.51844922728594,114,0.0631791826230723,-100.0,,,,,
539933,episode_end,288.61599780013864,217,0.06403784062236191,-100.0,,,,,
540000,train_step,,,0.06449631285677565,-100.0,100000,19.057565689086914,-49.87090301513672,1.928809404373169,-0.1951441466808319
540436,episode_end,282.8699390830588,503,0.06527255822844533,-100.0,,,,,
540567,episode_end,33.387136360408135,131,0.06453778966714271,-100.0,,,,,
540815,episode_end,288.83085299346163,248,0.06420385579222171,-100.0,,,,,
540945,episode_end,1.3760885789442483,130,0.06367520868472158,-100.0,,,,,
541000,train_step,,,0.06375254943729287,-100.0,100000,12.190613746643066,-47.503814697265625,2.109229326248169,0.3006804585456848
541130,episode_end,174.25028748438015,185,0.06399403708004638,-100.0,,,,,
541413,episode_end,298.12022354149417,283,0.06285465666061048,-100.0,,,,,
541639,episode_end,294.5547211271298,226,0.06299229465227073,-100.0,,,,,
542000,train_step,,,0.0610556398281665,-100.0,100000,152.76416015625,-45.48348617553711,2.2718300819396973,0.7600289583206177
542158,episode_end,89.91747620372352,519,0.06122387644054957,-100.0,,,,,
542413,episode_end,237.70263510594918,255,0.06232563484126879,-100.0,,,,,
542764,episode_end,267.24823717966456,351,0.0629280954655622,-100.0,,,,,
542992,episode_end,257.7184097964381,228,0.06450892609873657,-100.0,,,,,
543000,train_step,,,0.06447959453868886,-100.0,100000,37.915489196777344,-54.243751525878906,1.842829942703247,-0.4308667778968811
543336,episode_end,249.3192479692732,344,0.06490212626810518,-100.0,,,,,
543515,episode_end,289.6735131773904,179,0.06423718250260887,-100.0,,,,,
543705,episode_end,257.41887881457166,190,0.06278628134363691,-100.0,,,,,
543871,episode_end,260.32743466633235,166,0.06353612352216972,-100.0,,,,,
544000,train_step,,,0.06337778473515153,-100.0,100000,18.65159797668457,-52.580650329589844,1.8505327701568604,-0.41232654452323914
544309,episode_end,268.0194136128458,438,0.064662058455386,-100.0,,,,,
544657,episode_end,113.78603166529021,348,0.06465801201960494,-100.0,,,,,
544957,episode_end,133.3306073698291,300,0.06495531894240211,-100.0,,,,,
545000,train_step,,,0.0651251774614168,-100.0,100000,8.513387680053711,-51.28364562988281,2.017625331878662,0.04814282804727554
545554,episode_end,62.777790445405856,597,0.06541221228670724,-100.0,,,,,
545741,episode_end,256.78606260038225,187,0.06548619258273493,-100.0,,,,,
546000,train_step,,,0.06686321123308965,-100.0,100000,7.6180596351623535,-49.42049026489258,2.066321849822998,0.17940787971019745
546030,episode_end,229.8160837177655,289,0.0673986906203072,-100.0,,,,,
546249,episode_end,275.15195596493766,219,0.06974443816814482,-100.0,,,,,
546421,episode_end,263.91445941781564,172,0.07110007440634275,-100.0,,,,,
546605,episode_end,273.71160566000844,184,0.07017099681635365,-100.0,,,,,
547000,train_step,,,0.06841996002115606,-100.0,100000,55.57355880737305,-49.54554748535156,1.9739688634872437,-0.06981807947158813
547119,episode_end,239.3523944511282,514,0.0685882246885934,-100.0,,,,,
547349,episode_end,281.35288881584415,230,0.06894968252190863,-100.0,,,,,
547716,episode_end,263.8771165078506,367,0.0702781710085348,-100.0,,,,,
548000,train_step,,,0.07360285578504012,-100.0,100000,23.75678825378418,-49.46686553955078,2.389425754547119,1.0160396099090576
548563,episode_end,278.40431766197844,847,0.07057983027399986,-100.0,,,,,
548892,episode_end,237.55032640358323,329,0.06904154439517157,-100.0,,,,,
549000,train_step,,,0.06993362916171972,-100.0,100000,111.35183715820312,-53.53097152709961,2.1307644844055176,0.34786081314086914
549195,episode_end,282.7259033041372,303,0.06910282173235667,-100.0,,,,,
549460,episode_end,238.96517191392203,265,0.06776916750071406,-100.0,,,,,
549703,episode_end,275.9094584577565,243,0.06666804733988127,-100.0,,,,,
550000,train_step,,,0.0665213451210922,-100.0,100000,38.264732360839844,-51.8257942199707,1.9293854236602783,-0.1913820058107376
550393,episode_end,295.9092661281304,690,0.06442133391248803,-100.0,,,,,
550728,episode_end,296.393077315043,335,0.06510444873828199,-100.0,,,,,
550928,episode_end,262.16346037899166,200,0.06578081299293245,-100.0,,,,,
551000,train_step,,,0.06599729443191978,-100.0,100000,12.227012634277344,-54.166465759277344,1.8882551193237305,-0.3037383556365967
551200,episode_end,264.98232082400216,272,0.06661089036234795,-100.0,,,,,
551565,episode_end,281.9064054416955,365,0.0650775910464127,-100.0,,,,,
551767,episode_end,271.09392647453603,202,0.06471700484343894,-100.0,,,,,
552000,train_step,,,0.06418491763715851,-100.0,100000,38.92601776123047,-46.467044830322266,1.819644570350647,-0.4952535033226013
552027,episode_end,278.6135931280048,260,0.06375204385172965,-100.0,,,,,
552496,episode_end,221.61363012798995,469,0.06449766754577888,-100.0,,,,,
552783,episode_end,143.95946419054562,287,0.06434169491246243,-100.0,,,,,
553000,train_step,,,0.06352217801550208,-100.0,100000,19.865249633789062,-50.66616439819336,1.909216046333313,-0.2502339482307434
553095,episode_end,130.29160783200635,312,0.06393500540558432,-100.0,,,,,
553374,episode_end,265.71586199273975,279,0.0639348265299243,-100.0,,,,,
553585,episode_end,273.9350603071687,211,0.06428248986151278,-100.0,,,,,
553828,episode_end,298.6485827053416,243,0.06355671475238758,-100.0,,,,,
554000,train_step,,,0.06322855534424973,-100.0,100000,11.04345417022705,-53.30080032348633,1.8078631162643433,-0.5304898619651794
554028,episode_end,298.4872057485504,200,0.06326022597497291,-100.0,,,,,
554718,episode_end,95.9319932359595,690,0.063775847671291,-100.0,,,,,
554907,episode_end,266.5396602414275,189,0.06570482719874454,-100.0,,,,,
555000,train_step,,,0.06604863150682702,-100.0,100000,9.242345809936523,-52.16807174682617,1.9591761827468872,-0.11093345284461975
555907,episode_end,172.54206477645226,1000,0.06499421277812349,-100.0,,,,,
556000,train_step,,,0.06467789005243768,-100.0,100000,11.638073921203613,-51.90411376953125,1.9410405158996582,-0.16145063936710358
556907,episode_end,-138.0591942357743,1000,0.06686411627881662,-100.0,,,,,
557000,train_step,,,0.06604504850684324,-100.0,100000,9.21192741394043,-52.53694152832031,1.9395496845245361,-0.16426868736743927
557132,episode_end,267.4455250976444,225,0.06570503190688645,-100.0,,,,,
557645,episode_end,287.90982211464006,513,0.06712441182798022,-100.0,,,,,
557806,episode_end,290.2645747975123,161,0.06633205233280212,-100.0,,,,,
557998,episode_end,283.7276291446042,192,0.06638077536578912,-100.0,,,,,
558000,train_step,,,0.06637963675554243,-100.0,100000,13.907930374145508,-51.806583404541016,2.0138206481933594,0.03748658299446106
558153,episode_end,253.689084103502,155,0.06730841487196569,-100.0,,,,,
558333,episode_end,250.11103581642516,180,0.06941633479820625,-100.0,,,,,
558533,episode_end,304.88933421138495,200,0.06977026183233125,-100.0,,,,,
558817,episode_end,146.99350625953207,284,0.06967060573301091,-100.0,,,,,
558991,episode_end,266.93970581541384,174,0.06904435540429861,-100.0,,,,,
559000,train_step,,,0.0690524546651942,-100.0,100000,8.438913345336914,-55.00806427001953,1.9871151447296143,-0.0344395786523819
559180,episode_end,242.47390945631867,189,0.06749556036561913,-100.0,,,,,
559579,episode_end,131.14942381506563,399,0.06891980013811394,-100.0,,,,,
559800,episode_end,289.41820312730647,221,0.07065619954993466,-100.0,,,,,
560000,train_step,,,0.068809458441273,-100.0,100000,84.70074462890625,-53.382911682128906,1.958001971244812,-0.11240406334400177
560244,episode_end,282.24261232994905,444,0.06831866794636504,-100.0,,,,,
560416,episode_end,292.7766484039396,172,0.06861295186696831,-100.0,,,,,
560629,episode_end,276.6712376573168,213,0.06913734901696073,-100.0,,,,,
560890,episode_end,280.1821536665142,261,0.07126490750677014,-100.0,,,,,
561000,train_step,,,0.07003076485426316,-100.0,100000,40.09788513183594,-52.820716857910156,2.0312373638153076,0.08305498212575912
561091,episode_end,280.6376240675572,201,0.06974325993273,-100.0,,,,,
561206,episode_end,6.240457045912635,115,0.06854906907477303,-100.0,,,,,
561405,episode_end,267.4419672255732,199,0.0671695189921358,-100.0,,,,,
561789,episode_end,295.7759885283234,384,0.06553527515396665,-100.0,,,,,
561985,episode_end,306.58967860708617,196,0.06588516719931192,-100.0,,,,,
562000,train_step,,,0.06585053311953387,-100.0,100000,10.911930084228516,-54.66119384765625,2.0168168544769287,0.04574790596961975
562171,episode_end,267.01873493856493,186,0.06499484748871502,-100.0,,,,,
562398,episode_end,262.30599534215946,227,0.06524482464572368,-100.0,,,,,
562757,episode_end,270.71687859028395,359,0.06584248313775418,-100.0,,,,,
563000,train_step,,,0.06773688560021772,-100.0,100000,28.41516876220703,-57.0288200378418,1.9612575769424438,-0.104299396276474
563757,episode_end,156.89735164614967,1000,0.06858109698386337,-100.0,,,,,
564000,train_step,,,0.06698864318903645,-100.0,100000,10.114923477172852,-52.33875274658203,1.949303150177002,-0.13704553246498108
564561,episode_end,282.3319854274822,804,0.06515233273731168,-100.0,,,,,
564757,episode_end,316.4308176106425,196,0.06404372022943461,-100.0,,,,,
564948,episode_end,268.09815262984324,191,0.06424171978803159,-100.0,,,,,
565000,train_step,,,0.06423119485845456,-100.0,100000,12.212348937988281,-55.33975601196289,2.249441146850586,0.6847821474075317
565133,episode_end,267.5727059236405,185,0.06376606929986847,-100.0,,,,,
565364,episode_end,289.080090069836,231,0.06274434579263076,-100.0,,,,,
565591,episode_end,282.3936606387374,227,0.0637300083572826,-100.0,,,,,
565796,episode_end,274.04253347828364,205,0.06513417719679895,-100.0,,,,,
565965,episode_end,277.9684409831615,169,0.0652410516812119,-100.0,,,,,
566000,train_step,,,0.06533185156066744,-100.0,100000,95.66807556152344,-55.86280822753906,2.3507189750671387,0.9568576812744141
566258,episode_end,272.62367894380435,293,0.06611454634648664,-100.0,,,,,
566470,episode_end,251.73808666866947,212,0.06485530690442991,-100.0,,,,,
566567,episode_end,-1.4199849888206018,97,0.06494050850538471,-100.0,,,,,
566783,episode_end,315.0827950846391,216,0.06412664234460533,-100.0,,,,,
566963,episode_end,268.57630795347995,180,0.06403730522220676,-100.0,,,,,
567000,train_step,,,0.06344696996172763,-100.0,100000,16.026506423950195,-56.20807647705078,1.8397656679153442,-0.44185441732406616
567169,episode_end,292.7231798047055,206,0.06268046861589997,-100.0,,,,,
567427,episode_end,293.9942220185234,258,0.06368235978530452,-100.0,,,,,
567607,episode_end,157.12914464192983,180,0.06307838165139773,-100.0,,,,,
567800,episode_end,291.5015271261034,193,0.06291043164776743,-100.0,,,,,
568000,train_step,,,0.06267741425055641,-100.0,100000,13.242910385131836,-56.635128021240234,1.6978788375854492,-0.8368015885353088
568180,episode_end,300.4356259244509,380,0.06292713077552096,-100.0,,,,,
568469,episode_end,285.1484560267937,289,0.06360141123012525,-100.0,,,,,
568959,episode_end,213.62092686148333,490,0.06091935209182356,-100.0,,,,,
569000,train_step,,,0.060617531235996815,-100.0,100000,31.24749183654785,-57.94829177856445,1.9344837665557861,-0.18365317583084106
569225,episode_end,270.0431931382137,266,0.0602672054450877,-100.0,,,,,
569447,episode_end,298.5476394202475,222,0.06080147836347694,-100.0,,,,,
569793,episode_end,243.8673495403427,346,0.06665778974703498,-100.0,,,,,
569993,episode_end,284.60151134276185,200,0.06755253341617161,-100.0,,,,,
570000,train_step,,,0.06755886144663382,-100.0,100000,21.003278732299805,-53.61712646484375,2.275961399078369,0.7436485886573792
570640,episode_end,185.5842492785336,647,0.06133935927570291,-100.0,,,,,
570777,episode_end,276.8139442884003,137,0.061312485008469746,-100.0,,,,,
570922,episode_end,278.5992632949401,145,0.06149791109999645,-100.0,,,,,
571000,train_step,,,0.06166723834267188,-100.0,100000,6.84352970123291,-54.94497299194336,1.9489891529083252,-0.1421162486076355
571433,episode_end,250.6698947440422,511,0.06178183068547595,-100.0,,,,,
571730,episode_end,216.62871102661714,297,0.062238558816378214,-100.0,,,,,
571929,episode_end,280.825708387743,199,0.062055179342278353,-100.0,,,,,
572000,train_step,,,0.06265815270558166,-100.0,100000,22.404712677001953,-60.45965576171875,2.4263124465942383,1.1809120178222656
572108,episode_end,276.0382390365453,179,0.06344114711831421,-100.0,,,,,
572687,episode_end,280.24565376717226,579,0.06604369392784455,-100.0,,,,,
572850,episode_end,273.83118468048883,163,0.06654847328865303,-100.0,,,,,
573000,train_step,,,0.06713201521379691,-100.0,100000,13.698882102966309,-56.80784225463867,2.2236907482147217,0.6042097806930542
573103,episode_end,295.46732149450077,253,0.06715776908999939,-100.0,,,,,
573283,episode_end,284.79371010098293,180,0.06714795698621097,-100.0,,,,,
573508,episode_end,245.62563132677508,225,0.06570991941805038,-100.0,,,,,
573665,episode_end,276.18795614824876,157,0.06395769696665415,-100.0,,,,,
574000,train_step,,,0.061963308921873045,-100.0,100000,49.04407501220703,-57.5340690612793,2.0430657863616943,0.11977523565292358
574233,episode_end,278.45964765770606,568,0.06179836621911073,-100.0,,,,,
574463,episode_end,254.02236544458597,230,0.06266607970872329,-100.0,,,,,
574626,episode_end,310.7232301197035,163,0.062295483605154765,-100.0,,,,,
574791,episode_end,258.5979557733606,165,0.06286552880815928,-100.0,,,,,
574999,episode_end,302.0592023544158,208,0.06380413701274788,-100.0,,,,,
575000,train_step,,,0.06380413143802333,-100.0,100000,153.90786743164062,-54.869178771972656,2.094791889190674,0.26086145639419556
575182,episode_end,303.2468388359599,183,0.06421249599933415,-100.0,,,,,
576000,train_step,,,0.0671339245057431,-100.0,100000,43.50430679321289,-57.27405548095703,2.0618433952331543,0.1670430600643158
576182,episode_end,167.03934161667635,1000,0.06705296258277775,-100.0,,,,,
576377,episode_end,282.0472921085373,195,0.06727537955530226,-100.0,,,,,
576564,episode_end,294.0400278776144,187,0.06666630526184511,-100.0,,,,,
576737,episode_end,295.5893974928023,173,0.0657306961754788,-100.0,,,,,
576928,episode_end,296.4107498528814,191,0.06578164201458442,-100.0,,,,,
577000,train_step,,,0.06621228199891047,-100.0,100000,7.612870216369629,-55.229087829589844,1.970130205154419,-0.08109281957149506
577137,episode_end,243.06481625211705,209,0.06589046368935214,-100.0,,,,,
577414,episode_end,205.93583225656275,277,0.06544279914945307,-100.0,,,,,
578000,train_step,,,0.06317717989998356,-100.0,100000,6.808049201965332,-54.89844512939453,1.8486263751983643,-0.4180656969547272
578414,episode_end,-64.38333763191041,1000,0.06273807220409745,-100.0,,,,,
578583,episode_end,279.4007500157696,169,0.061489510067067356,-100.0,,,,,
578956,episode_end,285.2618833974143,373,0.06327983820062909,-100.0,,,,,
579000,train_step,,,0.063020490202723,-100.0,100000,6.770512580871582,-61.718196868896484,2.2165398597717285,0.5985797643661499
579153,episode_end,309.753691407011,197,0.06321377451019695,-100.0,,,,,
579528,episode_end,265.121276048834,375,0.06186367944567522,-100.0,,,,,
579694,episode_end,297.26450239318285,166,0.06158987563942566,-100.0,,,,,
579902,episode_end,260.3621141001822,208,0.059931441710826705,-100.0,,,,,
580000,train_step,,,0.058998130460606285,-100.0,100000,31.209632873535156,-62.043453216552734,2.0914857387542725,0.258927583694458
580119,episode_end,259.3247550904162,217,0.05913216105995836,-100.0,,,,,
580297,episode_end,277.6217535403364,178,0.05875213215174098,-100.0,,,,,
580522,episode_end,247.12893411536095,225,0.059306752709207516,-100.0,,,,,
580661,episode_end,286.51044530418187,139,0.05914959858680755,-100.0,,,,,
581000,train_step,,,0.0607796566778105,-100.0,100000,8.295940399169922,-59.99637985229492,2.0843472480773926,0.2362140566110611
581105,episode_end,268.09735135130006,444,0.061838746564252665,-100.0,,,,,
581287,episode_end,255.9607153889205,182,0.06163930390802107,-100.0,,,,,
581460,episode_end,270.41607537339746,173,0.061348097835197866,-100.0,,,,,
581621,episode_end,292.62259582124403,161,0.06108626175804039,-100.0,,,,,
581925,episode_end,296.48729800858666,304,0.06026241247668867,-100.0,,,,,
582000,train_step,,,0.06016224662187595,-100.0,100000,45.554176330566406,-58.29589080810547,2.101975440979004,0.2866230607032776
582374,episode_end,302.0138031466334,449,0.061012150902663674,-100.0,,,,,
582643,episode_end,277.4307917630914,269,0.0628594989227384,-100.0,,,,,
582878,episode_end,236.98061481210394,235,0.0642734320684672,-100.0,,,,,
583000,train_step,,,0.06475521363341198,-100.0,100000,6.6387481689453125,-55.635581970214844,1.8363854885101318,-0.44783610105514526
583059,episode_end,254.93558591777506,181,0.06465465363165858,-100.0,,,,,
583225,episode_end,293.23311709821775,166,0.06364523263777899,-100.0,,,,,
583404,episode_end,274.47488097652877,179,0.06341726276818893,-100.0,,,,,
583572,episode_end,284.87154785060727,168,0.06338309526207656,-100.0,,,,,
583785,episode_end,177.81968792122075,213,0.06271339958219765,-100.0,,,,,
583959,episode_end,304.0041918690399,174,0.06287261573554796,-100.0,,,,,
584000,train_step,,,0.06301134073260443,-100.0,100000,119.06202697753906,-62.53009796142578,2.053356647491455,0.14750133454799652
584152,episode_end,288.6324901280335,193,0.06347629854893443,-100.0,,,,,
584339,episode_end,282.8658603535383,187,0.06298654922449337,-100.0,,,,,
584548,episode_end,315.9929840292537,209,0.06078035298273083,-100.0,,,,,
585000,train_step,,,0.06138757026574435,-100.0,100000,11.435355186462402,-60.597259521484375,1.992521047592163,-0.020870596170425415
585002,episode_end,240.3800324591583,454,0.06140174413769513,-100.0,,,,,
585236,episode_end,260.62687425038774,234,0.06212450932511485,-100.0,,,,,
585433,episode_end,305.1586831663903,197,0.061918693247911896,-100.0,,,,,
585603,episode_end,311.3151184371011,170,0.062428769755803123,-100.0,,,,,
585773,episode_end,285.99681906135925,170,0.06128686701110685,-100.0,,,,,
586000,train_step,,,0.061633512394068946,-100.0,100000,8.310940742492676,-59.99409484863281,2.0835494995117188,0.23281481862068176
586058,episode_end,303.99160251465634,285,0.06183663528801774,-100.0,,,,,
586230,episode_end,314.6635117023211,172,0.06182444724574747,-100.0,,,,,
586408,episode_end,263.01435750568714,178,0.06182089484986335,-100.0,,,,,
586596,episode_end,306.55393161343073,188,0.061651913441696383,-100.0,,,,,
586831,episode_end,302.6728665359387,235,0.06132191935119916,-100.0,,,,,
587000,train_step,,,0.0626182622448453,-100.0,100000,29.758453369140625,-61.11655044555664,1.9831359386444092,-0.04672544449567795
587049,episode_end,264.01495821051526,218,0.0627782544626783,-100.0,,,,,
587268,episode_end,303.87475150135174,219,0.06229804613590023,-100.0,,,,,
587458,episode_end,284.20130176944105,190,0.062398674277670485,-100.0,,,,,
587686,episode_end,161.93013130738123,228,0.06265142451965947,-100.0,,,,,
587921,episode_end,308.9195545429051,235,0.061578857369026185,-100.0,,,,,
588000,train_step,,,0.06145907090200888,-100.0,100000,5.947795867919922,-61.63808822631836,2.0475707054138184,0.13269293308258057
588121,episode_end,257.7775984245977,200,0.060525855387339095,-100.0,,,,,
588284,episode_end,295.8277906372634,163,0.06124102101813278,-100.0,,,,,
588447,episode_end,164.32156889308692,163,0.0613127954636234,-100.0,,,,,
588630,episode_end,301.78918992866306,183,0.061463520375263876,-100.0,,,,,
588819,episode_end,307.4103796957694,189,0.06138192424292565,-100.0,,,,,
588990,episode_end,303.24400798067495,171,0.06161125706407506,-100.0,,,,,
589000,train_step,,,0.06153628931353524,-100.0,100000,13.972957611083984,-58.669532775878906,1.988410472869873,-0.032312870025634766
589169,episode_end,283.0337467874374,179,0.061079061198946266,-100.0,,,,,
589340,episode_end,248.0853968765887,171,0.060560396918316314,-100.0,,,,,
589547,episode_end,287.2381547288679,207,0.06144788922075632,-100.0,,,,,
589752,episode_end,314.03368799578993,205,0.06169075782299087,-100.0,,,,,
589941,episode_end,151.78983807668206,189,0.06061971486957186,-100.0,,,,,
590000,train_step,,,0.06023395559582945,-100.0,100000,9.787458419799805,-62.852046966552734,1.8985486030578613,-0.2850295305252075
590131,episode_end,291.2028590944741,190,0.05929201270641231,-100.0,,,,,
590664,episode_end,199.43436753545225,533,0.05893659454068669,-100.0,,,,,
590831,episode_end,304.53885085604395,167,0.058552501955031325,-100.0,,,,,
591000,train_step,,,0.05952998363198348,-100.0,100000,12.713775634765625,-62.76465606689453,2.231287956237793,0.6525270938873291
591831,episode_end,-123.70292388659466,1000,0.059147431148391334,-100.0,,,,,
592000,train_step,,,0.05880235137874468,-100.0,100000,61.83104705810547,-60.212467193603516,1.8783071041107178,-0.3448256254196167
592008,episode_end,283.0021599244269,177,0.0587425182928681,-100.0,,,,,
592193,episode_end,303.2783241564,185,0.05848799407065158,-100.0,,,,,
592389,episode_end,315.3419871746303,196,0.057978674439925736,-100.0,,,,,
592590,episode_end,165.9331162946997,201,0.05769682883496563,-100.0,,,,,
592848,episode_end,-39.32579630307701,258,0.0575057180063115,-100.0,,,,,
593000,train_step,,,0.05823955568186911,-100.0,100000,54.76203155517578,-60.629737854003906,2.1705102920532227,0.48479312658309937
593018,episode_end,318.2934294195253,170,0.058430584072305405,-100.0,,,,,
593178,episode_end,296.5610844844825,160,0.05908543926936409,-100.0,,,,,
593369,episode_end,271.6981350554771,191,0.058669307385351095,-100.0,,,,,
593548,episode_end,280.0308617741001,179,0.05907432861409902,-100.0,,,,,
593744,episode_end,310.8686018866746,196,0.05894316093285273,-100.0,,,,,
594000,train_step,,,0.05876796744607046,-100.0,100000,11.311893463134766,-62.08991241455078,2.057389497756958,0.1626509726047516
594044,episode_end,277.7718540258935,300,0.059152469838564266,-100.0,,,,,
594195,episode_end,267.3346519544981,151,0.05935684341100361,-100.0,,,,,
594689,episode_end,80.16156468037147,494,0.05946808392991125,-100.0,,,,,
594902,episode_end,257.75480018494994,213,0.06046731814545033,-100.0,,,,,
595000,train_step,,,0.060804907631955944,-100.0,100000,29.76556968688965,-62.24444580078125,1.9864481687545776,-0.037946540862321854
595107,episode_end,285.777436907861,205,0.0617955848315189,-100.0,,,,,
595320,episode_end,300.85690709414894,213,0.062159175129141105,-100.0,,,,,
595492,episode_end,266.3776661509281,172,0.06283014136251171,-100.0,,,,,
595685,episode_end,302.32420037938516,193,0.06175665052776529,-100.0,,,,,
595879,episode_end,294.1389373967288,194,0.06111138106594663,-100.0,,,,,
596000,train_step,,,0.061383146973698566,-100.0,100000,13.55152416229248,-60.421756744384766,2.1161327362060547,0.3240825831890106
596072,episode_end,260.22679190883906,193,0.060913658901903034,-100.0,,,,,
596258,episode_end,300.146705906511,186,0.05942625460110491,-100.0,,,,,
597000,train_step,,,0.060269055982834524,-100.0,100000,4.809101581573486,-59.406333923339844,2.080981731414795,0.22747236490249634
597258,episode_end,-69.46615611001766,1000,0.05955905206658371,-100.0,,,,,
597437,episode_end,286.75120552042534,179,0.059945300400706496,-100.0,,,,,
597666,episode_end,309.96433675786386,229,0.059456199961616,-100.0,,,,,
597841,episode_end,279.655668701571,175,0.05973752362921255,-100.0,,,,,
598000,train_step,,,0.05894401469434825,-100.0,100000,9.783143043518066,-64.87503051757812,1.7981311082839966,-0.5715248584747314
598313,episode_end,210.26324973667013,472,0.05847022498103741,-100.0,,,,,
598557,episode_end,301.70436786356777,244,0.05941191447529339,-100.0,,,,,
598750,episode_end,295.43759898959917,193,0.05889345065474044,-100.0,,,,,
598975,episode_end,257.22661151048464,225,0.05817702465745819,-100.0,,,,,
599000,train_step,,,0.058151614332126,-100.0,100000,27.045089721679688,-62.96685791015625,1.896463394165039,-0.2945307493209839
599236,episode_end,278.7022115658154,261,0.05842094202517762,-100.0,,,,,
599394,episode_end,282.2190526395449,158,0.05836660240208336,-100.0,,,,,
599653,episode_end,120.96370822159867,259,0.05815106918439999,-100.0,,,,,
599909,episode_end,269.8240928537806,256,0.057422020280908044,-100.0,,,,,
600000,train_step,,,0.05754277715692473,-100.0,100000,10.106743812561035,-59.647186279296875,1.8717259168624878,-0.3662513196468353
