global_step,event,episode_return,episode_length,alpha,hover_reward_value,replay_size,critic_loss,actor_loss,logp,alpha_loss
184,episode_end,-99.19147912226612,184,0.2,200.0,,,,,
279,episode_end,-300.2077773022404,95,0.2,200.0,,,,,
406,episode_end,-372.8562884563314,127,0.2,200.0,,,,,
505,episode_end,-276.9952590502358,99,0.2,200.0,,,,,
601,episode_end,-57.07588534475446,96,0.2,200.0,,,,,
700,episode_end,-130.81887312962422,99,0.2,200.0,,,,,
786,episode_end,9.140701724503117,86,0.2,200.0,,,,,
900,episode_end,-138.23278890728983,114,0.2,200.0,,,,,
1000,train_step,,,0.2,200.0,1000,,,,
1011,episode_end,-48.476679728455544,111,0.2,200.0,,,,,
1115,episode_end,-388.6483752609824,104,0.2,200.0,,,,,
1215,episode_end,-161.35234805727436,100,0.2,200.0,,,,,
1293,episode_end,-71.67934921221647,78,0.2,200.0,,,,,
1372,episode_end,-154.19452514011647,79,0.2,200.0,,,,,
1459,episode_end,-360.61308672223134,87,0.2,200.0,,,,,
1561,episode_end,-195.6292075096539,102,0.2,200.0,,,,,
1636,episode_end,-324.137336746738,75,0.2,200.0,,,,,
1727,episode_end,-534.8112033644509,91,0.2,200.0,,,,,
1823,episode_end,124.1074650419639,96,0.2,200.0,,,,,
1923,episode_end,-87.01093666578404,100,0.2,200.0,,,,,
2000,train_step,,,0.2,200.0,2000,,,,
2017,episode_end,-138.48410269748803,94,0.2,200.0,,,,,
2169,episode_end,-122.35980511278802,152,0.2,200.0,,,,,
2267,episode_end,135.6380814465118,98,0.2,200.0,,,,,
2373,episode_end,-266.6717060796192,106,0.2,200.0,,,,,
2494,episode_end,-171.2238347418974,121,0.2,200.0,,,,,
2598,episode_end,-244.9815036543219,104,0.2,200.0,,,,,
2718,episode_end,-197.6253542053904,120,0.2,200.0,,,,,
2811,episode_end,-212.13898010564554,93,0.2,200.0,,,,,
2910,episode_end,-320.6650230137185,99,0.2,200.0,,,,,
2989,episode_end,40.643936836191926,79,0.2,200.0,,,,,
3000,train_step,,,0.2,200.0,3000,,,,
3092,episode_end,-206.0936107546447,103,0.2,200.0,,,,,
3274,episode_end,-223.37294377002593,182,0.2,200.0,,,,,
3427,episode_end,-412.55717613250465,153,0.2,200.0,,,,,
3523,episode_end,-259.1933455580071,96,0.2,200.0,,,,,
3610,episode_end,-293.2147097946225,87,0.2,200.0,,,,,
3707,episode_end,-488.5655684503374,97,0.2,200.0,,,,,
3855,episode_end,-292.04990695779446,148,0.2,200.0,,,,,
3950,episode_end,-89.37864756055045,95,0.2,200.0,,,,,
4000,train_step,,,0.2,200.0,4000,,,,
4055,episode_end,97.93214212246028,105,0.2,200.0,,,,,
4143,episode_end,-74.52799555615834,88,0.2,200.0,,,,,
4222,episode_end,-70.02639458844821,79,0.2,200.0,,,,,
4356,episode_end,-325.05470643465924,134,0.2,200.0,,,,,
4431,episode_end,-71.5372681890888,75,0.2,200.0,,,,,
4523,episode_end,-184.39832365086846,92,0.2,200.0,,,,,
4637,episode_end,-516.6574799981679,114,0.2,200.0,,,,,
4754,episode_end,-245.39505338771727,117,0.2,200.0,,,,,
4892,episode_end,-410.6356827737402,138,0.2,200.0,,,,,
5000,train_step,,,0.2,200.0,5000,,,,
5029,episode_end,-474.78124486278745,137,0.2,200.0,,,,,
5125,episode_end,-479.40772675483987,96,0.2,200.0,,,,,
5222,episode_end,-257.25139319632115,97,0.2,200.0,,,,,
5350,episode_end,-29.752662247372086,128,0.2,200.0,,,,,
5460,episode_end,-256.90944513372665,110,0.2,200.0,,,,,
5572,episode_end,-214.57471484905142,112,0.2,200.0,,,,,
5682,episode_end,-272.07848646797214,110,0.2,200.0,,,,,
5797,episode_end,-116.31365009133238,115,0.2,200.0,,,,,
5908,episode_end,-229.41164573983025,111,0.2,200.0,,,,,
6000,train_step,,,0.2,200.0,6000,,,,
6015,episode_end,-293.4175920729353,107,0.2,200.0,,,,,
6159,episode_end,-228.1670741082639,144,0.2,200.0,,,,,
6310,episode_end,93.04209891871625,151,0.2,200.0,,,,,
6400,episode_end,-371.314385329675,90,0.2,200.0,,,,,
6511,episode_end,-399.66429191244055,111,0.2,200.0,,,,,
6637,episode_end,-469.5493367614966,126,0.2,200.0,,,,,
6813,episode_end,-123.96415933856753,176,0.2,200.0,,,,,
6901,episode_end,-463.5784052758789,88,0.2,200.0,,,,,
7000,train_step,,,0.2,200.0,7000,,,,
7012,episode_end,-89.63200584634224,111,0.2,200.0,,,,,
7159,episode_end,-173.6493373015689,147,0.2,200.0,,,,,
7221,episode_end,-108.13355924548614,62,0.2,200.0,,,,,
7379,episode_end,-73.29504621522071,158,0.2,200.0,,,,,
7473,episode_end,-134.30426807022454,94,0.2,200.0,,,,,
7624,episode_end,-386.0073522868591,151,0.2,200.0,,,,,
7739,episode_end,-100.74909238732984,115,0.2,200.0,,,,,
7866,episode_end,-228.4510478064742,127,0.2,200.0,,,,,
7981,episode_end,-405.8983226838561,115,0.2,200.0,,,,,
8000,train_step,,,0.2,200.0,8000,,,,
8064,episode_end,-464.7116821049693,83,0.2,200.0,,,,,
8159,episode_end,-92.30605005715046,95,0.2,200.0,,,,,
8238,episode_end,-352.42205647804496,79,0.2,200.0,,,,,
8311,episode_end,-79.82447318389954,73,0.2,200.0,,,,,
8408,episode_end,-364.94230207344174,97,0.2,200.0,,,,,
8486,episode_end,-434.3022557922993,78,0.2,200.0,,,,,
8669,episode_end,-287.07963113102414,183,0.2,200.0,,,,,
8765,episode_end,-527.5675235848744,96,0.2,200.0,,,,,
8885,episode_end,-518.9172133662714,120,0.2,200.0,,,,,
9000,train_step,,,0.2,200.0,9000,,,,
9034,episode_end,-208.40276540039636,149,0.2,200.0,,,,,
9228,episode_end,-359.0896656212114,194,0.2,200.0,,,,,
9347,episode_end,-223.85541277942036,119,0.2,200.0,,,,,
9463,episode_end,-296.54651220388854,116,0.2,200.0,,,,,
9564,episode_end,-496.8614576056071,101,0.2,200.0,,,,,
9647,episode_end,-93.60542792625999,83,0.2,200.0,,,,,
9767,episode_end,-219.48975124877774,120,0.2,200.0,,,,,
9840,episode_end,169.50013291790577,73,0.2,200.0,,,,,
9937,episode_end,-314.7955077995512,97,0.2,200.0,,,,,
10000,train_step,,,0.2,200.0,10000,177.31961059570312,-0.09518902748823166,-1.3430815935134888,-5.3804826736450195
10016,episode_end,-86.81236774330938,79,0.19904251790456431,200.0,,,,,
10109,episode_end,-297.8648598338572,93,0.19375463661323666,200.0,,,,,
10218,episode_end,-37.65242141792439,109,0.18848928381091754,200.0,,,,,
10426,episode_end,-143.59874954800628,208,0.1796615783833692,200.0,,,,,
10589,episode_end,139.79450055510372,163,0.1728556516498163,200.0,,,,,
10751,episode_end,44.88510056392684,162,0.1662493075385908,200.0,,,,,
10955,episode_end,191.97699236272518,204,0.1588755836635512,200.0,,,,,
11000,train_step,,,0.15745005099112094,200.0,11000,113.33934020996094,7.322071075439453,0.7586838006973267,-2.294755458831787
11261,episode_end,-147.16679190302162,306,0.1498392300928809,200.0,,,,,
11573,episode_end,-8.950254879709618,312,0.14249328607229925,200.0,,,,,
11826,episode_end,-124.18687919020923,253,0.13825736091672228,200.0,,,,,
12000,train_step,,,0.13625461808426587,200.0,12000,22.916240692138672,5.33571195602417,1.4939401149749756,-1.0086939334869385
12053,episode_end,-192.12854270167486,227,0.1355229591897221,200.0,,,,,
12182,episode_end,-45.65141959810805,129,0.13366548845297826,200.0,,,,,
12384,episode_end,-85.61484029220406,202,0.13164835607725933,200.0,,,,,
12586,episode_end,203.29872894262138,202,0.12962685277868863,200.0,,,,,
12718,episode_end,-208.54086278437882,132,0.12815032821308509,200.0,,,,,
12845,episode_end,-271.1626800584371,127,0.12743884783694157,200.0,,,,,
12979,episode_end,-312.40682310223394,134,0.12787050452150348,200.0,,,,,
13000,train_step,,,0.12791680614302461,200.0,13000,33.07903289794922,7.660879135131836,2.5455093383789062,1.1217718124389648
13117,episode_end,-106.55549486341954,138,0.1281166982771787,200.0,,,,,
13259,episode_end,157.50804633102484,142,0.12861225153956948,200.0,,,,,
13473,episode_end,-280.4476661789882,214,0.12952005760963498,200.0,,,,,
14000,train_step,,,0.13206174212513702,200.0,14000,61.93242263793945,5.668265342712402,1.6603507995605469,-0.6876147985458374
14473,episode_end,208.71256893784965,1000,0.13445245221936108,200.0,,,,,
14564,episode_end,-29.113587491386113,91,0.13527780104023523,200.0,,,,,
14955,episode_end,-105.91754138708589,391,0.13917768253263404,200.0,,,,,
15000,train_step,,,0.13936793059232264,200.0,15000,98.45355987548828,2.1067633628845215,2.169437885284424,0.3339002728462219
15246,episode_end,-76.12447792023951,291,0.1417473834939242,200.0,,,,,
15489,episode_end,-76.82690352296616,243,0.14405478649720868,200.0,,,,,
15653,episode_end,-13.46972475702728,164,0.14434372259755254,200.0,,,,,
15791,episode_end,131.5962994887959,138,0.14574305063167192,200.0,,,,,
15938,episode_end,-40.211466162075595,147,0.14602028812667264,200.0,,,,,
16000,train_step,,,0.14715221180298016,200.0,16000,738.5626220703125,0.8518310785293579,2.2687430381774902,0.5149892568588257
16032,episode_end,-18.781090474982534,94,0.14729679129791695,200.0,,,,,
16228,episode_end,-176.54653787002383,196,0.15186258715820847,200.0,,,,,
16355,episode_end,37.69300858328597,127,0.15433155022060757,200.0,,,,,
16458,episode_end,48.51374413835214,103,0.1570618641389585,200.0,,,,,
16650,episode_end,-44.21803800112028,192,0.15926570830483724,200.0,,,,,
16763,episode_end,152.0917844875662,113,0.15994602965461774,200.0,,,,,
16894,episode_end,-37.72878341036771,131,0.1613814498806797,200.0,,,,,
16963,episode_end,-18.653490698101095,69,0.16241370317765597,200.0,,,,,
17000,train_step,,,0.1631376514149942,200.0,17000,44.99800491333008,-4.546380519866943,1.9801299571990967,-0.03602737560868263
17080,episode_end,191.99553318853197,117,0.16307141040993686,200.0,,,,,
17160,episode_end,157.40116942462146,80,0.16395908781879281,200.0,,,,,
17271,episode_end,137.71296732993017,111,0.16414914305398773,200.0,,,,,
17368,episode_end,-25.03207997473949,97,0.1639861331924515,200.0,,,,,
17468,episode_end,-36.635942922244126,100,0.16451860651631045,200.0,,,,,
17585,episode_end,-9.653412005526022,117,0.16500661679694004,200.0,,,,,
17677,episode_end,-32.97935782849811,92,0.16575614672111127,200.0,,,,,
17759,episode_end,0.6184510011563731,82,0.16404727396558594,200.0,,,,,
17851,episode_end,212.402732210134,92,0.16365758933680874,200.0,,,,,
17942,episode_end,2.307145490303583,91,0.16253346784945413,200.0,,,,,
18000,train_step,,,0.1627734072006835,200.0,18000,33.95848846435547,-7.248614311218262,2.0425925254821777,0.07732255756855011
18083,episode_end,-207.3587173501729,141,0.162464883598082,200.0,,,,,
18174,episode_end,212.21514820178498,91,0.16214445278915893,200.0,,,,,
18279,episode_end,-96.53375254594295,105,0.1629648922406058,200.0,,,,,
18427,episode_end,-9.906426458115646,148,0.15979752744432105,200.0,,,,,
18503,episode_end,221.92905501837288,76,0.1588048629594642,200.0,,,,,
18609,episode_end,2.3705916790852086,106,0.15875708949809228,200.0,,,,,
18698,episode_end,11.11805397999828,89,0.15812650321650942,200.0,,,,,
18799,episode_end,7.838269705570696,101,0.15632975751659395,200.0,,,,,
18885,episode_end,23.722533512530248,86,0.15667286039001302,200.0,,,,,
18952,episode_end,-42.501926877824026,67,0.15636481818927214,200.0,,,,,
19000,train_step,,,0.15688982667469423,200.0,19000,103.4168472290039,-10.527681350708008,1.9868392944335938,-0.024376288056373596
19037,episode_end,183.53772888231833,85,0.15667560697851285,200.0,,,,,
19124,episode_end,-16.620381522193867,87,0.15664910481210814,200.0,,,,,
19222,episode_end,-27.31222733483436,98,0.15713300687657264,200.0,,,,,
19319,episode_end,176.39259575972528,97,0.15764872066167246,200.0,,,,,
19425,episode_end,-39.471300812306964,106,0.15658785389690197,200.0,,,,,
19494,episode_end,17.677198970896114,69,0.15757265574148754,200.0,,,,,
19587,episode_end,191.15523289733636,93,0.15723119706045807,200.0,,,,,
19711,episode_end,50.930281320162635,124,0.1573015256034037,200.0,,,,,
19829,episode_end,8.918143535433174,118,0.15797678843855964,200.0,,,,,
19928,episode_end,202.94419482965094,99,0.15855240951475166,200.0,,,,,
20000,train_step,,,0.15891181407339564,200.0,20000,333.73309326171875,-15.43626880645752,1.7938237190246582,-0.3792416751384735
20010,episode_end,6.064057001447708,82,0.1590519892958815,200.0,,,,,
21000,train_step,,,0.1619791862517745,200.0,21000,31.540733337402344,-27.272462844848633,2.3072338104248047,0.5592535734176636
21010,episode_end,81.96317557585753,1000,0.16216352977979767,200.0,,,,,
21094,episode_end,-142.5872975563547,84,0.16244202160891175,200.0,,,,,
21166,episode_end,-45.42796499609014,72,0.1618870299129693,200.0,,,,,
21585,episode_end,229.89854980615974,419,0.1668080444204727,200.0,,,,,
21749,episode_end,49.218242504043104,164,0.16744138065991973,200.0,,,,,
21856,episode_end,-34.84970561557806,107,0.167815534082317,200.0,,,,,
22000,train_step,,,0.16853994597725597,200.0,22000,297.66937255859375,-18.953285217285156,1.976959228515625,-0.041025858372449875
22019,episode_end,-175.68480980393502,163,0.16848774893081928,200.0,,,,,
22102,episode_end,140.9037088755791,83,0.16845550668438555,200.0,,,,,
22172,episode_end,225.90731108957476,70,0.1683871996912057,200.0,,,,,
22309,episode_end,45.658443959295,137,0.1705323261502127,200.0,,,,,
22812,episode_end,-84.8337561932565,503,0.16843341118429248,200.0,,,,,
22887,episode_end,234.58856690459544,75,0.17102030959986134,200.0,,,,,
22977,episode_end,-242.38929082428274,90,0.17289512395278248,200.0,,,,,
23000,train_step,,,0.17233993099443318,200.0,23000,115.97311401367188,-19.06346893310547,1.8558845520019531,-0.25339609384536743
23221,episode_end,143.07260052495815,244,0.1728578422202662,200.0,,,,,
23314,episode_end,-258.6554315569205,93,0.17320673430281291,200.0,,,,,
23414,episode_end,187.50184982555288,100,0.17286097407356577,200.0,,,,,
23501,episode_end,-219.27039894705052,87,0.17259214153697572,200.0,,,,,
24000,train_step,,,0.17634615231782455,200.0,24000,42.33109664916992,-26.176639556884766,2.021846294403076,0.037909846752882004
24501,episode_end,112.8488985361822,1000,0.18326942609869104,200.0,,,,,
24949,episode_end,-14.986286664974045,448,0.18174983756149263,200.0,,,,,
25000,train_step,,,0.18383472273486728,200.0,25000,42.548316955566406,-27.3974609375,1.8308055400848389,-0.28656789660453796
25123,episode_end,20.540482950902557,174,0.18342040829759435,200.0,,,,,
25461,episode_end,-195.1873866265346,338,0.18021502654463023,200.0,,,,,
25595,episode_end,20.451236315005787,134,0.17935341896624785,200.0,,,,,
25667,episode_end,-195.00276367461868,72,0.17822448174224687,200.0,,,,,
25764,episode_end,-1.748412626604221,97,0.17845949012618076,200.0,,,,,
26000,train_step,,,0.17562326396188535,200.0,26000,304.620361328125,-24.516096115112305,2.0226523876190186,0.03940199315547943
26049,episode_end,5.940883912588802,285,0.17691956388442084,200.0,,,,,
27000,train_step,,,0.16965278508099726,200.0,27000,47.015541076660156,-24.544395446777344,2.0645997524261475,0.11460001021623611
27049,episode_end,58.63130838639461,1000,0.16915315341192153,200.0,,,,,
27344,episode_end,262.5333218099952,295,0.16736555741357584,200.0,,,,,
27716,episode_end,425.6956199452441,372,0.1674674278917475,200.0,,,,,
28000,train_step,,,0.16684972373522206,200.0,28000,283.1741943359375,-32.61405944824219,1.9693622589111328,-0.05486172065138817
28426,episode_end,227.56194957737702,710,0.1638517558678389,200.0,,,,,
28729,episode_end,14.73791697374287,303,0.1635822476428256,200.0,,,,,
28861,episode_end,270.952462258975,132,0.16324464581755568,200.0,,,,,
29000,train_step,,,0.16321614741276633,200.0,29000,205.83685302734375,-19.490102767944336,1.9709630012512207,-0.052634626626968384
29294,episode_end,-305.94970871943815,433,0.16155665782425493,200.0,,,,,
29416,episode_end,-1.8154665366389082,122,0.16230314631512688,200.0,,,,,
29512,episode_end,260.8153678007963,96,0.16250033509049863,200.0,,,,,
29698,episode_end,10.477219516829948,186,0.1599120331646122,200.0,,,,,
30000,train_step,,,0.15921252613404274,200.0,30000,35.69988250732422,-28.27060890197754,1.6784247159957886,-0.5908993482589722
30019,episode_end,6.127044887726967,321,0.15862560290097444,200.0,,,,,
30449,episode_end,-139.5986324368354,430,0.15616395906456526,200.0,,,,,
30619,episode_end,-49.940896154088975,170,0.1547211801288709,200.0,,,,,
31000,train_step,,,0.15566635595744632,200.0,31000,541.282958984375,-19.239221572875977,2.0097811222076416,0.018193647265434265
31302,episode_end,404.04344468194455,683,0.15829637788168827,200.0,,,,,
31679,episode_end,247.92281696994567,377,0.1594178620590716,200.0,,,,,
31872,episode_end,34.71480019850452,193,0.15900668362721315,200.0,,,,,
31974,episode_end,205.8238171905914,102,0.16064441272427718,200.0,,,,,
32000,train_step,,,0.16069832250711505,200.0,32000,29.628643035888672,-16.667709350585938,1.8713699579238892,-0.23516468703746796
32188,episode_end,26.287383423790942,214,0.16258434949942002,200.0,,,,,
32330,episode_end,-29.315793430649308,142,0.1621549183290477,200.0,,,,,
32611,episode_end,187.7407919195548,281,0.1613125055832565,200.0,,,,,
33000,train_step,,,0.15959823562925415,200.0,33000,272.57958984375,-23.888660430908203,1.8473265171051025,-0.2801705002784729
33611,episode_end,80.04181950384773,1000,0.16173631591385595,200.0,,,,,
33742,episode_end,235.84303625099102,131,0.16289395615619603,200.0,,,,,
34000,train_step,,,0.162562861854263,200.0,34000,41.11869812011719,-19.34546661376953,2.0095770359039307,0.017398864030838013
34742,episode_end,82.92494917553422,1000,0.16000406048261334,200.0,,,,,
34913,episode_end,-55.947711498302134,171,0.1592727795046554,200.0,,,,,
35000,train_step,,,0.15941032462560653,200.0,35000,47.29873275756836,-17.962934494018555,2.220522880554199,0.4049403667449951
35176,episode_end,284.2131666623445,263,0.1594434111717021,200.0,,,,,
35504,episode_end,446.31603382492847,328,0.16046509039234141,200.0,,,,,
35928,episode_end,239.23910827298343,424,0.16091927748592966,200.0,,,,,
36000,train_step,,,0.16082811967377317,200.0,36000,228.55804443359375,-18.644052505493164,2.0297069549560547,0.05428706854581833
36360,episode_end,465.2515556061501,432,0.16175106360479516,200.0,,,,,
36474,episode_end,239.64881671968658,114,0.16163384233062048,200.0,,,,,
36573,episode_end,228.98499464736278,99,0.16122678097166693,200.0,,,,,
36984,episode_end,129.975007556418,411,0.16319753758776237,200.0,,,,,
37000,train_step,,,0.16268238989625194,200.0,37000,67.38699340820312,-23.408418655395508,1.9807847738265991,-0.034893959760665894
37317,episode_end,240.44429700276152,333,0.16439539619787025,200.0,,,,,
37556,episode_end,-171.437503070889,239,0.16527617423621194,200.0,,,,,
37767,episode_end,26.314236472694176,211,0.16783510259539658,200.0,,,,,
37979,episode_end,446.9707135776303,212,0.16486429550843698,200.0,,,,,
38000,train_step,,,0.16523269566334878,200.0,38000,37.49115753173828,-19.365100860595703,1.981719970703125,-0.03291149437427521
38241,episode_end,431.69879833662594,262,0.16681287554083019,200.0,,,,,
38694,episode_end,-182.0700493877058,453,0.16597759772765586,200.0,,,,,
38868,episode_end,259.61312144258716,174,0.16310483353388913,200.0,,,,,
38991,episode_end,248.01092196382382,123,0.1626923328752955,200.0,,,,,
39000,train_step,,,0.16266472589955724,200.0,39000,27.81739044189453,-30.450136184692383,2.0194027423858643,0.0352366641163826
39129,episode_end,151.24581804962963,138,0.16005979628720066,200.0,,,,,
39223,episode_end,222.73366040132396,94,0.15977803165522253,200.0,,,,,
39376,episode_end,-132.23139926894208,153,0.1603118417579761,200.0,,,,,
39473,episode_end,259.1860416730171,97,0.16254369503880198,200.0,,,,,
39577,episode_end,220.74717472721596,104,0.16102170852990275,200.0,,,,,
39865,episode_end,251.64030208071543,288,0.1615870658615428,200.0,,,,,
40000,train_step,,,0.16246875157089488,200.0,40000,87.12435913085938,-25.0816650390625,1.838150143623352,-0.2941248416900635
40023,episode_end,225.34729462669435,158,0.16227706899279365,200.0,,,,,
40165,episode_end,137.75158344992565,142,0.1628128722636867,200.0,,,,,
40359,episode_end,-124.56073474465427,194,0.16521730447007035,200.0,,,,,
40507,episode_end,150.2537207766213,148,0.16366830693772683,200.0,,,,,
40608,episode_end,253.14945742534235,101,0.16370053876063068,200.0,,,,,
40763,episode_end,39.163685275424996,155,0.16301680234756386,200.0,,,,,
40886,episode_end,222.60089600143613,123,0.1621995472576784,200.0,,,,,
41000,train_step,,,0.16275952184084264,200.0,41000,40.29907989501953,-35.06437683105469,1.8638782501220703,-0.24712634086608887
41183,episode_end,-103.2241457942429,297,0.16059077832107738,200.0,,,,,
41629,episode_end,208.59184302210795,446,0.15622553906552447,200.0,,,,,
42000,train_step,,,0.1591799019741604,200.0,42000,253.1480712890625,-16.523935317993164,1.9986401796340942,-0.0024989843368530273
42629,episode_end,115.6778905116096,1000,0.1561126198987329,200.0,,,,,
43000,train_step,,,0.15476935443858839,200.0,43000,406.9926452636719,-20.383777618408203,2.0006489753723145,0.001211114227771759
43411,episode_end,173.18259682806013,782,0.15230447372389005,200.0,,,,,
43551,episode_end,167.09591603812538,140,0.15377218649752325,200.0,,,,,
43717,episode_end,-6.831480743500904,166,0.15680202694015755,200.0,,,,,
43805,episode_end,252.37598115774506,88,0.1577732604359979,200.0,,,,,
43900,episode_end,35.19713807294423,95,0.15833215162369696,200.0,,,,,
44000,train_step,,,0.1589999528302354,200.0,44000,28.228208541870117,-22.08116912841797,2.0127804279327393,0.023501142859458923
44001,episode_end,208.07689477214552,101,0.15901441496288152,200.0,,,,,
44181,episode_end,234.03890691778685,180,0.15854517390878647,200.0,,,,,
44332,episode_end,167.30688251208107,151,0.15814254274400627,200.0,,,,,
44460,episode_end,158.82548006327414,128,0.1553508383887778,200.0,,,,,
44650,episode_end,-13.598145275444736,190,0.15409858248641814,200.0,,,,,
44831,episode_end,15.583281448494446,181,0.15260464262012538,200.0,,,,,
44975,episode_end,204.1852803823548,144,0.15360440273582004,200.0,,,,,
45000,train_step,,,0.15395948292173228,200.0,45000,261.46429443359375,-26.51620864868164,2.1269068717956543,0.23745130002498627
45975,episode_end,59.46114336693915,1000,0.16007721346580742,200.0,,,,,
46000,train_step,,,0.15963584648090517,200.0,46000,265.2781982421875,-30.95835304260254,1.9543178081512451,-0.08382038027048111
46140,episode_end,8.022083313938353,165,0.15865133395217387,200.0,,,,,
46378,episode_end,226.10221572923803,238,0.15975728971014894,200.0,,,,,
47000,train_step,,,0.16438053678848685,200.0,47000,511.4499816894531,-33.64954376220703,1.911710500717163,-0.15941299498081207
47378,episode_end,232.90500874520575,1000,0.16169601914969536,200.0,,,,,
47675,episode_end,254.28152609239072,297,0.16187395689271963,200.0,,,,,
48000,train_step,,,0.16672768125692536,200.0,48000,544.7772216796875,-25.785491943359375,2.263615608215332,0.47223931550979614
48345,episode_end,345.8147099347577,670,0.17030480586057564,200.0,,,,,
48701,episode_end,247.84184744045027,356,0.16745109708971792,200.0,,,,,
48902,episode_end,170.84207331144472,201,0.16815326400898703,200.0,,,,,
49000,train_step,,,0.16948537745460857,200.0,49000,281.889404296875,-23.160146713256836,2.0384726524353027,0.06828861683607101
49422,episode_end,404.69053458998985,520,0.17258052854179282,200.0,,,,,
50000,train_step,,,0.1732584715782382,200.0,50000,149.61312866210938,-21.122365951538086,1.8484258651733398,-0.26570504903793335
50422,episode_end,248.01708276009742,1000,0.17000893032943407,200.0,,,,,
50556,episode_end,238.1550788835096,134,0.170457855989002,200.0,,,,,
50718,episode_end,220.26815997405754,162,0.16893330843897217,200.0,,,,,
51000,train_step,,,0.1718067868786688,200.0,51000,140.61257934570312,-17.747581481933594,1.8952760696411133,-0.184459388256073
51718,episode_end,259.4299626452983,1000,0.176003707084327,200.0,,,,,
52000,train_step,,,0.1780924649654097,200.0,52000,48.38102722167969,-20.69170379638672,1.9778971672058105,-0.03813745826482773
52625,episode_end,386.66239444407825,907,0.17561364888628053,200.0,,,,,
52743,episode_end,-289.1686263491604,118,0.1747620296909553,200.0,,,,,
53000,train_step,,,0.17106776386936548,200.0,53000,336.182373046875,-19.82223129272461,1.731283187866211,-0.4744720757007599
53098,episode_end,420.00242525341827,355,0.1714713415841725,200.0,,,,,
53323,episode_end,62.95423219909364,225,0.1723820758257047,200.0,,,,,
54000,train_step,,,0.17197743641062568,200.0,54000,67.25688171386719,-26.35749626159668,1.9512038230895996,-0.0859004482626915
54323,episode_end,270.90352320982896,1000,0.17310786645886725,200.0,,,,,
54565,episode_end,400.51849288216334,242,0.17511673257954086,200.0,,,,,
54807,episode_end,486.13059116369647,242,0.174118185561126,200.0,,,,,
55000,train_step,,,0.1712727580507099,200.0,55000,455.11248779296875,-19.217390060424805,2.0378849506378174,0.06684786081314087
55372,episode_end,382.36082748431704,565,0.16998971636276036,200.0,,,,,
56000,train_step,,,0.16637174162569995,200.0,56000,58.820213317871094,-21.949398040771484,2.047482490539551,0.08516127616167068
56372,episode_end,224.5835719350777,1000,0.16602502114772955,200.0,,,,,
56624,episode_end,443.6233855529122,252,0.16530382743261,200.0,,,,,
56816,episode_end,192.55686221006027,192,0.16608881668719847,200.0,,,,,
57000,train_step,,,0.16447062435018703,200.0,57000,171.79843139648438,-18.796245574951172,1.9814190864562988,-0.03353898227214813
57035,episode_end,253.6991869382232,219,0.16334937749597178,200.0,,,,,
57232,episode_end,190.5343663803045,197,0.16089334975069916,200.0,,,,,
57401,episode_end,189.81309594096786,169,0.15991474075524667,200.0,,,,,
57612,episode_end,231.36857298889925,211,0.15823288813545625,200.0,,,,,
58000,train_step,,,0.15349240169556244,200.0,58000,331.40130615234375,-32.26679611206055,1.9767961502075195,-0.043486595153808594
58382,episode_end,337.4758902637532,770,0.15358092650056565,200.0,,,,,
59000,train_step,,,0.1548129087051203,200.0,59000,177.63809204101562,-23.554363250732422,1.9587681293487549,-0.07691950350999832
59382,episode_end,230.3395395419083,1000,0.15412493507877134,200.0,,,,,
60000,train_step,,,0.15445239793561,200.0,60000,490.4805908203125,-25.968463897705078,2.0131263732910156,0.024518676102161407
60296,episode_end,357.6447616768116,914,0.15440881506859613,200.0,,,,,
61000,train_step,,,0.1539934145773177,200.0,61000,35.278621673583984,-23.68646240234375,2.037680149078369,0.07049378752708435
61296,episode_end,270.4618509296726,1000,0.1527693769825876,200.0,,,,,
62000,train_step,,,0.15226122172642675,200.0,62000,53.25399398803711,-34.90511703491211,1.920306921005249,-0.14999502897262573
62296,episode_end,240.90266736259008,1000,0.15373973696017823,200.0,,,,,
62472,episode_end,192.8433600482095,176,0.1515888242220513,200.0,,,,,
62622,episode_end,156.81102016746252,150,0.14853311147957332,200.0,,,,,
63000,train_step,,,0.15132204451381195,200.0,63000,60.24330139160156,-21.06277084350586,2.0550692081451416,0.10398976504802704
63622,episode_end,269.27708306134423,1000,0.1508864697401892,200.0,,,,,
63775,episode_end,254.43257754819444,153,0.1513177326148548,200.0,,,,,
64000,train_step,,,0.15462018650662385,200.0,64000,35.83052062988281,-21.977046966552734,1.8591595888137817,-0.2629186511039734
64775,episode_end,308.6987748771288,1000,0.15300914550019087,200.0,,,,,
64992,episode_end,451.8573964181013,217,0.15371785910256633,200.0,,,,,
65000,train_step,,,0.15377099508838574,200.0,65000,31.383392333984375,-26.891958236694336,1.9935390949249268,-0.012096889317035675
65992,episode_end,298.8568571119896,1000,0.14718501518341878,200.0,,,,,
66000,train_step,,,0.14747745719225788,200.0,66000,184.61241149902344,-29.14607048034668,2.005851984024048,0.01120111346244812
66130,episode_end,249.45874549440032,138,0.14923317966137561,200.0,,,,,
66216,episode_end,240.41508964890107,86,0.15026811928546502,200.0,,,,,
66309,episode_end,262.83399922457374,93,0.15128014640838333,200.0,,,,,
67000,train_step,,,0.15028776028636612,200.0,67000,146.40875244140625,-20.69637680053711,2.0563454627990723,0.10678601264953613
67309,episode_end,250.1243761213562,1000,0.1509066037248318,200.0,,,,,
68000,train_step,,,0.15006996878192047,200.0,68000,16.30856704711914,-20.841997146606445,2.075089931488037,0.14241936802864075
68215,episode_end,418.90995824782283,906,0.15027022941741291,200.0,,,,,
68299,episode_end,260.4342527700845,84,0.15106490107147028,200.0,,,,,
68442,episode_end,211.9228693717298,143,0.15159225346728172,200.0,,,,,
68582,episode_end,260.9981649154548,140,0.15180349420478748,200.0,,,,,
68798,episode_end,249.99588729591255,216,0.15260590011192948,200.0,,,,,
68937,episode_end,157.57475920837635,139,0.15152598411277127,200.0,,,,,
69000,train_step,,,0.15234216014547072,200.0,69000,70.00679016113281,-16.846513748168945,2.0522966384887695,0.09840255975723267
69472,episode_end,221.0025647392164,535,0.15136652341040766,200.0,,,,,
69833,episode_end,357.27801177399925,361,0.1472560754015307,200.0,,,,,
70000,train_step,,,0.14424661593794055,200.0,70000,69.0350341796875,-33.329551696777344,2.0151467323303223,0.02932729199528694
70833,episode_end,348.25847218765136,1000,0.14710804619715884,200.0,,,,,
70973,episode_end,178.13129787861516,140,0.1467197209980481,200.0,,,,,
71000,train_step,,,0.14686799542302845,200.0,71000,25.242088317871094,-12.667668342590332,2.240266799926758,0.46088480949401855
71599,episode_end,448.8431144273206,626,0.14676623804074837,200.0,,,,,
72000,train_step,,,0.14804893280571935,200.0,72000,169.98367309570312,-28.45378303527832,2.001758098602295,0.00335848331451416
72466,episode_end,364.9000941954091,867,0.1487924253657403,200.0,,,,,
72714,episode_end,442.1395106314166,248,0.14857951029070496,200.0,,,,,
73000,train_step,,,0.1491554369485655,200.0,73000,360.3875732421875,-17.103803634643555,2.062014102935791,0.11799869686365128
73629,episode_end,434.21320757676153,915,0.15239414171556476,200.0,,,,,
73960,episode_end,477.4180995198876,331,0.1518673445710583,200.0,,,,,
74000,train_step,,,0.15087881427558694,200.0,74000,325.2912902832031,-25.2880859375,1.9844274520874023,-0.029451921582221985
74760,episode_end,425.9187130456375,800,0.1536805431824685,200.0,,,,,
75000,train_step,,,0.1556032308388062,200.0,75000,27.561317443847656,-21.33970832824707,2.0681464672088623,0.12678278982639313
75760,episode_end,273.4393166071526,1000,0.15292752454192085,200.0,,,,,
76000,train_step,,,0.15405269640766112,200.0,76000,48.84239959716797,-24.930095672607422,1.9489374160766602,-0.09551064670085907
76518,episode_end,406.9954000625915,758,0.15236165333306734,200.0,,,,,
77000,train_step,,,0.1510331222841248,200.0,77000,37.276123046875,-26.320178985595703,1.9256398677825928,-0.1405596286058426
77518,episode_end,298.5395813366937,1000,0.1536002282216546,200.0,,,,,
78000,train_step,,,0.1516774556419034,200.0,78000,34.65038299560547,-19.883201599121094,1.9343384504318237,-0.1238376721739769
78518,episode_end,285.2634457487765,1000,0.1484894295800497,200.0,,,,,
79000,train_step,,,0.14654783573260213,200.0,79000,93.118408203125,-24.80643081665039,1.9266433715820312,-0.14087428152561188
79036,episode_end,466.5927823326808,518,0.14488633950443452,200.0,,,,,
79266,episode_end,441.3968975379911,230,0.14194333562629372,200.0,,,,,
79423,episode_end,233.23460349743755,157,0.14243541716463737,200.0,,,,,
79838,episode_end,410.1996636773754,415,0.14257113556356132,200.0,,,,,
80000,train_step,,,0.1417059931226072,200.0,80000,411.5678405761719,-27.93805503845215,2.22468900680542,0.4390422999858856
80838,episode_end,325.6358492121457,1000,0.14954061898223892,200.0,,,,,
80973,episode_end,137.58236850590225,135,0.1509259359722589,200.0,,,,,
81000,train_step,,,0.15134794527975318,200.0,81000,254.06600952148438,-23.81271743774414,1.9122883081436157,-0.16561485826969147
81973,episode_end,286.9423732563607,1000,0.1500338038718069,200.0,,,,,
82000,train_step,,,0.14804602429678237,200.0,82000,63.982696533203125,-23.49583625793457,1.9778006076812744,-0.04240598529577255
82537,episode_end,401.44891496779206,564,0.1451660459972173,200.0,,,,,
82667,episode_end,248.71097864160612,130,0.14670935181889996,200.0,,,,,
83000,train_step,,,0.15260809810316936,200.0,83000,58.17234420776367,-27.94988441467285,2.0023138523101807,0.004349835216999054
83361,episode_end,417.63802390188323,694,0.15308521780171752,200.0,,,,,
83509,episode_end,170.94303889224847,148,0.15120413496327273,200.0,,,,,
83702,episode_end,441.24217995595956,193,0.14824821670062652,200.0,,,,,
83817,episode_end,212.760844757281,115,0.14874350911110326,200.0,,,,,
84000,train_step,,,0.14993155017622134,200.0,84000,78.69976806640625,-23.311683654785156,2.1872057914733887,0.3552374839782715
84086,episode_end,451.9783876877775,269,0.1505147669808194,200.0,,,,,
84203,episode_end,188.81939591108346,117,0.15041861098366027,200.0,,,,,
84796,episode_end,446.35113408332813,593,0.15491957387521185,200.0,,,,,
85000,train_step,,,0.15436411457857477,200.0,85000,316.8785400390625,-27.110666275024414,2.010514497756958,0.01964583247900009
85081,episode_end,452.06590854520977,285,0.15335081338466253,200.0,,,,,
85226,episode_end,215.1049322256584,145,0.15406650944515907,200.0,,,,,
85601,episode_end,474.05324191387547,375,0.15464244077199074,200.0,,,,,
85977,episode_end,461.34312633006783,376,0.15815173379088002,200.0,,,,,
86000,train_step,,,0.15842442906462373,200.0,86000,119.08599853515625,-33.099700927734375,1.978126049041748,-0.04030230641365051
86470,episode_end,393.0316249342336,493,0.15824722558316845,200.0,,,,,
86863,episode_end,381.63762667084427,393,0.16176544742636625,200.0,,,,,
87000,train_step,,,0.16109313145219928,200.0,87000,185.07522583007812,-30.92002296447754,1.9290709495544434,-0.1295003592967987
87167,episode_end,477.2265751241516,304,0.16282695665686966,200.0,,,,,
87651,episode_end,440.9316435342738,484,0.165827482933381,200.0,,,,,
87756,episode_end,219.62477789199835,105,0.16627354292773402,200.0,,,,,
87850,episode_end,215.2600100047456,94,0.16628342114421962,200.0,,,,,
88000,train_step,,,0.16615428733811746,200.0,88000,48.65829086303711,-20.534461975097656,1.8939868211746216,-0.19027648866176605
88345,episode_end,423.43787938724455,495,0.16945305375490513,200.0,,,,,
88434,episode_end,143.96177182104168,89,0.17064758389869603,200.0,,,,,
88545,episode_end,227.4029417132752,111,0.17270067743591927,200.0,,,,,
88636,episode_end,182.0278662805818,91,0.17418865141535875,200.0,,,,,
88744,episode_end,141.02971810168464,108,0.17364689827079813,200.0,,,,,
89000,train_step,,,0.1731061807836778,200.0,89000,384.778076171875,-28.679119110107422,2.0857224464416504,0.1503443419933319
89144,episode_end,469.9801431637858,400,0.1710490826514665,200.0,,,,,
90000,train_step,,,0.17088008090250148,200.0,90000,173.95989990234375,-27.360963821411133,2.00626277923584,0.011065129190683365
90144,episode_end,182.18146806596928,1000,0.1704584579147376,200.0,,,,,
90547,episode_end,472.97611924473915,403,0.1718815004506728,200.0,,,,,
90684,episode_end,-3.405612464775885,137,0.17077072967490411,200.0,,,,,
91000,train_step,,,0.17209867053398603,200.0,91000,190.01913452148438,-30.121374130249023,2.1641712188720703,0.2888897657394409
91331,episode_end,342.3915978725925,647,0.17412307494124404,200.0,,,,,
91612,episode_end,484.2347045142865,281,0.17307795405483756,200.0,,,,,
92000,train_step,,,0.1700463197680017,200.0,92000,59.30457305908203,-34.534828186035156,1.9282493591308594,-0.12711957097053528
92612,episode_end,194.96395725094365,1000,0.17233742768971666,200.0,,,,,
92900,episode_end,-0.954320503907212,288,0.17678186851657915,200.0,,,,,
93000,train_step,,,0.1806210520526405,200.0,93000,228.78033447265625,-29.796401977539062,2.3311004638671875,0.5666303634643555
93226,episode_end,438.07699393737187,326,0.18689909362078713,200.0,,,,,
93724,episode_end,425.53706897111397,498,0.18922725340248503,200.0,,,,,
94000,train_step,,,0.1956136820302736,200.0,94000,261.9852600097656,-33.57118225097656,2.0573205947875977,0.09352508187294006
94135,episode_end,427.97493698169956,411,0.19438945415175699,200.0,,,,,
94248,episode_end,109.40154541975582,113,0.19118762528866223,200.0,,,,,
94436,episode_end,450.3854868126805,188,0.1871505886218417,200.0,,,,,
95000,train_step,,,0.19015594631448515,200.0,95000,75.94792175292969,-24.674560546875,2.26175594329834,0.43449193239212036
95064,episode_end,198.14874625912972,628,0.190199595033618,200.0,,,,,
95188,episode_end,162.49295064915827,124,0.18900566972214886,200.0,,,,,
95318,episode_end,180.81995478649418,130,0.18815684983911374,200.0,,,,,
95428,episode_end,165.28179796701255,110,0.18615611845674926,200.0,,,,,
95826,episode_end,451.5883976199046,398,0.18999083477363177,200.0,,,,,
96000,train_step,,,0.19009931440758707,200.0,96000,75.39895629882812,-34.35004425048828,2.0556912422180176,0.09245945513248444
96550,episode_end,191.36345552054314,724,0.19238558133925016,200.0,,,,,
96673,episode_end,238.76810367226955,123,0.1932669763761413,200.0,,,,,
96899,episode_end,450.70914820518146,226,0.18685043826371114,200.0,,,,,
97000,train_step,,,0.1855551935263969,200.0,97000,225.26922607421875,-42.581146240234375,2.0116419792175293,0.019610024988651276
97013,episode_end,172.2707520538226,114,0.18570549641698267,200.0,,,,,
97166,episode_end,451.097399286011,153,0.1824356173354289,200.0,,,,,
97410,episode_end,435.3816456898605,244,0.18540998987629054,200.0,,,,,
97584,episode_end,459.52095561617733,174,0.18691502801635,200.0,,,,,
98000,train_step,,,0.18738037939561097,200.0,98000,41.63427734375,-33.51451110839844,2.12705659866333,0.21277084946632385
98242,episode_end,346.21393999634716,658,0.18750644896901883,200.0,,,,,
98366,episode_end,238.7828976753794,124,0.18793118534903722,200.0,,,,,
98641,episode_end,-37.29338624786547,275,0.18850778538127372,200.0,,,,,
98775,episode_end,207.53091764259278,134,0.18698258688371586,200.0,,,,,
98900,episode_end,168.63464595830243,125,0.1896598013067623,200.0,,,,,
98985,episode_end,113.86042020000485,85,0.18835115625311094,200.0,,,,,
99000,train_step,,,0.18840145579501544,200.0,99000,48.98613739013672,-46.16892623901367,2.0298471450805664,0.04982006549835205
99169,episode_end,467.61023417358956,184,0.1865873869822997,200.0,,,,,
99306,episode_end,256.5837745043671,137,0.1850339410143989,200.0,,,,,
99425,episode_end,207.94129906125335,119,0.18469742391409685,200.0,,,,,
99562,episode_end,190.54781476602085,137,0.18349550466098544,200.0,,,,,
99737,episode_end,472.3894522838965,175,0.18637169366464948,200.0,,,,,
99868,episode_end,190.27646283293103,131,0.18638710575796227,200.0,,,,,
100000,train_step,,,0.18585221137808292,200.0,100000,49.79966735839844,-40.686668395996094,1.9770151376724243,-0.03867918252944946
100195,episode_end,427.47603914812953,327,0.1885056205640657,200.0,,,,,
100476,episode_end,449.3694225760076,281,0.18382927145017786,200.0,,,,,
100603,episode_end,148.91941996103293,127,0.18479636240471978,200.0,,,,,
100811,episode_end,462.3371217467622,208,0.18096086899272243,200.0,,,,,
100954,episode_end,267.2292690325529,143,0.1825809366561274,200.0,,,,,
101000,train_step,,,0.18354120078845154,200.0,100000,24.912113189697266,-39.7515983581543,2.07710862159729,0.1307235211133957
101093,episode_end,198.35625841505265,139,0.18305933054470672,200.0,,,,,
101187,episode_end,209.55151226057092,94,0.1857186366518473,200.0,,,,,
101412,episode_end,448.3750997935481,225,0.18471720365733366,200.0,,,,,
101563,episode_end,485.1435713330284,151,0.18453877239586308,200.0,,,,,
101855,episode_end,488.6947814741646,292,0.1862604206061461,200.0,,,,,
101967,episode_end,146.76118905273722,112,0.18501614299546973,200.0,,,,,
102000,train_step,,,0.18588130391666535,200.0,100000,57.74797821044922,-40.28382873535156,2.044447660446167,0.0747896134853363
102057,episode_end,157.8448207310555,90,0.18622770628649363,200.0,,,,,
102276,episode_end,485.21836031167237,219,0.18698567936630206,200.0,,,,,
102549,episode_end,456.48548183581096,273,0.19027939059443807,200.0,,,,,
102880,episode_end,472.90851979416885,331,0.1876503598178012,200.0,,,,,
103000,train_step,,,0.18657030499365446,200.0,100000,30.361919403076172,-45.52680206298828,1.9824981689453125,-0.029384847730398178
103102,episode_end,492.36135594887526,222,0.18713595007299452,200.0,,,,,
103185,episode_end,172.37360342017598,83,0.18814346006713936,200.0,,,,,
103380,episode_end,476.3516859442294,195,0.18987165931221658,200.0,,,,,
103536,episode_end,193.79593189489867,156,0.18958706549410503,200.0,,,,,
103819,episode_end,457.9326504414988,283,0.18808482763059842,200.0,,,,,
104000,train_step,,,0.1895564265617614,200.0,100000,221.87930297851562,-59.769737243652344,2.196768283843994,0.3272392749786377
104044,episode_end,457.3392150109513,225,0.19049697991730508,200.0,,,,,
104317,episode_end,445.31298795843645,273,0.19360116121755527,200.0,,,,,
105000,train_step,,,0.19344217401931837,200.0,100000,192.2956085205078,-44.96628189086914,2.082918882369995,0.13621729612350464
105183,episode_end,339.58117526710737,866,0.195745288977335,200.0,,,,,
105371,episode_end,488.6689972079939,188,0.19669347889061486,200.0,,,,,
105571,episode_end,460.0425488802257,200,0.19610872259496634,200.0,,,,,
105672,episode_end,217.45316584047322,101,0.1959560172719975,200.0,,,,,
105881,episode_end,431.82423355713036,209,0.19458186371975764,200.0,,,,,
106000,train_step,,,0.19459027686396008,200.0,100000,33.04887390136719,-51.058349609375,2.205112934112549,0.33574116230010986
106030,episode_end,173.33741217336745,149,0.19462327842024632,200.0,,,,,
106128,episode_end,219.2141984588177,98,0.19578420613027497,200.0,,,,,
106298,episode_end,482.5512841705926,170,0.19558468925921949,200.0,,,,,
106536,episode_end,493.25649808381456,238,0.19978063470359175,200.0,,,,,
106757,episode_end,455.73277100512126,221,0.20078523376690072,200.0,,,,,
107000,train_step,,,0.19796845879476824,200.0,100000,235.94146728515625,-50.40821838378906,2.087545871734619,0.14179319143295288
107757,episode_end,63.50060689877794,1000,0.1949039682710506,200.0,,,,,
107958,episode_end,433.30268130052116,201,0.19674990314825921,200.0,,,,,
108000,train_step,,,0.19740646590906533,200.0,100000,78.10147094726562,-54.02527618408203,1.995357871055603,-0.007531862705945969
108120,episode_end,469.14971228617827,162,0.19887147255377435,200.0,,,,,
108265,episode_end,490.64231708786673,145,0.1996394007944193,200.0,,,,,
108440,episode_end,446.9268956995278,175,0.20021957160820264,200.0,,,,,
108658,episode_end,480.80388350513715,218,0.19692004925382614,200.0,,,,,
109000,train_step,,,0.19460395374781317,200.0,100000,505.5439147949219,-58.119163513183594,2.0687737464904785,0.11256814002990723
109283,episode_end,405.38351256849023,625,0.19528278594169082,200.0,,,,,
109478,episode_end,448.4672194367281,195,0.19380477857978187,200.0,,,,,
109967,episode_end,-124.67821584519645,489,0.19092163857314837,200.0,,,,,
110000,train_step,,,0.191056187679027,200.0,100000,45.97819137573242,-62.45051574707031,1.8703582286834717,-0.21458125114440918
110185,episode_end,466.9956452161303,218,0.1907168422469594,200.0,,,,,
110527,episode_end,449.5077137117482,342,0.19537841808141754,200.0,,,,,
110963,episode_end,398.8409384395169,436,0.19141243764586074,200.0,,,,,
111000,train_step,,,0.19026327182388672,200.0,100000,68.83741760253906,-67.20944213867188,1.9639639854431152,-0.05979600548744202
111224,episode_end,427.50891818127195,261,0.19125490563178882,200.0,,,,,
112000,train_step,,,0.19347904814564132,200.0,100000,179.86407470703125,-56.76850128173828,2.042083978652954,0.06912670284509659
112224,episode_end,228.8906787078283,1000,0.19599738371793793,200.0,,,,,
112492,episode_end,473.02201247137316,268,0.19332115780840728,200.0,,,,,
112654,episode_end,435.20790211196874,162,0.18962321509458438,200.0,,,,,
112827,episode_end,485.15378687431075,173,0.18677155690025843,200.0,,,,,
113000,train_step,,,0.18771547239411895,200.0,100000,153.48712158203125,-59.41289138793945,1.7664389610290527,-0.3907073438167572
113011,episode_end,468.2278901214255,184,0.187481263629115,200.0,,,,,
113179,episode_end,264.6015869183378,168,0.18599052599946259,200.0,,,,,
113593,episode_end,448.50105482777946,414,0.17933583088786367,200.0,,,,,
114000,train_step,,,0.1852481114535905,200.0,100000,345.9034118652344,-58.93247985839844,1.8620086908340454,-0.23266161978244781
114040,episode_end,334.56267441609265,447,0.1857581066346113,200.0,,,,,
114336,episode_end,490.5419558003191,296,0.18849074496659804,200.0,,,,,
114527,episode_end,469.81808763521474,191,0.18975374707014894,200.0,,,,,
114953,episode_end,434.72397118631443,426,0.18854385552528036,200.0,,,,,
115000,train_step,,,0.18801839522128788,200.0,100000,89.43022918701172,-70.05926513671875,1.9853132963180542,-0.02454480528831482
115210,episode_end,474.20689552324285,257,0.18594134293785503,200.0,,,,,
115568,episode_end,436.7099269270202,358,0.1882326087466201,200.0,,,,,
115825,episode_end,480.14416558729425,257,0.18554579153674433,200.0,,,,,
116000,train_step,,,0.18689091744419187,200.0,100000,109.16401672363281,-68.35144805908203,2.0384817123413086,0.06454290449619293
116082,episode_end,505.92262443088936,257,0.18523655796196709,200.0,,,,,
116340,episode_end,497.3355884218983,258,0.18380026199084398,200.0,,,,,
116585,episode_end,488.3494299871895,245,0.18519403911663568,200.0,,,,,
116907,episode_end,483.70630869115985,322,0.18778718346723944,200.0,,,,,
117000,train_step,,,0.18991127542557504,200.0,100000,66.01058959960938,-65.98216247558594,1.9832170009613037,-0.027879878878593445
117173,episode_end,475.6208895711392,266,0.1883181608169653,200.0,,,,,
117952,episode_end,338.9465151253313,779,0.1852562057433584,200.0,,,,,
118000,train_step,,,0.18419697890678877,200.0,100000,146.59881591796875,-66.93496704101562,2.110401153564453,0.18677115440368652
118223,episode_end,483.9636471987259,271,0.18520174252112614,200.0,,,,,
119000,train_step,,,0.18956827659206332,200.0,100000,169.72036743164062,-66.54035186767578,2.1334633827209473,0.2219504863023758
119223,episode_end,223.1625691819421,1000,0.1875543814107881,200.0,,,,,
119503,episode_end,459.46476123795185,280,0.18636411837163452,200.0,,,,,
119732,episode_end,495.0844878832571,229,0.18663684321921373,200.0,,,,,
119950,episode_end,498.4447474763523,218,0.1872740277276279,200.0,,,,,
120000,train_step,,,0.18783296508226302,200.0,100000,95.00984191894531,-63.93702697753906,2.0810580253601074,0.13554546236991882
120319,episode_end,414.57086561496425,369,0.1871786250618645,200.0,,,,,
120470,episode_end,200.105429553056,151,0.1879557419886466,200.0,,,,,
120650,episode_end,442.49562239020884,180,0.18781518960058866,200.0,,,,,
120815,episode_end,450.7149881931986,165,0.18606745875833353,200.0,,,,,
121000,train_step,,,0.1831452865001528,200.0,100000,135.11883544921875,-63.38724136352539,1.9355454444885254,-0.1094098761677742
121416,episode_end,373.5693662190135,601,0.1744244366902484,200.0,,,,,
122000,train_step,,,0.17434040918847563,200.0,100000,45.29510498046875,-71.32249450683594,1.9820003509521484,-0.03144076466560364
122005,episode_end,421.25738190800644,589,0.17437128784170272,200.0,,,,,
122270,episode_end,449.9222160003929,265,0.17678989608342427,200.0,,,,,
122510,episode_end,493.32937123530434,240,0.17242957745489385,200.0,,,,,
122592,episode_end,176.37411470788504,82,0.17180527243655908,200.0,,,,,
122770,episode_end,459.23546178450994,178,0.17227136614740524,200.0,,,,,
123000,train_step,,,0.1724479413926816,200.0,100000,66.73307800292969,-65.83169555664062,2.0075206756591797,0.013218827545642853
123014,episode_end,460.5604173099183,244,0.17237070153663556,200.0,,,,,
123088,episode_end,139.3619354409064,74,0.17242607464085177,200.0,,,,,
123359,episode_end,432.2048810501196,271,0.1724700641567297,200.0,,,,,
123510,episode_end,489.18921438201096,151,0.17219929198853126,200.0,,,,,
123754,episode_end,479.52552850139466,244,0.17261266499695843,200.0,,,,,
123984,episode_end,507.44001632639385,230,0.17190285131267943,200.0,,,,,
124000,train_step,,,0.17189230346692924,200.0,100000,57.99006271362305,-69.05668640136719,1.947864294052124,-0.09180501848459244
124281,episode_end,451.4307317912451,297,0.17509528145486106,200.0,,,,,
124731,episode_end,411.1739496135028,450,0.175584484322523,200.0,,,,,
125000,train_step,,,0.17762857011561908,200.0,100000,200.4110565185547,-71.62659454345703,1.932066798210144,-0.11739271879196167
125680,episode_end,414.5417715636794,949,0.17147750278611748,200.0,,,,,
125937,episode_end,461.79165496954687,257,0.16712594896307806,200.0,,,,,
126000,train_step,,,0.1668621752437906,200.0,100000,80.35275268554688,-73.83203887939453,2.168250322341919,0.3012669086456299
126106,episode_end,473.17752855922623,169,0.16762240844773402,200.0,,,,,
126462,episode_end,430.9796195913652,356,0.17021850860580892,200.0,,,,,
126676,episode_end,475.44736025417484,214,0.17274970114523813,200.0,,,,,
127000,train_step,,,0.1751197432156178,200.0,100000,52.939022064208984,-76.59717559814453,2.0164132118225098,0.028596609830856323
127049,episode_end,447.0059037708315,373,0.17684765865674043,200.0,,,,,
127421,episode_end,466.43236224081227,372,0.17944577422429267,200.0,,,,,
127736,episode_end,462.13591644790563,315,0.17958638109697037,200.0,,,,,
127990,episode_end,462.32685510347653,254,0.1772185373267293,200.0,,,,,
128000,train_step,,,0.17711538006818334,200.0,100000,179.71868896484375,-81.06596374511719,2.221806526184082,0.3839368224143982
128148,episode_end,442.32338080132536,158,0.17968642480470773,200.0,,,,,
128435,episode_end,487.1839677946473,287,0.17923036877777956,200.0,,,,,
128655,episode_end,477.5148832146394,220,0.18113299116608236,200.0,,,,,
128833,episode_end,460.8974571524594,178,0.18347650391228762,200.0,,,,,
129000,train_step,,,0.18341065459659162,200.0,100000,134.864013671875,-76.46112823486328,2.033381938934326,0.05661660060286522
129189,episode_end,481.1936110738039,356,0.18232648359149703,200.0,,,,,
129372,episode_end,267.14147830644305,183,0.17891313364813752,200.0,,,,,
129643,episode_end,450.18612761684636,271,0.17974991981218938,200.0,,,,,
129937,episode_end,487.3594637830705,294,0.17724275757449603,200.0,,,,,
130000,train_step,,,0.176416421748884,200.0,100000,132.2117919921875,-75.6812515258789,1.9884538650512695,-0.02003130316734314
130203,episode_end,467.66837721734674,266,0.17315842136813092,200.0,,,,,
130486,episode_end,436.77136884847437,283,0.17340986659598215,200.0,,,,,
130854,episode_end,459.9427441843918,368,0.17537571762373255,200.0,,,,,
131000,train_step,,,0.1747125194680483,200.0,100000,65.50782775878906,-79.7842025756836,1.9932715892791748,-0.011738352477550507
131076,episode_end,473.0570349556409,222,0.17531943324889906,200.0,,,,,
131399,episode_end,467.9199445121636,323,0.1783590521405789,200.0,,,,,
131561,episode_end,257.43757782097236,162,0.17938238489427114,200.0,,,,,
131858,episode_end,487.9529357178477,297,0.182130089926218,200.0,,,,,
132000,train_step,,,0.18032253071526136,200.0,100000,95.41106414794922,-79.50199127197266,2.0670583248138428,0.11487150937318802
132137,episode_end,448.5017706080966,279,0.18153971775939906,200.0,,,,,
132370,episode_end,448.3455749836754,233,0.18351549744341722,200.0,,,,,
132683,episode_end,441.9603601115585,313,0.18105506057838397,200.0,,,,,
132915,episode_end,500.27823708391094,232,0.18142503146926303,200.0,,,,,
133000,train_step,,,0.18193324172481187,200.0,100000,60.38005447387695,-78.1335220336914,2.019296407699585,0.0328834131360054
133225,episode_end,473.5408425819908,310,0.1797965821630545,200.0,,,,,
133501,episode_end,472.93363801528704,276,0.1769815253460642,200.0,,,,,
133698,episode_end,516.7655877535476,197,0.17875688996188496,200.0,,,,,
133942,episode_end,447.89507962050595,244,0.17747650705663173,200.0,,,,,
134000,train_step,,,0.17682152226588665,200.0,100000,190.14183044433594,-82.58753204345703,2.0441536903381348,0.07650157809257507
134283,episode_end,457.4075634570864,341,0.17670617765871605,200.0,,,,,
134501,episode_end,469.83387390420813,218,0.17221145009546823,200.0,,,,,
134726,episode_end,477.0349100393004,225,0.17290154865927457,200.0,,,,,
135000,train_step,,,0.17701036070823484,200.0,100000,60.32341766357422,-84.35424041748047,1.984443187713623,-0.02693730592727661
135726,episode_end,359.3656758051447,1000,0.17831961998220244,200.0,,,,,
135952,episode_end,489.49893971755586,226,0.1781395470491431,200.0,,,,,
136000,train_step,,,0.17884928238337783,200.0,100000,57.65650939941406,-77.06500244140625,1.9977498054504395,-0.003873199224472046
136183,episode_end,491.1952198272918,231,0.17787930671857452,200.0,,,,,
136424,episode_end,507.9528313839632,241,0.1751797690381552,200.0,,,,,
136640,episode_end,500.36089352328395,216,0.17461300476838562,200.0,,,,,
136782,episode_end,488.44559428609614,142,0.17486571720442892,200.0,,,,,
137000,train_step,,,0.1723046877015297,200.0,100000,37.967803955078125,-81.50822448730469,1.9472849369049072,-0.09269872307777405
137116,episode_end,479.7267967345579,334,0.1701281952352824,200.0,,,,,
137439,episode_end,421.7507617070736,323,0.16711136072819285,200.0,,,,,
137904,episode_end,452.66935518493733,465,0.1683198954712861,200.0,,,,,
138000,train_step,,,0.16806312903078843,200.0,100000,40.93301010131836,-91.171875,2.046257972717285,0.08249722421169281
138131,episode_end,475.2861377997861,227,0.17014756833183423,200.0,,,,,
138518,episode_end,459.3029478645997,387,0.1713584614699666,200.0,,,,,
139000,train_step,,,0.1697903847974005,200.0,100000,56.303863525390625,-90.18452453613281,1.8159151077270508,-0.3264175057411194
139448,episode_end,490.335450326716,930,0.17046144506307448,200.0,,,,,
139719,episode_end,469.08801921337533,271,0.16605586464700625,200.0,,,,,
139911,episode_end,509.9131791959921,192,0.16726819246645577,200.0,,,,,
140000,train_step,,,0.16672819661955557,200.0,100000,41.57500076293945,-81.42599487304688,2.1108267307281494,0.19853395223617554
140120,episode_end,444.67286535444885,209,0.16567415093878352,200.0,,,,,
140376,episode_end,479.2494572231454,256,0.1635402431135759,200.0,,,,,
140659,episode_end,433.5520966543704,283,0.1687905104061042,200.0,,,,,
140841,episode_end,482.2374234535423,182,0.172158627759874,200.0,,,,,
141000,train_step,,,0.17086006555272573,200.0,100000,254.23443603515625,-84.87602233886719,2.107090950012207,0.18922004103660583
141066,episode_end,496.1922970736753,225,0.17140685490544033,200.0,,,,,
141288,episode_end,445.51157767834627,222,0.16821804821626707,200.0,,,,,
141497,episode_end,490.83352043117344,209,0.1652324615949445,200.0,,,,,
141723,episode_end,479.603126300554,226,0.16388157054035143,200.0,,,,,
141915,episode_end,468.18817147260853,192,0.16317962170239148,200.0,,,,,
142000,train_step,,,0.16350616670851356,200.0,100000,79.69367980957031,-84.93824768066406,2.056011915206909,0.10143212974071503
142172,episode_end,492.26142519409905,257,0.1653044810832225,200.0,,,,,
142415,episode_end,468.9257368157542,243,0.16676239645560767,200.0,,,,,
142646,episode_end,480.91815951931176,231,0.16795895674925468,200.0,,,,,
142879,episode_end,498.23163176011394,233,0.16768486107943611,200.0,,,,,
143000,train_step,,,0.16734827076959066,200.0,100000,132.08319091796875,-88.1190185546875,2.134033203125,0.23960831761360168
143138,episode_end,478.4591054563019,259,0.16774693455604756,200.0,,,,,
143352,episode_end,482.87932836559435,214,0.1666068754458239,200.0,,,,,
143540,episode_end,490.5853994233256,188,0.16826009080687943,200.0,,,,,
143750,episode_end,465.7707886230874,210,0.1674127423073677,200.0,,,,,
143918,episode_end,476.10320585526244,168,0.1660926762185292,200.0,,,,,
144000,train_step,,,0.16406413006285325,200.0,100000,56.19997787475586,-88.47870635986328,2.0485310554504395,0.0877196192741394
144265,episode_end,497.9809262055912,347,0.1649606065721087,200.0,,,,,
144502,episode_end,489.7770500997394,237,0.16293282524861624,200.0,,,,,
144715,episode_end,489.13395911103277,213,0.16404458953421572,200.0,,,,,
145000,train_step,,,0.1648606186999458,200.0,100000,69.72244262695312,-89.87544250488281,2.084967613220215,0.1531670242547989
145045,episode_end,479.1804239612019,330,0.1656515279907188,200.0,,,,,
145374,episode_end,451.351762637675,329,0.16752849861549773,200.0,,,,,
145682,episode_end,485.3360226008763,308,0.16478607853964986,200.0,,,,,
145974,episode_end,486.45717011332016,292,0.16473755685973168,200.0,,,,,
146000,train_step,,,0.1651346618251274,200.0,100000,20.13426971435547,-86.41531372070312,1.9687262773513794,-0.0563238263130188
146304,episode_end,451.849224805561,330,0.16608498439522637,200.0,,,,,
146565,episode_end,469.95133801203013,261,0.16631392042897436,200.0,,,,,
146793,episode_end,501.4448995665801,228,0.16693243771595695,200.0,,,,,
147000,train_step,,,0.1674156699761496,200.0,100000,74.17759704589844,-92.70409393310547,2.0894179344177246,0.15981459617614746
147056,episode_end,193.11627155452163,263,0.16807513410785388,200.0,,,,,
147306,episode_end,489.04879568481203,250,0.16661910953840292,200.0,,,,,
148000,train_step,,,0.1704339200116692,200.0,100000,21.54850196838379,-78.45189666748047,1.895134449005127,-0.18554973602294922
148123,episode_end,458.2033415639208,817,0.17013881793029637,200.0,,,,,
148365,episode_end,463.23432796957303,242,0.16890600017590962,200.0,,,,,
148651,episode_end,483.311977800648,286,0.16735767314143915,200.0,,,,,
148897,episode_end,499.90951490684785,246,0.16765818934285295,200.0,,,,,
149000,train_step,,,0.16875938562493106,200.0,100000,49.18655014038086,-89.93902587890625,2.065570831298828,0.11666873097419739
149169,episode_end,449.4270144320877,272,0.1696702892827796,200.0,,,,,
149504,episode_end,424.9520350376929,335,0.1703470583319581,200.0,,,,,
149812,episode_end,441.14669671640365,308,0.16545951744439566,200.0,,,,,
150000,train_step,,,0.16372158174184923,200.0,100000,37.79918670654297,-95.5479736328125,1.9513412714004517,-0.08805232495069504
150023,episode_end,477.36180103424795,211,0.1637614677805326,200.0,,,,,
150373,episode_end,472.2624897865792,350,0.16768697532357665,200.0,,,,,
150650,episode_end,429.09139845913853,277,0.16797822385196842,200.0,,,,,
150844,episode_end,492.7290394107386,194,0.16948805429058478,200.0,,,,,
151000,train_step,,,0.16984274547569433,200.0,100000,69.51431274414062,-87.42353057861328,1.9845163822174072,-0.02745039016008377
151060,episode_end,516.4200633087537,216,0.16937222568407095,200.0,,,,,
151235,episode_end,207.07720111430376,175,0.1692656784819194,200.0,,,,,
151509,episode_end,445.42761425848056,274,0.17116978651104794,200.0,,,,,
151906,episode_end,411.034977963617,397,0.1697237498740767,200.0,,,,,
152000,train_step,,,0.1702635263921538,200.0,100000,62.28730773925781,-91.95500946044922,2.0419983863830566,0.07435425370931625
152181,episode_end,461.82563768642825,275,0.17247827545558392,200.0,,,,,
152388,episode_end,496.1914286908503,207,0.17049728877704534,200.0,,,,,
152617,episode_end,509.3015603542623,229,0.1690677858926136,200.0,,,,,
153000,train_step,,,0.17270812057783574,200.0,100000,32.11186981201172,-103.32012939453125,1.8541765213012695,-0.25608816742897034
153617,episode_end,332.09926116495654,1000,0.17496274399770773,200.0,,,,,
153967,episode_end,419.5349224801064,350,0.17119765329606615,200.0,,,,,
154000,train_step,,,0.17080379549063646,200.0,100000,17.418537139892578,-94.04864501953125,1.7367236614227295,-0.4652724862098694
154387,episode_end,325.96135247394807,420,0.17171950041553957,200.0,,,,,
154558,episode_end,466.7611569001302,171,0.1716370909589945,200.0,,,,,
154796,episode_end,503.10760051320835,238,0.17551010040120926,200.0,,,,,
154982,episode_end,443.7361266071165,186,0.1748368258265733,200.0,,,,,
155000,train_step,,,0.17421741577052471,200.0,100000,28.863380432128906,-93.99702453613281,1.9972310066223145,-0.004838854074478149
155659,episode_end,430.91912306097134,677,0.16955624267686512,200.0,,,,,
155871,episode_end,480.4753375126174,212,0.16791038192837016,200.0,,,,,
156000,train_step,,,0.16659209844799672,200.0,100000,136.3455810546875,-83.87915802001953,1.8978767395019531,-0.18302614986896515
156054,episode_end,476.7207268967301,183,0.16611320139004784,200.0,,,,,
157000,train_step,,,0.1683875193008864,200.0,100000,109.28621673583984,-93.4803466796875,1.908219337463379,-0.1635061353445053
157054,episode_end,338.9616687234486,1000,0.168962708067315,200.0,,,,,
157258,episode_end,458.68833784994536,204,0.16983143343725132,200.0,,,,,
157528,episode_end,428.5206383848993,270,0.17048989469380255,200.0,,,,,
157711,episode_end,470.0964811551802,183,0.1697847340838688,200.0,,,,,
157911,episode_end,493.9296116076179,200,0.16960115415141014,200.0,,,,,
158000,train_step,,,0.16831212535892429,200.0,100000,120.21229553222656,-89.61357116699219,1.93473482131958,-0.11629822850227356
158911,episode_end,363.6231138680998,1000,0.1636909779172626,200.0,,,,,
159000,train_step,,,0.16388536901547482,200.0,100000,17.887939453125,-99.53043365478516,2.129399061203003,0.23402971029281616
159137,episode_end,465.11955006389354,226,0.16454204892431343,200.0,,,,,
159326,episode_end,492.8209108302328,189,0.16304874939334074,200.0,,,,,
159616,episode_end,434.31094043585745,290,0.16228399702089805,200.0,,,,,
160000,train_step,,,0.16262228542332155,200.0,100000,79.7803726196289,-91.06687927246094,1.9511198997497559,-0.08878207206726074
160616,episode_end,310.94353422823707,1000,0.16033019014173455,200.0,,,,,
160843,episode_end,447.4199862241114,227,0.16026865148831362,200.0,,,,,
161000,train_step,,,0.1597967838595,200.0,100000,114.77107238769531,-90.43326568603516,2.026371479034424,0.048361726105213165
161147,episode_end,492.15817799954044,304,0.16153660857756202,200.0,,,,,
161383,episode_end,476.38350662637407,236,0.16234967845494727,200.0,,,,,
161539,episode_end,-47.297135080292,156,0.1648563340002007,200.0,,,,,
161795,episode_end,465.81163066038465,256,0.16461197360148455,200.0,,,,,
162000,train_step,,,0.15894788179469768,200.0,100000,68.35093688964844,-86.36675262451172,1.9181828498840332,-0.1504763960838318
162110,episode_end,482.84751160750454,315,0.15815757369873606,200.0,,,,,
162392,episode_end,488.98490805197287,282,0.1596716617748619,200.0,,,,,
162659,episode_end,497.09286087545473,267,0.16172195990124927,200.0,,,,,
162864,episode_end,465.71397408241853,205,0.16059442852594338,200.0,,,,,
163000,train_step,,,0.15981545271871653,200.0,100000,40.50237274169922,-88.04922485351562,1.8478717803955078,-0.27896273136138916
163064,episode_end,446.9775843704925,200,0.15976700189675389,200.0,,,,,
163309,episode_end,483.41882207965426,245,0.15876645903417724,200.0,,,,,
164000,train_step,,,0.15511502688509302,200.0,100000,86.33271026611328,-100.91021728515625,1.8434900045394897,-0.29167020320892334
164309,episode_end,282.1497254192945,1000,0.15105323728071485,200.0,,,,,
165000,train_step,,,0.14936667232403053,200.0,100000,130.05084228515625,-93.22530364990234,1.8486311435699463,-0.28780534863471985
165305,episode_end,447.8320313004715,996,0.1511544166717751,200.0,,,,,
166000,train_step,,,0.15494898492050369,200.0,100000,22.232444763183594,-88.51272583007812,2.0939974784851074,0.17527316510677338
166305,episode_end,-29.613478207947736,1000,0.15428578213974206,200.0,,,,,
166454,episode_end,236.64286107319685,149,0.15487917985619992,200.0,,,,,
166705,episode_end,499.07483503612656,251,0.15688816335391065,200.0,,,,,
166824,episode_end,-143.4657540893571,119,0.1569905758544404,200.0,,,,,
167000,train_step,,,0.1581161188635411,200.0,100000,30.651268005371094,-95.11624145507812,1.978253722190857,-0.040109485387802124
167010,episode_end,483.3734472665668,186,0.15824574781083278,200.0,,,,,
167465,episode_end,480.8014173654011,455,0.1539880958330047,200.0,,,,,
167657,episode_end,452.5092371124493,192,0.15346277565663016,200.0,,,,,
167944,episode_end,467.1675498030509,287,0.15371301702104997,200.0,,,,,
168000,train_step,,,0.15531320964088433,200.0,100000,15.837610244750977,-88.58364868164062,2.1098170280456543,0.2045137882232666
168210,episode_end,468.60919127014853,266,0.15612677513963472,200.0,,,,,
168439,episode_end,475.4068667801856,229,0.15758164736824692,200.0,,,,,
168601,episode_end,161.19612991297947,162,0.1580597414544319,200.0,,,,,
168770,episode_end,451.644538621316,169,0.1590897587556465,200.0,,,,,
169000,train_step,,,0.1580342858250944,200.0,100000,29.752910614013672,-97.0091781616211,1.9175300598144531,-0.15215224027633667
169002,episode_end,490.1025017913572,232,0.15806972212043846,200.0,,,,,
169437,episode_end,418.76440138069756,435,0.1568310271953649,200.0,,,,,
169580,episode_end,484.19234314488557,143,0.15902286278020475,200.0,,,,,
169814,episode_end,500.95426227069504,234,0.15774477574543014,200.0,,,,,
170000,train_step,,,0.1587449709472985,200.0,100000,18.097110748291016,-94.95098876953125,2.1190881729125977,0.21917642652988434
170114,episode_end,442.7968406508275,300,0.16059005250455213,200.0,,,,,
170347,episode_end,450.4850318044579,233,0.16614207182073243,200.0,,,,,
170552,episode_end,486.2414364483619,205,0.16420031357286746,200.0,,,,,
170775,episode_end,470.0472429581029,223,0.16352459777424214,200.0,,,,,
170991,episode_end,489.16230625544,216,0.16422860250279475,200.0,,,,,
171000,train_step,,,0.16448627216500772,200.0,100000,65.61323547363281,-88.28363037109375,2.0144267082214355,0.02603912353515625
171262,episode_end,470.854136984721,271,0.1640433171848396,200.0,,,,,
171444,episode_end,477.9325494059079,182,0.16152636192033318,200.0,,,,,
171732,episode_end,453.5135340944045,288,0.1643066030290079,200.0,,,,,
171895,episode_end,461.25315855406814,163,0.16463515197240036,200.0,,,,,
172000,train_step,,,0.16506455158450617,200.0,100000,197.5355682373047,-96.28553771972656,2.0718331336975098,0.12940174341201782
172117,episode_end,485.2920558116267,222,0.16693368561103245,200.0,,,,,
172345,episode_end,475.4912618266062,228,0.16938043549537038,200.0,,,,,
172560,episode_end,498.40202984587404,215,0.16948659322674606,200.0,,,,,
172779,episode_end,459.85140105690243,219,0.17081849590839154,200.0,,,,,
173000,train_step,,,0.16903475912594615,200.0,100000,88.41166687011719,-91.74356842041016,1.9401969909667969,-0.10630890727043152
173048,episode_end,477.1475541157289,269,0.16866728523915325,200.0,,,,,
173256,episode_end,479.66998859679217,208,0.16972728667421985,200.0,,,,,
173474,episode_end,502.14883049087564,218,0.16667626725067688,200.0,,,,,
174000,train_step,,,0.1650603198922729,200.0,100000,77.06008911132812,-92.56005096435547,2.0018868446350098,0.0033989474177360535
174474,episode_end,251.55133091632538,1000,0.1653732072347681,200.0,,,,,
174668,episode_end,491.38502290878216,194,0.16490969919218285,200.0,,,,,
174923,episode_end,498.0202509457279,255,0.16510061771691395,200.0,,,,,
175000,train_step,,,0.16467866743862553,200.0,100000,31.55551528930664,-102.135986328125,1.7816137075424194,-0.3939162790775299
175090,episode_end,453.61622725448456,167,0.16398475627630635,200.0,,,,,
175284,episode_end,454.84533422443815,194,0.16284224908841333,200.0,,,,,
175524,episode_end,477.63785746558915,240,0.16194992676062764,200.0,,,,,
175747,episode_end,483.2718653479691,223,0.1657130404905964,200.0,,,,,
175964,episode_end,472.6194085211102,217,0.16532810889167604,200.0,,,,,
176000,train_step,,,0.16480268568962445,200.0,100000,32.2619743347168,-104.11717224121094,2.0398597717285156,0.07186740636825562
176145,episode_end,469.1036116060681,181,0.16565201399896917,200.0,,,,,
176287,episode_end,486.4481952808682,142,0.16631286921686206,200.0,,,,,
176511,episode_end,468.1845137270176,224,0.16478055722567078,200.0,,,,,
176700,episode_end,485.4677793200132,189,0.16456268716569436,200.0,,,,,
176933,episode_end,460.27757757671037,233,0.1631185780539371,200.0,,,,,
177000,train_step,,,0.16280193916237146,200.0,100000,27.434465408325195,-103.2842788696289,1.8714758157730103,-0.23329971730709076
177165,episode_end,487.047193769821,232,0.16270551866227484,200.0,,,,,
177339,episode_end,468.14919351415966,174,0.16369804460595852,200.0,,,,,
177557,episode_end,468.69145708233503,218,0.1612772076919173,200.0,,,,,
177705,episode_end,466.7139831281982,148,0.16109867680526022,200.0,,,,,
177916,episode_end,466.7436297158412,211,0.1619572095280658,200.0,,,,,
178000,train_step,,,0.16368525036404333,200.0,100000,38.32312774658203,-98.58147430419922,1.8805710077285767,-0.21614375710487366
178126,episode_end,490.25642479863603,210,0.16206435082970327,200.0,,,,,
178347,episode_end,494.31751871288213,221,0.16240701049627493,200.0,,,,,
178563,episode_end,476.676530635415,216,0.16086484454113592,200.0,,,,,
178764,episode_end,468.1476264543794,201,0.15950648970902376,200.0,,,,,
178968,episode_end,478.44506034327924,204,0.15758799025417786,200.0,,,,,
179000,train_step,,,0.15721103707328637,200.0,100000,130.33184814453125,-102.28303527832031,2.1878416538238525,0.3475383222103119
179158,episode_end,463.42053514232913,190,0.15721362436827016,200.0,,,,,
179372,episode_end,448.3291862582748,214,0.1587584637481064,200.0,,,,,
179602,episode_end,491.4211533380172,230,0.1587530388545473,200.0,,,,,
179821,episode_end,472.74275205212376,219,0.16032676635527715,200.0,,,,,
180000,train_step,,,0.15884639622820534,200.0,100000,25.303909301757812,-102.68943786621094,1.9239144325256348,-0.13998359441757202
180031,episode_end,478.7563679289555,210,0.15760480067877472,200.0,,,,,
180190,episode_end,440.2119504462309,159,0.15300158166151742,200.0,,,,,
180454,episode_end,506.6423527944076,264,0.15194877593237213,200.0,,,,,
180669,episode_end,447.36679000570945,215,0.15321304886274692,200.0,,,,,
180882,episode_end,515.4718507581902,213,0.15464465557888207,200.0,,,,,
181000,train_step,,,0.1551846813779774,200.0,100000,57.99123764038086,-107.80542755126953,2.1088459491729736,0.20279520750045776
181132,episode_end,487.5751112444353,250,0.1552119226411675,200.0,,,,,
181365,episode_end,484.15921309747506,233,0.1554324444711988,200.0,,,,,
181605,episode_end,490.94556633489054,240,0.16040074304571394,200.0,,,,,
181848,episode_end,496.12501427745536,243,0.16113121787603157,200.0,,,,,
182000,train_step,,,0.1602145330100583,200.0,100000,21.987823486328125,-99.03776550292969,2.1396517753601074,0.2557358741760254
182089,episode_end,489.2489002268891,241,0.1592695090677304,200.0,,,,,
182250,episode_end,472.0874756614357,161,0.16043675978134744,200.0,,,,,
182492,episode_end,495.18248880540654,242,0.1616146200556347,200.0,,,,,
182653,episode_end,488.66034015124615,161,0.15736629822513842,200.0,,,,,
182916,episode_end,476.42940780142294,263,0.15523443326055372,200.0,,,,,
183000,train_step,,,0.15434369412658583,200.0,100000,57.11492156982422,-102.78498077392578,1.9300158023834229,-0.1307707577943802
183069,episode_end,454.33253752983074,153,0.15518813411503027,200.0,,,,,
183331,episode_end,505.8238745131988,262,0.1565369262935613,200.0,,,,,
183628,episode_end,428.8608682491153,297,0.1594789591713106,200.0,,,,,
183815,episode_end,485.3989294339908,187,0.15823481403458267,200.0,,,,,
184000,train_step,,,0.15675482429501855,200.0,100000,65.75801849365234,-106.90583801269531,1.8451815843582153,-0.2868897616863251
184035,episode_end,490.6414255883799,220,0.15726073330633664,200.0,,,,,
184276,episode_end,473.4881763833954,241,0.15624570612367228,200.0,,,,,
184499,episode_end,502.1012110733158,223,0.15523484859847894,200.0,,,,,
184715,episode_end,465.0541160353913,216,0.15610821079677575,200.0,,,,,
184901,episode_end,451.84256874116477,186,0.15745424100302238,200.0,,,,,
185000,train_step,,,0.1573457894704759,200.0,100000,72.64596557617188,-101.61788940429688,2.0171754360198975,0.03176254779100418
185162,episode_end,487.29126993152926,261,0.1582882000049434,200.0,,,,,
185462,episode_end,472.4574438298075,300,0.15936108169638935,200.0,,,,,
185664,episode_end,475.23904190855825,202,0.15936482908212465,200.0,,,,,
185929,episode_end,499.2290054552861,265,0.15411143864661778,200.0,,,,,
186000,train_step,,,0.15370609377258712,200.0,100000,50.58063888549805,-97.17800903320312,2.0281174182891846,0.0526556521654129
186112,episode_end,457.6774701314274,183,0.15524703013479502,200.0,,,,,
186252,episode_end,479.6454146773543,140,0.15557416980886957,200.0,,,,,
186421,episode_end,465.8745249966864,169,0.15327577397620862,200.0,,,,,
186650,episode_end,481.3859250840108,229,0.15032198260223623,200.0,,,,,
186842,episode_end,475.73200847567756,192,0.14974598937182756,200.0,,,,,
187000,train_step,,,0.14996512292480485,200.0,100000,180.82504272460938,-107.42007446289062,1.9298940896987915,-0.1330157071352005
187135,episode_end,495.827337952618,293,0.14952428595262185,200.0,,,,,
187294,episode_end,456.7507964717373,159,0.15186956466732926,200.0,,,,,
187546,episode_end,505.70814811579345,252,0.1533985029684111,200.0,,,,,
188000,train_step,,,0.1512382968381757,200.0,100000,54.529659271240234,-100.58029174804688,2.092665910720825,0.17503637075424194
188006,episode_end,449.4375159490476,460,0.15131685027145345,200.0,,,,,
188215,episode_end,499.00190477681497,209,0.1485186681119243,200.0,,,,,
188836,episode_end,216.1050587424849,621,0.14587170062856725,200.0,,,,,
189000,train_step,,,0.14851548947561136,200.0,100000,20.25699234008789,-101.65126037597656,2.013336658477783,0.02543368935585022
189058,episode_end,498.26986463256657,222,0.14998326267244258,200.0,,,,,
189302,episode_end,466.6907186730564,244,0.14493973895039564,200.0,,,,,
189505,episode_end,462.05516061659364,203,0.14552449890924835,200.0,,,,,
189707,episode_end,495.13000226198983,202,0.15014901112390566,200.0,,,,,
189929,episode_end,493.89370443947865,222,0.14970105811547116,200.0,,,,,
190000,train_step,,,0.14847875737005017,200.0,100000,104.34805297851562,-105.11821746826172,2.0164599418640137,0.031393859535455704
190150,episode_end,485.2309181623947,221,0.14680352034815697,200.0,,,,,
190348,episode_end,479.96639099847135,198,0.1482460774882548,200.0,,,,,
190569,episode_end,521.4545835045708,221,0.1521506306809087,200.0,,,,,
190724,episode_end,243.29160511680016,155,0.15297764166347802,200.0,,,,,
190919,episode_end,501.30113616083565,195,0.15181733455627286,200.0,,,,,
191000,train_step,,,0.1520336695788073,200.0,100000,20.509078979492188,-102.8890151977539,1.9172579050064087,-0.1558574140071869
191067,episode_end,452.97814674157746,148,0.15170326735276518,200.0,,,,,
191266,episode_end,471.1868971896262,199,0.14931383966031955,200.0,,,,,
191498,episode_end,513.9557716751629,232,0.14959704845886335,200.0,,,,,
191749,episode_end,515.8721458895379,251,0.1469111374318495,200.0,,,,,
192000,train_step,,,0.1468697337554987,200.0,100000,35.74909210205078,-103.29518127441406,1.9966579675674438,-0.006410754285752773
192092,episode_end,482.9121831375275,343,0.14765471259903867,200.0,,,,,
192262,episode_end,468.04413008509977,170,0.14700247355545223,200.0,,,,,
192535,episode_end,483.3108369363793,273,0.148959195642209,200.0,,,,,
192751,episode_end,472.6554203300538,216,0.1496207189604984,200.0,,,,,
192929,episode_end,487.3324718324296,178,0.14558351746454076,200.0,,,,,
193000,train_step,,,0.1442671742416053,200.0,100000,93.0484619140625,-111.12156677246094,2.0537784099578857,0.10411989688873291
193161,episode_end,507.4646324148982,232,0.1406560778767094,200.0,,,,,
193321,episode_end,259.1476776822891,160,0.1383022074428516,200.0,,,,,
193475,episode_end,270.0083108777978,154,0.14021224018367334,200.0,,,,,
193730,episode_end,214.13827286748767,255,0.13967166660670458,200.0,,,,,
193869,episode_end,493.96147049139876,139,0.14151970827638963,200.0,,,,,
194000,train_step,,,0.14021354954267806,200.0,100000,115.61347198486328,-104.74568176269531,1.7919780015945435,-0.4086775481700897
194163,episode_end,498.7148383097196,294,0.13886860239012702,200.0,,,,,
194300,episode_end,477.85256743176484,137,0.13899257543342408,200.0,,,,,
194533,episode_end,464.86422898503514,233,0.1382684102616921,200.0,,,,,
194731,episode_end,503.1125951002015,198,0.1381827582889006,200.0,,,,,
194941,episode_end,499.99362086264085,210,0.14001598177712868,200.0,,,,,
195000,train_step,,,0.1407942770139999,200.0,100000,35.41191101074219,-106.34858703613281,1.9617893695831299,-0.07491019368171692
195147,episode_end,501.8677971243257,206,0.13982931668151413,200.0,,,,,
195414,episode_end,466.7886082963125,267,0.13994666231588082,200.0,,,,,
195656,episode_end,460.6796758044266,242,0.14016797354197627,200.0,,,,,
195811,episode_end,457.73955649634973,155,0.14217629982590543,200.0,,,,,
196000,train_step,,,0.14049086747192532,200.0,100000,247.3209686279297,-110.95199584960938,1.9035779237747192,-0.18923921883106232
196006,episode_end,456.7788770245549,195,0.14035952069473678,200.0,,,,,
196414,episode_end,395.8270001122388,408,0.13893171386694642,200.0,,,,,
196574,episode_end,469.8017970813156,160,0.1362589717755596,200.0,,,,,
196863,episode_end,483.53983704156747,289,0.1381879032063577,200.0,,,,,
197000,train_step,,,0.13987738910145836,200.0,100000,62.372718811035156,-97.01908111572266,2.256258964538574,0.504058301448822
197059,episode_end,487.24882522455664,196,0.14016930800025174,200.0,,,,,
197172,episode_end,12.549020164485867,113,0.1397559779439976,200.0,,,,,
197388,episode_end,495.56313456591363,216,0.1413930697578636,200.0,,,,,
197607,episode_end,500.694248357148,219,0.14286105533408106,200.0,,,,,
197817,episode_end,478.2095237189774,210,0.1425832391171813,200.0,,,,,
198000,train_step,,,0.14250911881712608,200.0,100000,32.47585678100586,-106.21896362304688,1.9613218307495117,-0.07535853981971741
198084,episode_end,474.35668856157275,267,0.1411060652719515,200.0,,,,,
198259,episode_end,462.74655861894183,175,0.13985999857616954,200.0,,,,,
198434,episode_end,457.8320685778672,175,0.136720218219981,200.0,,,,,
198601,episode_end,468.7773715814005,167,0.13349807802531405,200.0,,,,,
198753,episode_end,456.87771127889835,152,0.13277140265723128,200.0,,,,,
198904,episode_end,489.7012369857593,151,0.1320966736686941,200.0,,,,,
199000,train_step,,,0.1322896370255096,200.0,100000,201.48902893066406,-111.672607421875,1.8652547597885132,-0.2725573182106018
199073,episode_end,494.1188252908345,169,0.13172455126387478,200.0,,,,,
199263,episode_end,476.9094638659797,190,0.13230138579973322,200.0,,,,,
199462,episode_end,445.7255666933553,199,0.13178292053649227,200.0,,,,,
199740,episode_end,440.15300922028285,278,0.13518547696876446,200.0,,,,,
199910,episode_end,499.2786330461695,170,0.13505890292267778,200.0,,,,,
200000,train_step,,,0.13553108643091558,200.0,100000,32.0830078125,-103.1089096069336,2.018399715423584,0.03677256405353546
200520,episode_end,432.40184331023937,610,0.13704569869864286,200.0,,,,,
200751,episode_end,413.5366659403544,231,0.13447645873747768,200.0,,,,,
200999,episode_end,491.98886174768734,248,0.13272074377112283,200.0,,,,,
201000,train_step,,,0.13271898241122582,200.0,100000,37.188995361328125,-92.75517272949219,2.024031162261963,0.04853104054927826
201317,episode_end,485.3927486963106,318,0.13239221548385066,200.0,,,,,
201487,episode_end,469.83670664388933,170,0.1333675391807082,200.0,,,,,
201679,episode_end,500.97396694904694,192,0.1315779704889566,200.0,,,,,
201859,episode_end,490.32843999465064,180,0.13106115575304952,200.0,,,,,
202000,train_step,,,0.13063010831286093,200.0,100000,32.66157531738281,-105.14144897460938,2.012078285217285,0.024584293365478516
202078,episode_end,495.5841120795825,219,0.1291056993804867,200.0,,,,,
202363,episode_end,290.681971341308,285,0.12635049396314005,200.0,,,,,
202685,episode_end,465.93750655383434,322,0.12474162774536818,200.0,,,,,
202986,episode_end,486.4466121283766,301,0.1236115040327863,200.0,,,,,
203000,train_step,,,0.1237971117191348,200.0,100000,26.34088706970215,-103.24884033203125,1.880044937133789,-0.25059953331947327
203263,episode_end,493.50929196037595,277,0.12497744193281093,200.0,,,,,
203512,episode_end,503.20094290519205,249,0.12446757542527997,200.0,,,,,
203713,episode_end,480.7781866417953,201,0.12498705390733754,200.0,,,,,
203911,episode_end,502.54176126544627,198,0.12537504357126236,200.0,,,,,
204000,train_step,,,0.12599381125764592,200.0,100000,69.23387145996094,-113.08328247070312,2.011009931564331,0.022807355970144272
204098,episode_end,483.823495892189,187,0.12697568434781392,200.0,,,,,
204309,episode_end,498.3110763860484,211,0.12599078647171502,200.0,,,,,
204446,episode_end,468.47201701179165,137,0.12439418963655775,200.0,,,,,
204760,episode_end,485.8868477707263,314,0.12335377402702273,200.0,,,,,
204933,episode_end,470.0716936393138,173,0.12279273930970179,200.0,,,,,
205000,train_step,,,0.12249954437573407,200.0,100000,19.54751205444336,-106.78179931640625,1.9084339141845703,-0.19225695729255676
205104,episode_end,272.3354295660846,171,0.12206947771270066,200.0,,,,,
205295,episode_end,489.0115780394386,191,0.12375704824771681,200.0,,,,,
205611,episode_end,458.3616416620997,316,0.12372009357302163,200.0,,,,,
205849,episode_end,508.97804869618477,238,0.12242152293798356,200.0,,,,,
206000,train_step,,,0.1231536182760135,200.0,100000,12.654645919799805,-117.8907241821289,1.8574841022491455,-0.29847413301467896
206054,episode_end,500.16125944130874,205,0.12224820500283794,200.0,,,,,
206284,episode_end,487.1820049721548,230,0.12269083987519355,200.0,,,,,
206490,episode_end,490.423541695372,206,0.12191633301558896,200.0,,,,,
206628,episode_end,458.9991345988939,138,0.12169453874863242,200.0,,,,,
206751,episode_end,231.9090997695988,123,0.1219653368631318,200.0,,,,,
206963,episode_end,490.0899553176129,212,0.12038553694394742,200.0,,,,,
207000,train_step,,,0.12024149921530353,200.0,100000,22.739166259765625,-104.7873764038086,1.8769457340240479,-0.2606600522994995
207101,episode_end,269.69103061644654,138,0.11890599225697328,200.0,,,,,
207291,episode_end,484.70541843583095,190,0.11881207800364492,200.0,,,,,
207445,episode_end,472.9742835718139,154,0.1179311251324389,200.0,,,,,
207615,episode_end,476.06043870714535,170,0.11676448501926179,200.0,,,,,
207913,episode_end,289.96779056767696,298,0.11734663548429948,200.0,,,,,
208000,train_step,,,0.11816503116954964,200.0,100000,25.554916381835938,-106.09534454345703,1.9257287979125977,-0.15861880779266357
208129,episode_end,470.5057074613359,216,0.11891745648278096,200.0,,,,,
208348,episode_end,474.1193408666884,219,0.12039180940384497,200.0,,,,,
208601,episode_end,426.52549965562673,253,0.11886910558462202,200.0,,,,,
208727,episode_end,473.87937493797796,126,0.11895653793674144,200.0,,,,,
208901,episode_end,465.6347782364956,174,0.11923730835312882,200.0,,,,,
209000,train_step,,,0.1187404482447706,200.0,100000,33.27707290649414,-108.42579650878906,1.9942322969436646,-0.012289941310882568
209159,episode_end,493.68627882112236,258,0.11875000037574798,200.0,,,,,
209358,episode_end,465.1158337458447,199,0.12076251200003571,200.0,,,,,
209541,episode_end,496.27651687291205,183,0.12161864878555459,200.0,,,,,
209678,episode_end,461.05401371836814,137,0.12162810033179523,200.0,,,,,
209816,episode_end,482.84372022990186,138,0.1218463396735509,200.0,,,,,
210000,train_step,,,0.12182259476001163,200.0,100000,403.364990234375,-103.0780029296875,2.023421287536621,0.04930621385574341
210068,episode_end,497.3547412475361,252,0.12092419626113483,200.0,,,,,
210254,episode_end,470.3360478384013,186,0.12060765793759189,200.0,,,,,
210472,episode_end,486.03353363771345,218,0.1216847183762408,200.0,,,,,
210652,episode_end,462.06024901088495,180,0.12088472782945349,200.0,,,,,
210793,episode_end,456.0690763348275,141,0.12015159758690831,200.0,,,,,
210988,episode_end,479.44652455525494,195,0.12107535098782235,200.0,,,,,
211000,train_step,,,0.12109528200158837,200.0,100000,83.33375549316406,-103.9127426147461,2.0765552520751953,0.1616218239068985
211239,episode_end,436.5915504874792,251,0.1218448472779149,200.0,,,,,
211476,episode_end,485.2552724258671,237,0.11940766875014858,200.0,,,,,
211747,episode_end,476.9194916623828,271,0.11929175181081256,200.0,,,,,
212000,train_step,,,0.11784008107486671,200.0,100000,59.713741302490234,-122.99591827392578,2.025270700454712,0.05403953790664673
212644,episode_end,416.4970680773094,897,0.11611632533865388,200.0,,,,,
212846,episode_end,450.1523787217403,202,0.11714025020978246,200.0,,,,,
213000,train_step,,,0.11795905619600285,200.0,100000,152.990478515625,-114.95803833007812,2.0969157218933105,0.20714956521987915
213026,episode_end,486.679683747847,180,0.11809719975997564,200.0,,,,,
213241,episode_end,481.3409497750048,215,0.11630440298942052,200.0,,,,,
213354,episode_end,-422.68975285802026,113,0.1165957311871375,200.0,,,,,
213526,episode_end,472.05751197524944,172,0.11516697356530946,200.0,,,,,
213668,episode_end,489.90648791870404,142,0.11352352528691748,200.0,,,,,
213879,episode_end,508.38394041542637,211,0.11510890708649942,200.0,,,,,
214000,train_step,,,0.11443758870602419,200.0,100000,12.521099090576172,-108.45267486572266,1.9893407821655273,-0.023106589913368225
214162,episode_end,486.4487049267815,283,0.11440909690253052,200.0,,,,,
214303,episode_end,481.07486918210975,141,0.11558997856787248,200.0,,,,,
214610,episode_end,490.57709942213455,307,0.11811624508239166,200.0,,,,,
214807,episode_end,505.51890177028076,197,0.1159597388977819,200.0,,,,,
215000,train_step,,,0.11635639567655576,200.0,100000,392.7644958496094,-109.04399871826172,2.088944911956787,0.19132912158966064
215093,episode_end,463.14225459888746,286,0.11673686114643117,200.0,,,,,
215245,episode_end,482.87192780048434,152,0.11586823215183407,200.0,,,,,
215415,episode_end,478.92574853749477,170,0.11516394170689499,200.0,,,,,
215590,episode_end,482.50357471041724,175,0.11482083799599013,200.0,,,,,
215734,episode_end,483.28543868111933,144,0.11427997333617236,200.0,,,,,
215965,episode_end,484.8171811957641,231,0.11564471775572888,200.0,,,,,
216000,train_step,,,0.11554714611216808,200.0,100000,134.83218383789062,-122.84590148925781,2.0922980308532715,0.19918613135814667
216148,episode_end,503.54341862300504,183,0.11635330957920015,200.0,,,,,
216361,episode_end,480.00899300790434,213,0.11646896797684539,200.0,,,,,
216508,episode_end,471.94693159283776,147,0.11733795932723047,200.0,,,,,
216664,episode_end,277.83809672396717,156,0.11973676498356368,200.0,,,,,
216895,episode_end,470.5490951219241,231,0.1188936454143389,200.0,,,,,
217000,train_step,,,0.12073600233372679,200.0,100000,40.22191619873047,-113.22917175292969,2.246074914932251,0.5202391743659973
217062,episode_end,482.3757476638048,167,0.12091083476871226,200.0,,,,,
217233,episode_end,461.6913142080754,171,0.12049573436436785,200.0,,,,,
217362,episode_end,257.5532842766963,129,0.11865908077780729,200.0,,,,,
217596,episode_end,461.0711008423702,234,0.1182720927831765,200.0,,,,,
217939,episode_end,452.79171931261135,343,0.11895809452283218,200.0,,,,,
218000,train_step,,,0.1201051131435729,200.0,100000,59.53120040893555,-108.83232879638672,1.856806993484497,-0.30348166823387146
218020,episode_end,244.36012521772437,81,0.1202906419166395,200.0,,,,,
218195,episode_end,248.3014048123478,175,0.1196895849426337,200.0,,,,,
218361,episode_end,472.59418429801434,166,0.12030476772472024,200.0,,,,,
218553,episode_end,516.236975605821,192,0.12216199037869113,200.0,,,,,
218689,episode_end,479.2657821804483,136,0.12196436898965235,200.0,,,,,
218882,episode_end,471.16352101183924,193,0.12187874701069935,200.0,,,,,
219000,train_step,,,0.12412119167786474,200.0,100000,142.22996520996094,-109.70596313476562,1.9647599458694458,-0.07352789491415024
219090,episode_end,509.1166202263724,208,0.12450363920537762,200.0,,,,,
219307,episode_end,469.34620380414,217,0.12422258903420297,200.0,,,,,
219458,episode_end,450.503892809252,151,0.12347504044612513,200.0,,,,,
219619,episode_end,469.692985786984,161,0.12244239991224241,200.0,,,,,
219838,episode_end,488.0668208459387,219,0.12200190895282235,200.0,,,,,
219987,episode_end,475.93673643984846,149,0.1217814042554808,200.0,,,,,
220000,train_step,,,0.1219017772497983,200.0,100000,43.095367431640625,-120.57565307617188,1.8885598182678223,-0.23453043401241302
220191,episode_end,490.9144175018964,204,0.12139000840127273,200.0,,,,,
220419,episode_end,476.0499055452734,228,0.1214632342843213,200.0,,,,,
220625,episode_end,456.52450005036087,206,0.1185971269553184,200.0,,,,,
220799,episode_end,471.29063104973346,174,0.11885866428221777,200.0,,,,,
220999,episode_end,508.8276630536472,200,0.118130384949029,200.0,,,,,
221000,train_step,,,0.1181533729022314,200.0,100000,189.0531005859375,-112.85636138916016,2.153925895690918,0.3287506699562073
221179,episode_end,461.2402854437962,180,0.11846005272256115,200.0,,,,,
221399,episode_end,470.8234286976569,220,0.11845538744679107,200.0,,,,,
221670,episode_end,228.5166244112691,271,0.11642933887437745,200.0,,,,,
221840,episode_end,503.61456513017197,170,0.11638464841186615,200.0,,,,,
222000,train_step,,,0.11581138984142776,200.0,100000,127.56953430175781,-114.65847778320312,2.0880014896392822,0.1897127330303192
222063,episode_end,455.61634522431734,223,0.11681891623977704,200.0,,,,,
222258,episode_end,482.70813681464324,195,0.11769323058607621,200.0,,,,,
222551,episode_end,492.58567437897545,293,0.11530151034150153,200.0,,,,,
222746,episode_end,502.6531618901196,195,0.11418750120184118,200.0,,,,,
222968,episode_end,484.74329377510577,222,0.11382332676343697,200.0,,,,,
223000,train_step,,,0.11419404989176858,200.0,100000,79.28215026855469,-116.11225891113281,2.0182254314422607,0.03954644501209259
223180,episode_end,472.9014819610189,212,0.1118225616177471,200.0,,,,,
223606,episode_end,388.7024541518896,426,0.10988859536463862,200.0,,,,,
223830,episode_end,468.31191195727575,224,0.11167346090537218,200.0,,,,,
223977,episode_end,457.55122285580194,147,0.11315627620715842,200.0,,,,,
224000,train_step,,,0.1130374326718175,200.0,100000,21.95015525817871,-125.9761734008789,1.953538179397583,-0.10128860175609589
224192,episode_end,446.0875595479014,215,0.1115799391837056,200.0,,,,,
224360,episode_end,471.6321674024284,168,0.10917148862765032,200.0,,,,,
224513,episode_end,490.981987019115,153,0.11012432736970532,200.0,,,,,
224703,episode_end,493.3764846326139,190,0.10954672542914205,200.0,,,,,
224850,episode_end,461.47590046832335,147,0.11035326285608182,200.0,,,,,
225000,train_step,,,0.11188370504065226,200.0,100000,156.1700897216797,-110.19844055175781,2.1056132316589355,0.23132367432117462
225006,episode_end,481.8807684855871,156,0.11188725529631638,200.0,,,,,
225150,episode_end,474.5208154134848,144,0.11268874487174259,200.0,,,,,
225271,episode_end,273.0005469342748,121,0.11310441288256924,200.0,,,,,
225479,episode_end,482.3307373200476,208,0.11378147624973754,200.0,,,,,
225688,episode_end,459.70231366094833,209,0.1146135593675874,200.0,,,,,
225853,episode_end,438.27676185315045,165,0.1131842972590465,200.0,,,,,
226000,train_step,,,0.11193519082827899,200.0,100000,22.102962493896484,-115.76333618164062,1.9591197967529297,-0.08952099829912186
226047,episode_end,468.76455176126285,194,0.11251316841088947,200.0,,,,,
226442,episode_end,423.4341166872585,395,0.11197009914791056,200.0,,,,,
226745,episode_end,425.6278010249632,303,0.11277940104714616,200.0,,,,,
227000,train_step,,,0.11292742405508727,200.0,100000,37.06938552856445,-126.9407730102539,2.008333921432495,0.018176227807998657
227035,episode_end,413.8024053402642,290,0.1132867787524497,200.0,,,,,
227331,episode_end,465.28117924945263,296,0.11566525665541905,200.0,,,,,
227462,episode_end,488.7361730407655,131,0.11484898474086751,200.0,,,,,
227613,episode_end,493.070609923406,151,0.11371750508695606,200.0,,,,,
227834,episode_end,473.1017777501533,221,0.11517456840865306,200.0,,,,,
227975,episode_end,263.10994109872445,141,0.11337749987681259,200.0,,,,,
228000,train_step,,,0.11346437494700194,200.0,100000,57.568519592285156,-116.95994567871094,2.07147216796875,0.15554222464561462
228183,episode_end,506.1273785941068,208,0.1129641104144414,200.0,,,,,
228472,episode_end,467.54522773833406,289,0.11427853386258145,200.0,,,,,
228640,episode_end,458.144675530454,168,0.11319062879460103,200.0,,,,,
228847,episode_end,464.3864705627417,207,0.11292010038017548,200.0,,,,,
229000,train_step,,,0.11210224163210201,200.0,100000,43.28174591064453,-118.03369903564453,1.725600004196167,-0.6004816293716431
229087,episode_end,487.15858582359107,240,0.11237786114266436,200.0,,,,,
229285,episode_end,460.57809414806877,198,0.11320464612636655,200.0,,,,,
229433,episode_end,443.19694178289825,148,0.1143298316199996,200.0,,,,,
230000,train_step,,,0.11666137735584543,200.0,100000,113.35321044921875,-120.96952819824219,1.9159101247787476,-0.18066544830799103
230433,episode_end,232.925751755404,1000,0.12121659485901672,200.0,,,,,
230643,episode_end,473.85362466475254,210,0.11940129595663067,200.0,,,,,
230861,episode_end,499.1497090582883,218,0.12000345958061845,200.0,,,,,
231000,train_step,,,0.11926001307816846,200.0,100000,50.17302322387695,-122.89315032958984,2.0961689949035645,0.20449817180633545
231072,episode_end,485.9482702432562,211,0.11942495530074684,200.0,,,,,
231264,episode_end,473.76941794635553,192,0.1177820114729173,200.0,,,,,
231443,episode_end,475.04761787266665,179,0.11550003107031838,200.0,,,,,
231617,episode_end,483.4690998925998,174,0.11455358013473038,200.0,,,,,
231893,episode_end,477.4052205753573,276,0.1146944799550129,200.0,,,,,
232000,train_step,,,0.11487361010300434,200.0,100000,26.97719955444336,-122.01612854003906,2.0117735862731934,0.025476962327957153
232084,episode_end,493.91691960812716,191,0.11629351955358502,200.0,,,,,
232287,episode_end,477.5543552413453,203,0.116728584206143,200.0,,,,,
232486,episode_end,476.3641107595114,199,0.1189571399867139,200.0,,,,,
232709,episode_end,486.51679826296476,223,0.11949158744466366,200.0,,,,,
232925,episode_end,496.40585613372417,216,0.1180181915868454,200.0,,,,,
233000,train_step,,,0.11795757025939078,200.0,100000,34.462745666503906,-120.07870483398438,2.2444050312042236,0.522398829460144
233123,episode_end,499.6237459391251,198,0.11887172654771064,200.0,,,,,
233267,episode_end,455.96735829580183,144,0.11879237692630992,200.0,,,,,
233441,episode_end,476.7334473344236,174,0.11751825407383715,200.0,,,,,
233593,episode_end,463.17792590742494,152,0.1181217478010045,200.0,,,,,
233833,episode_end,490.46267298048247,240,0.11706519929767865,200.0,,,,,
234000,train_step,,,0.1165663542887669,200.0,100000,93.79838562011719,-125.53108978271484,1.8614416122436523,-0.2978028655052185
234060,episode_end,491.4186755650725,227,0.11611540517513358,200.0,,,,,
234344,episode_end,444.64147129605163,284,0.11583328476250566,200.0,,,,,
234561,episode_end,510.33779536755054,217,0.11500799523997435,200.0,,,,,
234813,episode_end,460.8628595298104,252,0.11401844311139893,200.0,,,,,
235000,train_step,,,0.11128330132676868,200.0,100000,102.80216217041016,-117.90605163574219,1.9670078754425049,-0.07244017720222473
235038,episode_end,502.2935786923232,225,0.11146577713510289,200.0,,,,,
235369,episode_end,488.9799524450145,331,0.11341494256829533,200.0,,,,,
235591,episode_end,480.82290834278575,222,0.11526858132789601,200.0,,,,,
235801,episode_end,463.64555833489464,210,0.1138048897980583,200.0,,,,,
235990,episode_end,482.5488773599849,189,0.1135073771454644,200.0,,,,,
236000,train_step,,,0.11345494320747253,200.0,100000,18.412960052490234,-124.17451477050781,1.9354467391967773,-0.14049050211906433
236190,episode_end,517.9587076551308,200,0.11212625625431992,200.0,,,,,
236419,episode_end,485.98634196684947,229,0.1123491791492756,200.0,,,,,
236704,episode_end,470.13051846799334,285,0.11385931290791357,200.0,,,,,
236871,episode_end,464.91121942699044,167,0.11310252638604287,200.0,,,,,
237000,train_step,,,0.11329923756372275,200.0,100000,439.4461364746094,-126.42606353759766,1.9243496656417847,-0.16474567353725433
237024,episode_end,270.7436567136736,153,0.11299622296728976,200.0,,,,,
237205,episode_end,461.7527003203096,181,0.11449808126045659,200.0,,,,,
237353,episode_end,262.5519656923795,148,0.11290103854637286,200.0,,,,,
237584,episode_end,462.702850453038,231,0.11011658865273653,200.0,,,,,
237805,episode_end,452.69437143321943,221,0.10922692822761393,200.0,,,,,
238000,train_step,,,0.10895361453741374,200.0,100000,37.808372497558594,-117.29872131347656,2.1060452461242676,0.23508478701114655
238019,episode_end,468.65439789951927,214,0.10906636188450906,200.0,,,,,
238226,episode_end,504.8277282027029,207,0.11009513184417595,200.0,,,,,
238419,episode_end,471.7086659668121,193,0.1105827998176521,200.0,,,,,
238704,episode_end,478.2750779552009,285,0.1118621136563205,200.0,,,,,
238938,episode_end,476.1645631600188,234,0.11170692212817633,200.0,,,,,
239000,train_step,,,0.11228740658188138,200.0,100000,23.437145233154297,-123.41561126708984,1.868673324584961,-0.287171334028244
239174,episode_end,473.71457152887155,236,0.1102054017906127,200.0,,,,,
239966,episode_end,456.5735377222811,792,0.1094554552538417,200.0,,,,,
240000,train_step,,,0.10925106720265197,200.0,100000,30.750259399414062,-108.79513549804688,2.103227138519287,0.2285560518503189
240160,episode_end,511.91853221846486,194,0.10874155177940331,200.0,,,,,
240351,episode_end,500.8380181459098,191,0.10813434520905553,200.0,,,,,
240546,episode_end,511.2760499344258,195,0.11120379588086249,200.0,,,,,
240676,episode_end,261.33191540621306,130,0.11094010368915684,200.0,,,,,
240885,episode_end,487.4677185209719,209,0.10922050994770867,200.0,,,,,
240965,episode_end,228.11008598076035,80,0.10784875334360655,200.0,,,,,
241000,train_step,,,0.10746879986964611,200.0,100000,13.194247245788574,-118.92852783203125,1.963531255722046,-0.08134559541940689
241154,episode_end,475.9382705727691,189,0.10883034918777756,200.0,,,,,
241376,episode_end,478.1764785268901,222,0.10892946008442408,200.0,,,,,
241632,episode_end,467.3185491638544,256,0.11035990667803064,200.0,,,,,
241877,episode_end,453.3401052569994,245,0.11132937552207603,200.0,,,,,
242000,train_step,,,0.11102002610539743,200.0,100000,176.25332641601562,-117.5063247680664,2.250393867492676,0.5503767728805542
242094,episode_end,491.31569662968457,217,0.11230413065924312,200.0,,,,,
242291,episode_end,441.9723884825361,197,0.11246987272028146,200.0,,,,,
242517,episode_end,435.4178785043477,226,0.11227547592156718,200.0,,,,,
242805,episode_end,490.7367138195817,288,0.11040692827263308,200.0,,,,,
243000,train_step,,,0.10910137141992987,200.0,100000,41.342105865478516,-124.03038024902344,2.0430212020874023,0.09531259536743164
243038,episode_end,456.03688389158907,233,0.10920515175666241,200.0,,,,,
243161,episode_end,266.85944062449295,123,0.10968948144582405,200.0,,,,,
243344,episode_end,447.61621365340847,183,0.10991247996600552,200.0,,,,,
243504,episode_end,481.87259249416184,160,0.11195785159220385,200.0,,,,,
243678,episode_end,476.1077515136222,174,0.11229185067646479,200.0,,,,,
243883,episode_end,483.99660382349157,205,0.11029795413413625,200.0,,,,,
244000,train_step,,,0.11135714423254958,200.0,100000,46.678253173828125,-120.09599304199219,1.9576665163040161,-0.09292258322238922
244110,episode_end,510.06123437393563,227,0.11213908679367457,200.0,,,,,
244357,episode_end,449.83996614710566,247,0.11350124513470178,200.0,,,,,
244533,episode_end,468.28648935129684,176,0.11437994858997937,200.0,,,,,
244726,episode_end,504.04263139677937,193,0.11185388961490937,200.0,,,,,
245000,train_step,,,0.11057796809405485,200.0,100000,125.16990661621094,-116.39847564697266,2.101294755935669,0.22305451333522797
245010,episode_end,468.8838076252933,284,0.11048393682455665,200.0,,,,,
245213,episode_end,443.56408177518523,203,0.11008555584087396,200.0,,,,,
245417,episode_end,502.5890418945897,204,0.11137289158504494,200.0,,,,,
246000,train_step,,,0.11342472425356329,200.0,100000,13.07296085357666,-116.14603424072266,2.062948703765869,0.1370147466659546
246339,episode_end,408.30283968251194,922,0.11443442495515947,200.0,,,,,
246715,episode_end,428.65879701536363,376,0.11424412311803085,200.0,,,,,
246923,episode_end,487.29305846976456,208,0.11363449211027835,200.0,,,,,
247000,train_step,,,0.11367602321069428,200.0,100000,46.441558837890625,-121.86077880859375,1.9682731628417969,-0.06898699700832367
247174,episode_end,488.25597839028393,251,0.1121183173736369,200.0,,,,,
247368,episode_end,483.4006371409798,194,0.11250392434193858,200.0,,,,,
247515,episode_end,291.2794780070859,147,0.1122896353601252,200.0,,,,,
247714,episode_end,450.19482262284635,199,0.11414898114889747,200.0,,,,,
247861,episode_end,271.26565727594357,147,0.11450284113167869,200.0,,,,,
248000,train_step,,,0.11266518060619582,200.0,100000,125.04844665527344,-126.09431457519531,2.013735055923462,0.029988199472427368
248063,episode_end,494.8302926482115,202,0.11216979909995929,200.0,,,,,
248263,episode_end,509.70557540728737,200,0.11125321755189946,200.0,,,,,
248503,episode_end,475.81392918076205,240,0.11607496114399582,200.0,,,,,
248719,episode_end,463.0388010468124,216,0.11618596495881867,200.0,,,,,
248938,episode_end,441.2495155297659,219,0.11410416878956034,200.0,,,,,
249000,train_step,,,0.11377121121802143,200.0,100000,132.69578552246094,-124.33575439453125,1.9392343759536743,-0.13207796216011047
249114,episode_end,447.26591914306624,176,0.11358723489950152,200.0,,,,,
249317,episode_end,476.4431735973736,203,0.11277100908357567,200.0,,,,,
249526,episode_end,508.6676374302927,209,0.11217633558094506,200.0,,,,,
249747,episode_end,510.49299967975054,221,0.11246965706162955,200.0,,,,,
249945,episode_end,446.67566148690713,198,0.11297268495760386,200.0,,,,,
250000,train_step,,,0.11289844407303395,200.0,100000,13.910955429077148,-122.65169525146484,2.143474578857422,0.31295618414878845
250163,episode_end,489.31999583821033,218,0.11307237787458174,200.0,,,,,
250373,episode_end,471.9718232476788,210,0.11446560346806559,200.0,,,,,
250582,episode_end,487.11668802090617,209,0.11374445158405339,200.0,,,,,
250814,episode_end,492.9235806117118,232,0.11154108794282026,200.0,,,,,
250993,episode_end,440.3450317022321,179,0.11217449729672437,200.0,,,,,
251000,train_step,,,0.11207393940626673,200.0,100000,14.731796264648438,-134.2702178955078,1.9220105409622192,-0.1706874817609787
251135,episode_end,279.17459613537807,142,0.11068142690960012,200.0,,,,,
251275,episode_end,458.45899317701964,140,0.11064028625862334,200.0,,,,,
251481,episode_end,522.621515665809,206,0.11139883752885926,200.0,,,,,
251788,episode_end,456.97661329934266,307,0.11156881969959605,200.0,,,,,
251978,episode_end,482.16250703288785,190,0.1102564285728771,200.0,,,,,
252000,train_step,,,0.11000761504473869,200.0,100000,54.192909240722656,-124.43055725097656,1.9464300870895386,-0.11823983490467072
252184,episode_end,503.7205115356628,206,0.10868886492575773,200.0,,,,,
252406,episode_end,474.94891975009455,222,0.10893866901993854,200.0,,,,,
252634,episode_end,443.64539662985305,228,0.10930271181831305,200.0,,,,,
252845,episode_end,461.22044033292497,211,0.10860798745526096,200.0,,,,,
253000,train_step,,,0.10903170034377122,200.0,100000,177.53147888183594,-124.58692932128906,2.1300480365753174,0.28820180892944336
253078,episode_end,442.5823022783243,233,0.10924256929516565,200.0,,,,,
253319,episode_end,500.44415721259344,241,0.10917479253547366,200.0,,,,,
253526,episode_end,466.2181880816309,207,0.10799081342271767,200.0,,,,,
253758,episode_end,502.19445647112497,232,0.10800592916198434,200.0,,,,,
253905,episode_end,448.3966061206905,147,0.10875513084706614,200.0,,,,,
254000,train_step,,,0.10866666039290665,200.0,100000,61.48211669921875,-122.1122055053711,2.099592685699463,0.22104275226593018
254160,episode_end,498.57430513389266,255,0.1084071977651058,200.0,,,,,
254375,episode_end,497.58220272552063,215,0.1097913574311281,200.0,,,,,
254571,episode_end,500.3492693271486,196,0.10962573107102543,200.0,,,,,
254772,episode_end,502.60639540009544,201,0.11200212156749105,200.0,,,,,
254967,episode_end,480.46513933162646,195,0.11342862770590466,200.0,,,,,
255000,train_step,,,0.11387881138817166,200.0,100000,56.44806671142578,-122.36170196533203,1.8956630229949951,-0.22668474912643433
255187,episode_end,503.18420506333086,220,0.11445703958513385,200.0,,,,,
255362,episode_end,443.756369880619,175,0.1130218464064242,200.0,,,,,
255585,episode_end,437.6085694272613,223,0.11570418194314673,200.0,,,,,
255799,episode_end,504.70572005835584,214,0.1143741817854309,200.0,,,,,
256000,train_step,,,0.11484752074558506,200.0,100000,31.729225158691406,-122.89973449707031,1.8378920555114746,-0.35082587599754333
256137,episode_end,388.3626291683818,338,0.11371186441325146,200.0,,,,,
256342,episode_end,503.7849397496144,205,0.1117963498372663,200.0,,,,,
256613,episode_end,236.52418443449812,271,0.11106559487307345,200.0,,,,,
256895,episode_end,449.27030426573504,282,0.11071058840158514,200.0,,,,,
257000,train_step,,,0.11000485708203492,200.0,100000,97.58921813964844,-120.58682250976562,2.1851096153259277,0.40857994556427
257090,episode_end,473.0684352613339,195,0.11048182789433558,200.0,,,,,
257305,episode_end,490.5265682558007,215,0.11134597801120072,200.0,,,,,
257481,episode_end,446.30470102437243,176,0.10972940388910872,200.0,,,,,
257678,episode_end,473.38006455426256,197,0.10720177040694182,200.0,,,,,
257826,episode_end,456.81709814533974,148,0.10693682037603097,200.0,,,,,
257967,episode_end,488.0526006306828,141,0.10642322574192879,200.0,,,,,
258000,train_step,,,0.10669484138042448,200.0,100000,43.730499267578125,-125.97747039794922,1.7583603858947754,-0.5407368540763855
258175,episode_end,464.81562177876333,208,0.10704224482277724,200.0,,,,,
258430,episode_end,490.2888984847546,255,0.10820698187470439,200.0,,,,,
258592,episode_end,477.65363129350914,162,0.10678592791006215,200.0,,,,,
258803,episode_end,496.20732860369634,211,0.1070789116961724,200.0,,,,,
259000,train_step,,,0.10883721809327496,200.0,100000,243.81356811523438,-127.36779022216797,2.1585583686828613,0.35166674852371216
259019,episode_end,502.1107951202929,216,0.10899006324293034,200.0,,,,,
259198,episode_end,467.89128887996566,179,0.1093762947439074,200.0,,,,,
259350,episode_end,460.12434652149886,152,0.1107996166598571,200.0,,,,,
259513,episode_end,309.0349790596196,163,0.11020199713068415,200.0,,,,,
259689,episode_end,488.6645529447332,176,0.10960591858131034,200.0,,,,,
259862,episode_end,488.9732684076504,173,0.10983783806042008,200.0,,,,,
260000,train_step,,,0.11047294174640793,200.0,100000,30.353374481201172,-125.75416564941406,1.900384545326233,-0.21945129334926605
260137,episode_end,480.1392487128156,275,0.11212859160850919,200.0,,,,,
260340,episode_end,478.3367757431009,203,0.1126923500131071,200.0,,,,,
260546,episode_end,454.68102866827854,206,0.1140315439766741,200.0,,,,,
260763,episode_end,482.8112805724784,217,0.11488078993708609,200.0,,,,,
260961,episode_end,505.2597735131075,198,0.11599984971718369,200.0,,,,,
261000,train_step,,,0.1159106332128355,200.0,100000,21.288761138916016,-133.1114501953125,2.0128378868103027,0.02766449749469757
261159,episode_end,480.4437665771313,198,0.11697288251553879,200.0,,,,,
261331,episode_end,301.8776569595292,172,0.11520008404219483,200.0,,,,,
261516,episode_end,482.2441866564562,185,0.11434371075751393,200.0,,,,,
261716,episode_end,503.15483760850003,200,0.11219520723721586,200.0,,,,,
261911,episode_end,493.3406000961098,195,0.11085698776354676,200.0,,,,,
262000,train_step,,,0.11125225891991279,200.0,100000,280.8765869140625,-120.86857604980469,1.9215164184570312,-0.17234651744365692
262073,episode_end,459.0858806628213,162,0.11182924292889188,200.0,,,,,
262312,episode_end,502.9221081159196,239,0.1127252033597424,200.0,,,,,
262478,episode_end,478.9756801044847,166,0.11215548663896985,200.0,,,,,
262654,episode_end,471.38938239469206,176,0.11181988418326674,200.0,,,,,
262854,episode_end,490.117861538898,200,0.10914949088946585,200.0,,,,,
263000,train_step,,,0.10872883417122169,200.0,100000,77.7253189086914,-125.20578002929688,2.1289734840393066,0.286178857088089
263115,episode_end,492.4048620737804,261,0.10813563379961003,200.0,,,,,
263308,episode_end,486.7097766533941,193,0.10774932631038017,200.0,,,,,
263507,episode_end,493.14176710576953,199,0.10895135419952086,200.0,,,,,
263705,episode_end,485.6225394797353,198,0.1072068618874159,200.0,,,,,
263910,episode_end,493.68027427240696,205,0.10605140543371268,200.0,,,,,
264000,train_step,,,0.10566743083185674,200.0,100000,314.82452392578125,-127.46922302246094,2.0919246673583984,0.2065969854593277
264096,episode_end,499.96962858467083,186,0.10555500097979525,200.0,,,,,
264284,episode_end,470.59253862996275,188,0.10601326946311615,200.0,,,,,
264474,episode_end,479.7104701732105,190,0.10829570946227772,200.0,,,,,
264698,episode_end,508.8851386374291,224,0.10580785878603126,200.0,,,,,
264906,episode_end,487.7414035607619,208,0.10725667182035947,200.0,,,,,
265000,train_step,,,0.10738617457687535,200.0,100000,35.23265838623047,-132.7420654296875,1.8590878248214722,-0.31442081928253174
265173,episode_end,486.67921517639775,267,0.1069868602305997,200.0,,,,,
265321,episode_end,496.25750216875497,148,0.10622711463893136,200.0,,,,,
265545,episode_end,502.50858290565907,224,0.10443389027372273,200.0,,,,,
265788,episode_end,497.6936238089095,243,0.1041162579607636,200.0,,,,,
266000,train_step,,,0.10540167900265297,200.0,100000,10.841947555541992,-128.68028259277344,1.8703250885009766,-0.2917655408382416
266005,episode_end,498.66330066795945,217,0.10532820845061178,200.0,,,,,
266244,episode_end,500.97754160871574,239,0.10541643402420481,200.0,,,,,
266407,episode_end,461.4920652079406,163,0.10662911252673464,200.0,,,,,
266629,episode_end,497.3052980313352,222,0.10413163343854437,200.0,,,,,
266785,episode_end,491.40257301834646,156,0.1021413279216727,200.0,,,,,
266926,episode_end,465.95310687148566,141,0.10168416031987741,200.0,,,,,
267000,train_step,,,0.10157102713979449,200.0,100000,36.93135070800781,-136.64144897460938,2.0016565322875977,0.0037889033555984497
267252,episode_end,445.78583545684205,326,0.10581138037038183,200.0,,,,,
267513,episode_end,472.08087617716797,261,0.10655758062997599,200.0,,,,,
267730,episode_end,496.07495579536226,217,0.10911722860703905,200.0,,,,,
267910,episode_end,488.6175334515189,180,0.10797887329716147,200.0,,,,,
268000,train_step,,,0.10755060636353733,200.0,100000,203.8765869140625,-129.10989379882812,2.068580150604248,0.1529199182987213
268125,episode_end,460.3824453540823,215,0.1080897302385955,200.0,,,,,
268329,episode_end,507.82438794448245,204,0.10770881576968708,200.0,,,,,
268495,episode_end,443.93086995143847,166,0.10861133994313413,200.0,,,,,
268670,episode_end,457.69974196895,175,0.10851157181568429,200.0,,,,,
268870,episode_end,501.2244128380533,200,0.1100067955108314,200.0,,,,,
269000,train_step,,,0.10977102292407005,200.0,100000,22.763328552246094,-130.56954956054688,1.9357521533966064,-0.14194652438163757
269035,episode_end,465.72319683962337,165,0.10922552048714136,200.0,,,,,
269195,episode_end,463.3949373605189,160,0.10750400621766609,200.0,,,,,
269376,episode_end,475.30174486875796,181,0.10561591570717815,200.0,,,,,
269558,episode_end,481.287462204049,182,0.10524148814961976,200.0,,,,,
269784,episode_end,495.78483752284154,226,0.10606047161039303,200.0,,,,,
269963,episode_end,491.52419195609,179,0.10554149934125677,200.0,,,,,
270000,train_step,,,0.1061308585016411,200.0,100000,8.615652084350586,-135.318115234375,1.8998188972473145,-0.22471418976783752
270148,episode_end,278.582284608205,185,0.1025883891571286,200.0,,,,,
270304,episode_end,468.726499104146,156,0.10341120820578531,200.0,,,,,
270487,episode_end,496.816399464193,183,0.1033740516457662,200.0,,,,,
270684,episode_end,473.4323807587257,197,0.10334903504092513,200.0,,,,,
270872,episode_end,486.46646879931956,188,0.10144575483639728,200.0,,,,,
271000,train_step,,,0.10188015503863668,200.0,100000,52.51897430419922,-132.4034881591797,2.025099992752075,0.05732709914445877
271052,episode_end,467.34400757746755,180,0.10236590840849576,200.0,,,,,
271297,episode_end,506.0354243776319,245,0.10191315140770461,200.0,,,,,
271502,episode_end,466.3764686186647,205,0.10097003358053339,200.0,,,,,
271656,episode_end,484.87313848330854,154,0.10069016231310675,200.0,,,,,
271819,episode_end,453.2659499441886,163,0.1006458673195419,200.0,,,,,
272000,train_step,,,0.10341819472027025,200.0,100000,59.556121826171875,-123.7089614868164,2.0520172119140625,0.1180259957909584
272011,episode_end,499.2360342647117,192,0.1036017983063004,200.0,,,,,
272120,episode_end,40.836478926623556,109,0.10489827547723182,200.0,,,,,
272306,episode_end,512.614171572664,186,0.10588941370404549,200.0,,,,,
272491,episode_end,477.4296778440831,185,0.10632874010183353,200.0,,,,,
272746,episode_end,499.20061736783697,255,0.10296192410736403,200.0,,,,,
272824,episode_end,155.9288903678185,78,0.10262759769335777,200.0,,,,,
272922,episode_end,169.75713423363874,98,0.10174167178137869,200.0,,,,,
273000,train_step,,,0.10090539044268752,200.0,100000,22.051258087158203,-130.3609161376953,2.01171875,0.026877395808696747
273019,episode_end,167.4409036232131,97,0.1005151035739664,200.0,,,,,
273171,episode_end,442.9902163256201,152,0.09858500111257985,200.0,,,,,
273251,episode_end,73.04822469144435,80,0.09821505635161157,200.0,,,,,
273442,episode_end,489.2673893921972,191,0.10118564600990593,200.0,,,,,
273585,episode_end,496.119732058204,143,0.10358149316542625,200.0,,,,,
273663,episode_end,-126.10355463937857,78,0.1044324824454011,200.0,,,,,
273763,episode_end,-119.1232639999196,100,0.10487614672376203,200.0,,,,,
273952,episode_end,477.3112331637763,189,0.10778945941530285,200.0,,,,,
274000,train_step,,,0.10781780485225248,200.0,100000,61.358909606933594,-130.7074432373047,2.0730252265930176,0.16264969110488892
274123,episode_end,472.8575861652771,171,0.10782108586304989,200.0,,,,,
274287,episode_end,491.14625340925136,164,0.10721639406217644,200.0,,,,,
274488,episode_end,470.5287657736196,201,0.10756652300771233,200.0,,,,,
274643,episode_end,502.5400063469059,155,0.10672539567212902,200.0,,,,,
274716,episode_end,37.950961672966685,73,0.10648227394876483,200.0,,,,,
274963,episode_end,473.34419418031234,247,0.10702777386858746,200.0,,,,,
275000,train_step,,,0.1074275304016934,200.0,100000,60.256263732910156,-131.309326171875,2.2091808319091797,0.46666914224624634
275143,episode_end,478.90378637773006,180,0.10695395621916133,200.0,,,,,
275360,episode_end,482.6783324240401,217,0.10475687252908422,200.0,,,,,
275563,episode_end,496.960031377014,203,0.10357357284219555,200.0,,,,,
275739,episode_end,486.50544347343435,176,0.10491905206877128,200.0,,,,,
275936,episode_end,469.64823630401975,197,0.10406188256291914,200.0,,,,,
276000,train_step,,,0.1039074410077655,200.0,100000,50.36956024169922,-124.94060516357422,2.319542407989502,0.7235254049301147
276110,episode_end,494.4798003403387,174,0.10416793052497175,200.0,,,,,
276376,episode_end,492.6842115674691,266,0.10899829861160018,200.0,,,,,
276585,episode_end,478.3046444639342,209,0.10774472701755712,200.0,,,,,
276762,episode_end,497.0386283501216,177,0.10944074609728723,200.0,,,,,
276955,episode_end,486.79605874183,193,0.11025396749421322,200.0,,,,,
277000,train_step,,,0.11017415262065695,200.0,100000,42.27342224121094,-127.51947021484375,2.0453224182128906,0.09996756166219711
277135,episode_end,473.1754474426174,180,0.10886850595842353,200.0,,,,,
277341,episode_end,490.98062064366485,206,0.10710154044047542,200.0,,,,,
277521,episode_end,463.91777315898526,180,0.10527350529887765,200.0,,,,,
277677,episode_end,482.7875533854228,156,0.10280063540900024,200.0,,,,,
277858,episode_end,511.6707606816004,181,0.10261462096318415,200.0,,,,,
277994,episode_end,498.84465643816645,136,0.10129631448496332,200.0,,,,,
278000,train_step,,,0.10132424544248708,200.0,100000,30.979398727416992,-125.19821166992188,2.038752555847168,0.08872115612030029
278209,episode_end,506.37909967667343,215,0.10415961719040127,200.0,,,,,
278389,episode_end,447.15710999068773,180,0.10328919839409702,200.0,,,,,
278568,episode_end,312.7282601402648,179,0.10261321712775127,200.0,,,,,
278812,episode_end,446.2475954316382,244,0.10493543905757487,200.0,,,,,
279000,train_step,,,0.10510446242863314,200.0,100000,89.96704864501953,-132.46653747558594,1.8784916400909424,-0.2737340033054352
279034,episode_end,507.53070089883073,222,0.10510043120937083,200.0,,,,,
279288,episode_end,437.88326531314385,254,0.10296375110986128,200.0,,,,,
279474,episode_end,441.279303378701,186,0.10576830892489031,200.0,,,,,
279688,episode_end,502.78163214443845,214,0.10673270943418602,200.0,,,,,
279883,episode_end,474.95573850556053,195,0.10551338438672214,200.0,,,,,
280000,train_step,,,0.10502302806497558,200.0,100000,48.55915832519531,-140.715576171875,1.806070327758789,-0.4370349645614624
280133,episode_end,498.3705996510043,250,0.10610554106273706,200.0,,,,,
280324,episode_end,468.52876310561294,191,0.1090872492196533,200.0,,,,,
280561,episode_end,476.0057392277149,237,0.11159772958906158,200.0,,,,,
280740,episode_end,457.770038407873,179,0.10865911190426514,200.0,,,,,
280923,episode_end,493.9530417902117,183,0.1082230719515632,200.0,,,,,
281000,train_step,,,0.1082550094890575,200.0,100000,20.295711517333984,-135.26760864257812,2.0524609088897705,0.11663453280925751
281270,episode_end,478.6109083957553,347,0.10743378217645227,200.0,,,,,
281429,episode_end,454.2456215676654,159,0.10798957247535793,200.0,,,,,
281599,episode_end,486.3897962390575,170,0.10886900773716167,200.0,,,,,
281828,episode_end,468.72900422354996,229,0.11030712961318573,200.0,,,,,
282000,train_step,,,0.11003896129583315,200.0,100000,70.09831237792969,-130.52149963378906,1.8213856220245361,-0.3941880464553833
282125,episode_end,477.01527635500344,297,0.10852799330140751,200.0,,,,,
282331,episode_end,502.21783349359885,206,0.10767463367532153,200.0,,,,,
282496,episode_end,448.62124181495795,165,0.10692688644863947,200.0,,,,,
282666,episode_end,482.3579486982806,170,0.10580604130787465,200.0,,,,,
282859,episode_end,501.64696071330854,193,0.10610684630020088,200.0,,,,,
283000,train_step,,,0.10684474846288501,200.0,100000,22.61042594909668,-120.74327850341797,1.9174937009811401,-0.18451541662216187
283064,episode_end,474.43006208825597,205,0.10720040584211253,200.0,,,,,
283235,episode_end,491.3004058393046,171,0.11065542040917387,200.0,,,,,
283508,episode_end,495.364242105083,273,0.11162579410672695,200.0,,,,,
283787,episode_end,295.2686985180345,279,0.10989971477620607,200.0,,,,,
283981,episode_end,481.97611086829124,194,0.10826625414984796,200.0,,,,,
284000,train_step,,,0.10844703744080032,200.0,100000,16.97028350830078,-130.07965087890625,2.2780158519744873,0.6176097393035889
284341,episode_end,459.1053386445567,360,0.10880552009284218,200.0,,,,,
284563,episode_end,448.1580116557294,222,0.10705508022632934,200.0,,,,,
284761,episode_end,469.7076895833903,198,0.10965181876292246,200.0,,,,,
284944,episode_end,484.1301604175914,183,0.1114140743660397,200.0,,,,,
285000,train_step,,,0.11120275517706024,200.0,100000,480.7205810546875,-124.94071960449219,2.2142183780670166,0.4705091118812561
285107,episode_end,487.2502403037046,163,0.11262737061176152,200.0,,,,,
285321,episode_end,451.1892328177278,214,0.11196095330971242,200.0,,,,,
285458,episode_end,479.0560394297567,137,0.10944721723172463,200.0,,,,,
285643,episode_end,490.5414090774826,185,0.10950239011545537,200.0,,,,,
286000,train_step,,,0.11477164631952788,200.0,100000,74.11109924316406,-130.0729522705078,1.8980079889297485,-0.22079318761825562
286223,episode_end,471.4579827783451,580,0.11479522383535902,200.0,,,,,
286408,episode_end,495.7573288382268,185,0.11474360107839715,200.0,,,,,
286608,episode_end,472.2338844817499,200,0.11321461491950861,200.0,,,,,
286774,episode_end,480.71019045805707,166,0.11125682914082385,200.0,,,,,
286975,episode_end,491.0975381038808,201,0.11053849201984065,200.0,,,,,
287000,train_step,,,0.11095277215771543,200.0,100000,22.320940017700195,-142.03399658203125,2.043369770050049,0.09535457193851471
287179,episode_end,478.6075340086464,204,0.10924370488735038,200.0,,,,,
287353,episode_end,487.2293103162374,174,0.10909120169927783,200.0,,,,,
287541,episode_end,491.374255178371,188,0.10938173910408185,200.0,,,,,
287712,episode_end,472.58185767785085,171,0.11127288098452758,200.0,,,,,
287855,episode_end,471.05880790777155,143,0.11371955338374339,200.0,,,,,
288000,train_step,,,0.11447528921485324,200.0,100000,25.072322845458984,-140.08880615234375,1.7977135181427002,-0.4384349286556244
288121,episode_end,462.3204980847803,266,0.1161196693993985,200.0,,,,,
288313,episode_end,501.94086978989674,192,0.11532752828499053,200.0,,,,,
288492,episode_end,497.56018944857794,179,0.11432671870038238,200.0,,,,,
288674,episode_end,486.91679272380577,182,0.11443056545753597,200.0,,,,,
288856,episode_end,512.018706210283,182,0.11356864801859931,200.0,,,,,
289000,train_step,,,0.11268853439120473,200.0,100000,231.55718994140625,-144.10682678222656,1.9229239225387573,-0.16826695203781128
289062,episode_end,512.2853824779583,206,0.11240593973492823,200.0,,,,,
289247,episode_end,502.1465957595573,185,0.1133054287199499,200.0,,,,,
289424,episode_end,508.3992071636348,177,0.11494799970583582,200.0,,,,,
289619,episode_end,505.4394925820732,195,0.11768284901303297,200.0,,,,,
289772,episode_end,488.5153691153649,153,0.11794216232176463,200.0,,,,,
289979,episode_end,455.2348528117765,207,0.11542735603744031,200.0,,,,,
290000,train_step,,,0.11530694720625141,200.0,100000,80.84233093261719,-138.31192016601562,2.051621913909912,0.11151158809661865
290134,episode_end,473.10917386993333,155,0.1166292512100766,200.0,,,,,
290322,episode_end,504.6726385925316,188,0.11867233472199308,200.0,,,,,
290513,episode_end,495.5674823384504,191,0.12066624741009094,200.0,,,,,
290691,episode_end,451.7466530219818,178,0.12413574748789954,200.0,,,,,
291000,train_step,,,0.1265066699498543,200.0,100000,402.59954833984375,-125.42958068847656,2.1971778869628906,0.40765705704689026
291008,episode_end,436.7312199025219,317,0.12655862560064432,200.0,,,,,
291155,episode_end,449.4764782037426,147,0.12675793942094674,200.0,,,,,
291319,episode_end,473.7217483623915,164,0.12549224021821317,200.0,,,,,
291523,episode_end,456.436199637897,204,0.12567065782252357,200.0,,,,,
291712,episode_end,506.6522015256693,189,0.12700903476945702,200.0,,,,,
291891,episode_end,477.9869268471858,179,0.12636459774963663,200.0,,,,,
292000,train_step,,,0.126891220141577,200.0,100000,21.777433395385742,-135.47462463378906,1.8607981204986572,-0.2873717248439789
292109,episode_end,485.2171122083568,218,0.12579222598470327,200.0,,,,,
292293,episode_end,447.2244752306464,184,0.12636319024750658,200.0,,,,,
292508,episode_end,495.59553621785375,215,0.12402839714755384,200.0,,,,,
292706,episode_end,453.47668006638935,198,0.12334534144556619,200.0,,,,,
292921,episode_end,494.7953631667278,215,0.12407000385850983,200.0,,,,,
293000,train_step,,,0.12370858184141936,200.0,100000,111.12886047363281,-138.62237548828125,2.10598087310791,0.22148151695728302
293111,episode_end,486.2956683343214,190,0.12504107161916456,200.0,,,,,
293307,episode_end,474.51420846693003,196,0.12532933359296544,200.0,,,,,
293498,episode_end,505.13134955188417,191,0.12469238860711986,200.0,,,,,
293682,episode_end,466.25722471700175,184,0.12311372625132753,200.0,,,,,
293830,episode_end,509.9373270999701,148,0.12343692191943365,200.0,,,,,
293990,episode_end,452.92902666888205,160,0.12150668581447736,200.0,,,,,
294000,train_step,,,0.12143423160971681,200.0,100000,12.208194732666016,-141.97479248046875,1.8846219778060913,-0.2432609647512436
294183,episode_end,504.7082769331875,193,0.12256600223619334,200.0,,,,,
294384,episode_end,492.16729308536446,201,0.12270842626137499,200.0,,,,,
294568,episode_end,505.37584729403824,184,0.1218759414846573,200.0,,,,,
294749,episode_end,505.956930237072,181,0.12081424263618108,200.0,,,,,
294929,episode_end,494.1895465006587,180,0.12094610876743088,200.0,,,,,
295000,train_step,,,0.12012561645857736,200.0,100000,45.55683898925781,-128.56161499023438,2.0917224884033203,0.19437983632087708
295119,episode_end,483.6615702371405,190,0.11882009193387273,200.0,,,,,
295684,episode_end,482.81824647819457,565,0.11651335493233081,200.0,,,,,
295866,episode_end,471.8469414485767,182,0.11716289842173652,200.0,,,,,
296000,train_step,,,0.11862404383815683,200.0,100000,158.22146606445312,-134.14947509765625,1.8399907350540161,-0.3411071300506592
296068,episode_end,493.9569394005615,202,0.11903697930043856,200.0,,,,,
296226,episode_end,447.7321694382005,158,0.11688916402156314,200.0,,,,,
296406,episode_end,454.2614568106835,180,0.11717893522989976,200.0,,,,,
297000,train_step,,,0.11212971829480979,200.0,100000,62.567630767822266,-136.18211364746094,2.112889289855957,0.24701249599456787
297066,episode_end,500.02989604779026,660,0.11173625616946657,200.0,,,,,
297235,episode_end,474.86516684182993,169,0.1127940271826573,200.0,,,,,
297405,episode_end,475.7598281051578,170,0.11342809928622836,200.0,,,,,
297567,episode_end,466.788553303085,162,0.11167677612870375,200.0,,,,,
297770,episode_end,497.05977599084906,203,0.1077423511100593,200.0,,,,,
298000,train_step,,,0.10604900630780056,200.0,100000,139.76800537109375,-124.9986343383789,1.7778875827789307,-0.49838775396347046
298014,episode_end,512.1646317647035,244,0.10590447658892302,200.0,,,,,
298225,episode_end,449.06240383450074,211,0.10822287483059206,200.0,,,,,
298434,episode_end,460.48140449402536,209,0.10773656764304604,200.0,,,,,
298636,episode_end,503.16064516427724,202,0.11255096225651348,200.0,,,,,
298814,episode_end,461.7722460639683,178,0.11489941484264346,200.0,,,,,
298962,episode_end,482.70730140120247,148,0.1161481498802222,200.0,,,,,
299000,train_step,,,0.11621773408029444,200.0,100000,27.020387649536133,-135.9222412109375,2.1975581645965576,0.42520231008529663
299160,episode_end,509.6895097399813,198,0.11503143244446656,200.0,,,,,
299250,episode_end,232.67404323160042,90,0.11515979740469796,200.0,,,,,
299543,episode_end,488.26060398646075,293,0.11175381172176745,200.0,,,,,
299703,episode_end,484.9844393067066,160,0.11000157073106184,200.0,,,,,
299897,episode_end,477.2555047496874,194,0.10779751192358286,200.0,,,,,
300000,train_step,,,0.10650317085237096,200.0,100000,138.65618896484375,-135.98643493652344,1.7683682441711426,-0.5187580585479736
300090,episode_end,474.8418749779882,193,0.10534415440565557,-100.0,,,,,
300334,episode_end,151.49761498784846,244,0.10389401120969291,-100.0,,,,,
300499,episode_end,158.87080906051622,165,0.10507502783237294,-100.0,,,,,
300658,episode_end,154.07759179148613,159,0.10383610147817357,-100.0,,,,,
300918,episode_end,178.76938443957647,260,0.10187808950415828,-100.0,,,,,
301000,train_step,,,0.1024210322129006,-100.0,100000,185.11685180664062,-142.42709350585938,1.9507756233215332,-0.11216552555561066
301098,episode_end,194.68680879066335,180,0.10263393127183573,-100.0,,,,,
301291,episode_end,166.22557409475615,193,0.10218032999622424,-100.0,,,,,
301593,episode_end,184.12475308922953,302,0.1036755368935602,-100.0,,,,,
301771,episode_end,181.74062727850668,178,0.10529493559540747,-100.0,,,,,
301985,episode_end,191.72848169452163,214,0.10273003178052449,-100.0,,,,,
302000,train_step,,,0.10291162728160494,-100.0,100000,375.95330810546875,-129.8312225341797,2.1508476734161377,0.3430100083351135
302214,episode_end,201.20521451054418,229,0.10323823174201581,-100.0,,,,,
302352,episode_end,190.79841174391663,138,0.10499846398634594,-100.0,,,,,
302575,episode_end,206.87084068195935,223,0.10435984478340303,-100.0,,,,,
302798,episode_end,183.55645580580426,223,0.10516740980477861,-100.0,,,,,
303000,train_step,,,0.10580901145046301,-100.0,100000,161.39883422851562,-140.57711791992188,1.9950106143951416,-0.011206835508346558
303364,episode_end,183.55164697678953,566,0.10836404247056565,-100.0,,,,,
303546,episode_end,163.98186289656587,182,0.10995610502844123,-100.0,,,,,
304000,train_step,,,0.11370470428461851,-100.0,100000,18.165260314941406,-129.85971069335938,1.9275063276290894,-0.15761221945285797
304113,episode_end,125.20304988763885,567,0.11309054712009756,-100.0,,,,,
304787,episode_end,160.3388774464882,674,0.11065281972250059,-100.0,,,,,
304971,episode_end,190.76469364593373,184,0.11123317366716372,-100.0,,,,,
305000,train_step,,,0.11128141478571935,-100.0,100000,22.7421817779541,-134.02682495117188,2.0837602615356445,0.18391168117523193
305179,episode_end,198.1697619527377,208,0.11278896625810472,-100.0,,,,,
305356,episode_end,169.87537162040024,177,0.11639051434768544,-100.0,,,,,
305560,episode_end,180.20926694940357,204,0.11623167500729663,-100.0,,,,,
305761,episode_end,159.58270416773013,201,0.11615772424252287,-100.0,,,,,
305938,episode_end,162.85199262134458,177,0.11748419917045086,-100.0,,,,,
306000,train_step,,,0.11675350230675606,-100.0,100000,58.78074645996094,-132.234619140625,1.9861030578613281,-0.029846075922250748
306157,episode_end,175.6277282174145,219,0.11491779510439194,-100.0,,,,,
306327,episode_end,185.18208491737053,170,0.11565873224099134,-100.0,,,,,
306548,episode_end,193.2145956646225,221,0.11571033046027203,-100.0,,,,,
306650,episode_end,-146.45565118852747,102,0.11433979575759577,-100.0,,,,,
306822,episode_end,185.5895593988852,172,0.11329021169897101,-100.0,,,,,
306980,episode_end,164.8987885839627,158,0.11347599170737108,-100.0,,,,,
307000,train_step,,,0.11365261673546388,-100.0,100000,127.6285400390625,-139.10934448242188,1.837224006652832,-0.35397398471832275
307111,episode_end,-59.53270829003394,131,0.114495511484744,-100.0,,,,,
307286,episode_end,182.42978039056942,175,0.11553167080074654,-100.0,,,,,
307365,episode_end,-46.2154606329995,79,0.11598902879645212,-100.0,,,,,
307534,episode_end,156.39356233446046,169,0.1163834736181008,-100.0,,,,,
307711,episode_end,190.28514544227755,177,0.11914842457880523,-100.0,,,,,
307958,episode_end,164.0505471769655,247,0.1190488336806331,-100.0,,,,,
308000,train_step,,,0.11880777771781377,-100.0,100000,247.28390502929688,-135.79302978515625,2.194556951522827,0.41445475816726685
308115,episode_end,156.95824102708343,157,0.1191729557555041,-100.0,,,,,
308484,episode_end,194.9966915669389,369,0.10824094154316888,-100.0,,,,,
308727,episode_end,302.1370813832605,243,0.11370834305968078,-100.0,,,,,
308888,episode_end,157.12826426056355,161,0.11528044562609308,-100.0,,,,,
309000,train_step,,,0.11807528344530781,-100.0,100000,39.591957092285156,-142.08848571777344,1.965898036956787,-0.07285656034946442
309107,episode_end,311.6806976997309,219,0.11836670478979701,-100.0,,,,,
309264,episode_end,154.3163814361915,157,0.11898417409004015,-100.0,,,,,
309431,episode_end,156.66744670108136,167,0.11991791136168736,-100.0,,,,,
309594,episode_end,182.23923919430095,163,0.121517092094374,-100.0,,,,,
309799,episode_end,203.55471062747426,205,0.1223436396931012,-100.0,,,,,
309956,episode_end,159.03807748350187,157,0.1233841942099651,-100.0,,,,,
310000,train_step,,,0.12361005026017048,-100.0,100000,23.64926528930664,-129.05810546875,1.933058500289917,-0.13994944095611572
310100,episode_end,146.5603777984736,144,0.12286350842349668,-100.0,,,,,
310294,episode_end,178.74445492680275,194,0.12252862684271744,-100.0,,,,,
310458,episode_end,181.46682849286475,164,0.1211928489629586,-100.0,,,,,
310792,episode_end,182.36786332089252,334,0.11409590968044361,-100.0,,,,,
310974,episode_end,200.2790472603067,182,0.11573502447091784,-100.0,,,,,
311000,train_step,,,0.11629369314722496,-100.0,100000,702.6710205078125,-128.7542724609375,2.1785216331481934,0.3841133713722229
311520,episode_end,187.64676331730124,546,0.11384344548073165,-100.0,,,,,
311728,episode_end,192.7647355762195,208,0.1204606541364197,-100.0,,,,,
311890,episode_end,165.88257642264574,162,0.12393828019871977,-100.0,,,,,
312000,train_step,,,0.125874611083822,-100.0,100000,172.64459228515625,-131.29513549804688,2.1206560134887695,0.25005602836608887
312071,episode_end,187.06853938619162,181,0.12608761320289086,-100.0,,,,,
312237,episode_end,161.05463551433684,166,0.12613723542093083,-100.0,,,,,
312398,episode_end,180.27654657456952,161,0.12533274247023246,-100.0,,,,,
312625,episode_end,211.57948929552302,227,0.12238769920842014,-100.0,,,,,
312856,episode_end,172.19984133543556,231,0.12179266516638947,-100.0,,,,,
313000,train_step,,,0.1211904125420387,-100.0,100000,637.8903198242188,-138.61831665039062,2.2783892154693604,0.5875108242034912
313050,episode_end,153.65243766029278,194,0.12113875071549658,-100.0,,,,,
313276,episode_end,305.2142386919617,226,0.12113111176761675,-100.0,,,,,
313450,episode_end,175.5206753675161,174,0.12193672823275345,-100.0,,,,,
313662,episode_end,185.47485101024967,212,0.12281061500412739,-100.0,,,,,
313822,episode_end,140.77373034894885,160,0.12215681267402388,-100.0,,,,,
314000,train_step,,,0.12069459610013175,-100.0,100000,27.912216186523438,-123.13487243652344,2.088517665863037,0.18716993927955627
314017,episode_end,180.21327765130923,195,0.12074013258107937,-100.0,,,,,
314228,episode_end,185.5817260456049,211,0.12177353691728986,-100.0,,,,,
314435,episode_end,149.66911319256587,207,0.12009978011904579,-100.0,,,,,
314685,episode_end,205.86544902064213,250,0.12205247680488897,-100.0,,,,,
314877,episode_end,179.97072137958534,192,0.12516049912102595,-100.0,,,,,
315000,train_step,,,0.12431128196489634,-100.0,100000,20.174585342407227,-130.56336975097656,2.1627182960510254,0.33926206827163696
315082,episode_end,216.39921674811455,205,0.12493979396555915,-100.0,,,,,
315282,episode_end,152.69063109681088,200,0.12847951574185917,-100.0,,,,,
315474,episode_end,179.37787039822973,192,0.12821602578713426,-100.0,,,,,
315716,episode_end,200.8498831628958,242,0.12707139927369013,-100.0,,,,,
315936,episode_end,206.72980643823098,220,0.12349424608435026,-100.0,,,,,
316000,train_step,,,0.1228909949482257,-100.0,100000,1480.1009521484375,-137.1989288330078,1.96794855594635,-0.06719429790973663
316135,episode_end,180.93328201144374,199,0.12120454977167722,-100.0,,,,,
316301,episode_end,185.78565469393664,166,0.12281773307616438,-100.0,,,,,
316468,episode_end,173.59326070168012,167,0.12125775168616756,-100.0,,,,,
316652,episode_end,166.99014052981158,184,0.12161736208312918,-100.0,,,,,
316869,episode_end,183.78135138497413,217,0.12177918886888546,-100.0,,,,,
317000,train_step,,,0.12024387279515894,-100.0,100000,171.99209594726562,-127.37264251708984,2.0345067977905273,0.07309357821941376
317138,episode_end,211.5898635078909,269,0.12111620883380914,-100.0,,,,,
317359,episode_end,165.7110760521964,221,0.12453428427816808,-100.0,,,,,
317516,episode_end,148.8953202881275,157,0.12361853290803655,-100.0,,,,,
317689,episode_end,156.0997436364636,173,0.12411858079922147,-100.0,,,,,
317917,episode_end,174.16790137415853,228,0.12327668935714554,-100.0,,,,,
318000,train_step,,,0.1245432914318486,-100.0,100000,24.284400939941406,-136.14324951171875,2.038896322250366,0.08102506399154663
318144,episode_end,164.11838090903467,227,0.12517091371426733,-100.0,,,,,
318365,episode_end,184.5374207186014,221,0.12248885489990788,-100.0,,,,,
318603,episode_end,171.55774091555446,238,0.12130991048917929,-100.0,,,,,
318834,episode_end,211.85634156932218,231,0.11828924422799492,-100.0,,,,,
319000,train_step,,,0.1181018733518521,-100.0,100000,13.167840957641602,-122.6953125,1.9291998147964478,-0.1512436866760254
319028,episode_end,158.62576903191547,194,0.11802119431011832,-100.0,,,,,
319299,episode_end,215.8997150185971,271,0.11616039164897227,-100.0,,,,,
319591,episode_end,148.81109450878193,292,0.11781143775340595,-100.0,,,,,
319759,episode_end,170.37907712129032,168,0.12076800133274826,-100.0,,,,,
319952,episode_end,148.56999873862586,193,0.12178479263382395,-100.0,,,,,
320000,train_step,,,0.1207767155370064,-100.0,100000,55.86688232421875,-133.73922729492188,2.1243484020233154,0.26284945011138916
320143,episode_end,167.22335552764804,191,0.11907593418693974,-100.0,,,,,
320305,episode_end,195.49706330987144,162,0.12020018591608857,-100.0,,,,,
320510,episode_end,190.50633988385363,205,0.1206368029074647,-100.0,,,,,
320719,episode_end,140.5309595194,209,0.12390254348695082,-100.0,,,,,
320885,episode_end,173.67518769307594,166,0.12635367083003765,-100.0,,,,,
321000,train_step,,,0.1276738189713834,-100.0,100000,213.81192016601562,-137.0957489013672,2.0392813682556152,0.0808524638414383
321050,episode_end,184.2981081646611,165,0.12840921719776882,-100.0,,,,,
321209,episode_end,178.13975300259585,159,0.12797108681617467,-100.0,,,,,
321366,episode_end,187.52549055217918,157,0.126172858754309,-100.0,,,,,
321565,episode_end,196.64485323488753,199,0.12772810166399132,-100.0,,,,,
321818,episode_end,219.13574710893414,253,0.13219554900797598,-100.0,,,,,
322000,train_step,,,0.1319551359587883,-100.0,100000,74.77495574951172,-120.96733093261719,1.9771552085876465,-0.046267423778772354
322194,episode_end,175.7732471145716,376,0.13118803269301696,-100.0,,,,,
322339,episode_end,155.6368816990431,145,0.12919464701607508,-100.0,,,,,
322496,episode_end,181.2207483493279,157,0.12762354501335055,-100.0,,,,,
322711,episode_end,167.11570468337817,215,0.12736334221658874,-100.0,,,,,
322955,episode_end,202.4678944013291,244,0.12421996749714108,-100.0,,,,,
323000,train_step,,,0.12493175954614938,-100.0,100000,107.37540435791016,-127.88612365722656,1.8483400344848633,-0.31545087695121765
323130,episode_end,179.64953994096737,175,0.1247796415524867,-100.0,,,,,
323328,episode_end,156.3705134959507,198,0.12478138461681221,-100.0,,,,,
323587,episode_end,204.19778573638834,259,0.12838273352891436,-100.0,,,,,
323843,episode_end,208.04285768722352,256,0.1290078372092162,-100.0,,,,,
323999,episode_end,164.2702943284439,156,0.12939301895684874,-100.0,,,,,
324000,train_step,,,0.1293958985438233,-100.0,100000,58.084312438964844,-119.32122802734375,1.9187920093536377,-0.16606038808822632
324130,episode_end,199.1372156215212,131,0.13035770824989032,-100.0,,,,,
324321,episode_end,175.95509837392757,191,0.12950806601300638,-100.0,,,,,
324522,episode_end,207.21737679207752,201,0.13095545283541726,-100.0,,,,,
324685,episode_end,159.91237875312328,163,0.12665817371721788,-100.0,,,,,
324878,episode_end,191.1744298528399,193,0.1252280125353048,-100.0,,,,,
325000,train_step,,,0.12380236714929342,-100.0,100000,239.96157836914062,-128.7255859375,2.0745689868927,0.15577960014343262
325089,episode_end,272.6165130467654,211,0.12416034740362954,-100.0,,,,,
325279,episode_end,209.6786545485758,190,0.12270585791720907,-100.0,,,,,
325492,episode_end,190.59822031688688,213,0.12367418493068855,-100.0,,,,,
325656,episode_end,186.5077235550766,164,0.12311033282395066,-100.0,,,,,
325821,episode_end,180.47576093125724,165,0.12509170006304512,-100.0,,,,,
325977,episode_end,-117.32557078490993,156,0.12469393029188415,-100.0,,,,,
326000,train_step,,,0.12506756055874527,-100.0,100000,27.634986877441406,-120.92134857177734,2.1637020111083984,0.3403202295303345
326210,episode_end,201.7545934416588,233,0.12618134120611213,-100.0,,,,,
326360,episode_end,170.6311244383681,150,0.12460705882217216,-100.0,,,,,
326579,episode_end,202.03546128750327,219,0.12378043317862283,-100.0,,,,,
326721,episode_end,164.81008282883687,142,0.12433180020903033,-100.0,,,,,
326930,episode_end,281.28698890193675,209,0.12409659452642452,-100.0,,,,,
327000,train_step,,,0.12467645298558601,-100.0,100000,34.02466583251953,-129.39126586914062,2.035210132598877,0.07330842316150665
327122,episode_end,177.6166112146949,192,0.12489435611641801,-100.0,,,,,
327230,episode_end,-63.869620339117695,108,0.12520532087188085,-100.0,,,,,
327429,episode_end,185.45411473600916,199,0.12586678138095853,-100.0,,,,,
327717,episode_end,255.85702223382603,288,0.12622683674569826,-100.0,,,,,
327928,episode_end,194.73694341325898,211,0.12713956834345863,-100.0,,,,,
328000,train_step,,,0.12709381224923585,-100.0,100000,30.918262481689453,-128.20645141601562,1.9560075998306274,-0.09074916690587997
328090,episode_end,180.57400079544888,162,0.12710957474543644,-100.0,,,,,
328261,episode_end,190.04033561424941,171,0.12557722810286592,-100.0,,,,,
328450,episode_end,175.60916699639802,189,0.12594632232115088,-100.0,,,,,
328650,episode_end,176.40708027507918,200,0.12932848429872273,-100.0,,,,,
328848,episode_end,180.62275069255617,198,0.12741126322897475,-100.0,,,,,
329000,train_step,,,0.12737517972617432,-100.0,100000,454.60662841796875,-125.03170013427734,1.8773014545440674,-0.2528347074985504
329045,episode_end,190.20747075992026,197,0.12828085784035198,-100.0,,,,,
329258,episode_end,176.86052726833168,213,0.12832150169197856,-100.0,,,,,
329452,episode_end,179.26589863119418,194,0.12876073935722654,-100.0,,,,,
329719,episode_end,201.51778992455965,267,0.12930733685925822,-100.0,,,,,
329911,episode_end,182.15405931356156,192,0.1308214543168374,-100.0,,,,,
330000,train_step,,,0.13027642275547266,-100.0,100000,484.0950012207031,-120.01451110839844,2.0594029426574707,0.1210692748427391
330118,episode_end,188.66440707912162,207,0.13142563112226813,-100.0,,,,,
330280,episode_end,175.66514053894304,162,0.13054097532666215,-100.0,,,,,
330757,episode_end,203.5904280087684,477,0.13115201099071624,-100.0,,,,,
330904,episode_end,200.03064783847987,147,0.13231464780467023,-100.0,,,,,
331000,train_step,,,0.13128725464225344,-100.0,100000,27.5846004486084,-118.41686248779297,1.7826282978057861,-0.4413445293903351
331089,episode_end,164.72929148054362,185,0.12965222839651241,-100.0,,,,,
331307,episode_end,193.9816166503939,218,0.13042528760511427,-100.0,,,,,
331493,episode_end,165.43589872739136,186,0.13063951814190097,-100.0,,,,,
331658,episode_end,159.2145817019412,165,0.13407220268778977,-100.0,,,,,
331845,episode_end,156.99488911082042,187,0.13405277144978567,-100.0,,,,,
331970,episode_end,195.03960635970492,125,0.13207973872212428,-100.0,,,,,
332000,train_step,,,0.13270487289967478,-100.0,100000,179.92965698242188,-120.73706817626953,1.8859174251556396,-0.2304043173789978
332195,episode_end,193.23993806684007,225,0.13254885861255586,-100.0,,,,,
332372,episode_end,174.24062106386813,177,0.13300382463319163,-100.0,,,,,
332596,episode_end,198.3303455966391,224,0.13231381047912888,-100.0,,,,,
332786,episode_end,216.64163425234761,190,0.13259805772706393,-100.0,,,,,
332925,episode_end,194.28895612076235,139,0.131254107952342,-100.0,,,,,
333000,train_step,,,0.1307052753721909,-100.0,100000,54.361907958984375,-121.18095397949219,2.0071229934692383,0.014494091272354126
333147,episode_end,186.96526111683013,222,0.13169890525576086,-100.0,,,,,
333379,episode_end,291.5428836846778,232,0.1288229547850351,-100.0,,,,,
333703,episode_end,225.37263462723274,324,0.12596530459568694,-100.0,,,,,
334000,train_step,,,0.13052030283725935,-100.0,100000,48.77752685546875,-119.36795043945312,1.996124267578125,-0.007891617715358734
334178,episode_end,187.66188901664933,475,0.13352599454834996,-100.0,,,,,
334366,episode_end,196.01159386081775,188,0.1313587685597769,-100.0,,,,,
334500,episode_end,180.93763524191095,134,0.13167745505507897,-100.0,,,,,
334717,episode_end,168.3024250081682,217,0.1329659947459564,-100.0,,,,,
334921,episode_end,182.38395056457892,204,0.13452808616835293,-100.0,,,,,
335000,train_step,,,0.13529831602969036,-100.0,100000,405.5367736816406,-122.34938049316406,2.1434037685394287,0.2868465781211853
335138,episode_end,205.42067881889005,217,0.13616717785758917,-100.0,,,,,
335325,episode_end,196.73746978138547,187,0.14009853725389132,-100.0,,,,,
335495,episode_end,191.7012002712737,170,0.14146095488131374,-100.0,,,,,
335661,episode_end,147.76052180810206,166,0.14010275926909502,-100.0,,,,,
335843,episode_end,185.329415234005,182,0.13829345841356575,-100.0,,,,,
336000,train_step,,,0.13963850263335437,-100.0,100000,145.74612426757812,-119.57139587402344,1.9351942539215088,-0.12758299708366394
336046,episode_end,264.2857021724476,203,0.13880284872856316,-100.0,,,,,
336275,episode_end,174.237540644454,229,0.1347207870785258,-100.0,,,,,
336545,episode_end,158.44891397299773,270,0.13338403396495255,-100.0,,,,,
336813,episode_end,163.51783406146376,268,0.13407527488285484,-100.0,,,,,
337000,train_step,,,0.13249770313866618,-100.0,100000,356.3744201660156,-112.00939178466797,1.8744432926177979,-0.2537737488746643
337075,episode_end,160.19300867005484,262,0.13234410829825696,-100.0,,,,,
337253,episode_end,164.91804519900467,178,0.1330738127381686,-100.0,,,,,
337514,episode_end,188.87337960486212,261,0.13337080998281461,-100.0,,,,,
337675,episode_end,181.10191044679596,161,0.1318706173591107,-100.0,,,,,
337848,episode_end,148.2000863869099,173,0.13242063515698005,-100.0,,,,,
337998,episode_end,310.4063090489998,150,0.13061541771838794,-100.0,,,,,
338000,train_step,,,0.13063453455771568,-100.0,100000,48.42840576171875,-125.40525817871094,1.8546135425567627,-0.295912504196167
338246,episode_end,207.86136553111166,248,0.13053579586923578,-100.0,,,,,
338429,episode_end,187.78598703014848,183,0.13289263213564387,-100.0,,,,,
338645,episode_end,166.39084873797637,216,0.13518591594281387,-100.0,,,,,
338821,episode_end,158.34526916163674,176,0.1378341824022901,-100.0,,,,,
338978,episode_end,182.93297541273262,157,0.1391680857349495,-100.0,,,,,
339000,train_step,,,0.13894719494514046,-100.0,100000,475.8309326171875,-119.53285217285156,1.9580917358398438,-0.08271293342113495
339182,episode_end,202.79192597819014,204,0.13754870411108508,-100.0,,,,,
339342,episode_end,172.81072755621523,160,0.13709643753799441,-100.0,,,,,
339567,episode_end,184.0210666703476,225,0.13682402968839083,-100.0,,,,,
339762,episode_end,135.3176690653004,195,0.13693380178749828,-100.0,,,,,
339981,episode_end,206.75085491853463,219,0.1368997805278675,-100.0,,,,,
340000,train_step,,,0.13713924090010712,-100.0,100000,299.2052001953125,-117.16145324707031,2.1048457622528076,0.20830318331718445
340292,episode_end,175.35836546626626,311,0.13817704745611392,-100.0,,,,,
340541,episode_end,148.82452616871126,249,0.13856124306345866,-100.0,,,,,
340701,episode_end,179.46088197975925,160,0.13528692465170924,-100.0,,,,,
340858,episode_end,323.6112093910052,157,0.13453039946056644,-100.0,,,,,
341000,train_step,,,0.13302067934831846,-100.0,100000,111.61131286621094,-118.25923156738281,1.9733314514160156,-0.053797438740730286
341045,episode_end,301.9192492720598,187,0.13264481518558524,-100.0,,,,,
341253,episode_end,183.15008476551324,208,0.1344563975355015,-100.0,,,,,
341456,episode_end,196.61941065870434,203,0.1350013226902643,-100.0,,,,,
341647,episode_end,206.85275275486558,191,0.13507059831420948,-100.0,,,,,
341848,episode_end,196.28570354217405,201,0.14121017591564322,-100.0,,,,,
342000,train_step,,,0.14499473677099436,-100.0,100000,149.92770385742188,-129.88682556152344,2.188274383544922,0.363568514585495
342058,episode_end,305.2687803314357,210,0.145840704147683,-100.0,,,,,
342264,episode_end,189.9880881809979,206,0.14658516504863733,-100.0,,,,,
342400,episode_end,164.75833070237616,136,0.14719603904488032,-100.0,,,,,
342593,episode_end,137.68918173880365,193,0.14837867839338448,-100.0,,,,,
342823,episode_end,213.67007857476352,230,0.1474122620970731,-100.0,,,,,
343000,train_step,,,0.1468002269807049,-100.0,100000,331.28021240234375,-129.072021484375,2.049769401550293,0.0954919308423996
343017,episode_end,185.91905907289237,194,0.14650105851216774,-100.0,,,,,
343206,episode_end,170.34700797935153,189,0.14547010219221423,-100.0,,,,,
343421,episode_end,173.69550888967532,215,0.14748016879985917,-100.0,,,,,
343624,episode_end,208.8892644093358,203,0.1470627526766037,-100.0,,,,,
343809,episode_end,183.36653680651273,185,0.14912457444595215,-100.0,,,,,
343959,episode_end,181.3495398759818,150,0.15009410928121805,-100.0,,,,,
344000,train_step,,,0.15072605021347202,-100.0,100000,75.05522918701172,-116.27146911621094,2.1097073554992676,0.207598477602005
344160,episode_end,197.57182222117896,201,0.15043477133424854,-100.0,,,,,
344373,episode_end,225.00836994114854,213,0.149636175672472,-100.0,,,,,
344586,episode_end,184.519279201681,213,0.1485951890012623,-100.0,,,,,
344731,episode_end,199.79441091157756,145,0.15128003331684106,-100.0,,,,,
344934,episode_end,192.66021687603558,203,0.1511303119771504,-100.0,,,,,
345000,train_step,,,0.15036544303421062,-100.0,100000,24.582977294921875,-121.77455139160156,2.0841851234436035,0.15950420498847961
345149,episode_end,212.59116089121818,215,0.1503244417882645,-100.0,,,,,
345305,episode_end,172.64534047770292,156,0.15119351056086897,-100.0,,,,,
345486,episode_end,186.1340590613259,181,0.152374467955759,-100.0,,,,,
345635,episode_end,279.34516179639564,149,0.1531795241329875,-100.0,,,,,
345805,episode_end,176.49915668576153,170,0.15198336119095668,-100.0,,,,,
346000,train_step,,,0.15296249244323876,-100.0,100000,69.42898559570312,-117.5115966796875,2.0759525299072266,0.14260539412498474
346019,episode_end,203.74266072784303,214,0.15304419155234206,-100.0,,,,,
346202,episode_end,306.1047575363175,183,0.15319949273734845,-100.0,,,,,
346355,episode_end,296.29748830803055,153,0.15331570596049965,-100.0,,,,,
346513,episode_end,294.8896513210979,158,0.15382549886802982,-100.0,,,,,
346707,episode_end,155.08605381520607,194,0.15322139449290012,-100.0,,,,,
346894,episode_end,200.9271785407605,187,0.15360838701100432,-100.0,,,,,
347000,train_step,,,0.15402086952913444,-100.0,100000,61.125614166259766,-122.88481140136719,2.202864646911621,0.37949246168136597
347085,episode_end,199.67988042032354,191,0.15450868430029305,-100.0,,,,,
347280,episode_end,189.22722127076054,195,0.15577341172861248,-100.0,,,,,
347431,episode_end,296.9194656342378,151,0.15394670184136447,-100.0,,,,,
347610,episode_end,184.14241205934852,179,0.15489714353454026,-100.0,,,,,
347823,episode_end,159.1058219298231,213,0.15319546605865128,-100.0,,,,,
348000,train_step,,,0.1509922760151882,-100.0,100000,18.767257690429688,-118.54136657714844,1.8883804082870483,-0.21101981401443481
348023,episode_end,178.73478945504053,200,0.1506360933374074,-100.0,,,,,
348229,episode_end,204.97265814181202,206,0.14770906420130095,-100.0,,,,,
348434,episode_end,200.68431469870876,205,0.15053142176134968,-100.0,,,,,
348635,episode_end,181.5437283636587,201,0.14888198756497895,-100.0,,,,,
348805,episode_end,198.17865391113145,170,0.15186959308587075,-100.0,,,,,
349000,train_step,,,0.153391056763232,-100.0,100000,518.9742431640625,-121.51153564453125,1.8017892837524414,-0.37159866094589233
349015,episode_end,197.771543049021,210,0.15320669246121713,-100.0,,,,,
349211,episode_end,202.14037076002685,196,0.15430179869084382,-100.0,,,,,
349393,episode_end,197.63754341115174,182,0.1532508495364991,-100.0,,,,,
349565,episode_end,170.4197418795348,172,0.15463276279554675,-100.0,,,,,
349748,episode_end,177.4029696411718,183,0.1531159024480215,-100.0,,,,,
349968,episode_end,171.27174472675654,220,0.15515089439710253,-100.0,,,,,
350000,train_step,,,0.1555635075426938,-100.0,100000,146.8495330810547,-121.39591217041016,1.8153493404388428,-0.34357959032058716
350175,episode_end,167.34159115580297,207,0.1571714285947116,-100.0,,,,,
350349,episode_end,314.5517660397493,174,0.15928618663641156,-100.0,,,,,
350557,episode_end,199.8706686871488,208,0.15595514078128395,-100.0,,,,,
350754,episode_end,189.95035404055324,197,0.15859823513334892,-100.0,,,,,
350920,episode_end,157.27527321710892,166,0.1557116440447761,-100.0,,,,,
351000,train_step,,,0.15531934467831646,-100.0,100000,323.7891845703125,-114.36221313476562,1.8676233291625977,-0.246521458029747
351126,episode_end,203.23686634429072,206,0.1548564622931863,-100.0,,,,,
351341,episode_end,167.65003040118697,215,0.1597499051141209,-100.0,,,,,
351539,episode_end,306.51297234688434,198,0.16098397363939393,-100.0,,,,,
351722,episode_end,213.3019330413699,183,0.1632125997432342,-100.0,,,,,
351942,episode_end,327.70525734244745,220,0.15857219296619798,-100.0,,,,,
352000,train_step,,,0.15838091836292958,-100.0,100000,28.832590103149414,-117.1944351196289,1.9992563724517822,-0.0013701170682907104
352117,episode_end,153.37992718238615,175,0.15616062686172277,-100.0,,,,,
352286,episode_end,178.87680072015849,169,0.15718918495840237,-100.0,,,,,
352466,episode_end,188.5961363233384,180,0.1542496765135564,-100.0,,,,,
352615,episode_end,194.1331820277945,149,0.1539015943685611,-100.0,,,,,
352785,episode_end,179.23737414734316,170,0.15208287328645836,-100.0,,,,,
353000,train_step,,,0.15153814887569048,-100.0,100000,25.43656349182129,-116.83404541015625,2.0731658935546875,0.13805796205997467
353008,episode_end,180.33455931530634,223,0.15145757469539675,-100.0,,,,,
353231,episode_end,203.38596646796856,223,0.15014111867762991,-100.0,,,,,
353421,episode_end,200.4508725882997,190,0.15054096208977572,-100.0,,,,,
353598,episode_end,163.90847542711813,177,0.150442383418724,-100.0,,,,,
353761,episode_end,164.41138031732365,163,0.14724666695393382,-100.0,,,,,
353938,episode_end,161.80617228204895,177,0.14557807488158445,-100.0,,,,,
354000,train_step,,,0.14547628031728135,-100.0,100000,39.99840545654297,-115.0281982421875,1.7270591259002686,-0.5261595249176025
354644,episode_end,182.54694789552326,706,0.14304514047258401,-100.0,,,,,
354846,episode_end,174.65880645445458,202,0.14449268135746354,-100.0,,,,,
354992,episode_end,188.87280758935432,146,0.14781519512199837,-100.0,,,,,
355000,train_step,,,0.1478558968480258,-100.0,100000,258.7610168457031,-121.79988098144531,2.101367950439453,0.1937667280435562
355187,episode_end,193.17861370984002,195,0.1500740149562213,-100.0,,,,,
355385,episode_end,196.26824714900627,198,0.14867201926363693,-100.0,,,,,
355560,episode_end,187.12884971782054,175,0.1497935634233305,-100.0,,,,,
355885,episode_end,187.27396079223877,325,0.14640910752384265,-100.0,,,,,
356000,train_step,,,0.14629080916639442,-100.0,100000,184.63009643554688,-111.38407897949219,1.8913706541061401,-0.20880292356014252
356055,episode_end,161.0339116148313,170,0.14618779449539548,-100.0,,,,,
356260,episode_end,303.42065965445926,205,0.14431510123013327,-100.0,,,,,
356493,episode_end,207.36757176296604,233,0.14472142457375417,-100.0,,,,,
356665,episode_end,164.9779142364396,172,0.14600648880385544,-100.0,,,,,
356875,episode_end,317.58764640679783,210,0.14365966458074753,-100.0,,,,,
357000,train_step,,,0.1430480287497344,-100.0,100000,31.644594192504883,-116.55200958251953,1.8840969800949097,-0.22538208961486816
357067,episode_end,196.00160970575558,192,0.14380046029001858,-100.0,,,,,
357269,episode_end,167.24169000928768,202,0.14505941591378632,-100.0,,,,,
357469,episode_end,169.2720582751483,200,0.1465647159406792,-100.0,,,,,
357661,episode_end,198.76823259447707,192,0.14705040695313326,-100.0,,,,,
357852,episode_end,166.8922546239953,191,0.14514503618254293,-100.0,,,,,
358000,train_step,,,0.1463449103650848,-100.0,100000,107.59419250488281,-118.41019439697266,2.1105456352233887,0.21244511008262634
358049,episode_end,180.26601830526812,197,0.14656873632981646,-100.0,,,,,
358218,episode_end,177.93328194050287,169,0.14683766637686868,-100.0,,,,,
358421,episode_end,205.5612894503778,203,0.14694590369885074,-100.0,,,,,
358649,episode_end,147.24837349491094,228,0.14425997565619586,-100.0,,,,,
358892,episode_end,168.6734504014451,243,0.14570882570846197,-100.0,,,,,
359000,train_step,,,0.14537607760839938,-100.0,100000,27.647964477539062,-118.36723327636719,1.980460524559021,-0.03768058866262436
359057,episode_end,169.10988350504016,165,0.1442052457152936,-100.0,,,,,
359229,episode_end,167.9465225267491,172,0.14179118097106294,-100.0,,,,,
359407,episode_end,179.24106186729816,178,0.1401645897975048,-100.0,,,,,
359602,episode_end,270.121107531647,195,0.14164580177078098,-100.0,,,,,
359770,episode_end,189.86368406480858,168,0.1415242796224711,-100.0,,,,,
360000,train_step,,,0.1441448235767118,-100.0,100000,358.683349609375,-105.8697509765625,1.9286081790924072,-0.13828137516975403
360213,episode_end,297.60345039894105,443,0.14367344048453784,-100.0,,,,,
360402,episode_end,187.63502635817946,189,0.14130069850607002,-100.0,,,,,
360628,episode_end,302.06221817555166,226,0.14081033226106515,-100.0,,,,,
361000,train_step,,,0.14458871985469637,-100.0,100000,299.74810791015625,-112.30645751953125,2.055729627609253,0.10777336359024048
361244,episode_end,138.1927670330686,616,0.14644818532753467,-100.0,,,,,
361496,episode_end,166.36845692435088,252,0.14425227735469653,-100.0,,,,,
361650,episode_end,167.3275255119044,154,0.14512618037314767,-100.0,,,,,
361844,episode_end,204.7305001257469,194,0.14627675991043537,-100.0,,,,,
361998,episode_end,159.56130134110361,154,0.14748886567856767,-100.0,,,,,
362000,train_step,,,0.14750522879677974,-100.0,100000,109.34515380859375,-112.02523040771484,2.1250429153442383,0.23931871354579926
362232,episode_end,311.1746352775121,234,0.1512370083378482,-100.0,,,,,
362659,episode_end,298.6700638867698,427,0.14929273977146007,-100.0,,,,,
362850,episode_end,186.2054349579191,191,0.1473463226143049,-100.0,,,,,
363000,train_step,,,0.1435904996034062,-100.0,100000,160.10006713867188,-107.4730453491211,2.147552013397217,0.28636762499809265
363090,episode_end,179.4884832509712,240,0.14384249088925602,-100.0,,,,,
363263,episode_end,184.13651907693605,173,0.14464294652388196,-100.0,,,,,
363447,episode_end,185.66764180670535,184,0.1456060743634158,-100.0,,,,,
363635,episode_end,139.42536388250835,188,0.1424835690388661,-100.0,,,,,
363812,episode_end,189.5503477444721,177,0.14393071252477405,-100.0,,,,,
363994,episode_end,255.61620067885167,182,0.1465991707528476,-100.0,,,,,
364000,train_step,,,0.14655678545141856,-100.0,100000,82.44892120361328,-107.44598388671875,1.9067763090133667,-0.17902135848999023
364154,episode_end,175.57007304092645,160,0.1470888896093348,-100.0,,,,,
364359,episode_end,306.4264285726132,205,0.14577582220055035,-100.0,,,,,
365000,train_step,,,0.1486196531103601,-100.0,100000,161.61053466796875,-106.2651138305664,1.8769110441207886,-0.23465225100517273
365359,episode_end,153.86737119222775,1000,0.14484021524709456,-100.0,,,,,
365542,episode_end,193.1742892002818,183,0.14518358281284507,-100.0,,,,,
365730,episode_end,198.95902036275763,188,0.14716734624447633,-100.0,,,,,
365946,episode_end,126.20682947932144,216,0.1499060410077908,-100.0,,,,,
366000,train_step,,,0.14965483012296876,-100.0,100000,298.62744140625,-106.29876708984375,1.898744821548462,-0.19232645630836487
366125,episode_end,207.14728810797274,179,0.14797802095402418,-100.0,,,,,
366302,episode_end,188.52965396961196,177,0.14771436050765138,-100.0,,,,,
366816,episode_end,152.643887530577,514,0.1464378680435695,-100.0,,,,,
366997,episode_end,195.4298249388815,181,0.14933401991644518,-100.0,,,,,
367000,train_step,,,0.149335202691922,-100.0,100000,76.33436584472656,-107.66853332519531,1.8298531770706177,-0.32354477047920227
367199,episode_end,196.23638843251052,202,0.1472779856982811,-100.0,,,,,
367364,episode_end,175.8818398474227,165,0.14505667538721265,-100.0,,,,,
367538,episode_end,186.0677734506805,174,0.14207630808529223,-100.0,,,,,
367740,episode_end,205.20598436882392,202,0.14350227230954035,-100.0,,,,,
367994,episode_end,209.82313383913083,254,0.14477016594624176,-100.0,,,,,
368000,train_step,,,0.14458433010966432,-100.0,100000,245.71646118164062,-106.12516021728516,1.9308054447174072,-0.13381493091583252
368170,episode_end,178.70237903544563,176,0.14145725470842602,-100.0,,,,,
368361,episode_end,149.245973878689,191,0.14077968826328216,-100.0,,,,,
368543,episode_end,189.58044962593007,182,0.1414902246810126,-100.0,,,,,
368719,episode_end,195.42063255684292,176,0.14119337633264623,-100.0,,,,,
368936,episode_end,208.953132119267,217,0.14043402591548815,-100.0,,,,,
369000,train_step,,,0.14032963420866168,-100.0,100000,55.393592834472656,-104.60517883300781,1.976494312286377,-0.04615951329469681
369132,episode_end,196.23102344653836,196,0.13944511681162802,-100.0,,,,,
370000,train_step,,,0.1417982105445772,-100.0,100000,160.63516235351562,-103.82933044433594,2.0846710205078125,0.1653926521539688
370132,episode_end,-13.01429003183466,1000,0.14086716170094127,-100.0,,,,,
370298,episode_end,175.85659409020542,166,0.14041236052164674,-100.0,,,,,
370476,episode_end,183.75756933199767,178,0.1411741684871567,-100.0,,,,,
370644,episode_end,165.89335953993478,168,0.1411889616643024,-100.0,,,,,
370818,episode_end,158.16916772060122,174,0.14354207471960007,-100.0,,,,,
370949,episode_end,188.73088579981732,131,0.14212609164280152,-100.0,,,,,
371000,train_step,,,0.1416545264298636,-100.0,100000,106.08392333984375,-104.29827880859375,1.941197395324707,-0.11492159217596054
371110,episode_end,171.62852964326572,161,0.14123836914302607,-100.0,,,,,
371332,episode_end,288.54020549161675,222,0.14074730387858958,-100.0,,,,,
371536,episode_end,213.1194939489054,204,0.14227538191984349,-100.0,,,,,
371716,episode_end,267.3188875193987,180,0.1425261900350827,-100.0,,,,,
371962,episode_end,251.07315988087498,246,0.14358487713879795,-100.0,,,,,
372000,train_step,,,0.14400593249059646,-100.0,100000,30.732145309448242,-105.57354736328125,2.036214828491211,0.07018056511878967
372160,episode_end,185.34318691361437,198,0.14593619170354627,-100.0,,,,,
372362,episode_end,200.40706386261508,202,0.1479581234422042,-100.0,,,,,
372573,episode_end,199.3633434311941,211,0.14894180886194716,-100.0,,,,,
372745,episode_end,188.98938854654295,172,0.15006204607413395,-100.0,,,,,
372911,episode_end,167.82505347467085,166,0.1488850733984793,-100.0,,,,,
373000,train_step,,,0.1488004217018971,-100.0,100000,15.362109184265137,-109.28334045410156,2.196241617202759,0.3738696277141571
373119,episode_end,215.20841267957792,208,0.14798095275656567,-100.0,,,,,
374000,train_step,,,0.14883885304955588,-100.0,100000,101.18566131591797,-105.1138916015625,2.058943033218384,0.11227994412183762
374119,episode_end,120.31698381840485,1000,0.1468740805233412,-100.0,,,,,
375000,train_step,,,0.14844287004901346,-100.0,100000,353.6820068359375,-107.02528381347656,2.05210542678833,0.09939432889223099
375119,episode_end,158.61244737586384,1000,0.14703284100960864,-100.0,,,,,
375383,episode_end,268.86020405627426,264,0.1432481402041349,-100.0,,,,,
375591,episode_end,198.07365540463672,208,0.14394504406144534,-100.0,,,,,
375817,episode_end,182.24579657537606,226,0.14636844197658158,-100.0,,,,,
376000,train_step,,,0.14514460760863737,-100.0,100000,90.6771011352539,-98.26492309570312,1.9904828071594238,-0.018368206918239594
376077,episode_end,198.66868154679682,260,0.14311066148413476,-100.0,,,,,
376363,episode_end,164.35427700288133,286,0.13895392056053874,-100.0,,,,,
376607,episode_end,150.7265644619088,244,0.13732748206147669,-100.0,,,,,
376869,episode_end,185.86724465033848,262,0.13462755095109175,-100.0,,,,,
377000,train_step,,,0.13382710316683138,-100.0,100000,149.3133544921875,-98.61539459228516,2.1007118225097656,0.2025519609451294
377109,episode_end,263.17300422159394,240,0.13342820801824382,-100.0,,,,,
377318,episode_end,155.03412831659196,209,0.13459369118887202,-100.0,,,,,
377578,episode_end,267.1863013275517,260,0.13636476611437945,-100.0,,,,,
377903,episode_end,175.93348346230397,325,0.13898575582531666,-100.0,,,,,
378000,train_step,,,0.1389521875974782,-100.0,100000,102.0740966796875,-104.51307678222656,2.0914714336395264,0.1805301159620285
378131,episode_end,209.79244236606803,228,0.13841836864689397,-100.0,,,,,
378458,episode_end,172.08828485180823,327,0.13549156831640347,-100.0,,,,,
378720,episode_end,183.2447563846933,262,0.13299006962011858,-100.0,,,,,
378965,episode_end,294.73160854374737,245,0.13002470021948134,-100.0,,,,,
379000,train_step,,,0.13021003095028338,-100.0,100000,33.3779296875,-99.4651870727539,1.8752974271774292,-0.2542193830013275
379213,episode_end,192.5421893446729,248,0.13375105535125217,-100.0,,,,,
379377,episode_end,178.37997527236277,164,0.13410330599479578,-100.0,,,,,
379678,episode_end,156.35941561985425,301,0.1307027427451057,-100.0,,,,,
379864,episode_end,159.11708316168102,186,0.12835256709809933,-100.0,,,,,
380000,train_step,,,0.12951829432492198,-100.0,100000,69.14354705810547,-96.46987915039062,1.8742094039916992,-0.2571074664592743
380101,episode_end,153.541747171248,237,0.12884976281010066,-100.0,,,,,
380363,episode_end,282.6327085780197,262,0.12974717081163145,-100.0,,,,,
380589,episode_end,200.39684424563325,226,0.12943569304189786,-100.0,,,,,
380814,episode_end,191.42727044229542,225,0.13184464820761155,-100.0,,,,,
380983,episode_end,178.99684293011484,169,0.133185363933487,-100.0,,,,,
381000,train_step,,,0.13295760922528577,-100.0,100000,591.23779296875,-100.19905090332031,2.074117660522461,0.14954930543899536
381206,episode_end,192.44584546964845,223,0.13471333220772488,-100.0,,,,,
381416,episode_end,189.98690692882172,210,0.13706101315960653,-100.0,,,,,
381756,episode_end,196.1391539651733,340,0.1336492600760455,-100.0,,,,,
381982,episode_end,180.5839248994829,226,0.13127601151764967,-100.0,,,,,
382000,train_step,,,0.13081270094447972,-100.0,100000,31.41293716430664,-99.93870544433594,2.1000940799713135,0.20359016954898834
382206,episode_end,200.4337993817182,224,0.1291293420875499,-100.0,,,,,
382418,episode_end,158.88276498602877,212,0.12914177703281005,-100.0,,,,,
382622,episode_end,207.62362123081704,204,0.12927380171918634,-100.0,,,,,
382836,episode_end,166.56623715982266,214,0.1299624186854873,-100.0,,,,,
383000,train_step,,,0.1281141100799931,-100.0,100000,81.20176696777344,-95.51496124267578,2.0528564453125,0.1086113452911377
383033,episode_end,181.48078679190525,197,0.12824206093697937,-100.0,,,,,
383219,episode_end,192.37154506867049,186,0.13007900583267346,-100.0,,,,,
383415,episode_end,171.06339306371257,196,0.12983408732199864,-100.0,,,,,
383646,episode_end,206.24829095527224,231,0.1289995512069615,-100.0,,,,,
383819,episode_end,162.1095848724807,173,0.13257199193438932,-100.0,,,,,
384000,train_step,,,0.1329602922249369,-100.0,100000,101.05036926269531,-95.54911804199219,1.836959958076477,-0.3289666771888733
384023,episode_end,195.44614041609935,204,0.13272358208726123,-100.0,,,,,
384220,episode_end,179.8268059774214,197,0.13335482684315442,-100.0,,,,,
384477,episode_end,170.1699602186883,257,0.13652944289307972,-100.0,,,,,
384676,episode_end,201.29052366933655,199,0.14148854828082644,-100.0,,,,,
384882,episode_end,180.96882863175327,206,0.14248610934097303,-100.0,,,,,
385000,train_step,,,0.1421221815246648,-100.0,100000,72.550537109375,-95.97840881347656,1.9249712228775024,-0.14638616144657135
385076,episode_end,192.62380722485472,194,0.14318764540393006,-100.0,,,,,
385280,episode_end,185.56764422747005,204,0.14160831311318728,-100.0,,,,,
385545,episode_end,202.33442908528878,265,0.14085818945907969,-100.0,,,,,
385723,episode_end,160.0644589441397,178,0.13688487668748742,-100.0,,,,,
385942,episode_end,172.27621786545362,219,0.13933812570520268,-100.0,,,,,
386000,train_step,,,0.14010168058993056,-100.0,100000,128.07421875,-96.97950744628906,2.0082132816314697,0.016142070293426514
386116,episode_end,169.74141119965526,174,0.14117481265497903,-100.0,,,,,
386320,episode_end,169.7229293878567,204,0.1390859214341799,-100.0,,,,,
386549,episode_end,185.28186507757334,229,0.1381645730621278,-100.0,,,,,
386766,episode_end,177.4311668753382,217,0.1356988100898782,-100.0,,,,,
386908,episode_end,142.42478246908283,142,0.13203258549774743,-100.0,,,,,
387000,train_step,,,0.1297447793807435,-100.0,100000,103.11175537109375,-94.57366943359375,1.8316941261291504,-0.3437117338180542
387150,episode_end,181.09586162210684,242,0.12785891227535248,-100.0,,,,,
387342,episode_end,201.38238439701954,192,0.12667783024452017,-100.0,,,,,
387579,episode_end,192.54493011273934,237,0.12853374016470115,-100.0,,,,,
387761,episode_end,179.28672881944118,182,0.13055301709585007,-100.0,,,,,
387909,episode_end,149.2288812198964,148,0.1309454836159788,-100.0,,,,,
388000,train_step,,,0.13126360015434121,-100.0,100000,34.691123962402344,-93.98764038085938,1.9561347961425781,-0.0890706479549408
388082,episode_end,168.35014511089528,173,0.13140252566041402,-100.0,,,,,
388252,episode_end,157.7237135057457,170,0.13158738000193515,-100.0,,,,,
388490,episode_end,302.1454654592085,238,0.13200191462164007,-100.0,,,,,
388666,episode_end,183.7878573587302,176,0.1301880542356864,-100.0,,,,,
388905,episode_end,177.51295548740518,239,0.12781070789680612,-100.0,,,,,
389000,train_step,,,0.12711020963244618,-100.0,100000,99.5980224609375,-98.47048950195312,2.223501443862915,0.46101680397987366
389149,episode_end,146.98504610854982,244,0.12882407902402565,-100.0,,,,,
389344,episode_end,316.2281463823947,195,0.1314293011391828,-100.0,,,,,
389555,episode_end,193.72867739164474,211,0.13451458025225452,-100.0,,,,,
389773,episode_end,194.8254772842829,218,0.13359673694055874,-100.0,,,,,
389979,episode_end,163.62742003058378,206,0.13454664265836833,-100.0,,,,,
390000,train_step,,,0.13418109796974292,-100.0,100000,177.37246704101562,-98.90541076660156,2.0110411643981934,0.022177286446094513
390164,episode_end,196.41807974471067,185,0.13240709561829916,-100.0,,,,,
390346,episode_end,192.76663152605263,182,0.13469703003341577,-100.0,,,,,
390535,episode_end,263.0765264759542,189,0.13489611444346636,-100.0,,,,,
390772,episode_end,193.45672045152372,237,0.13880114758097709,-100.0,,,,,
391000,train_step,,,0.13697471695491528,-100.0,100000,235.06997680664062,-96.86036682128906,2.1252455711364746,0.24898293614387512
391023,episode_end,162.6265173976917,251,0.13698515442039183,-100.0,,,,,
391235,episode_end,210.71133431400324,212,0.1365489878638002,-100.0,,,,,
391457,episode_end,189.35211024930516,222,0.13648684373712322,-100.0,,,,,
391666,episode_end,175.59690971428103,209,0.1362931230450005,-100.0,,,,,
391889,episode_end,214.14822700585842,223,0.1380452228322565,-100.0,,,,,
392000,train_step,,,0.13826436664715194,-100.0,100000,113.77368927001953,-97.35363006591797,1.8764758110046387,-0.24440337717533112
392106,episode_end,200.52540616052522,217,0.13640565965767587,-100.0,,,,,
392277,episode_end,167.28534778554985,171,0.13735879203836446,-100.0,,,,,
392448,episode_end,320.8249677521794,171,0.13728134111676668,-100.0,,,,,
392632,episode_end,173.6730191676151,184,0.13504409736690273,-100.0,,,,,
392799,episode_end,182.34420313758636,167,0.13460242126762137,-100.0,,,,,
393000,train_step,,,0.1356197698989268,-100.0,100000,114.3143310546875,-98.69491577148438,2.06378173828125,0.12742915749549866
393021,episode_end,154.29691824493716,222,0.13589598457941132,-100.0,,,,,
393222,episode_end,172.68032430931743,201,0.13636693341267397,-100.0,,,,,
393451,episode_end,289.931747548823,229,0.13804506373471834,-100.0,,,,,
393689,episode_end,283.25694504483727,238,0.13765966115227707,-100.0,,,,,
393859,episode_end,179.5310931087129,170,0.1353671165696772,-100.0,,,,,
394000,train_step,,,0.13496050308942284,-100.0,100000,83.69271850585938,-96.29826354980469,2.014078378677368,0.02819599211215973
394023,episode_end,190.68993546406605,164,0.13439672671851483,-100.0,,,,,
394229,episode_end,190.2546246081048,206,0.13128167195072832,-100.0,,,,,
394408,episode_end,177.0978326969783,179,0.1318507703262264,-100.0,,,,,
394677,episode_end,313.19334903968837,269,0.13301842861386723,-100.0,,,,,
394828,episode_end,176.76762420055985,151,0.13325176434405844,-100.0,,,,,
395000,train_step,,,0.13319388373528512,-100.0,100000,105.15193176269531,-94.23663330078125,1.9507856369018555,-0.09921374917030334
395107,episode_end,215.11640166580378,279,0.1321627054496355,-100.0,,,,,
395274,episode_end,269.03111341013624,167,0.13507827332278288,-100.0,,,,,
395442,episode_end,154.21372424511355,168,0.13546773620197952,-100.0,,,,,
395668,episode_end,212.72290649817324,226,0.13768913111355746,-100.0,,,,,
395842,episode_end,144.0350756397555,174,0.13641541216220995,-100.0,,,,,
396000,train_step,,,0.13601275790514664,-100.0,100000,68.80119323730469,-93.64289093017578,2.013478994369507,0.02689080312848091
396040,episode_end,290.11174240299357,198,0.13537680537549227,-100.0,,,,,
396245,episode_end,151.5557394462498,205,0.13593361413348265,-100.0,,,,,
396621,episode_end,174.05565948844696,376,0.13122764320594926,-100.0,,,,,
396811,episode_end,184.12917309625067,190,0.1286343611531659,-100.0,,,,,
397000,train_step,,,0.12784667954530568,-100.0,100000,22.456058502197266,-93.69454956054688,2.084533214569092,0.17387808859348297
397139,episode_end,194.5487804897302,328,0.1328538981542598,-100.0,,,,,
397328,episode_end,298.3082634073465,189,0.13556631398871666,-100.0,,,,,
397486,episode_end,180.35065322265524,158,0.1384927916044809,-100.0,,,,,
397683,episode_end,181.58085744958203,197,0.13764518808601942,-100.0,,,,,
397897,episode_end,192.71242902770678,214,0.13490726417919363,-100.0,,,,,
398000,train_step,,,0.13519579791239775,-100.0,100000,44.78392791748047,-91.72013854980469,1.87526273727417,-0.24960310757160187
398045,episode_end,164.59392284727352,148,0.13501624707557347,-100.0,,,,,
398245,episode_end,182.9274296581629,200,0.13431698360933075,-100.0,,,,,
398532,episode_end,198.41353520107518,287,0.13646727388531726,-100.0,,,,,
398705,episode_end,164.51440195901966,173,0.13521418975377278,-100.0,,,,,
398912,episode_end,281.03147988582987,207,0.1380171605425471,-100.0,,,,,
399000,train_step,,,0.13921178533673553,-100.0,100000,38.64558029174805,-96.16178894042969,1.9703787565231323,-0.05840583145618439
399220,episode_end,185.53470085355235,308,0.13682781777750555,-100.0,,,,,
399449,episode_end,175.65498832141043,229,0.13788599117489178,-100.0,,,,,
399636,episode_end,162.33042483981913,187,0.1383912133384003,-100.0,,,,,
399871,episode_end,176.30679283516233,235,0.13779600350567256,-100.0,,,,,
400000,train_step,,,0.13981616386805898,-100.0,100000,116.69915008544922,-90.6923828125,1.8203444480895996,-0.3534591794013977
400081,episode_end,317.01895105412086,210,0.1417816215855415,-100.0,,,,,
400232,episode_end,164.5690370267484,151,0.14182763227222947,-100.0,,,,,
400415,episode_end,270.83194853605124,183,0.1426890528013801,-100.0,,,,,
400620,episode_end,276.10295489381883,205,0.14478065529709627,-100.0,,,,,
400809,episode_end,203.8710687513687,189,0.1449041938893736,-100.0,,,,,
401000,train_step,,,0.14497534153500594,-100.0,100000,133.2594757080078,-90.73536682128906,1.8644089698791504,-0.2618522346019745
401011,episode_end,192.761393401279,202,0.14469671601291875,-100.0,,,,,
401183,episode_end,258.98473131282424,172,0.14454821784255995,-100.0,,,,,
401398,episode_end,210.91619228184385,215,0.14577061406131292,-100.0,,,,,
401627,episode_end,146.85895029574098,229,0.14750717485697049,-100.0,,,,,
401813,episode_end,157.02356528019223,186,0.14633803464788758,-100.0,,,,,
402000,train_step,,,0.14403838811477362,-100.0,100000,179.99436950683594,-90.62879180908203,2.0891690254211426,0.1727806180715561
402023,episode_end,212.62147895031563,210,0.14379975979162532,-100.0,,,,,
402208,episode_end,162.69601399472515,185,0.14211510720082363,-100.0,,,,,
402459,episode_end,305.77114109617963,251,0.1402034209334875,-100.0,,,,,
402726,episode_end,171.37044481224945,267,0.13879579548724613,-100.0,,,,,
403000,train_step,,,0.1385422015474705,-100.0,100000,18.611289978027344,-91.21676635742188,1.924484372138977,-0.14926272630691528
403011,episode_end,195.08960934610494,285,0.138469591951953,-100.0,,,,,
403203,episode_end,137.26656982617226,192,0.13863186244559303,-100.0,,,,,
403401,episode_end,138.56538121775623,198,0.1376773168688717,-100.0,,,,,
403634,episode_end,208.23740813616726,233,0.13664056381881326,-100.0,,,,,
403991,episode_end,193.72223895682765,357,0.12988337558940433,-100.0,,,,,
404000,train_step,,,0.1298592000752208,-100.0,100000,162.0482635498047,-86.81950378417969,2.009502410888672,0.019397631287574768
404210,episode_end,156.4939594027109,219,0.12616320534041314,-100.0,,,,,
404539,episode_end,314.896971893259,329,0.12290664608317174,-100.0,,,,,
405000,train_step,,,0.12337480520441793,-100.0,100000,118.31375885009766,-90.06687927246094,1.9677281379699707,-0.06752987951040268
405235,episode_end,111.97121499694371,696,0.12266570897892898,-100.0,,,,,
405533,episode_end,30.695140973676345,298,0.12545070848909434,-100.0,,,,,
405763,episode_end,143.86384489970914,230,0.12489570418891843,-100.0,,,,,
405983,episode_end,274.18068221660417,220,0.1217914769140397,-100.0,,,,,
406000,train_step,,,0.12188872107127573,-100.0,100000,91.86119079589844,-88.14326477050781,1.9902105331420898,-0.020603176206350327
406198,episode_end,280.8712000818531,215,0.12268334760211953,-100.0,,,,,
406329,episode_end,-75.13244095161116,131,0.1216021624851095,-100.0,,,,,
406663,episode_end,138.30548677180494,334,0.12051472790210802,-100.0,,,,,
406873,episode_end,145.001052638222,210,0.11885834525596252,-100.0,,,,,
407000,train_step,,,0.11870364523710303,-100.0,100000,170.84552001953125,-87.48370361328125,1.8991057872772217,-0.21501818299293518
407016,episode_end,-406.4342058693077,143,0.11879518743759422,-100.0,,,,,
407259,episode_end,267.52978119094473,243,0.12085429082876255,-100.0,,,,,
407425,episode_end,-302.99718002887994,166,0.11961920125780981,-100.0,,,,,
407636,episode_end,153.4543762124792,211,0.11993609660251371,-100.0,,,,,
407860,episode_end,137.71068436092912,224,0.12178779897012507,-100.0,,,,,
408000,train_step,,,0.12187909831579444,-100.0,100000,106.26893615722656,-86.54835510253906,1.9588061571121216,-0.08670178055763245
408072,episode_end,203.43266302916786,212,0.1221790494225118,-100.0,,,,,
408248,episode_end,179.38352463149374,176,0.12152252369032035,-100.0,,,,,
408666,episode_end,169.7403160961155,418,0.12017795464522303,-100.0,,,,,
408784,episode_end,57.9415145701804,118,0.1197156229965483,-100.0,,,,,
409000,train_step,,,0.11789545177782915,-100.0,100000,15.12246322631836,-83.98311614990234,2.0588066577911377,0.1257263422012329
409007,episode_end,265.44472082761484,223,0.11796600037021822,-100.0,,,,,
409351,episode_end,156.11836997590157,344,0.11787783638674981,-100.0,,,,,
409672,episode_end,148.15561740696452,321,0.1162384697855345,-100.0,,,,,
409862,episode_end,296.0156020705381,190,0.11517072061591767,-100.0,,,,,
410000,train_step,,,0.11458588289365161,-100.0,100000,27.087074279785156,-87.65552520751953,2.0222578048706055,0.0482202023267746
410108,episode_end,272.553194917566,246,0.11513405920918664,-100.0,,,,,
410532,episode_end,125.81589535308859,424,0.11310430130189592,-100.0,,,,,
410704,episode_end,161.37123442304824,172,0.11499082067167936,-100.0,,,,,
411000,train_step,,,0.11627329531614035,-100.0,100000,26.762203216552734,-83.03018188476562,2.0492758750915527,0.10603289306163788
411112,episode_end,258.52680710566233,408,0.11510619010133576,-100.0,,,,,
411285,episode_end,300.11825480254595,173,0.11363856649196961,-100.0,,,,,
411460,episode_end,192.47306956101417,175,0.11370427855837986,-100.0,,,,,
411726,episode_end,280.81064893170185,266,0.11528456866819198,-100.0,,,,,
411976,episode_end,260.4711104890939,250,0.11365839572056978,-100.0,,,,,
412000,train_step,,,0.11350943252086125,-100.0,100000,52.52439880371094,-88.40557861328125,2.1955208778381348,0.4254274368286133
412168,episode_end,254.73051306837445,192,0.11257050865771681,-100.0,,,,,
412395,episode_end,187.8167444672864,227,0.11488807589504384,-100.0,,,,,
412624,episode_end,263.2323616011439,229,0.11390159644826545,-100.0,,,,,
412928,episode_end,180.32847668645766,304,0.11119601048048798,-100.0,,,,,
413000,train_step,,,0.11104562766911838,-100.0,100000,60.555606842041016,-84.20095825195312,2.0481669902801514,0.10586225986480713
413114,episode_end,179.23426231559498,186,0.11000562366281513,-100.0,,,,,
413237,episode_end,-20.84603493381431,123,0.11150654635324084,-100.0,,,,,
413411,episode_end,295.0509040103524,174,0.1087502756834819,-100.0,,,,,
413643,episode_end,253.65907728414228,232,0.11056466406926642,-100.0,,,,,
413872,episode_end,318.96657981616096,229,0.11227934783766441,-100.0,,,,,
414000,train_step,,,0.11516658346163375,-100.0,100000,13.89224624633789,-84.30546569824219,1.832472562789917,-0.36208996176719666
414047,episode_end,163.53724934030603,175,0.1151389993366533,-100.0,,,,,
414252,episode_end,279.8678959972343,205,0.11615864068415353,-100.0,,,,,
415000,train_step,,,0.11605991506979715,-100.0,100000,19.63045883178711,-81.34212493896484,2.23250150680542,0.5007263422012329
415174,episode_end,278.2861236408391,922,0.11502386874601142,-100.0,,,,,
415318,episode_end,-401.2825513474823,144,0.11402459709163841,-100.0,,,,,
415767,episode_end,295.08235949147553,449,0.11237913301370255,-100.0,,,,,
416000,train_step,,,0.11249801337287897,-100.0,100000,61.14582824707031,-81.39537048339844,2.191743850708008,0.41892555356025696
416205,episode_end,277.8722981816959,438,0.1151830833651818,-100.0,,,,,
416428,episode_end,329.14403481025704,223,0.11605780264944382,-100.0,,,,,
416778,episode_end,205.180101304985,350,0.11390426724983517,-100.0,,,,,
416969,episode_end,291.9409230286448,191,0.11050149988903263,-100.0,,,,,
417000,train_step,,,0.11052769962960307,-100.0,100000,46.60675048828125,-81.57249450683594,2.1522035598754883,0.3352269232273102
417214,episode_end,280.6186113642174,245,0.1122280313807556,-100.0,,,,,
417391,episode_end,-37.62992735599842,177,0.11046182485187812,-100.0,,,,,
417629,episode_end,241.7668659579001,238,0.10818920153121797,-100.0,,,,,
417862,episode_end,247.75475555372267,233,0.1098723059572105,-100.0,,,,,
418000,train_step,,,0.11013153770441574,-100.0,100000,26.04616928100586,-80.65530395507812,1.7859851121902466,-0.472133994102478
418251,episode_end,276.2639806091962,389,0.11107585177965078,-100.0,,,,,
418646,episode_end,222.42725670709947,395,0.11258982165635834,-100.0,,,,,
418854,episode_end,261.148532649586,208,0.11297500549515206,-100.0,,,,,
419000,train_step,,,0.11124332170167234,-100.0,100000,32.702877044677734,-78.85638427734375,1.9339027404785156,-0.14515170454978943
419093,episode_end,235.69982302788625,239,0.11043943804833549,-100.0,,,,,
419370,episode_end,253.0606889865998,277,0.11362334279656518,-100.0,,,,,
419604,episode_end,161.0403714174635,234,0.11289189953908267,-100.0,,,,,
419774,episode_end,303.0999764564758,170,0.1138393152555275,-100.0,,,,,
419993,episode_end,167.19670530231053,219,0.11521352100993945,-100.0,,,,,
420000,train_step,,,0.11533092860067938,-100.0,100000,129.32192993164062,-79.76986694335938,2.1570701599121094,0.3392634093761444
420165,episode_end,168.59681713962823,172,0.11656483257986627,-100.0,,,,,
420404,episode_end,239.58550496708037,239,0.11950065492751911,-100.0,,,,,
420581,episode_end,187.3969131842989,177,0.11815127940241497,-100.0,,,,,
420797,episode_end,239.91784330735885,216,0.11791603879376487,-100.0,,,,,
421000,train_step,,,0.11716627880729209,-100.0,100000,71.56963348388672,-78.90489196777344,2.089837074279785,0.19262517988681793
421024,episode_end,187.16987429382732,227,0.11720994817166891,-100.0,,,,,
421466,episode_end,273.2963834288979,442,0.11814400230875767,-100.0,,,,,
421679,episode_end,283.8881270525608,213,0.11703827809636949,-100.0,,,,,
421923,episode_end,233.6970008107104,244,0.11569695310275196,-100.0,,,,,
422000,train_step,,,0.1167208649987326,-100.0,100000,20.068668365478516,-77.70602416992188,1.846203327178955,-0.33035075664520264
422126,episode_end,322.66596092112445,203,0.11833124491863187,-100.0,,,,,
422325,episode_end,145.2028383173613,199,0.1210226461661369,-100.0,,,,,
422492,episode_end,180.1681286138952,167,0.12155838733331668,-100.0,,,,,
422880,episode_end,174.23476244376133,388,0.12252040035489874,-100.0,,,,,
423000,train_step,,,0.12150334730965032,-100.0,100000,25.29292106628418,-79.2030258178711,2.0058341026306152,0.012297078967094421
423064,episode_end,298.81119468575866,184,0.12201692445350434,-100.0,,,,,
423209,episode_end,184.55761331226537,145,0.12096325011664442,-100.0,,,,,
423380,episode_end,182.7079217958455,171,0.12284466806934481,-100.0,,,,,
423796,episode_end,187.1968084516356,416,0.12314016231271223,-100.0,,,,,
424000,train_step,,,0.12156861374036111,-100.0,100000,17.02721405029297,-75.99665832519531,2.06416916847229,0.1352224349975586
424003,episode_end,189.8220591292486,207,0.1215730489851673,-100.0,,,,,
424228,episode_end,306.5500194645747,225,0.11961545846321224,-100.0,,,,,
424499,episode_end,299.12353880682497,271,0.11687001856328477,-100.0,,,,,
424708,episode_end,315.49528817034434,209,0.11796387698722872,-100.0,,,,,
424862,episode_end,199.92268820279733,154,0.11636600420547522,-100.0,,,,,
425000,train_step,,,0.11789176544294476,-100.0,100000,59.75060272216797,-78.16924285888672,2.1619739532470703,0.3462985157966614
425022,episode_end,147.12241059494104,160,0.11845176409376525,-100.0,,,,,
425287,episode_end,140.3214228976687,265,0.11866399889007957,-100.0,,,,,
425455,episode_end,271.06073788149297,168,0.1169624517057984,-100.0,,,,,
425896,episode_end,286.3967047498536,441,0.11733508677600911,-100.0,,,,,
426000,train_step,,,0.11620409375170611,-100.0,100000,87.59175872802734,-75.2792739868164,2.010819435119629,0.023287922143936157
426180,episode_end,172.22614889549612,284,0.1156455015301323,-100.0,,,,,
426630,episode_end,271.34919477694325,450,0.11243504930823219,-100.0,,,,,
426836,episode_end,271.7409868815257,206,0.11261577083288907,-100.0,,,,,
427000,train_step,,,0.11259615787324806,-100.0,100000,26.545379638671875,-81.17745971679688,1.9455039501190186,-0.11901643872261047
427005,episode_end,189.14393698364415,169,0.112554389821873,-100.0,,,,,
427177,episode_end,299.4238815286857,172,0.11255172846186354,-100.0,,,,,
427353,episode_end,187.0615422221464,176,0.11237813683135835,-100.0,,,,,
427694,episode_end,244.78851931013807,341,0.11350644560232574,-100.0,,,,,
427857,episode_end,285.36376699776224,163,0.11379825190797739,-100.0,,,,,
428000,train_step,,,0.11369373492538158,-100.0,100000,24.607389450073242,-81.23931121826172,1.9739353656768799,-0.056671157479286194
428187,episode_end,287.17120349003085,330,0.11221835638609982,-100.0,,,,,
428396,episode_end,321.6330603461846,209,0.11133224894715625,-100.0,,,,,
428547,episode_end,265.2511960105668,151,0.11250517469581482,-100.0,,,,,
429000,train_step,,,0.11411636771864567,-100.0,100000,21.537616729736328,-80.49190521240234,2.1228842735290527,0.2667251229286194
429116,episode_end,256.69002559208036,569,0.11224974163073671,-100.0,,,,,
429282,episode_end,169.7401692051493,166,0.1121573059575999,-100.0,,,,,
429535,episode_end,280.3552215281901,253,0.11257132609370274,-100.0,,,,,
429702,episode_end,265.28733389010387,167,0.1110891567892268,-100.0,,,,,
429932,episode_end,291.2613833040797,230,0.11202376571276496,-100.0,,,,,
430000,train_step,,,0.11271879885706439,-100.0,100000,123.79139709472656,-79.52882385253906,2.1644132137298584,0.3588911294937134
430085,episode_end,167.98325105717436,153,0.11358202332285855,-100.0,,,,,
431000,train_step,,,0.11420290198190788,-100.0,100000,102.55126190185547,-76.13301086425781,2.1080310344696045,0.2344033420085907
431007,episode_end,122.1773231852578,922,0.11414432077031036,-100.0,,,,,
431188,episode_end,292.7050868114255,181,0.11470052569240752,-100.0,,,,,
431388,episode_end,149.58599175673652,200,0.11725563332744827,-100.0,,,,,
431550,episode_end,156.21625509376025,162,0.11717866673054954,-100.0,,,,,
431710,episode_end,145.93815170529518,160,0.11579811001503616,-100.0,,,,,
431929,episode_end,270.2611316877494,219,0.11453342062085668,-100.0,,,,,
432000,train_step,,,0.11461795385124653,-100.0,100000,47.310028076171875,-77.0311279296875,1.932329773902893,-0.14658376574516296
432143,episode_end,173.34611076850345,214,0.11419676050398946,-100.0,,,,,
432411,episode_end,309.26201238373903,268,0.11467391676540556,-100.0,,,,,
432644,episode_end,170.7902938495178,233,0.11209061942598599,-100.0,,,,,
432829,episode_end,290.62273586223336,185,0.11077985506765689,-100.0,,,,,
433000,train_step,,,0.10877640713174068,-100.0,100000,121.46931457519531,-78.95865631103516,1.905219316482544,-0.21026726067066193
433058,episode_end,283.5296997609348,229,0.10789388345268269,-100.0,,,,,
433200,episode_end,161.9406036764836,142,0.10652537530065678,-100.0,,,,,
433406,episode_end,179.205458493509,206,0.10704570193612488,-100.0,,,,,
433654,episode_end,296.22809531371115,248,0.10783441251447043,-100.0,,,,,
433890,episode_end,151.29660323618927,236,0.10948179946764164,-100.0,,,,,
434000,train_step,,,0.10917713219891759,-100.0,100000,10.307154655456543,-79.18748474121094,1.899827480316162,-0.22186024487018585
434102,episode_end,166.97424591963392,212,0.10975851054086322,-100.0,,,,,
434310,episode_end,161.35356979041256,208,0.10987184498118599,-100.0,,,,,
434491,episode_end,302.5227047460275,181,0.1121713654488437,-100.0,,,,,
434676,episode_end,276.34812120157665,185,0.11123622004496718,-100.0,,,,,
434869,episode_end,155.36911950249683,193,0.10987601086781068,-100.0,,,,,
435000,train_step,,,0.10752246028466324,-100.0,100000,44.01887512207031,-78.82957458496094,1.9034709930419922,-0.21526476740837097
435039,episode_end,302.5007851117855,170,0.10666698831828803,-100.0,,,,,
435230,episode_end,283.65917823722214,191,0.1054452666804526,-100.0,,,,,
435446,episode_end,297.155094943049,216,0.10425879546512101,-100.0,,,,,
435620,episode_end,162.34889896989404,174,0.10643485959849638,-100.0,,,,,
435800,episode_end,284.34181626588463,180,0.1070079297467774,-100.0,,,,,
436000,train_step,,,0.10588981609341423,-100.0,100000,133.70957946777344,-75.22732543945312,2.223728895187378,0.5023512244224548
436048,episode_end,142.8071559240508,248,0.10611009490155786,-100.0,,,,,
436234,episode_end,150.91346761396574,186,0.10544159868709509,-100.0,,,,,
436417,episode_end,276.2394067064996,183,0.10488904605825923,-100.0,,,,,
436590,episode_end,286.42505708656194,173,0.10519158284031406,-100.0,,,,,
436844,episode_end,295.4760831554951,254,0.1048744867923999,-100.0,,,,,
437000,train_step,,,0.10459095682222616,-100.0,100000,12.420160293579102,-75.47421264648438,1.9917248487472534,-0.018682710826396942
437006,episode_end,282.22324692460825,162,0.10473344403639065,-100.0,,,,,
437243,episode_end,180.0260272126207,237,0.1068104014751774,-100.0,,,,,
437461,episode_end,266.9663749448436,218,0.10523836182013113,-100.0,,,,,
437629,episode_end,182.14576102773395,168,0.10426962886630083,-100.0,,,,,
437806,episode_end,149.09936922133443,177,0.10433486362420404,-100.0,,,,,
438000,train_step,,,0.10679874080022383,-100.0,100000,25.28891372680664,-80.62123107910156,1.9930168390274048,-0.015620123594999313
438806,episode_end,102.99302407749778,1000,0.11209737230365362,-100.0,,,,,
439000,train_step,,,0.11103135808173906,-100.0,100000,161.765380859375,-76.23152923583984,1.8168023824691772,-0.4026578664779663
439018,episode_end,283.5534580279941,212,0.11082617332448469,-100.0,,,,,
439201,episode_end,158.08460187587877,183,0.1091390349407591,-100.0,,,,,
439375,episode_end,298.29256699951475,174,0.10747971827815936,-100.0,,,,,
439910,episode_end,157.63696919064643,535,0.10573254749414385,-100.0,,,,,
440000,train_step,,,0.10492629010206336,-100.0,100000,52.05039978027344,-76.97772216796875,1.6578900814056396,-0.7712857723236084
440109,episode_end,200.23380504218844,199,0.10514173005791891,-100.0,,,,,
440404,episode_end,298.8305341874876,295,0.10418127236253735,-100.0,,,,,
440563,episode_end,153.50312158375294,159,0.10286977960551875,-100.0,,,,,
440753,episode_end,274.8762245982299,190,0.10098354332828971,-100.0,,,,,
440912,episode_end,184.3247969828859,159,0.09875610895973241,-100.0,,,,,
441000,train_step,,,0.0970065063858408,-100.0,100000,24.531173706054688,-74.03811645507812,1.967628002166748,-0.07552310079336166
441554,episode_end,272.9315848642796,642,0.09503298341467781,-100.0,,,,,
441727,episode_end,283.0307393755028,173,0.09782522917163886,-100.0,,,,,
441883,episode_end,296.31162461472195,156,0.09803366180528361,-100.0,,,,,
442000,train_step,,,0.0989438221458457,-100.0,100000,33.95705795288086,-77.43893432617188,1.9847197532653809,-0.035346489399671555
442020,episode_end,182.9476538231113,137,0.09893966231405173,-100.0,,,,,
442212,episode_end,285.4860563140094,192,0.09944908752794324,-100.0,,,,,
442433,episode_end,298.2149709486806,221,0.09927763203329901,-100.0,,,,,
442609,episode_end,172.1266307505672,176,0.09889922041707899,-100.0,,,,,
442852,episode_end,249.48001269760863,243,0.09933555962791257,-100.0,,,,,
443000,train_step,,,0.09858070710715666,-100.0,100000,158.47325134277344,-74.00505828857422,1.8306270837783813,-0.39241665601730347
443047,episode_end,298.3943505120325,195,0.09797007176351784,-100.0,,,,,
443242,episode_end,279.23531674874647,195,0.10019174210539653,-100.0,,,,,
443424,episode_end,277.54255668583124,182,0.10141096216397578,-100.0,,,,,
443576,episode_end,-162.50637813470183,152,0.10272582298983052,-100.0,,,,,
443853,episode_end,159.39477488105385,277,0.10704243683515059,-100.0,,,,,
444000,train_step,,,0.10577521875409925,-100.0,100000,21.474716186523438,-72.91572570800781,2.1050095558166504,0.235897034406662
444065,episode_end,291.894002503534,212,0.10574644573722054,-100.0,,,,,
444247,episode_end,265.0909979353363,182,0.10504862462097542,-100.0,,,,,
444466,episode_end,275.40095172198426,219,0.10437328988245505,-100.0,,,,,
444656,episode_end,292.54764287646526,190,0.104672689864326,-100.0,,,,,
444819,episode_end,289.21499495858853,163,0.10373771696275735,-100.0,,,,,
445000,train_step,,,0.10356811603932799,-100.0,100000,47.17729187011719,-73.77971649169922,2.0350089073181152,0.07938390970230103
445033,episode_end,278.85060499884366,214,0.10331124061701574,-100.0,,,,,
445197,episode_end,315.02539946126285,164,0.10449567757971961,-100.0,,,,,
445390,episode_end,273.1869904556201,193,0.10573839838435366,-100.0,,,,,
445585,episode_end,175.2368211077156,195,0.1057927139264873,-100.0,,,,,
445829,episode_end,165.9212727432868,244,0.10527589969279307,-100.0,,,,,
446000,train_step,,,0.1051845984260864,-100.0,100000,21.479087829589844,-74.81698608398438,2.160088062286377,0.36052483320236206
446039,episode_end,288.97697176807094,210,0.10562880147417739,-100.0,,,,,
446262,episode_end,163.63828391760632,223,0.10618284364355181,-100.0,,,,,
446468,episode_end,266.062837460839,206,0.10573580051003843,-100.0,,,,,
446711,episode_end,163.21461246280543,243,0.10317457139662657,-100.0,,,,,
446914,episode_end,249.5736471263877,203,0.10231732805527509,-100.0,,,,,
447000,train_step,,,0.10140836659973738,-100.0,100000,62.418636322021484,-74.01519775390625,1.986659049987793,-0.030532192438840866
447914,episode_end,128.95839117522223,1000,0.09619113358694094,-100.0,,,,,
448000,train_step,,,0.09581479030760985,-100.0,100000,19.058378219604492,-76.20597076416016,1.904361367225647,-0.22430488467216492
448093,episode_end,278.5768855916033,179,0.09615774574736109,-100.0,,,,,
448304,episode_end,300.7739386425324,211,0.09704151502163745,-100.0,,,,,
448466,episode_end,299.7691794343037,162,0.09817574428975989,-100.0,,,,,
448629,episode_end,298.2701615521041,163,0.09972915087436492,-100.0,,,,,
448783,episode_end,304.1475116159324,154,0.09900896329111544,-100.0,,,,,
448962,episode_end,284.0286082186934,179,0.09697433371924322,-100.0,,,,,
449000,train_step,,,0.09742615156647803,-100.0,100000,22.004112243652344,-72.28939819335938,2.0103113651275635,0.02401169389486313
449252,episode_end,159.30595938328028,290,0.09747457168708155,-100.0,,,,,
449414,episode_end,268.78027760227553,162,0.09807694337773729,-100.0,,,,,
449587,episode_end,260.2239356363428,173,0.09796057757257715,-100.0,,,,,
449750,episode_end,285.545087197337,163,0.09748345585291741,-100.0,,,,,
449875,episode_end,192.89960450027883,125,0.09749905659570449,-100.0,,,,,
450000,train_step,,,0.09567625586836076,-100.0,100000,97.49039459228516,-72.25895690917969,1.8814401626586914,-0.2782343029975891
450087,episode_end,302.33256376335373,212,0.0946194977636224,-100.0,,,,,
450296,episode_end,296.9957574228868,209,0.09315979918841384,-100.0,,,,,
450438,episode_end,14.86070466094381,142,0.09406857767456495,-100.0,,,,,
450601,episode_end,274.70775477610863,163,0.09439924242285835,-100.0,,,,,
450786,episode_end,275.99486105529377,185,0.09722397373900019,-100.0,,,,,
450998,episode_end,280.9525829745623,212,0.09928717187964319,-100.0,,,,,
451000,train_step,,,0.09932274755052872,-100.0,100000,48.747161865234375,-73.00068664550781,2.2640929222106934,0.6098914742469788
451244,episode_end,290.32694772333275,246,0.09934751894625288,-100.0,,,,,
451426,episode_end,180.08280176072014,182,0.0975774367977316,-100.0,,,,,
451609,episode_end,283.17705726906513,183,0.09703935822416929,-100.0,,,,,
451859,episode_end,268.65537109034346,250,0.09897940165782818,-100.0,,,,,
452000,train_step,,,0.09875987861324431,-100.0,100000,58.99163818359375,-71.47691345214844,1.9900506734848022,-0.02303323894739151
452095,episode_end,298.6606614885068,236,0.0983674039064087,-100.0,,,,,
452267,episode_end,259.93033453064027,172,0.0987498465271189,-100.0,,,,,
452473,episode_end,313.32974394972337,206,0.09908664485010393,-100.0,,,,,
452660,episode_end,289.9252781681691,187,0.10056865290973585,-100.0,,,,,
452857,episode_end,250.5932920049582,197,0.10100005382600061,-100.0,,,,,
453000,train_step,,,0.10153511158293099,-100.0,100000,53.469722747802734,-72.79924774169922,2.0873873233795166,0.19988542795181274
453014,episode_end,310.214519106363,157,0.10149609165242063,-100.0,,,,,
453228,episode_end,178.46406079557033,214,0.1005838260517765,-100.0,,,,,
453496,episode_end,268.2927081905577,268,0.0980661894324443,-100.0,,,,,
453682,episode_end,155.0470091917408,186,0.09730543455128435,-100.0,,,,,
453865,episode_end,182.98120170213656,183,0.09832087143092351,-100.0,,,,,
454000,train_step,,,0.09845240500672431,-100.0,100000,155.84524536132812,-72.90824890136719,1.844221591949463,-0.36112233996391296
454046,episode_end,269.685681380408,181,0.0990672651670609,-100.0,,,,,
454325,episode_end,240.07341405522928,279,0.09902559811459363,-100.0,,,,,
454580,episode_end,314.727532411801,255,0.09853338631145092,-100.0,,,,,
454781,episode_end,165.8137535369121,201,0.09692816979153006,-100.0,,,,,
454959,episode_end,169.70248700591202,178,0.09799978762113246,-100.0,,,,,
455000,train_step,,,0.09848883388341167,-100.0,100000,26.58411407470703,-71.90753173828125,2.036755084991455,0.0851912647485733
455194,episode_end,283.3588842695591,235,0.0982893406885348,-100.0,,,,,
455377,episode_end,161.19528435081315,183,0.09811503004812637,-100.0,,,,,
455565,episode_end,287.44491500325717,188,0.09789326210254076,-100.0,,,,,
455743,episode_end,306.79655610939506,178,0.09984057017980533,-100.0,,,,,
455908,episode_end,166.73135265428607,165,0.09920449489333749,-100.0,,,,,
456000,train_step,,,0.09936314743078706,-100.0,100000,108.22959899902344,-75.03563690185547,2.1693451404571533,0.3910137414932251
456105,episode_end,274.6311602634031,197,0.09921913663082504,-100.0,,,,,
456264,episode_end,316.3439171097914,159,0.09820714647945364,-100.0,,,,,
456452,episode_end,278.2416599685602,188,0.09820845525545355,-100.0,,,,,
456651,episode_end,280.79371316406554,199,0.09730389642882765,-100.0,,,,,
456848,episode_end,196.49757015824906,197,0.09569908614754892,-100.0,,,,,
457000,train_step,,,0.09626488386874649,-100.0,100000,75.70226287841797,-75.13309478759766,1.980532169342041,-0.04556715488433838
457021,episode_end,283.8343558275327,173,0.09621284877950492,-100.0,,,,,
457180,episode_end,320.296315216439,159,0.09673377290353372,-100.0,,,,,
457367,episode_end,298.4112055884194,187,0.09906358097571484,-100.0,,,,,
457558,episode_end,262.78543944163545,191,0.09960568429442451,-100.0,,,,,
457728,episode_end,315.65952071356423,170,0.10301037416825784,-100.0,,,,,
457994,episode_end,-15.371181280743329,266,0.10483283235276482,-100.0,,,,,
458000,train_step,,,0.10497969744703325,-100.0,100000,57.282562255859375,-73.92416381835938,2.1207306385040283,0.2721254229545593
458193,episode_end,299.2619528400382,199,0.1056858697971948,-100.0,,,,,
458389,episode_end,284.09998909817443,196,0.10331792714186794,-100.0,,,,,
458546,episode_end,187.124537621461,157,0.10352537861073395,-100.0,,,,,
458831,episode_end,226.18916113261037,285,0.10067234078130637,-100.0,,,,,
459000,train_step,,,0.09999160657979199,-100.0,100000,92.88015747070312,-74.4422607421875,1.899864673614502,-0.2305784821510315
459002,episode_end,291.4791316793685,171,0.09999550474200888,-100.0,,,,,
459192,episode_end,298.1207954988782,190,0.10158506687332818,-100.0,,,,,
459404,episode_end,178.5848703879515,212,0.10190760748375302,-100.0,,,,,
460000,train_step,,,0.09939967823354792,-100.0,100000,12.722515106201172,-73.37691497802734,1.9976491928100586,-0.005426734685897827
460404,episode_end,133.8398685791524,1000,0.10223619130566182,-100.0,,,,,
460636,episode_end,162.71257343485658,232,0.09863848929907676,-100.0,,,,,
460716,episode_end,-2.915520658331417,80,0.09771533595560561,-100.0,,,,,
460893,episode_end,172.93822290995632,177,0.0962961167912713,-100.0,,,,,
461000,train_step,,,0.09507929538090104,-100.0,100000,82.585693359375,-73.7419662475586,2.1264877319335938,0.2976311445236206
461102,episode_end,255.73654918973642,209,0.09561348004619932,-100.0,,,,,
461382,episode_end,259.0774103189612,280,0.09569838817863366,-100.0,,,,,
461577,episode_end,194.23881508513023,195,0.09638526593372312,-100.0,,,,,
461768,episode_end,151.81575309223632,191,0.09477032186338702,-100.0,,,,,
461959,episode_end,259.89316547442775,191,0.09794176304070834,-100.0,,,,,
462000,train_step,,,0.09811243616635035,-100.0,100000,107.5693359375,-73.14120483398438,2.0476059913635254,0.11052390187978745
462215,episode_end,216.93413526470124,256,0.09781290849709744,-100.0,,,,,
462411,episode_end,265.461130168144,196,0.09941643556526517,-100.0,,,,,
462634,episode_end,173.1704069332867,223,0.10095006811682139,-100.0,,,,,
462958,episode_end,296.2133875161488,324,0.10187500965413909,-100.0,,,,,
463000,train_step,,,0.10136866902048419,-100.0,100000,66.45951080322266,-70.71546936035156,2.0263209342956543,0.060248732566833496
463088,episode_end,20.058952649772635,130,0.10067031562375281,-100.0,,,,,
463312,episode_end,228.48993910235916,224,0.1033075571177337,-100.0,,,,,
463480,episode_end,304.30774278175045,168,0.10462381468314129,-100.0,,,,,
463685,episode_end,141.83955032659424,205,0.10884925712290618,-100.0,,,,,
463754,episode_end,-33.62204992565174,69,0.10933304804061872,-100.0,,,,,
463996,episode_end,298.02352696782054,242,0.11027519695359936,-100.0,,,,,
464000,train_step,,,0.11034989680292709,-100.0,100000,51.703208923339844,-70.84446716308594,2.162471055984497,0.3581021726131439
464182,episode_end,151.7792121274045,186,0.11004425456530036,-100.0,,,,,
464359,episode_end,184.4222690738895,177,0.11151073576170008,-100.0,,,,,
464506,episode_end,-88.02153925475457,147,0.11224030423465721,-100.0,,,,,
464830,episode_end,272.85435047502057,324,0.11123496467668131,-100.0,,,,,
465000,train_step,,,0.1102940693595731,-100.0,100000,15.941032409667969,-72.04766845703125,2.040045738220215,0.08828462660312653
465030,episode_end,166.73959714949842,200,0.11030585633813847,-100.0,,,,,
465276,episode_end,-267.327505420202,246,0.1102321905192112,-100.0,,,,,
465528,episode_end,319.3800459557814,252,0.1128545768886877,-100.0,,,,,
465721,episode_end,307.5205673577641,193,0.11278344384460953,-100.0,,,,,
466000,train_step,,,0.11784283649154362,-100.0,100000,152.59869384765625,-73.31462097167969,2.0027217864990234,0.005820155143737793
466198,episode_end,296.8642073081795,477,0.12124707710598077,-100.0,,,,,
466499,episode_end,222.99899895549612,301,0.11971770300410409,-100.0,,,,,
466696,episode_end,160.10495679644643,197,0.1179073738897984,-100.0,,,,,
466825,episode_end,16.239079259780624,129,0.11602887272764503,-100.0,,,,,
467000,train_step,,,0.11338876990738428,-100.0,100000,53.41261291503906,-75.69157409667969,1.9436588287353516,-0.12265071272850037
467049,episode_end,131.65558833579772,224,0.11310267518760492,-100.0,,,,,
467251,episode_end,285.35440135781914,202,0.11464021516509913,-100.0,,,,,
467494,episode_end,264.187396653664,243,0.11859357802094703,-100.0,,,,,
468000,train_step,,,0.1219866531325925,-100.0,100000,61.5220947265625,-70.8592529296875,2.078319549560547,0.1647721529006958
468004,episode_end,309.70336910395156,510,0.12206407303246859,-100.0,,,,,
468223,episode_end,212.49218141860052,219,0.12426390511063098,-100.0,,,,,
468468,episode_end,189.85139698838134,245,0.1165614747211701,-100.0,,,,,
468726,episode_end,285.58725024525376,258,0.1095644139536818,-100.0,,,,,
468929,episode_end,309.3738301670051,203,0.10868177582518704,-100.0,,,,,
469000,train_step,,,0.10862605497608968,-100.0,100000,15.437192916870117,-75.62550354003906,2.048783779144287,0.10829266905784607
469092,episode_end,151.44034291577833,163,0.10756416266948755,-100.0,,,,,
469276,episode_end,278.8238474205286,184,0.10573706159510723,-100.0,,,,,
469613,episode_end,142.37688820331806,337,0.10269955064212992,-100.0,,,,,
470000,train_step,,,0.1003745453172118,-100.0,100000,19.575634002685547,-72.87275695800781,2.0438859462738037,0.10088706016540527
470613,episode_end,178.24215679431828,1000,0.09870608059477837,-100.0,,,,,
470846,episode_end,286.08606975946134,233,0.10113358170013768,-100.0,,,,,
471000,train_step,,,0.10253462210048044,-100.0,100000,9.874618530273438,-74.36964416503906,2.0866994857788086,0.1974630504846573
471100,episode_end,185.65998864862493,254,0.10376089895212585,-100.0,,,,,
471463,episode_end,291.1284702186061,363,0.10447486446608419,-100.0,,,,,
471742,episode_end,282.77235247418315,279,0.10189592733782087,-100.0,,,,,
471943,episode_end,155.68440807493445,201,0.10270245093841461,-100.0,,,,,
472000,train_step,,,0.10239317848361643,-100.0,100000,40.33763885498047,-71.75531768798828,1.62380850315094,-0.8573160767555237
472197,episode_end,124.2810054120727,254,0.10021995694889814,-100.0,,,,,
472390,episode_end,144.7399909658551,193,0.10013717352244947,-100.0,,,,,
472591,episode_end,172.06569369286984,201,0.09650073189483735,-100.0,,,,,
472825,episode_end,266.05939899405746,234,0.09716841574394637,-100.0,,,,,
473000,train_step,,,0.09860852478781923,-100.0,100000,44.7991943359375,-71.96815490722656,2.065819263458252,0.1524769365787506
473070,episode_end,305.35707848939404,245,0.0995197231062275,-100.0,,,,,
473274,episode_end,278.6982104405087,204,0.09819145535079257,-100.0,,,,,
473634,episode_end,250.33214732666633,360,0.09271265445393166,-100.0,,,,,
473829,episode_end,175.14268328279826,195,0.09205107584723678,-100.0,,,,,
474000,train_step,,,0.09131054983783751,-100.0,100000,190.37966918945312,-72.27599334716797,2.116624355316162,0.27913936972618103
474099,episode_end,182.52280590227457,270,0.09214261613161813,-100.0,,,,,
474360,episode_end,169.84642439141686,261,0.0916423292406383,-100.0,,,,,
474580,episode_end,160.95803776546705,220,0.09241819799126494,-100.0,,,,,
474815,episode_end,304.5978479683315,235,0.09152819201091944,-100.0,,,,,
475000,train_step,,,0.09185567477167503,-100.0,100000,94.25498962402344,-70.58065795898438,2.137970447540283,0.3294093906879425
475018,episode_end,294.3253105663521,203,0.09204209476836787,-100.0,,,,,
475270,episode_end,321.62373634190766,252,0.09394562631367635,-100.0,,,,,
475485,episode_end,163.20418222994655,215,0.09568667802006194,-100.0,,,,,
475707,episode_end,172.08989428750073,222,0.09751566890488716,-100.0,,,,,
475920,episode_end,299.9866467239962,213,0.09584944376553105,-100.0,,,,,
476000,train_step,,,0.09574754740272315,-100.0,100000,71.708740234375,-68.3858642578125,2.0400338172912598,0.09392079710960388
476177,episode_end,171.61178324014992,257,0.09341690928506849,-100.0,,,,,
476434,episode_end,166.5642513726424,257,0.09304176895760054,-100.0,,,,,
476682,episode_end,139.26764121359358,248,0.0903171619020335,-100.0,,,,,
476887,episode_end,279.63328699992644,205,0.0889071854737841,-100.0,,,,,
477000,train_step,,,0.08985991618962766,-100.0,100000,16.294904708862305,-68.6332015991211,2.0702643394470215,0.1693016141653061
477250,episode_end,231.5515191701129,363,0.09023246587344172,-100.0,,,,,
477495,episode_end,255.77729234611888,245,0.09105468283341663,-100.0,,,,,
477738,episode_end,276.91009130707914,243,0.09080892634854369,-100.0,,,,,
477975,episode_end,177.2485691814138,237,0.08826554768260174,-100.0,,,,,
478000,train_step,,,0.08792910486403442,-100.0,100000,83.03775024414062,-66.34651184082031,2.135430097579956,0.3292611241340637
478253,episode_end,286.3048690580673,278,0.0895050989719423,-100.0,,,,,
479000,train_step,,,0.09221580531371268,-100.0,100000,21.0723876953125,-69.45405578613281,2.1483874320983887,0.3536994457244873
479253,episode_end,-179.7692452264265,1000,0.09149713588913903,-100.0,,,,,
479511,episode_end,309.2969900486602,258,0.0915981589667141,-100.0,,,,,
480000,train_step,,,0.08910006686057292,-100.0,100000,100.99993896484375,-64.23629760742188,1.6812634468078613,-0.7707036137580872
480511,episode_end,-174.2270372350144,1000,0.08625465942233485,-100.0,,,,,
480968,episode_end,123.82757851837812,457,0.08656090744911757,-100.0,,,,,
481000,train_step,,,0.08646708569771974,-100.0,100000,24.447105407714844,-69.82196044921875,1.9822218418121338,-0.04352086782455444
481708,episode_end,173.3788804138841,740,0.08748375017651676,-100.0,,,,,
482000,train_step,,,0.08579418274141365,-100.0,100000,37.34021759033203,-67.22937774658203,2.1146960258483887,0.28167134523391724
482034,episode_end,134.4521116203139,326,0.08586068343601323,-100.0,,,,,
482283,episode_end,237.4345485553176,249,0.0842418867804565,-100.0,,,,,
482521,episode_end,302.2205754974294,238,0.08480276288835065,-100.0,,,,,
482835,episode_end,284.24773947075715,314,0.08216831259159989,-100.0,,,,,
483000,train_step,,,0.08145747254171257,-100.0,100000,86.32606506347656,-63.085323333740234,2.217832565307617,0.5462527871131897
483047,episode_end,269.2675461683852,212,0.08148074776012214,-100.0,,,,,
483288,episode_end,288.2196612188517,241,0.08189770637497994,-100.0,,,,,
483467,episode_end,162.4222102078786,179,0.08182350916963621,-100.0,,,,,
483652,episode_end,279.16365458902715,185,0.08226176841735083,-100.0,,,,,
484000,train_step,,,0.08341586443226919,-100.0,100000,147.66806030273438,-68.84075164794922,2.0775084495544434,0.1925244927406311
484024,episode_end,252.01640346947784,372,0.08347673214556114,-100.0,,,,,
484242,episode_end,304.4598279832253,218,0.08343406443023452,-100.0,,,,,
484454,episode_end,289.3057724612024,212,0.08097912589623252,-100.0,,,,,
484690,episode_end,288.045087270744,236,0.0822327956135747,-100.0,,,,,
485000,train_step,,,0.08393891390629192,-100.0,100000,22.66497039794922,-66.15814971923828,1.8804230690002441,-0.29627156257629395
485161,episode_end,232.87216638703802,471,0.08352238381760012,-100.0,,,,,
485313,episode_end,184.5292269555846,152,0.08275745856853876,-100.0,,,,,
485988,episode_end,195.44804341469361,675,0.08212816835249465,-100.0,,,,,
486000,train_step,,,0.08209383393881928,-100.0,100000,124.2769775390625,-67.64022827148438,2.0526235103607178,0.13155297935009003
486213,episode_end,265.8577844849732,225,0.08231850030191423,-100.0,,,,,
486429,episode_end,254.50584310728564,216,0.08420074539138012,-100.0,,,,,
486661,episode_end,162.9137635662247,232,0.08334488060750585,-100.0,,,,,
486918,episode_end,292.088046180483,257,0.08365800928703668,-100.0,,,,,
487000,train_step,,,0.08472143169284548,-100.0,100000,15.444135665893555,-62.63858413696289,2.1069107055664062,0.26389747858047485
487196,episode_end,284.370731956652,278,0.08439246488380595,-100.0,,,,,
487439,episode_end,288.56988173710545,243,0.08426379192041006,-100.0,,,,,
487621,episode_end,171.85317198988383,182,0.08409035825733827,-100.0,,,,,
487836,episode_end,290.5634258305089,215,0.08425870781419838,-100.0,,,,,
488000,train_step,,,0.08389919249772354,-100.0,100000,62.2669563293457,-64.8570556640625,2.1114096641540527,0.2760888934135437
488046,episode_end,138.21292313859556,210,0.08387108101432664,-100.0,,,,,
488248,episode_end,270.5449977434193,202,0.08318893943608997,-100.0,,,,,
488483,episode_end,267.17635548361966,235,0.08249699081304282,-100.0,,,,,
489000,train_step,,,0.08448352390563404,-100.0,100000,54.869178771972656,-62.158050537109375,1.854504942893982,-0.3595472574234009
489032,episode_end,240.30172694269862,549,0.08465751108324855,-100.0,,,,,
489243,episode_end,274.50294048666103,211,0.08508032820674226,-100.0,,,,,
489452,episode_end,159.2148908765294,209,0.08478490828433174,-100.0,,,,,
489682,episode_end,280.77975324069394,230,0.08618546858441942,-100.0,,,,,
489913,episode_end,263.9072819518628,231,0.08619141667514267,-100.0,,,,,
490000,train_step,,,0.08670290738138448,-100.0,100000,8.050699234008789,-65.05561828613281,1.9416873455047607,-0.14258995652198792
490108,episode_end,277.8097028095677,195,0.0861106992387541,-100.0,,,,,
490277,episode_end,297.8640039909132,169,0.08553337190290299,-100.0,,,,,
490514,episode_end,166.23043018675872,237,0.08663879819680517,-100.0,,,,,
490677,episode_end,171.39785586120155,163,0.08758607948328467,-100.0,,,,,
490867,episode_end,274.1334869806702,190,0.09138039605797853,-100.0,,,,,
491000,train_step,,,0.09241645120250785,-100.0,100000,45.29753875732422,-64.94851684570312,2.050283908843994,0.11974892020225525
491093,episode_end,163.32824953267834,226,0.09272746908626754,-100.0,,,,,
491285,episode_end,255.9843241545039,192,0.09275316344901453,-100.0,,,,,
491510,episode_end,165.42955875203972,225,0.09174176322398139,-100.0,,,,,
491711,episode_end,279.49671310185056,201,0.09021565656264606,-100.0,,,,,
491865,episode_end,190.03760087354078,154,0.09086188770722817,-100.0,,,,,
492000,train_step,,,0.09047909826475789,-100.0,100000,49.1920280456543,-62.81546401977539,1.9221479892730713,-0.1870499849319458
492121,episode_end,163.99905952665867,256,0.08969004769869292,-100.0,,,,,
492343,episode_end,254.81840533733617,222,0.08953538646767907,-100.0,,,,,
492512,episode_end,307.2004514111685,169,0.08980340128654545,-100.0,,,,,
492723,episode_end,307.2647694391934,211,0.08846395128100264,-100.0,,,,,
492949,episode_end,292.0282038953443,226,0.08816250270499472,-100.0,,,,,
493000,train_step,,,0.08859036152029655,-100.0,100000,18.86020278930664,-65.27693176269531,2.088261842727661,0.2139233648777008
493154,episode_end,308.3711653749778,205,0.0893313411474788,-100.0,,,,,
493374,episode_end,268.4707968719171,220,0.08933278419649684,-100.0,,,,,
493540,episode_end,180.29140569208863,166,0.08984116896637286,-100.0,,,,,
493729,episode_end,290.06862646602656,189,0.09040190472318793,-100.0,,,,,
493940,episode_end,284.437989593545,211,0.09130113099063022,-100.0,,,,,
494000,train_step,,,0.09123308940158234,-100.0,100000,13.70630931854248,-59.767696380615234,1.8778473138809204,-0.2924746870994568
494149,episode_end,305.1030852045769,209,0.0922060928789178,-100.0,,,,,
494387,episode_end,286.39114288261703,238,0.09283505240824488,-100.0,,,,,
494693,episode_end,298.8980949355521,306,0.09153971445441915,-100.0,,,,,
494884,episode_end,297.66100133539965,191,0.09016954176989173,-100.0,,,,,
495000,train_step,,,0.08973293750010337,-100.0,100000,39.7224006652832,-64.7236557006836,2.150942802429199,0.3639107644557953
495057,episode_end,293.2194210509751,173,0.08902455259788851,-100.0,,,,,
495230,episode_end,169.53795062368766,173,0.08827648906575526,-100.0,,,,,
495421,episode_end,285.6805038964702,191,0.087808102695523,-100.0,,,,,
495955,episode_end,284.78759100808384,534,0.08687874760660433,-100.0,,,,,
496000,train_step,,,0.08711455865887124,-100.0,100000,59.874515533447266,-65.28082275390625,2.0961480140686035,0.23465213179588318
496174,episode_end,269.0599900876324,219,0.08688728045071724,-100.0,,,,,
496339,episode_end,283.12449228039554,165,0.08543401802362027,-100.0,,,,,
496503,episode_end,154.3858680281748,164,0.0842253091647951,-100.0,,,,,
496672,episode_end,162.45105361039165,169,0.08443220857534209,-100.0,,,,,
496868,episode_end,268.5583997758131,196,0.08488369023709168,-100.0,,,,,
497000,train_step,,,0.08474019404706948,-100.0,100000,34.960235595703125,-66.38048553466797,1.9853466749191284,-0.03616706281900406
497055,episode_end,189.3016106430676,187,0.08486019850110726,-100.0,,,,,
497221,episode_end,175.3018942841985,166,0.08467339855347986,-100.0,,,,,
497539,episode_end,151.62576578647275,318,0.08326870068700643,-100.0,,,,,
497736,episode_end,171.38083706138977,197,0.08338026922378262,-100.0,,,,,
497914,episode_end,282.2328375599692,178,0.08342457965188238,-100.0,,,,,
498000,train_step,,,0.08317482454694364,-100.0,100000,16.37416648864746,-67.20033264160156,1.9077526330947876,-0.22940175235271454
498121,episode_end,299.54411377429864,207,0.08243078171610109,-100.0,,,,,
498308,episode_end,164.84773835598415,187,0.08187625230708051,-100.0,,,,,
498557,episode_end,277.83213552408415,249,0.08121582276017376,-100.0,,,,,
498749,episode_end,166.20630522134445,192,0.0815347788558551,-100.0,,,,,
498944,episode_end,167.46175038361292,195,0.0819544379076452,-100.0,,,,,
499000,train_step,,,0.0816569197881506,-100.0,100000,18.860652923583984,-65.25238800048828,1.9101078510284424,-0.2252001315355301
499157,episode_end,309.04662071293876,213,0.07890902226440227,-100.0,,,,,
499381,episode_end,293.2739383180393,224,0.07809133724228982,-100.0,,,,,
499591,episode_end,302.365238940145,210,0.07785272388159224,-100.0,,,,,
499793,episode_end,288.8879260028148,202,0.0799345022885725,-100.0,,,,,
499971,episode_end,268.00006924638075,178,0.07986877909200166,-100.0,,,,,
500000,train_step,,,0.07996579159027198,-100.0,100000,21.11923599243164,-66.55807495117188,1.9314157962799072,-0.17325446009635925
500183,episode_end,250.8326735359711,212,0.07806911273499997,-100.0,,,,,
500396,episode_end,303.95669440376645,213,0.07887201365195214,-100.0,,,,,
500601,episode_end,295.5001483940767,205,0.08018241964182485,-100.0,,,,,
500764,episode_end,279.6705768300202,163,0.0816780010052346,-100.0,,,,,
500940,episode_end,291.066302110691,176,0.08236812591543435,-100.0,,,,,
501000,train_step,,,0.08173409272011252,-100.0,100000,32.398170471191406,-66.98909759521484,1.9276775121688843,-0.18111613392829895
501347,episode_end,289.6394043825372,407,0.08165280615615063,-100.0,,,,,
501504,episode_end,172.21696414356933,157,0.08126521128094746,-100.0,,,,,
501739,episode_end,285.8932150766884,235,0.08161205044003696,-100.0,,,,,
501936,episode_end,171.50390469140038,197,0.0806921861890917,-100.0,,,,,
502000,train_step,,,0.07992833814822609,-100.0,100000,130.13461303710938,-62.5391960144043,1.9450072050094604,-0.13894608616828918
502127,episode_end,300.9851375104413,191,0.08030566987729695,-100.0,,,,,
502369,episode_end,276.0796822213905,242,0.07986078741783487,-100.0,,,,,
502549,episode_end,293.42122864582745,180,0.08034163411412601,-100.0,,,,,
502746,episode_end,282.32253526281005,197,0.0799044834661359,-100.0,,,,,
502955,episode_end,164.45375636265058,209,0.07831733719007677,-100.0,,,,,
503000,train_step,,,0.07861368301696758,-100.0,100000,24.39449691772461,-69.93428802490234,1.9641509056091309,-0.09117168188095093
503134,episode_end,288.9062452217437,179,0.07949238373316218,-100.0,,,,,
503342,episode_end,307.9254105744149,208,0.07807935874869525,-100.0,,,,,
503565,episode_end,305.26053610435,223,0.07689717005480337,-100.0,,,,,
503755,episode_end,184.27607170088362,190,0.07663667538096236,-100.0,,,,,
503933,episode_end,305.26132262960874,178,0.07744946840217844,-100.0,,,,,
504000,train_step,,,0.07795197212328954,-100.0,100000,16.246952056884766,-65.98672485351562,1.7807501554489136,-0.5594515800476074
504128,episode_end,270.0131166515989,195,0.07850964912626149,-100.0,,,,,
504310,episode_end,290.1444941519947,182,0.07911299170903689,-100.0,,,,,
504488,episode_end,149.93976262850242,178,0.07878967462259029,-100.0,,,,,
504762,episode_end,303.4692688545347,274,0.07967356985475542,-100.0,,,,,
504982,episode_end,144.15914846236248,220,0.08055886767453617,-100.0,,,,,
505000,train_step,,,0.08068629910816427,-100.0,100000,19.579715728759766,-68.95809936523438,1.9447602033615112,-0.13904911279678345
505165,episode_end,167.64930130252236,183,0.08060437607608553,-100.0,,,,,
505353,episode_end,274.2844451434498,188,0.0803590731560718,-100.0,,,,,
505555,episode_end,148.96440267525227,202,0.07989051935892373,-100.0,,,,,
505795,episode_end,151.12647161363418,240,0.07815904261854882,-100.0,,,,,
506000,train_step,,,0.07836332583975548,-100.0,100000,24.287216186523438,-65.75863647460938,2.173161029815674,0.44093745946884155
506008,episode_end,305.8440363688163,213,0.07847516897774702,-100.0,,,,,
506209,episode_end,290.10203841854417,201,0.07905813272157276,-100.0,,,,,
506543,episode_end,114.47619052753926,334,0.08003698099069381,-100.0,,,,,
506776,episode_end,277.0996122334726,233,0.07940107585548971,-100.0,,,,,
506993,episode_end,314.0119764858904,217,0.07888366039746024,-100.0,,,,,
507000,train_step,,,0.07890376662087019,-100.0,100000,8.233377456665039,-68.97779846191406,2.165933847427368,0.4213935136795044
507993,episode_end,172.51609593324707,1000,0.0765874151177443,-100.0,,,,,
508000,train_step,,,0.07649858519781076,-100.0,100000,57.42473220825195,-71.31932067871094,1.83375084400177,-0.4273407459259033
508156,episode_end,299.6368799657352,163,0.07635663398619326,-100.0,,,,,
508356,episode_end,285.13091189022356,200,0.07642288822920926,-100.0,,,,,
508543,episode_end,292.911995326057,187,0.0758828040986063,-100.0,,,,,
508747,episode_end,269.13351841912,204,0.07586404419960688,-100.0,,,,,
508955,episode_end,292.32411947440096,208,0.07637598230329949,-100.0,,,,,
509000,train_step,,,0.07637024845010222,-100.0,100000,76.00851440429688,-72.94170379638672,1.8640475273132324,-0.3496917486190796
509120,episode_end,290.3252172283989,165,0.07594594353019372,-100.0,,,,,
509381,episode_end,248.41482415070473,261,0.07653993678052956,-100.0,,,,,
509585,episode_end,284.6762014375396,204,0.07748112661708059,-100.0,,,,,
509824,episode_end,167.15937672202875,239,0.07744602676319139,-100.0,,,,,
510000,train_step,,,0.07745970782810603,-100.0,100000,20.537681579589844,-67.49986267089844,2.045814275741577,0.11719291657209396
510022,episode_end,298.20627263712345,198,0.07727403013678583,-100.0,,,,,
510351,episode_end,228.17938573352873,329,0.07578113913363102,-100.0,,,,,
510559,episode_end,170.32260422312635,208,0.07467279264784345,-100.0,,,,,
510756,episode_end,157.39271126842937,197,0.07376034079373398,-100.0,,,,,
510955,episode_end,303.54656076763047,199,0.07410967578695796,-100.0,,,,,
511000,train_step,,,0.07418467566892543,-100.0,100000,19.643381118774414,-68.33360290527344,1.9853960275650024,-0.03798756003379822
511163,episode_end,298.26051237707577,208,0.07433893186438409,-100.0,,,,,
511377,episode_end,266.68010707262215,214,0.07356696643523455,-100.0,,,,,
511552,episode_end,188.7897101803961,175,0.07432292784694831,-100.0,,,,,
511894,episode_end,238.4351474937488,342,0.07532241671860285,-100.0,,,,,
512000,train_step,,,0.07540970749055097,-100.0,100000,26.891437530517578,-66.07865905761719,1.9308369159698486,-0.17877402901649475
512204,episode_end,118.13579827570703,310,0.0753295461754416,-100.0,,,,,
512394,episode_end,281.7057846676968,190,0.07646285304551956,-100.0,,,,,
512728,episode_end,134.35589960802216,334,0.07650236832491251,-100.0,,,,,
512887,episode_end,280.75547188050376,159,0.07610083050876287,-100.0,,,,,
513000,train_step,,,0.0765350413870576,-100.0,100000,29.30984115600586,-68.35798645019531,1.9648103713989258,-0.0904376208782196
513479,episode_end,146.97945784612216,592,0.07642857571213459,-100.0,,,,,
513702,episode_end,269.46152749775615,223,0.07552395459012691,-100.0,,,,,
513971,episode_end,297.60104183548356,269,0.07323648301929755,-100.0,,,,,
514000,train_step,,,0.07308363733530951,-100.0,100000,7.5283203125,-75.34786987304688,2.0296616554260254,0.07759898900985718
514139,episode_end,292.0169088228672,168,0.07308472898245454,-100.0,,,,,
514322,episode_end,163.35097093017134,183,0.07261586403166698,-100.0,,,,,
514494,episode_end,305.54642035942595,172,0.07296313921706017,-100.0,,,,,
514667,episode_end,287.5279046015788,173,0.07253541108358613,-100.0,,,,,
514870,episode_end,292.6976511733984,203,0.07328925339912948,-100.0,,,,,
515000,train_step,,,0.07192728964576728,-100.0,100000,96.74958801269531,-70.38327026367188,1.8516271114349365,-0.3905321955680847
515193,episode_end,215.72569107609965,323,0.07104867505164647,-100.0,,,,,
515376,episode_end,275.10948853094453,183,0.07106517219235713,-100.0,,,,,
515572,episode_end,181.5753593452634,196,0.06980776205845976,-100.0,,,,,
515774,episode_end,189.15587114104574,202,0.07019694060497954,-100.0,,,,,
516000,train_step,,,0.07012035358721502,-100.0,100000,90.29460144042969,-69.51555633544922,2.011687994003296,0.03106091171503067
516084,episode_end,295.43766630293885,310,0.06906477407288189,-100.0,,,,,
516241,episode_end,300.50003769248167,157,0.06892155888896698,-100.0,,,,,
516700,episode_end,96.4331950026598,459,0.06875302930107481,-100.0,,,,,
517000,train_step,,,0.06683120065235267,-100.0,100000,24.407875061035156,-73.00897216796875,2.1384496688842773,0.3745875656604767
517072,episode_end,221.72501326490436,372,0.0665087129734936,-100.0,,,,,
517354,episode_end,144.564590885414,282,0.06563311744426356,-100.0,,,,,
517705,episode_end,285.9002069491515,351,0.06646112819686752,-100.0,,,,,
517913,episode_end,303.2314933603349,208,0.06663987660803308,-100.0,,,,,
518000,train_step,,,0.0668819569763888,-100.0,100000,66.31546020507812,-72.19656372070312,2.0052449703216553,0.014186650514602661
518101,episode_end,281.68777786089106,188,0.06666327906317278,-100.0,,,,,
518283,episode_end,273.2458455910429,182,0.06717932192912135,-100.0,,,,,
518661,episode_end,209.66888900215775,378,0.0676570449002292,-100.0,,,,,
518859,episode_end,300.6182507710904,198,0.06654855364322168,-100.0,,,,,
519000,train_step,,,0.06629411804188776,-100.0,100000,65.94403076171875,-71.63584899902344,2.0791478157043457,0.2147795855998993
519055,episode_end,279.72990529914193,196,0.06607198177895784,-100.0,,,,,
519242,episode_end,300.2554540973499,187,0.06436964618093013,-100.0,,,,,
519449,episode_end,307.52098452130474,207,0.06394926703929443,-100.0,,,,,
519639,episode_end,303.49670508781674,190,0.06413382970178944,-100.0,,,,,
519864,episode_end,191.6731077256722,225,0.0656805060370396,-100.0,,,,,
520000,train_step,,,0.06544770138188613,-100.0,100000,77.77104187011719,-67.06672668457031,1.774509310722351,-0.6148015856742859
520071,episode_end,269.44245673484164,207,0.06514169972793421,-100.0,,,,,
520270,episode_end,313.19707409536534,199,0.06473161771347583,-100.0,,,,,
520544,episode_end,249.98204033759993,274,0.06479419198246975,-100.0,,,,,
520769,episode_end,313.40402014434443,225,0.06480818747888724,-100.0,,,,,
521000,train_step,,,0.06448850612806778,-100.0,100000,14.036087036132812,-73.89574432373047,1.9274342060089111,-0.1989220827817917
521002,episode_end,140.29930060554716,233,0.0644999292586881,-100.0,,,,,
521181,episode_end,281.11602113745136,179,0.06476096161870207,-100.0,,,,,
522000,train_step,,,0.0655564850048287,-100.0,100000,5.9958391189575195,-70.27412414550781,1.9294122457504272,-0.1923404186964035
522018,episode_end,267.29198042692974,837,0.06551831484730612,-100.0,,,,,
522194,episode_end,274.3630778040545,176,0.06464606192841536,-100.0,,,,,
522384,episode_end,282.4603085061564,190,0.0644415854163782,-100.0,,,,,
522586,episode_end,300.5697537661897,202,0.0645692793681433,-100.0,,,,,
522832,episode_end,233.32107510876878,246,0.06545330709623594,-100.0,,,,,
523000,train_step,,,0.06638695472634401,-100.0,100000,6.685256481170654,-73.74050903320312,2.022101879119873,0.059946149587631226
523025,episode_end,292.5871509910514,193,0.06636034457995353,-100.0,,,,,
523196,episode_end,280.59820146278145,171,0.06553410931415331,-100.0,,,,,
523417,episode_end,256.855079642698,221,0.06488529130738341,-100.0,,,,,
523640,episode_end,154.14828830217078,223,0.06542402313573345,-100.0,,,,,
523903,episode_end,269.3582884642516,263,0.06682770280578171,-100.0,,,,,
524000,train_step,,,0.0666949898469683,-100.0,100000,97.454345703125,-74.28790283203125,2.214541435241699,0.5808975696563721
524413,episode_end,260.09499022667,510,0.0656031670365182,-100.0,,,,,
524605,episode_end,285.0512262898535,192,0.06368422277176833,-100.0,,,,,
524861,episode_end,235.53327694816878,256,0.06304925500247273,-100.0,,,,,
525000,train_step,,,0.06329819311554016,-100.0,100000,15.589835166931152,-71.50493621826172,2.059359550476074,0.1638258844614029
525061,episode_end,294.7631837743602,200,0.06374745763134211,-100.0,,,,,
525250,episode_end,280.5648125119469,189,0.06357442013345901,-100.0,,,,,
525456,episode_end,261.82000372409715,206,0.06277711208515402,-100.0,,,,,
525657,episode_end,290.9214601962055,201,0.06254339615180889,-100.0,,,,,
525852,episode_end,279.0513538292107,195,0.06295741596282332,-100.0,,,,,
526000,train_step,,,0.06402175546222856,-100.0,100000,8.201091766357422,-71.74992370605469,1.9018362760543823,-0.26980626583099365
526047,episode_end,265.3741470402889,195,0.06426315720377447,-100.0,,,,,
526244,episode_end,295.9996037026556,197,0.06548220496708505,-100.0,,,,,
526434,episode_end,294.24504295721135,190,0.06465926690726824,-100.0,,,,,
527000,train_step,,,0.06346854443661513,-100.0,100000,116.378173828125,-72.44286346435547,1.9692758321762085,-0.08471314609050751
527013,episode_end,292.9310993382056,579,0.06363160625419005,-100.0,,,,,
527227,episode_end,282.0059498632501,214,0.06460233051685355,-100.0,,,,,
527396,episode_end,286.23968278170315,169,0.06400454859815558,-100.0,,,,,
527608,episode_end,253.91473266907298,212,0.0645979475978829,-100.0,,,,,
527848,episode_end,256.1015022759717,240,0.06481177756366006,-100.0,,,,,
528000,train_step,,,0.06563639613131507,-100.0,100000,14.804819107055664,-73.07698822021484,2.0624475479125977,0.17008370161056519
528040,episode_end,267.5091650754339,192,0.06593505995594733,-100.0,,,,,
528236,episode_end,292.11494820957904,196,0.06446596528463619,-100.0,,,,,
528428,episode_end,293.0144485739938,192,0.06425740426317456,-100.0,,,,,
528604,episode_end,316.9499059565041,176,0.06387887466439597,-100.0,,,,,
528827,episode_end,293.0119492263218,223,0.06473294053445827,-100.0,,,,,
529000,train_step,,,0.06494256893792955,-100.0,100000,89.49932861328125,-79.57072448730469,2.1432275772094727,0.3916201591491699
529033,episode_end,273.6277479257393,206,0.06509729901937411,-100.0,,,,,
529695,episode_end,290.98146004778647,662,0.06628964802947279,-100.0,,,,,
529988,episode_end,158.33250427936315,293,0.0661517005122619,-100.0,,,,,
530000,train_step,,,0.0661356751438806,-100.0,100000,117.59236907958984,-74.30448913574219,2.098245143890381,0.2668384313583374
530601,episode_end,278.716574574129,613,0.06613221256948563,-100.0,,,,,
530794,episode_end,277.15951108026286,193,0.06561837338164127,-100.0,,,,,
530992,episode_end,262.51778073395224,198,0.0662779902252569,-100.0,,,,,
531000,train_step,,,0.0662103833344014,-100.0,100000,28.369483947753906,-72.71127319335938,1.9640429019927979,-0.09762051701545715
531210,episode_end,283.5498155908985,218,0.06481132382205043,-100.0,,,,,
531404,episode_end,286.11904003724885,194,0.06381518144517781,-100.0,,,,,
531743,episode_end,147.99962862331046,339,0.06240396212020573,-100.0,,,,,
531935,episode_end,260.76024388650126,192,0.06147342579459865,-100.0,,,,,
532000,train_step,,,0.061299591901794605,-100.0,100000,12.507386207580566,-75.46063995361328,1.9937788248062134,-0.017369311302900314
532188,episode_end,243.04392412150736,253,0.06072749978582883,-100.0,,,,,
532386,episode_end,262.8177437535227,198,0.060927038825291616,-100.0,,,,,
532555,episode_end,299.14743161773924,169,0.06074607904976181,-100.0,,,,,
532838,episode_end,158.2964516029685,283,0.061383995136710515,-100.0,,,,,
533000,train_step,,,0.06257879734699345,-100.0,100000,13.686380386352539,-75.4431381225586,1.955219030380249,-0.12410293519496918
533019,episode_end,285.79388981132035,181,0.06272025017838899,-100.0,,,,,
533200,episode_end,280.7993776785847,181,0.06269516784544452,-100.0,,,,,
533391,episode_end,255.07429653187017,191,0.06223257137171842,-100.0,,,,,
533575,episode_end,310.649513045513,184,0.06305389810360455,-100.0,,,,,
533738,episode_end,278.18528029332754,163,0.06321926447603096,-100.0,,,,,
533931,episode_end,292.16352316436416,193,0.06377938788518697,-100.0,,,,,
534000,train_step,,,0.06331908569411482,-100.0,100000,17.65234375,-75.62374877929688,1.8815592527389526,-0.3268454968929291
534132,episode_end,271.7244764144858,201,0.06325678117711196,-100.0,,,,,
534319,episode_end,302.20063185835016,187,0.06367812747489704,-100.0,,,,,
534549,episode_end,121.82345310214014,230,0.06369197632434401,-100.0,,,,,
534744,episode_end,263.57500305196623,195,0.06354656567083594,-100.0,,,,,
534897,episode_end,303.37070650280657,153,0.0629834829785819,-100.0,,,,,
535000,train_step,,,0.06313882182356173,-100.0,100000,5.569389343261719,-72.34847259521484,1.9842047691345215,-0.04363323748111725
535121,episode_end,293.71898728958945,224,0.0633331163400415,-100.0,,,,,
535312,episode_end,315.4284051534814,191,0.063134589191719,-100.0,,,,,
535519,episode_end,315.8819684335433,207,0.06354380687828878,-100.0,,,,,
535753,episode_end,311.3403065872426,234,0.06386424852697593,-100.0,,,,,
535946,episode_end,302.25110083110025,193,0.06351528906454196,-100.0,,,,,
536000,train_step,,,0.0632021286144961,-100.0,100000,6.095746040344238,-76.636962890625,2.216708183288574,0.5984217524528503
536158,episode_end,250.5977499087954,212,0.06306328106551085,-100.0,,,,,
536459,episode_end,304.2823727458317,301,0.0629427647805163,-100.0,,,,,
536654,episode_end,293.4615141954046,195,0.06410622460136496,-100.0,,,,,
537000,train_step,,,0.06392684163608353,-100.0,100000,4.875589370727539,-74.23664093017578,1.9830002784729004,-0.046749770641326904
537135,episode_end,249.99730680566884,481,0.06334947498390638,-100.0,,,,,
537316,episode_end,276.4210702689994,181,0.06317365394051971,-100.0,,,,,
537527,episode_end,268.1732445546046,211,0.06249161618326141,-100.0,,,,,
537831,episode_end,130.71586830570905,304,0.0616396109950015,-100.0,,,,,
538000,train_step,,,0.06155738687605436,-100.0,100000,5.749985694885254,-77.27104187011719,1.8579444885253906,-0.3960206210613251
538012,episode_end,275.99256245625884,181,0.06158280759729027,-100.0,,,,,
538190,episode_end,276.1230806364024,178,0.06199470038576704,-100.0,,,,,
538613,episode_end,137.71715944402928,423,0.06186274215188718,-100.0,,,,,
538807,episode_end,307.74369809946404,194,0.06208894324979376,-100.0,,,,,
539000,train_step,,,0.06133332237247112,-100.0,100000,4.602912425994873,-78.03910827636719,2.034144401550293,0.09531207382678986
539039,episode_end,261.12722866991476,232,0.06101223673348377,-100.0,,,,,
539245,episode_end,153.97635976482906,206,0.06035050929592208,-100.0,,,,,
539504,episode_end,263.11034076352325,259,0.060779038674419764,-100.0,,,,,
539678,episode_end,304.5115792487012,174,0.06027562037372046,-100.0,,,,,
539870,episode_end,300.135220855419,192,0.06048227077891608,-100.0,,,,,
540000,train_step,,,0.05980346933849408,-100.0,100000,18.91325569152832,-77.23670959472656,1.8998684883117676,-0.282039612531662
540037,episode_end,270.29465946988705,167,0.05992023164561351,-100.0,,,,,
540204,episode_end,290.6282620062594,167,0.06033633769958646,-100.0,,,,,
540370,episode_end,287.6268218641227,166,0.06014675656715483,-100.0,,,,,
540583,episode_end,303.5662697658715,213,0.06000556349445374,-100.0,,,,,
540763,episode_end,311.00430896861405,180,0.059119658099283066,-100.0,,,,,
540915,episode_end,274.97532536296785,152,0.05806042200193274,-100.0,,,,,
541000,train_step,,,0.058073391564368755,-100.0,100000,28.669414520263672,-75.45608520507812,1.899112343788147,-0.2871309518814087
541102,episode_end,263.68638448671896,187,0.05873374175406775,-100.0,,,,,
541275,episode_end,284.44107308323976,173,0.05719850195144395,-100.0,,,,,
541453,episode_end,282.1941743295747,178,0.05713864259847066,-100.0,,,,,
541625,episode_end,292.7253053440997,172,0.05602401616746635,-100.0,,,,,
541857,episode_end,135.53845149595836,232,0.057360033233464086,-100.0,,,,,
542000,train_step,,,0.05826774112933785,-100.0,100000,55.89765167236328,-76.81283569335938,2.108203887939453,0.3075920045375824
542048,episode_end,260.94849683209054,191,0.05845402729889226,-100.0,,,,,
542258,episode_end,245.5729668773191,210,0.0591168411700625,-100.0,,,,,
542419,episode_end,298.6999028759836,161,0.05942238763315012,-100.0,,,,,
542607,episode_end,297.91567123838377,188,0.059517981627389624,-100.0,,,,,
542754,episode_end,23.120273548069534,147,0.05963845984160086,-100.0,,,,,
542991,episode_end,163.0721136599293,237,0.06050306602435012,-100.0,,,,,
543000,train_step,,,0.060498093681403346,-100.0,100000,120.6558837890625,-79.33103942871094,1.9403233528137207,-0.1674012988805771
543259,episode_end,302.9603662625383,268,0.060611640218163634,-100.0,,,,,
543412,episode_end,305.2054781359084,153,0.06067147406765484,-100.0,,,,,
543718,episode_end,230.0979255399705,306,0.0597672307720832,-100.0,,,,,
543872,episode_end,305.1726652981432,154,0.05931550014052124,-100.0,,,,,
544000,train_step,,,0.05856669455175032,-100.0,100000,11.588594436645508,-73.75787353515625,2.117995023727417,0.3348213732242584
544152,episode_end,259.58534514595715,280,0.05762912281433577,-100.0,,,,,
544350,episode_end,287.23590835904724,198,0.05759692990471979,-100.0,,,,,
544574,episode_end,173.6800623265482,224,0.05811720680570457,-100.0,,,,,
544750,episode_end,243.70706732914036,176,0.057459750989226246,-100.0,,,,,
544937,episode_end,308.39373561556465,187,0.05733253373813014,-100.0,,,,,
545000,train_step,,,0.05735571019053344,-100.0,100000,9.38226318359375,-75.6920394897461,2.02315092086792,0.06617645919322968
545184,episode_end,179.57344869374236,247,0.05641795928060116,-100.0,,,,,
545334,episode_end,304.5525330268447,150,0.057106028492408,-100.0,,,,,
545503,episode_end,286.50531121590734,169,0.056548140965808374,-100.0,,,,,
545683,episode_end,269.8182784093714,180,0.0565682731947036,-100.0,,,,,
545902,episode_end,254.96860364873632,219,0.05692481809359868,-100.0,,,,,
546000,train_step,,,0.05618510820821813,-100.0,100000,13.078716278076172,-77.775390625,1.813062310218811,-0.5382126569747925
546157,episode_end,150.82658686764896,255,0.05700157714655658,-100.0,,,,,
546387,episode_end,273.0004937787195,230,0.05779445276184309,-100.0,,,,,
546622,episode_end,163.3503162613398,235,0.05744176184405445,-100.0,,,,,
546814,episode_end,311.4617580376645,192,0.056954137488131974,-100.0,,,,,
547000,train_step,,,0.05601753593626554,-100.0,100000,7.13706111907959,-77.6092529296875,1.7801518440246582,-0.633622407913208
547021,episode_end,296.03507513857954,207,0.05593168625971638,-100.0,,,,,
547204,episode_end,299.5968460339768,183,0.05599503240861624,-100.0,,,,,
547408,episode_end,310.8210611574849,204,0.056209953815568044,-100.0,,,,,
547587,episode_end,277.5868892302129,179,0.05605478400389312,-100.0,,,,,
547817,episode_end,244.53457026287114,230,0.05556096331003276,-100.0,,,,,
547980,episode_end,308.1781435502571,163,0.05462069545776197,-100.0,,,,,
548000,train_step,,,0.05452012921686665,-100.0,100000,16.203060150146484,-79.62240600585938,1.9524297714233398,-0.13839073479175568
548140,episode_end,299.3832105827248,160,0.0547397066812633,-100.0,,,,,
548347,episode_end,260.34578119502544,207,0.056706233081407695,-100.0,,,,,
548565,episode_end,177.9593888253358,218,0.05677714419964736,-100.0,,,,,
548775,episode_end,162.42182787344618,210,0.057022388622539666,-100.0,,,,,
548969,episode_end,311.76862585889546,194,0.0574820053222987,-100.0,,,,,
549000,train_step,,,0.057382070402787005,-100.0,100000,25.146785736083984,-77.58921813964844,2.0472676753997803,0.13509200513362885
549154,episode_end,301.16836990341403,185,0.057867885855716304,-100.0,,,,,
549346,episode_end,303.65172927952705,192,0.05772782986814604,-100.0,,,,,
549546,episode_end,255.3348040546981,200,0.058888637243771184,-100.0,,,,,
549680,episode_end,188.8820530986905,134,0.059337065828794305,-100.0,,,,,
549844,episode_end,285.8104765947949,164,0.05920809503319094,-100.0,,,,,
550000,train_step,,,0.059003274376286656,-100.0,100000,9.372201919555664,-79.48954772949219,2.1718554496765137,0.48637837171554565
550089,episode_end,175.68382444390735,245,0.05896313121634777,-100.0,,,,,
550418,episode_end,258.93727877028704,329,0.0588255893749819,-100.0,,,,,
550600,episode_end,290.6247030402013,182,0.05838614294470054,-100.0,,,,,
550803,episode_end,289.0860751663298,203,0.058292491316458,-100.0,,,,,
550985,episode_end,297.9482384813372,182,0.05911871197142101,-100.0,,,,,
551000,train_step,,,0.05920234410791967,-100.0,100000,10.320608139038086,-77.42652130126953,2.0420687198638916,0.11891934275627136
551154,episode_end,287.3620157564859,169,0.05971551950779089,-100.0,,,,,
551370,episode_end,270.56744746526005,216,0.05969119460117805,-100.0,,,,,
551549,episode_end,243.56818142828968,179,0.0587911784669492,-100.0,,,,,
551696,episode_end,45.18657006868074,147,0.05865143116816037,-100.0,,,,,
551887,episode_end,297.680093190879,191,0.057974469508387215,-100.0,,,,,
552000,train_step,,,0.05752143272007274,-100.0,100000,10.698662757873535,-78.11236572265625,2.060899019241333,0.17390328645706177
552139,episode_end,284.9944459429033,252,0.05813389101996855,-100.0,,,,,
552304,episode_end,296.5610878641162,165,0.05797990368956967,-100.0,,,,,
552508,episode_end,307.4224486222224,204,0.05804989228237806,-100.0,,,,,
552745,episode_end,170.36489172821078,237,0.05779304671520683,-100.0,,,,,
552912,episode_end,283.14411042547556,167,0.05764220073212942,-100.0,,,,,
553000,train_step,,,0.05793242667179147,-100.0,100000,57.914371490478516,-74.33976745605469,1.9065337181091309,-0.2662365734577179
553035,episode_end,74.11210079071537,123,0.05772037466426747,-100.0,,,,,
553217,episode_end,284.18034797708987,182,0.057589498751262284,-100.0,,,,,
553443,episode_end,155.7921651378137,226,0.05831199560936856,-100.0,,,,,
553648,episode_end,172.0049767371527,205,0.05800754915107396,-100.0,,,,,
553987,episode_end,112.53272638965906,339,0.057764183649658206,-100.0,,,,,
554000,train_step,,,0.0582226805704139,-100.0,100000,66.98786926269531,-77.00177764892578,2.311239242553711,0.8850023746490479
554239,episode_end,136.13666652033672,252,0.05863296780975959,-100.0,,,,,
554412,episode_end,284.5354311889596,173,0.057974908127454115,-100.0,,,,,
554696,episode_end,305.1571920929566,284,0.05780425615713234,-100.0,,,,,
554896,episode_end,276.07971227990197,200,0.058118929484369225,-100.0,,,,,
555000,train_step,,,0.05816003773106772,-100.0,100000,6.456343173980713,-74.75938415527344,2.183333158493042,0.5215017199516296
555068,episode_end,306.81267881776773,172,0.05857850293798392,-100.0,,,,,
555222,episode_end,298.78797092120476,154,0.05764695222924716,-100.0,,,,,
555382,episode_end,307.9317637316325,160,0.05810764655468226,-100.0,,,,,
555561,episode_end,304.8554400718773,179,0.057639867847280875,-100.0,,,,,
555729,episode_end,292.7178692697063,168,0.05758935739029362,-100.0,,,,,
556000,train_step,,,0.058069532818661375,-100.0,100000,15.50410270690918,-77.09040832519531,1.9436981678009033,-0.16024160385131836
556036,episode_end,264.46586738434405,307,0.0582530725182462,-100.0,,,,,
556123,episode_end,57.92955066192323,87,0.05846339288093977,-100.0,,,,,
556278,episode_end,286.5432729215392,155,0.059038853940662925,-100.0,,,,,
556445,episode_end,245.39032381470926,167,0.05895321610540437,-100.0,,,,,
556640,episode_end,302.65878755154984,195,0.0593294690883466,-100.0,,,,,
556828,episode_end,260.7790732896726,188,0.058186102419362715,-100.0,,,,,
557000,train_step,,,0.05768882666564718,-100.0,100000,9.781238555908203,-79.49168395996094,1.9607784748077393,-0.1118868887424469
557053,episode_end,274.91251949858554,225,0.057321534629582366,-100.0,,,,,
557221,episode_end,302.86228386644063,168,0.05788989178760028,-100.0,,,,,
557512,episode_end,165.5631163538084,291,0.0578532959433363,-100.0,,,,,
557750,episode_end,280.3900734270368,238,0.05675611696975991,-100.0,,,,,
557935,episode_end,280.5667609874856,185,0.05651866300579563,-100.0,,,,,
558000,train_step,,,0.05710533916221116,-100.0,100000,28.759870529174805,-78.61539459228516,1.82829749584198,-0.49156004190444946
558078,episode_end,294.7151466058417,143,0.05689610794715073,-100.0,,,,,
558277,episode_end,289.6049268975563,199,0.05786806384900403,-100.0,,,,,
558454,episode_end,273.5544514063628,177,0.05929558651954976,-100.0,,,,,
558637,episode_end,296.4160701548286,183,0.05832419169486124,-100.0,,,,,
558894,episode_end,146.21156190328128,257,0.05770356449637289,-100.0,,,,,
559000,train_step,,,0.05838288847982349,-100.0,100000,8.71815013885498,-78.83782958984375,2.1648664474487305,0.46834099292755127
559871,episode_end,200.55932872948415,977,0.05988092965611596,-100.0,,,,,
560000,train_step,,,0.05954229002885822,-100.0,100000,15.347509384155273,-79.51394653320312,1.7390718460083008,-0.7360961437225342
560088,episode_end,244.32196424873612,217,0.059099805424574145,-100.0,,,,,
560280,episode_end,190.38888565973957,192,0.06010162632203668,-100.0,,,,,
560455,episode_end,170.20413184441367,175,0.06054841605972739,-100.0,,,,,
560756,episode_end,219.25303832196911,301,0.06135425053942305,-100.0,,,,,
560956,episode_end,299.8107372875202,200,0.06280409676928184,-100.0,,,,,
561000,train_step,,,0.06350083515861546,-100.0,100000,32.73229217529297,-82.40185546875,2.201310396194458,0.5549529194831848
561133,episode_end,291.14777138493514,177,0.06555388111073643,-100.0,,,,,
561324,episode_end,172.69158512436772,191,0.06554833724612165,-100.0,,,,,
561516,episode_end,305.32546583651475,192,0.06649496724439619,-100.0,,,,,
561696,episode_end,307.51091965653495,180,0.06664088920218454,-100.0,,,,,
561949,episode_end,169.14019529763442,253,0.06639782929300737,-100.0,,,,,
562000,train_step,,,0.06625118345341288,-100.0,100000,18.97098159790039,-80.74288940429688,1.8963459730148315,-0.28134843707084656
562244,episode_end,286.3035107687589,295,0.06751977443376135,-100.0,,,,,
562437,episode_end,292.5918560386275,193,0.06687927036429583,-100.0,,,,,
562636,episode_end,254.99807954608417,199,0.06678017774969697,-100.0,,,,,
562830,episode_end,274.81604327989976,194,0.06627516464098857,-100.0,,,,,
563000,train_step,,,0.06505793819953484,-100.0,100000,6.775435447692871,-79.44104766845703,2.004751205444336,0.012983158230781555
563027,episode_end,285.69207047427994,197,0.06499340666692355,-100.0,,,,,
563401,episode_end,110.01303871372482,374,0.06336981978325751,-100.0,,,,,
563616,episode_end,305.2157334514875,215,0.06320930070905158,-100.0,,,,,
563874,episode_end,299.2772373513633,258,0.06617657181786939,-100.0,,,,,
564000,train_step,,,0.06533448519300637,-100.0,100000,113.98883056640625,-72.71560668945312,1.9283854961395264,-0.1953812539577484
564112,episode_end,302.7439953381525,238,0.06470257813650535,-100.0,,,,,
564276,episode_end,281.2022148933039,164,0.06279946239315212,-100.0,,,,,
564484,episode_end,255.54831479226212,208,0.06343679470361616,-100.0,,,,,
564677,episode_end,184.94081214884454,193,0.06343314445636726,-100.0,,,,,
564914,episode_end,266.6266748928772,237,0.06193794954441545,-100.0,,,,,
565000,train_step,,,0.06162325038407125,-100.0,100000,73.4794921875,-78.61968994140625,2.0086374282836914,0.024070151150226593
565062,episode_end,-18.086063254129883,148,0.06159155489268101,-100.0,,,,,
565528,episode_end,128.49238490077875,466,0.05954517550851316,-100.0,,,,,
565723,episode_end,169.2044049993223,195,0.05904132157001137,-100.0,,,,,
566000,train_step,,,0.05802293331550288,-100.0,100000,17.227764129638672,-78.53697204589844,2.0583996772766113,0.1662588119506836
566157,episode_end,-283.3587152972582,434,0.058755385328293726,-100.0,,,,,
566448,episode_end,298.1421470092106,291,0.059185362428340396,-100.0,,,,,
566615,episode_end,272.7824346925659,167,0.0596675962375794,-100.0,,,,,
566801,episode_end,265.5893677566529,186,0.060053147872010715,-100.0,,,,,
567000,train_step,,,0.061016201440895125,-100.0,100000,155.48239135742188,-79.33714294433594,2.049887180328369,0.13951575756072998
567059,episode_end,237.16352350456253,258,0.061183154086233656,-100.0,,,,,
567285,episode_end,256.78109969825334,226,0.0606531611887454,-100.0,,,,,
567751,episode_end,116.93065587902157,466,0.06359742246492912,-100.0,,,,,
567914,episode_end,297.77748846511594,163,0.06173986689057279,-100.0,,,,,
568000,train_step,,,0.06136876205119565,-100.0,100000,57.213260650634766,-80.79182434082031,1.8299732208251953,-0.47451990842819214
568097,episode_end,295.3794345352539,183,0.06129441859428297,-100.0,,,,,
568249,episode_end,290.66057659150954,152,0.06102187853383598,-100.0,,,,,
568408,episode_end,298.10421500825856,159,0.06037224890888383,-100.0,,,,,
568629,episode_end,265.42919232085217,221,0.06015290340492095,-100.0,,,,,
568855,episode_end,272.65469177568673,226,0.05906111634188144,-100.0,,,,,
569000,train_step,,,0.058285340509847496,-100.0,100000,15.629603385925293,-80.06234741210938,1.8342769145965576,-0.47105205059051514
569091,episode_end,250.92103381736922,236,0.058460551130436855,-100.0,,,,,
569302,episode_end,253.14880933586625,211,0.05961545356307556,-100.0,,,,,
569517,episode_end,143.986112545252,215,0.059156724435322834,-100.0,,,,,
569674,episode_end,292.8043532849862,157,0.05921240465053025,-100.0,,,,,
569917,episode_end,309.19087624425566,243,0.058359112033914834,-100.0,,,,,
570000,train_step,,,0.05868566796125518,-100.0,100000,77.53477478027344,-79.90856170654297,1.9507498741149902,-0.13965146243572235
570110,episode_end,284.51287411715805,193,0.05839231921447445,-100.0,,,,,
570297,episode_end,267.095838576985,187,0.05948608421180814,-100.0,,,,,
570494,episode_end,287.6628892632394,197,0.059089622666737014,-100.0,,,,,
571000,train_step,,,0.05936363091428895,-100.0,100000,5.121960639953613,-74.2018051147461,1.9421199560165405,-0.16345730423927307
571196,episode_end,76.45134191620613,702,0.05965678718258704,-100.0,,,,,
571388,episode_end,288.41966221955363,192,0.05931102603520264,-100.0,,,,,
571588,episode_end,294.7240697383589,200,0.05917032216568567,-100.0,,,,,
571802,episode_end,308.4853272078209,214,0.056881354180822526,-100.0,,,,,
571996,episode_end,285.22543859694565,194,0.05827921349626046,-100.0,,,,,
572000,train_step,,,0.05829033141592517,-100.0,100000,9.775279998779297,-77.1963882446289,1.8166899681091309,-0.521025538444519
572220,episode_end,246.43617524532087,224,0.059116872178209455,-100.0,,,,,
572385,episode_end,275.65052968822863,165,0.06039592278992458,-100.0,,,,,
572588,episode_end,160.01254699645892,203,0.06089468511041416,-100.0,,,,,
572841,episode_end,164.2465064610858,253,0.06041441365723471,-100.0,,,,,
573000,train_step,,,0.05996927782551325,-100.0,100000,12.504035949707031,-76.8356704711914,1.9817640781402588,-0.05131453275680542
573114,episode_end,145.73848371312573,273,0.05976332303081788,-100.0,,,,,
573335,episode_end,316.3232940171089,221,0.06106663696352801,-100.0,,,,,
573612,episode_end,145.00434830926469,277,0.06077853142110663,-100.0,,,,,
573794,episode_end,271.17933450824387,182,0.0598595872798074,-100.0,,,,,
573878,episode_end,62.21058835332241,84,0.059535851881530384,-100.0,,,,,
574000,train_step,,,0.05966456965761542,-100.0,100000,5.798756122589111,-77.25592803955078,1.9690241813659668,-0.08732157200574875
574059,episode_end,301.49438036124974,181,0.05954335793758863,-100.0,,,,,
574270,episode_end,294.0517782417151,211,0.05885475859521859,-100.0,,,,,
574519,episode_end,150.34066246131394,249,0.05727173427769132,-100.0,,,,,
574727,episode_end,164.52651983947214,208,0.056317351212757175,-100.0,,,,,
574959,episode_end,270.83878340677,232,0.05544433626775839,-100.0,,,,,
575000,train_step,,,0.055342875624385474,-100.0,100000,5.040668487548828,-79.83984375,1.8449912071228027,-0.4486275017261505
575146,episode_end,286.82022707953934,187,0.05611605351669177,-100.0,,,,,
575450,episode_end,257.00010027819184,304,0.05739071362848585,-100.0,,,,,
575707,episode_end,138.28881663332515,257,0.058049777212546394,-100.0,,,,,
575897,episode_end,285.58253622012825,190,0.057342198283227966,-100.0,,,,,
576000,train_step,,,0.05764462763748515,-100.0,100000,58.64311218261719,-78.1951675415039,1.9180667400360107,-0.23379315435886383
576096,episode_end,237.9133198904038,199,0.05782371189435693,-100.0,,,,,
576282,episode_end,277.87889720817617,186,0.05823302878578822,-100.0,,,,,
576558,episode_end,146.05510346609856,276,0.057988064447595244,-100.0,,,,,
576826,episode_end,145.30935870935429,268,0.05642766929548002,-100.0,,,,,
576925,episode_end,-9.60457482090311,99,0.056200534084446564,-100.0,,,,,
577000,train_step,,,0.056374486043252396,-100.0,100000,13.004321098327637,-76.54782104492188,2.1383426189422607,0.397837370634079
577089,episode_end,293.3115237310748,164,0.05592816427353615,-100.0,,,,,
577550,episode_end,96.12672912361502,461,0.055262591818629865,-100.0,,,,,
577734,episode_end,268.03691374210473,184,0.05558950721933083,-100.0,,,,,
577904,episode_end,276.41127488873224,170,0.05539022793000301,-100.0,,,,,
578000,train_step,,,0.055300830353415924,-100.0,100000,54.20257568359375,-78.2965087890625,2.0335206985473633,0.09704124182462692
578075,episode_end,274.41429674062493,171,0.054645692342652756,-100.0,,,,,
578151,episode_end,47.853480935455394,76,0.0545382814817506,-100.0,,,,,
578496,episode_end,239.88008199508053,345,0.053353432135055105,-100.0,,,,,
578790,episode_end,240.4949238596817,294,0.05327632390071331,-100.0,,,,,
578938,episode_end,282.0482102515507,148,0.054046930416427365,-100.0,,,,,
579000,train_step,,,0.05425303182874644,-100.0,100000,7.770495414733887,-77.83489990234375,1.8730027675628662,-0.3700822591781616
579152,episode_end,151.73538211289892,214,0.05433493415916164,-100.0,,,,,
579354,episode_end,246.0546139650533,202,0.054032891663449864,-100.0,,,,,
579627,episode_end,243.19857986579333,273,0.053808695296441805,-100.0,,,,,
579892,episode_end,125.1833586611472,265,0.053514603516097464,-100.0,,,,,
580000,train_step,,,0.05393342567568156,-100.0,100000,12.125924110412598,-78.97732543945312,2.1163129806518555,0.3396344780921936
580092,episode_end,260.66951002980153,200,0.05404624371901796,-100.0,,,,,
580286,episode_end,286.67473127160065,194,0.05406505659710777,-100.0,,,,,
580466,episode_end,279.2509706172115,180,0.05393936768684183,-100.0,,,,,
580780,episode_end,214.05195182916162,314,0.05482036058790025,-100.0,,,,,
581000,train_step,,,0.05376566746288385,-100.0,100000,15.091426849365234,-75.91738891601562,2.110264539718628,0.32231616973876953
581090,episode_end,153.75481802453015,310,0.053364204838597204,-100.0,,,,,
581309,episode_end,160.48516779191573,219,0.05288123010452706,-100.0,,,,,
581549,episode_end,278.24575385596074,240,0.05271500993107406,-100.0,,,,,
581941,episode_end,145.68408505506943,392,0.05260477307402182,-100.0,,,,,
582000,train_step,,,0.0532562197099887,-100.0,100000,6.282389163970947,-80.6724624633789,1.9297696352005005,-0.2059604674577713
582132,episode_end,259.3237895028287,191,0.05329330547045497,-100.0,,,,,
582392,episode_end,162.0549638709369,260,0.053902675156479306,-100.0,,,,,
582572,episode_end,311.13410928437247,180,0.0530191569373631,-100.0,,,,,
582805,episode_end,173.04692139794082,233,0.05301159046922198,-100.0,,,,,
583000,train_step,,,0.05146672481708036,-100.0,100000,8.98748779296875,-82.92002868652344,2.02799916267395,0.08306850492954254
583030,episode_end,281.2339692190558,225,0.05144714841646784,-100.0,,,,,
583365,episode_end,124.75061584997974,335,0.05053893919329902,-100.0,,,,,
583541,episode_end,288.58635509046064,176,0.05026212013241308,-100.0,,,,,
583721,episode_end,288.6268814074445,180,0.051019649851167685,-100.0,,,,,
583900,episode_end,272.2716227336499,179,0.05222685962048403,-100.0,,,,,
584000,train_step,,,0.05275766089987605,-100.0,100000,29.224218368530273,-77.42658996582031,2.0011725425720215,0.003449469804763794
584099,episode_end,309.91867435559686,199,0.052981394352998146,-100.0,,,,,
584265,episode_end,278.6105596365113,166,0.05272928412579969,-100.0,,,,,
584458,episode_end,302.8896460876701,193,0.05249785238742903,-100.0,,,,,
584654,episode_end,265.74691636817295,196,0.0519051014418263,-100.0,,,,,
584881,episode_end,265.2823912108542,227,0.05194777340844998,-100.0,,,,,
585000,train_step,,,0.051697460882426396,-100.0,100000,7.303625583648682,-81.75211334228516,2.0532279014587402,0.15767937898635864
585118,episode_end,164.14700621430654,237,0.051770980067669434,-100.0,,,,,
585282,episode_end,270.6047311593465,164,0.05246075284014827,-100.0,,,,,
585489,episode_end,321.0382054496552,207,0.05391298805543123,-100.0,,,,,
585734,episode_end,246.08286598595726,245,0.05355381664471497,-100.0,,,,,
585886,episode_end,288.07979034270016,152,0.05410484616846525,-100.0,,,,,
586000,train_step,,,0.054099612442073154,-100.0,100000,74.77732849121094,-82.27639770507812,2.0550625324249268,0.16061392426490784
586069,episode_end,264.7269702040011,183,0.05365438657456157,-100.0,,,,,
586237,episode_end,284.9944342634553,168,0.054234987399359384,-100.0,,,,,
586428,episode_end,314.81723678892376,191,0.05326305083640496,-100.0,,,,,
586645,episode_end,307.8339280186092,217,0.05203397178828995,-100.0,,,,,
586826,episode_end,313.97527982255247,181,0.05236943704568464,-100.0,,,,,
587000,train_step,,,0.05302249098287937,-100.0,100000,7.16279935836792,-80.5369873046875,2.0076019763946533,0.022326946258544922
587102,episode_end,134.9869539574527,276,0.05314181764583893,-100.0,,,,,
587454,episode_end,288.3063797534867,352,0.05245327579600985,-100.0,,,,,
587702,episode_end,167.71387338305658,248,0.05233754886869939,-100.0,,,,,
587980,episode_end,248.99529537361764,278,0.052432064091236935,-100.0,,,,,
588000,train_step,,,0.05246686334835726,-100.0,100000,52.26438522338867,-81.71022033691406,2.205972194671631,0.6071182489395142
588200,episode_end,278.41435504710273,220,0.053196998697952295,-100.0,,,,,
588381,episode_end,281.3670856236064,181,0.05352584255918617,-100.0,,,,,
588570,episode_end,271.49182865521755,189,0.05336482101020998,-100.0,,,,,
588818,episode_end,307.0851679047405,248,0.053842130176353475,-100.0,,,,,
588977,episode_end,282.2638255692093,159,0.053559658532217634,-100.0,,,,,
589000,train_step,,,0.05378901828266188,-100.0,100000,18.991191864013672,-78.86968231201172,2.0322461128234863,0.0942452922463417
589195,episode_end,271.63066003900065,218,0.05381151073677584,-100.0,,,,,
589409,episode_end,151.78423796458702,214,0.053063853088901214,-100.0,,,,,
589581,episode_end,285.7595896470116,172,0.05377439937466883,-100.0,,,,,
589837,episode_end,298.52815948668854,256,0.05212682435364372,-100.0,,,,,
590000,train_step,,,0.05062358148599534,-100.0,100000,77.61915588378906,-81.6063232421875,2.007355213165283,0.02194306254386902
590011,episode_end,271.164112012831,174,0.050554959376752744,-100.0,,,,,
590208,episode_end,291.17278723848074,197,0.05072083853769133,-100.0,,,,,
590381,episode_end,260.1227254844905,173,0.05027992696257648,-100.0,,,,,
590725,episode_end,286.12839282294374,344,0.05010410224566924,-100.0,,,,,
590893,episode_end,248.31002012514864,168,0.05017998150345492,-100.0,,,,,
591000,train_step,,,0.05126437953321714,-100.0,100000,5.780266761779785,-80.92662048339844,2.28023624420166,0.832514226436615
591077,episode_end,294.92546222525544,184,0.05214874037137704,-100.0,,,,,
591304,episode_end,268.6881139496396,227,0.05314047262559213,-100.0,,,,,
591511,episode_end,234.96673561809246,207,0.052999356741238,-100.0,,,,,
591684,episode_end,285.16318117085,173,0.052355743353110384,-100.0,,,,,
591869,episode_end,258.2363500277328,185,0.05172676371931156,-100.0,,,,,
592000,train_step,,,0.05205616478696591,-100.0,100000,60.51863098144531,-77.93988037109375,1.9550998210906982,-0.13269902765750885
592043,episode_end,307.95177887507356,174,0.05211665779535255,-100.0,,,,,
592248,episode_end,233.29608502067364,205,0.05178405055442213,-100.0,,,,,
592451,episode_end,315.5838807226385,203,0.05201735897672519,-100.0,,,,,
592659,episode_end,305.24921074707424,208,0.05186214429414475,-100.0,,,,,
592853,episode_end,293.41546144206336,194,0.05173335965070435,-100.0,,,,,
593000,train_step,,,0.05170614258145965,-100.0,100000,110.3758544921875,-80.51806640625,2.03790283203125,0.1122751235961914
593051,episode_end,297.463309052491,198,0.05122952454878979,-100.0,,,,,
593221,episode_end,288.1275592449748,170,0.05031216415296967,-100.0,,,,,
593481,episode_end,122.09533674953624,260,0.05139157629335749,-100.0,,,,,
593699,episode_end,302.0337231523059,218,0.051374438254389074,-100.0,,,,,
593922,episode_end,257.0568083596132,223,0.050837628732517244,-100.0,,,,,
594000,train_step,,,0.05069830970292044,-100.0,100000,103.89527130126953,-82.12733459472656,2.030914306640625,0.0921815037727356
594133,episode_end,284.70969982231907,211,0.05088218215538213,-100.0,,,,,
594349,episode_end,235.57341066443712,216,0.051599452537629036,-100.0,,,,,
594515,episode_end,286.70322766865473,166,0.05179356503310187,-100.0,,,,,
594712,episode_end,276.1898289512964,197,0.05251535888069231,-100.0,,,,,
594885,episode_end,260.56986185137004,173,0.052484553269587134,-100.0,,,,,
595000,train_step,,,0.05256753442578813,-100.0,100000,22.089420318603516,-82.00009155273438,2.0973973274230957,0.28689947724342346
595057,episode_end,276.506281703504,172,0.05248860487931983,-100.0,,,,,
595243,episode_end,295.89272937291224,186,0.05197157238636288,-100.0,,,,,
595438,episode_end,247.82679903646843,195,0.05076466396521052,-100.0,,,,,
595644,episode_end,299.89383881859027,206,0.05074071643545012,-100.0,,,,,
595838,episode_end,280.1208843749927,194,0.04987583037573908,-100.0,,,,,
595999,episode_end,283.3597864159638,161,0.050012655415145185,-100.0,,,,,
596000,train_step,,,0.05001140837073847,-100.0,100000,22.167272567749023,-79.5167236328125,2.126494884490967,0.3789156675338745
596184,episode_end,300.90670175659073,185,0.04939314308902382,-100.0,,,,,
596360,episode_end,286.80015435263294,176,0.04984317922746716,-100.0,,,,,
596535,episode_end,296.43232524386195,175,0.04992266925926379,-100.0,,,,,
596706,episode_end,268.62372792266933,171,0.049983627607322466,-100.0,,,,,
596882,episode_end,278.53455211352656,176,0.05105941133474424,-100.0,,,,,
597000,train_step,,,0.05129834212097122,-100.0,100000,4.014593124389648,-82.88604736328125,2.002103328704834,0.006246834993362427
597091,episode_end,262.9688479411144,209,0.0511679769523189,-100.0,,,,,
597270,episode_end,293.2328550496123,179,0.050681442455364344,-100.0,,,,,
597464,episode_end,255.54182382850033,194,0.05103291583147597,-100.0,,,,,
597679,episode_end,160.03304085398446,215,0.05121702071994036,-100.0,,,,,
597872,episode_end,282.363417818314,193,0.050783858400706997,-100.0,,,,,
598000,train_step,,,0.05117110770579403,-100.0,100000,80.04191589355469,-81.28771209716797,2.3906877040863037,1.1613500118255615
598052,episode_end,280.2637500920546,180,0.05122885150468486,-100.0,,,,,
598235,episode_end,276.7785596307755,183,0.05164454101683817,-100.0,,,,,
598452,episode_end,292.53457740864013,217,0.05071216993036244,-100.0,,,,,
598655,episode_end,285.34555461273624,203,0.05096769840784444,-100.0,,,,,
598866,episode_end,239.19751182984743,211,0.051240409940157744,-100.0,,,,,
599000,train_step,,,0.051321943713552184,-100.0,100000,15.360749244689941,-83.74244689941406,1.835325002670288,-0.48902469873428345
599048,episode_end,297.2960657064614,182,0.05105049886831012,-100.0,,,,,
599227,episode_end,247.890730154819,179,0.05016405998760928,-100.0,,,,,
599459,episode_end,258.46838536768485,232,0.05068033303070479,-100.0,,,,,
599636,episode_end,277.8604157583269,177,0.0503822355357884,-100.0,,,,,
599819,episode_end,292.95610548376055,183,0.0513995343158681,-100.0,,,,,
599994,episode_end,280.69970662870816,175,0.05224649446105513,-100.0,,,,,
600000,train_step,,,0.05226409682351161,-100.0,100000,6.39286994934082,-80.06947326660156,1.9492294788360596,-0.14984609186649323
