global_step,event,episode_return,episode_length,alpha,hover_reward_value,replay_size,critic_loss,actor_loss,logp
125,episode_end,-165.35255548315624,125,0.010000000000000005,200.0,,,,
223,episode_end,-288.6375287746377,98,0.010000000000000005,200.0,,,,
333,episode_end,-308.3818928824837,110,0.010000000000000005,200.0,,,,
424,episode_end,-336.1052786100313,91,0.010000000000000005,200.0,,,,
497,episode_end,-64.53642103844231,73,0.010000000000000005,200.0,,,,
588,episode_end,-371.40421603178214,91,0.010000000000000005,200.0,,,,
693,episode_end,251.22016600109083,105,0.010000000000000005,200.0,,,,
792,episode_end,-290.4466588811495,99,0.010000000000000005,200.0,,,,
879,episode_end,-361.7716833356918,87,0.010000000000000005,200.0,,,,
959,episode_end,-315.37580166092386,80,0.010000000000000005,200.0,,,,
1000,train_step,,,0.010000000000000005,200.0,1000,,,
1062,episode_end,-100.28505043297345,103,0.010000000000000005,200.0,,,,
1161,episode_end,-60.14993581242273,99,0.010000000000000005,200.0,,,,
1254,episode_end,-362.8455778995747,93,0.010000000000000005,200.0,,,,
1338,episode_end,139.98131677080272,84,0.010000000000000005,200.0,,,,
1422,episode_end,-222.26346705984366,84,0.010000000000000005,200.0,,,,
1545,episode_end,-255.7082843614377,123,0.010000000000000005,200.0,,,,
1614,episode_end,-155.80392483011462,69,0.010000000000000005,200.0,,,,
1732,episode_end,-187.98763117171114,118,0.010000000000000005,200.0,,,,
1839,episode_end,-340.5905504523664,107,0.010000000000000005,200.0,,,,
1929,episode_end,-433.31917838929263,90,0.010000000000000005,200.0,,,,
2000,train_step,,,0.010000000000000005,200.0,2000,,,
2086,episode_end,125.15550878884869,157,0.010000000000000005,200.0,,,,
2157,episode_end,-209.97625357006984,71,0.010000000000000005,200.0,,,,
2280,episode_end,-197.590525254025,123,0.010000000000000005,200.0,,,,
2376,episode_end,-296.0365884153158,96,0.010000000000000005,200.0,,,,
2451,episode_end,-152.9886321569419,75,0.010000000000000005,200.0,,,,
2547,episode_end,-228.16310607167648,96,0.010000000000000005,200.0,,,,
2655,episode_end,-389.76720459003457,108,0.010000000000000005,200.0,,,,
2778,episode_end,-142.3542337558411,123,0.010000000000000005,200.0,,,,
2939,episode_end,-531.2789730018851,161,0.010000000000000005,200.0,,,,
3000,train_step,,,0.010000000000000005,200.0,3000,,,
3066,episode_end,-235.36118045097953,127,0.010000000000000005,200.0,,,,
3189,episode_end,-147.0920091319299,123,0.010000000000000005,200.0,,,,
3326,episode_end,-220.68735249446829,137,0.010000000000000005,200.0,,,,
3402,episode_end,-155.26519410705268,76,0.010000000000000005,200.0,,,,
3494,episode_end,-329.6993213281294,92,0.010000000000000005,200.0,,,,
3618,episode_end,-414.70473534978146,124,0.010000000000000005,200.0,,,,
3711,episode_end,-211.76827508393336,93,0.010000000000000005,200.0,,,,
3867,episode_end,-71.52755180871932,156,0.010000000000000005,200.0,,,,
3991,episode_end,-185.45779461204745,124,0.010000000000000005,200.0,,,,
4000,train_step,,,0.010000000000000005,200.0,4000,,,
4095,episode_end,-109.3025970214719,104,0.010000000000000005,200.0,,,,
4198,episode_end,-299.2829114390315,103,0.010000000000000005,200.0,,,,
4323,episode_end,-196.31809772083497,125,0.010000000000000005,200.0,,,,
4440,episode_end,-252.25589052856284,117,0.010000000000000005,200.0,,,,
4584,episode_end,-229.69039273939296,144,0.010000000000000005,200.0,,,,
4659,episode_end,-143.82960966722612,75,0.010000000000000005,200.0,,,,
4780,episode_end,-216.06196624247815,121,0.010000000000000005,200.0,,,,
4915,episode_end,-47.132200152598074,135,0.010000000000000005,200.0,,,,
5000,train_step,,,0.010000000000000005,200.0,5000,,,
5002,episode_end,-297.29875343035303,87,0.010000000000000005,200.0,,,,
5100,episode_end,123.98508057928481,98,0.010000000000000005,200.0,,,,
5216,episode_end,-89.75444838567823,116,0.010000000000000005,200.0,,,,
5284,episode_end,-178.76705914019544,68,0.010000000000000005,200.0,,,,
5358,episode_end,-240.1667085903142,74,0.010000000000000005,200.0,,,,
5433,episode_end,143.48305109011676,75,0.010000000000000005,200.0,,,,
5531,episode_end,-192.1054973533508,98,0.010000000000000005,200.0,,,,
5634,episode_end,-372.7322934473811,103,0.010000000000000005,200.0,,,,
5726,episode_end,-395.7354646750937,92,0.010000000000000005,200.0,,,,
5872,episode_end,-340.9604973612777,146,0.010000000000000005,200.0,,,,
5959,episode_end,-309.6388694376867,87,0.010000000000000005,200.0,,,,
6000,train_step,,,0.010000000000000005,200.0,6000,,,
6058,episode_end,-195.8301122200886,99,0.010000000000000005,200.0,,,,
6219,episode_end,-60.19827976980328,161,0.010000000000000005,200.0,,,,
6299,episode_end,-96.71755537581262,80,0.010000000000000005,200.0,,,,
6368,episode_end,-239.2993608947637,69,0.010000000000000005,200.0,,,,
6464,episode_end,-249.55716416861537,96,0.010000000000000005,200.0,,,,
6570,episode_end,86.35274814502492,106,0.010000000000000005,200.0,,,,
6663,episode_end,-326.50523277540526,93,0.010000000000000005,200.0,,,,
6738,episode_end,-150.42409062122982,75,0.010000000000000005,200.0,,,,
6852,episode_end,119.63546547618844,114,0.010000000000000005,200.0,,,,
7000,train_step,,,0.010000000000000005,200.0,7000,,,
7015,episode_end,-117.95881617601131,163,0.010000000000000005,200.0,,,,
7119,episode_end,143.60791914503687,104,0.010000000000000005,200.0,,,,
7269,episode_end,-112.78690684999383,150,0.010000000000000005,200.0,,,,
7362,episode_end,-337.13758883983485,93,0.010000000000000005,200.0,,,,
7477,episode_end,-452.59895477073724,115,0.010000000000000005,200.0,,,,
7584,episode_end,-200.71947247487367,107,0.010000000000000005,200.0,,,,
7688,episode_end,-224.7966712954569,104,0.010000000000000005,200.0,,,,
7776,episode_end,-360.14186756266423,88,0.010000000000000005,200.0,,,,
7865,episode_end,-378.06267857015695,89,0.010000000000000005,200.0,,,,
7996,episode_end,-246.81856206207027,131,0.010000000000000005,200.0,,,,
8000,train_step,,,0.010000000000000005,200.0,8000,,,
8124,episode_end,-114.76189495721133,128,0.010000000000000005,200.0,,,,
8201,episode_end,190.31932049847813,77,0.010000000000000005,200.0,,,,
8362,episode_end,-220.1660340876553,161,0.010000000000000005,200.0,,,,
8452,episode_end,-418.8203839344414,90,0.010000000000000005,200.0,,,,
8534,episode_end,-87.43946284430581,82,0.010000000000000005,200.0,,,,
8642,episode_end,115.45974537322371,108,0.010000000000000005,200.0,,,,
8730,episode_end,-336.980182628251,88,0.010000000000000005,200.0,,,,
8862,episode_end,-219.41862344370443,132,0.010000000000000005,200.0,,,,
8956,episode_end,155.89636161195435,94,0.010000000000000005,200.0,,,,
9000,train_step,,,0.010000000000000005,200.0,9000,,,
9044,episode_end,-258.7870788631575,88,0.010000000000000005,200.0,,,,
9150,episode_end,-485.14635722454915,106,0.010000000000000005,200.0,,,,
9245,episode_end,-72.35315056178327,95,0.010000000000000005,200.0,,,,
9338,episode_end,-280.5291179426347,93,0.010000000000000005,200.0,,,,
9472,episode_end,-13.460646102779947,134,0.010000000000000005,200.0,,,,
9592,episode_end,-363.0531350020919,120,0.010000000000000005,200.0,,,,
9695,episode_end,-365.5200260365663,103,0.010000000000000005,200.0,,,,
9840,episode_end,-562.0033839912874,145,0.010000000000000005,200.0,,,,
9927,episode_end,-90.10569944788227,87,0.010000000000000005,200.0,,,,
10000,episode_end,-101.63225903307463,73,0.010000000000000005,200.0,,,,
10000,train_step,,,0.010000000000000005,200.0,10000,20.801986694335938,0.1456904113292694,-1.3164279460906982
10096,episode_end,-450.553934299762,96,0.010000000000000005,200.0,,,,
10218,episode_end,178.1098561075305,122,0.010000000000000005,200.0,,,,
10421,episode_end,-164.73431652661196,203,0.010000000000000005,200.0,,,,
10583,episode_end,-263.2613111006628,162,0.010000000000000005,200.0,,,,
10758,episode_end,173.75409368494167,175,0.010000000000000005,200.0,,,,
10984,episode_end,-212.45758653009506,226,0.010000000000000005,200.0,,,,
11000,train_step,,,0.010000000000000005,200.0,11000,92.03297424316406,6.069058895111084,3.573212146759033
11570,episode_end,-319.4414267916482,586,0.010000000000000005,200.0,,,,
11761,episode_end,-321.59864202509016,191,0.010000000000000005,200.0,,,,
12000,train_step,,,0.010000000000000005,200.0,12000,74.79881286621094,2.0536911487579346,5.399866104125977
12156,episode_end,-285.54334724085925,395,0.010000000000000005,200.0,,,,
12268,episode_end,-94.20202478416752,112,0.010000000000000005,200.0,,,,
12365,episode_end,-302.7004905423357,97,0.010000000000000005,200.0,,,,
12507,episode_end,-71.52341322261142,142,0.010000000000000005,200.0,,,,
12817,episode_end,-291.50619986103874,310,0.010000000000000005,200.0,,,,
13000,train_step,,,0.010000000000000005,200.0,13000,124.2021255493164,2.7617340087890625,6.712484359741211
13099,episode_end,-122.74869568576338,282,0.010000000000000005,200.0,,,,
13213,episode_end,-160.81787946083975,114,0.010000000000000005,200.0,,,,
13289,episode_end,-382.0448082580427,76,0.010000000000000005,200.0,,,,
13478,episode_end,-56.531020983247885,189,0.010000000000000005,200.0,,,,
13611,episode_end,-25.240575843026107,133,0.010000000000000005,200.0,,,,
13818,episode_end,-39.32272272127551,207,0.010000000000000005,200.0,,,,
13961,episode_end,1.6932081547792706,143,0.010000000000000005,200.0,,,,
14000,train_step,,,0.010000000000000005,200.0,14000,336.9860534667969,1.2833285331726074,6.318761825561523
14333,episode_end,-137.49969743226657,372,0.010000000000000005,200.0,,,,
14458,episode_end,-78.48467480651126,125,0.010000000000000005,200.0,,,,
14597,episode_end,162.55563667363504,139,0.010000000000000005,200.0,,,,
14812,episode_end,-45.150402054795634,215,0.010000000000000005,200.0,,,,
15000,train_step,,,0.010000000000000005,200.0,15000,19.956993103027344,-4.0565667152404785,8.464933395385742
15018,episode_end,-28.08527625376506,206,0.010000000000000005,200.0,,,,
15259,episode_end,-108.81105934248815,241,0.010000000000000005,200.0,,,,
15511,episode_end,-223.69852625972067,252,0.010000000000000005,200.0,,,,
16000,train_step,,,0.010000000000000005,200.0,16000,606.855712890625,-6.565508842468262,8.06782054901123
16161,episode_end,-117.82593038221432,650,0.010000000000000005,200.0,,,,
16347,episode_end,-104.62735318669314,186,0.010000000000000005,200.0,,,,
16525,episode_end,-95.65206456952843,178,0.010000000000000005,200.0,,,,
16628,episode_end,-8.674022346712619,103,0.010000000000000005,200.0,,,,
16748,episode_end,-27.95548146529144,120,0.010000000000000005,200.0,,,,
16910,episode_end,-85.33129026382629,162,0.010000000000000005,200.0,,,,
17000,train_step,,,0.010000000000000005,200.0,17000,36.388450622558594,-5.3171610832214355,7.711361885070801
17018,episode_end,8.314654449593803,108,0.010000000000000005,200.0,,,,
17181,episode_end,8.022133569323614,163,0.010000000000000005,200.0,,,,
17730,episode_end,-279.16756531955673,549,0.010000000000000005,200.0,,,,
17840,episode_end,-99.12579956931071,110,0.010000000000000005,200.0,,,,
18000,train_step,,,0.010000000000000005,200.0,18000,38.208736419677734,-17.346450805664062,7.4352641105651855
18085,episode_end,53.07403441790282,245,0.010000000000000005,200.0,,,,
18181,episode_end,195.16137411044042,96,0.010000000000000005,200.0,,,,
18295,episode_end,14.985432549836474,114,0.010000000000000005,200.0,,,,
18375,episode_end,55.36523089628437,80,0.010000000000000005,200.0,,,,
18474,episode_end,-12.660154554157344,99,0.010000000000000005,200.0,,,,
19000,train_step,,,0.010000000000000005,200.0,19000,418.9501953125,-20.098899841308594,7.027802467346191
19474,episode_end,12.002081360008791,1000,0.010000000000000005,200.0,,,,
19586,episode_end,-41.19706386404782,112,0.010000000000000005,200.0,,,,
19664,episode_end,-43.5793715848186,78,0.010000000000000005,200.0,,,,
19745,episode_end,177.17699398359957,81,0.010000000000000005,200.0,,,,
19876,episode_end,5.602863444622386,131,0.010000000000000005,200.0,,,,
19968,episode_end,20.75752081338419,92,0.010000000000000005,200.0,,,,
20000,train_step,,,0.010000000000000005,200.0,20000,74.84547424316406,-14.899150848388672,6.839409828186035
20038,episode_end,-49.888297879697234,70,0.010000000000000005,200.0,,,,
20126,episode_end,36.327429361033865,88,0.010000000000000005,200.0,,,,
20219,episode_end,15.464607386840626,93,0.010000000000000005,200.0,,,,
20519,episode_end,245.37350129905653,300,0.010000000000000005,200.0,,,,
20778,episode_end,-71.4692404310816,259,0.010000000000000005,200.0,,,,
21000,train_step,,,0.010000000000000005,200.0,21000,343.5531005859375,-23.260269165039062,7.051789283752441
21658,episode_end,229.4624430403329,880,0.010000000000000005,200.0,,,,
22000,train_step,,,0.010000000000000005,200.0,22000,322.6234130859375,-21.69756317138672,8.300729751586914
22053,episode_end,409.25608392790735,395,0.010000000000000005,200.0,,,,
23000,train_step,,,0.010000000000000005,200.0,23000,317.8189697265625,-28.323375701904297,8.848612785339355
23053,episode_end,93.18741510824434,1000,0.010000000000000005,200.0,,,,
23195,episode_end,35.349056791487385,142,0.010000000000000005,200.0,,,,
24000,train_step,,,0.010000000000000005,200.0,24000,19.312305450439453,-23.131563186645508,8.165717124938965
24195,episode_end,-23.65905094942255,1000,0.010000000000000005,200.0,,,,
24447,episode_end,-36.2339980189071,252,0.010000000000000005,200.0,,,,
25000,train_step,,,0.010000000000000005,200.0,25000,59.156944274902344,-34.25801086425781,7.584844589233398
25179,episode_end,-109.86127459291758,732,0.010000000000000005,200.0,,,,
26000,train_step,,,0.010000000000000005,200.0,26000,584.0880126953125,-41.767601013183594,7.957651138305664
26179,episode_end,155.6645652620765,1000,0.010000000000000005,200.0,,,,
26392,episode_end,4.402538086875865,213,0.010000000000000005,200.0,,,,
26556,episode_end,28.52563599424613,164,0.010000000000000005,200.0,,,,
27000,train_step,,,0.010000000000000005,200.0,27000,32.514678955078125,-30.317333221435547,8.579980850219727
27556,episode_end,22.528338771400133,1000,0.010000000000000005,200.0,,,,
27786,episode_end,-105.97231669708347,230,0.010000000000000005,200.0,,,,
28000,train_step,,,0.010000000000000005,200.0,28000,25.815109252929688,-22.067502975463867,8.139930725097656
28568,episode_end,116.03970823172612,782,0.010000000000000005,200.0,,,,
29000,train_step,,,0.010000000000000005,200.0,29000,27.837764739990234,-34.69514083862305,7.917488098144531
29234,episode_end,127.86810427780844,666,0.010000000000000005,200.0,,,,
29460,episode_end,-28.445741905985017,226,0.010000000000000005,200.0,,,,
29584,episode_end,191.78996387657833,124,0.010000000000000005,200.0,,,,
29688,episode_end,226.9562654073743,104,0.010000000000000005,200.0,,,,
29874,episode_end,55.691276429597934,186,0.010000000000000005,200.0,,,,
30000,train_step,,,0.010000000000000005,200.0,30000,71.09032440185547,-22.255212783813477,7.880687713623047
30305,episode_end,238.16485344556216,431,0.010000000000000005,200.0,,,,
30639,episode_end,264.9989510861013,334,0.010000000000000005,200.0,,,,
31000,train_step,,,0.010000000000000005,200.0,31000,60.045772552490234,-22.679807662963867,7.4967851638793945
31639,episode_end,171.71919338287492,1000,0.010000000000000005,200.0,,,,
31748,episode_end,162.01263090804804,109,0.010000000000000005,200.0,,,,
31860,episode_end,-1.612876135231744,112,0.010000000000000005,200.0,,,,
31992,episode_end,231.84123773756215,132,0.010000000000000005,200.0,,,,
32000,train_step,,,0.010000000000000005,200.0,32000,518.287353515625,-40.274932861328125,8.046972274780273
32126,episode_end,193.8581955033494,134,0.010000000000000005,200.0,,,,
32236,episode_end,-41.408626299719806,110,0.010000000000000005,200.0,,,,
32346,episode_end,251.40311833909453,110,0.010000000000000005,200.0,,,,
32477,episode_end,233.83416465393827,131,0.010000000000000005,200.0,,,,
33000,train_step,,,0.010000000000000005,200.0,33000,55.65797424316406,-39.90341567993164,8.283740997314453
33064,episode_end,401.03666900402106,587,0.010000000000000005,200.0,,,,
33606,episode_end,249.3678071885447,542,0.010000000000000005,200.0,,,,
33744,episode_end,-85.9875372607512,138,0.010000000000000005,200.0,,,,
33850,episode_end,185.83508820945752,106,0.010000000000000005,200.0,,,,
34000,train_step,,,0.010000000000000005,200.0,34000,34.44761657714844,-36.87160873413086,8.32890510559082
34011,episode_end,-82.8614306497733,161,0.010000000000000005,200.0,,,,
34126,episode_end,62.26935905278583,115,0.010000000000000005,200.0,,,,
34241,episode_end,-75.8888705057514,115,0.010000000000000005,200.0,,,,
34367,episode_end,115.1023599976036,126,0.010000000000000005,200.0,,,,
34460,episode_end,187.36877439837525,93,0.010000000000000005,200.0,,,,
34692,episode_end,246.46458000006328,232,0.010000000000000005,200.0,,,,
34857,episode_end,37.35268895352522,165,0.010000000000000005,200.0,,,,
35000,train_step,,,0.010000000000000005,200.0,35000,144.1172332763672,-38.06852722167969,7.7789459228515625
35132,episode_end,372.84123372192556,275,0.010000000000000005,200.0,,,,
35299,episode_end,101.97663946749279,167,0.010000000000000005,200.0,,,,
35754,episode_end,429.937257114971,455,0.010000000000000005,200.0,,,,
35894,episode_end,12.288643946322054,140,0.010000000000000005,200.0,,,,
36000,train_step,,,0.010000000000000005,200.0,36000,318.315185546875,-41.679046630859375,7.054909706115723
36162,episode_end,376.25846901448557,268,0.010000000000000005,200.0,,,,
37000,train_step,,,0.010000000000000005,200.0,37000,286.2183532714844,-62.90007781982422,7.356132507324219
37162,episode_end,65.68546580814375,1000,0.010000000000000005,200.0,,,,
37259,episode_end,152.6508428380199,97,0.010000000000000005,200.0,,,,
37440,episode_end,42.83451851756507,181,0.010000000000000005,200.0,,,,
37773,episode_end,235.35903851777934,333,0.010000000000000005,200.0,,,,
37853,episode_end,163.40023950865907,80,0.010000000000000005,200.0,,,,
38000,train_step,,,0.010000000000000005,200.0,38000,145.99929809570312,-55.30470275878906,7.56264066696167
38057,episode_end,30.795174964475706,204,0.010000000000000005,200.0,,,,
38439,episode_end,258.77156970736166,382,0.010000000000000005,200.0,,,,
39000,train_step,,,0.010000000000000005,200.0,39000,31.41989517211914,-48.40578079223633,7.232167720794678
39189,episode_end,240.78026662092407,750,0.010000000000000005,200.0,,,,
39311,episode_end,230.793295840727,122,0.010000000000000005,200.0,,,,
39963,episode_end,222.30478283772192,652,0.010000000000000005,200.0,,,,
40000,train_step,,,0.010000000000000005,200.0,40000,36.260765075683594,-37.57384490966797,7.511719703674316
40112,episode_end,-64.9059510941854,149,0.010000000000000005,200.0,,,,
40310,episode_end,38.418893944545175,198,0.010000000000000005,200.0,,,,
40456,episode_end,-100.14207478599988,146,0.010000000000000005,200.0,,,,
40614,episode_end,242.74080107952489,158,0.010000000000000005,200.0,,,,
41000,train_step,,,0.010000000000000005,200.0,41000,76.1239013671875,-49.491188049316406,7.9387617111206055
41026,episode_end,438.4674230650959,412,0.010000000000000005,200.0,,,,
41843,episode_end,202.64992853651103,817,0.010000000000000005,200.0,,,,
41998,episode_end,159.7436766576215,155,0.010000000000000005,200.0,,,,
42000,train_step,,,0.010000000000000005,200.0,42000,327.021240234375,-39.38734436035156,7.585937976837158
42192,episode_end,224.03582064082798,194,0.010000000000000005,200.0,,,,
42356,episode_end,433.0525409305335,164,0.010000000000000005,200.0,,,,
43000,train_step,,,0.010000000000000005,200.0,43000,52.19110107421875,-49.856239318847656,7.098397254943848
43065,episode_end,420.84838207055185,709,0.010000000000000005,200.0,,,,
43275,episode_end,228.39600601882836,210,0.010000000000000005,200.0,,,,
44000,train_step,,,0.010000000000000005,200.0,44000,625.7559814453125,-58.879798889160156,7.495643615722656
44275,episode_end,215.25661920892497,1000,0.010000000000000005,200.0,,,,
44610,episode_end,274.74996349388846,335,0.010000000000000005,200.0,,,,
44774,episode_end,71.50952249365545,164,0.010000000000000005,200.0,,,,
44974,episode_end,179.43847668834678,200,0.010000000000000005,200.0,,,,
45000,train_step,,,0.010000000000000005,200.0,45000,28.687023162841797,-49.32461929321289,7.259960174560547
45194,episode_end,244.20546751066286,220,0.010000000000000005,200.0,,,,
45835,episode_end,417.16571474642006,641,0.010000000000000005,200.0,,,,
46000,train_step,,,0.010000000000000005,200.0,46000,50.015830993652344,-56.447303771972656,7.002182960510254
46165,episode_end,453.20677719695965,330,0.010000000000000005,200.0,,,,
46930,episode_end,428.68425201444506,765,0.010000000000000005,200.0,,,,
47000,train_step,,,0.010000000000000005,200.0,47000,294.6152648925781,-49.63777160644531,8.056718826293945
47210,episode_end,491.35008704994095,280,0.010000000000000005,200.0,,,,
47787,episode_end,434.58201410042045,577,0.010000000000000005,200.0,,,,
48000,train_step,,,0.010000000000000005,200.0,48000,256.0124816894531,-53.966644287109375,7.326720237731934
48626,episode_end,308.8331020686941,839,0.010000000000000005,200.0,,,,
48930,episode_end,-30.283190110885926,304,0.010000000000000005,200.0,,,,
49000,train_step,,,0.010000000000000005,200.0,49000,61.52974319458008,-64.57093811035156,8.00063705444336
49164,episode_end,125.76677799481718,234,0.010000000000000005,200.0,,,,
50000,train_step,,,0.010000000000000005,200.0,50000,331.3966064453125,-57.403594970703125,7.530413627624512
50144,episode_end,371.72617680713864,980,0.010000000000000005,200.0,,,,
50315,episode_end,59.902947931400206,171,0.010000000000000005,200.0,,,,
50780,episode_end,469.88677219628636,465,0.010000000000000005,200.0,,,,
51000,train_step,,,0.010000000000000005,200.0,51000,41.26593017578125,-39.050743103027344,7.143280029296875
51434,episode_end,178.39158666992392,654,0.010000000000000005,200.0,,,,
51814,episode_end,451.8818595152461,380,0.010000000000000005,200.0,,,,
52000,train_step,,,0.010000000000000005,200.0,52000,317.47796630859375,-49.88414001464844,7.294423580169678
52032,episode_end,27.59252700568767,218,0.010000000000000005,200.0,,,,
52279,episode_end,268.28119181134275,247,0.010000000000000005,200.0,,,,
52546,episode_end,-141.98628879146884,267,0.010000000000000005,200.0,,,,
53000,train_step,,,0.010000000000000005,200.0,53000,58.93183135986328,-67.76924133300781,8.343624114990234
53546,episode_end,51.87887683750775,1000,0.010000000000000005,200.0,,,,
54000,train_step,,,0.010000000000000005,200.0,54000,79.09465026855469,-68.20346069335938,8.109658241271973
54124,episode_end,371.5184466585702,578,0.010000000000000005,200.0,,,,
55000,train_step,,,0.010000000000000005,200.0,55000,39.361759185791016,-47.85173416137695,7.902977466583252
55065,episode_end,334.13256332410566,941,0.010000000000000005,200.0,,,,
55362,episode_end,-838.2543043653042,297,0.010000000000000005,200.0,,,,
55686,episode_end,465.96033607004154,324,0.010000000000000005,200.0,,,,
55883,episode_end,67.46097626625999,197,0.010000000000000005,200.0,,,,
56000,train_step,,,0.010000000000000005,200.0,56000,136.95950317382812,-62.049739837646484,7.670598030090332
56883,episode_end,261.62387084856135,1000,0.010000000000000005,200.0,,,,
57000,train_step,,,0.010000000000000005,200.0,57000,29.028575897216797,-50.909507751464844,8.015318870544434
57454,episode_end,418.2620517322739,571,0.010000000000000005,200.0,,,,
58000,train_step,,,0.010000000000000005,200.0,58000,227.7698974609375,-52.86837387084961,8.172374725341797
58454,episode_end,184.23691184403455,1000,0.010000000000000005,200.0,,,,
59000,train_step,,,0.010000000000000005,200.0,59000,39.296607971191406,-44.79658508300781,8.078718185424805
59014,episode_end,427.7162191421939,560,0.010000000000000005,200.0,,,,
59198,episode_end,162.1326765083556,184,0.010000000000000005,200.0,,,,
59380,episode_end,193.83299467542827,182,0.010000000000000005,200.0,,,,
59728,episode_end,386.38741326707043,348,0.010000000000000005,200.0,,,,
60000,train_step,,,0.010000000000000005,200.0,60000,31.06415367126465,-61.605262756347656,8.199724197387695
60030,episode_end,38.53352996966021,302,0.010000000000000005,200.0,,,,
60335,episode_end,-46.08129417309531,305,0.010000000000000005,200.0,,,,
60552,episode_end,156.79570805815723,217,0.010000000000000005,200.0,,,,
60789,episode_end,442.728694160852,237,0.010000000000000005,200.0,,,,
61000,train_step,,,0.010000000000000005,200.0,61000,583.2849731445312,-63.932804107666016,8.236892700195312
61406,episode_end,433.85052957741885,617,0.010000000000000005,200.0,,,,
62000,train_step,,,0.010000000000000005,200.0,62000,43.171695709228516,-56.4917106628418,8.59201431274414
62406,episode_end,168.5007872951091,1000,0.010000000000000005,200.0,,,,
63000,train_step,,,0.010000000000000005,200.0,63000,111.36813354492188,-65.55298614501953,7.789595127105713
63406,episode_end,228.0094081333642,1000,0.010000000000000005,200.0,,,,
63988,episode_end,416.55529622840874,582,0.010000000000000005,200.0,,,,
64000,train_step,,,0.010000000000000005,200.0,64000,360.31976318359375,-53.34019470214844,8.094093322753906
64751,episode_end,403.5157215078473,763,0.010000000000000005,200.0,,,,
65000,train_step,,,0.010000000000000005,200.0,65000,87.43212890625,-54.539737701416016,7.4718170166015625
65104,episode_end,426.0710005190491,353,0.010000000000000005,200.0,,,,
66000,train_step,,,0.010000000000000005,200.0,66000,23.117786407470703,-71.4604721069336,8.038755416870117
66104,episode_end,232.73710671844984,1000,0.010000000000000005,200.0,,,,
66386,episode_end,191.54082116636494,282,0.010000000000000005,200.0,,,,
67000,train_step,,,0.010000000000000005,200.0,67000,44.3165283203125,-71.39373779296875,7.748857498168945
67386,episode_end,17.969350234211273,1000,0.010000000000000005,200.0,,,,
68000,train_step,,,0.010000000000000005,200.0,68000,33.258506774902344,-51.88914489746094,7.838933944702148
68386,episode_end,164.8785470416783,1000,0.010000000000000005,200.0,,,,
69000,train_step,,,0.010000000000000005,200.0,69000,36.857879638671875,-62.53770065307617,8.288496017456055
69015,episode_end,339.4945260933694,629,0.010000000000000005,200.0,,,,
70000,train_step,,,0.010000000000000005,200.0,70000,59.03969192504883,-70.76126098632812,7.582986831665039
70015,episode_end,-17.74244743519298,1000,0.010000000000000005,200.0,,,,
71000,train_step,,,0.010000000000000005,200.0,71000,79.5036849975586,-68.52232360839844,7.669878959655762
71015,episode_end,258.8919016791728,1000,0.010000000000000005,200.0,,,,
71829,episode_end,381.67986352470115,814,0.010000000000000005,200.0,,,,
72000,train_step,,,0.010000000000000005,200.0,72000,90.33149719238281,-59.08470153808594,7.642255783081055
72829,episode_end,71.00747098851848,1000,0.010000000000000005,200.0,,,,
73000,train_step,,,0.010000000000000005,200.0,73000,264.3355407714844,-64.59574127197266,7.474300384521484
73829,episode_end,174.45427473174985,1000,0.010000000000000005,200.0,,,,
74000,train_step,,,0.010000000000000005,200.0,74000,33.54950714111328,-68.56651306152344,7.363941192626953
74800,episode_end,356.2323897639318,971,0.010000000000000005,200.0,,,,
75000,train_step,,,0.010000000000000005,200.0,75000,24.92879867553711,-49.22344970703125,7.648167610168457
75196,episode_end,411.87100410858767,396,0.010000000000000005,200.0,,,,
76000,train_step,,,0.010000000000000005,200.0,76000,325.44384765625,-63.70454406738281,7.494054794311523
76027,episode_end,381.6986536835857,831,0.010000000000000005,200.0,,,,
76707,episode_end,409.68555433829977,680,0.010000000000000005,200.0,,,,
77000,train_step,,,0.010000000000000005,200.0,77000,76.40052032470703,-61.15946960449219,7.600878715515137
77349,episode_end,401.4802058443768,642,0.010000000000000005,200.0,,,,
78000,train_step,,,0.010000000000000005,200.0,78000,43.94651412963867,-77.79757690429688,8.21897029876709
78349,episode_end,160.74712880385385,1000,0.010000000000000005,200.0,,,,
79000,train_step,,,0.010000000000000005,200.0,79000,79.27456665039062,-56.74067687988281,7.896543979644775
79349,episode_end,190.29158919498087,1000,0.010000000000000005,200.0,,,,
79488,episode_end,-319.3072982086429,139,0.010000000000000005,200.0,,,,
79605,episode_end,-322.70074154150973,117,0.010000000000000005,200.0,,,,
79899,episode_end,439.75963818596887,294,0.010000000000000005,200.0,,,,
80000,train_step,,,0.010000000000000005,200.0,80000,24.254581451416016,-70.71592712402344,8.106636047363281
80899,episode_end,192.63980225737558,1000,0.010000000000000005,200.0,,,,
81000,train_step,,,0.010000000000000005,200.0,81000,49.763084411621094,-68.8502197265625,7.955691337585449
81899,episode_end,156.14659428745074,1000,0.010000000000000005,200.0,,,,
82000,train_step,,,0.010000000000000005,200.0,82000,52.948020935058594,-69.30207061767578,8.29272747039795
82422,episode_end,393.28514855112866,523,0.010000000000000005,200.0,,,,
83000,train_step,,,0.010000000000000005,200.0,83000,55.872230529785156,-63.545509338378906,8.310473442077637
83422,episode_end,213.0641750153758,1000,0.010000000000000005,200.0,,,,
84000,train_step,,,0.010000000000000005,200.0,84000,125.32546997070312,-69.81068420410156,7.679579734802246
84259,episode_end,383.2746305695947,837,0.010000000000000005,200.0,,,,
85000,train_step,,,0.010000000000000005,200.0,85000,61.47785186767578,-68.11990356445312,8.176359176635742
85259,episode_end,243.07186459917435,1000,0.010000000000000005,200.0,,,,
86000,train_step,,,0.010000000000000005,200.0,86000,35.83225631713867,-65.50826263427734,7.793006420135498
86163,episode_end,323.1263587948408,904,0.010000000000000005,200.0,,,,
86756,episode_end,381.96164233812095,593,0.010000000000000005,200.0,,,,
87000,train_step,,,0.010000000000000005,200.0,87000,85.40472412109375,-65.65511322021484,8.124460220336914
87255,episode_end,425.97426354517097,499,0.010000000000000005,200.0,,,,
87612,episode_end,146.94235200118374,357,0.010000000000000005,200.0,,,,
88000,train_step,,,0.010000000000000005,200.0,88000,68.73388671875,-69.60305786132812,7.903799057006836
88612,episode_end,257.2374099527618,1000,0.010000000000000005,200.0,,,,
89000,train_step,,,0.010000000000000005,200.0,89000,242.16571044921875,-70.50669860839844,7.583561420440674
89612,episode_end,57.97673183193138,1000,0.010000000000000005,200.0,,,,
89929,episode_end,414.5036941198407,317,0.010000000000000005,200.0,,,,
90000,train_step,,,0.010000000000000005,200.0,90000,420.0454406738281,-76.83275604248047,7.907236099243164
90403,episode_end,431.94423112030813,474,0.010000000000000005,200.0,,,,
91000,train_step,,,0.010000000000000005,200.0,91000,232.65122985839844,-55.818031311035156,7.668332099914551
91352,episode_end,363.91145458461926,949,0.010000000000000005,200.0,,,,
92000,train_step,,,0.010000000000000005,200.0,92000,151.97784423828125,-67.51985931396484,7.398477554321289
92352,episode_end,246.9611923771421,1000,0.010000000000000005,200.0,,,,
92527,episode_end,204.7447639835318,175,0.010000000000000005,200.0,,,,
93000,train_step,,,0.010000000000000005,200.0,93000,297.55853271484375,-54.63377380371094,7.482308864593506
93003,episode_end,350.24951127266036,476,0.010000000000000005,200.0,,,,
93287,episode_end,471.9039103372666,284,0.010000000000000005,200.0,,,,
93551,episode_end,448.1821605240902,264,0.010000000000000005,200.0,,,,
94000,train_step,,,0.010000000000000005,200.0,94000,73.46722412109375,-62.128475189208984,6.981861591339111
94144,episode_end,8.74516583392284,593,0.010000000000000005,200.0,,,,
95000,train_step,,,0.010000000000000005,200.0,95000,59.65256118774414,-65.16002655029297,7.395524024963379
95144,episode_end,141.9237066487781,1000,0.010000000000000005,200.0,,,,
96000,train_step,,,0.010000000000000005,200.0,96000,60.59784698486328,-72.00027465820312,7.527701377868652
96144,episode_end,35.647052589478015,1000,0.010000000000000005,200.0,,,,
96363,episode_end,441.4796475471582,219,0.010000000000000005,200.0,,,,
96789,episode_end,46.93284413633651,426,0.010000000000000005,200.0,,,,
97000,train_step,,,0.010000000000000005,200.0,97000,43.43762969970703,-61.899864196777344,7.533169746398926
97087,episode_end,354.28589645499954,298,0.010000000000000005,200.0,,,,
97809,episode_end,347.54987223439036,722,0.010000000000000005,200.0,,,,
98000,train_step,,,0.010000000000000005,200.0,98000,64.93688201904297,-62.370059967041016,7.742765426635742
98809,episode_end,171.74782766181545,1000,0.010000000000000005,200.0,,,,
99000,train_step,,,0.010000000000000005,200.0,99000,343.8658447265625,-59.40345001220703,7.404349327087402
99809,episode_end,233.7357964611248,1000,0.010000000000000005,200.0,,,,
100000,train_step,,,0.010000000000000005,200.0,100000,28.601715087890625,-64.343017578125,7.822021484375
100348,episode_end,431.67479081830845,539,0.010000000000000005,200.0,,,,
100891,episode_end,418.8676758280702,543,0.010000000000000005,200.0,,,,
101000,train_step,,,0.010000000000000005,200.0,100000,232.04049682617188,-55.33182144165039,7.618190765380859
101468,episode_end,419.0626380899458,577,0.010000000000000005,200.0,,,,
102000,train_step,,,0.010000000000000005,200.0,100000,41.444297790527344,-58.360374450683594,6.95122766494751
102035,episode_end,394.7755273554276,567,0.010000000000000005,200.0,,,,
103000,train_step,,,0.010000000000000005,200.0,100000,49.562843322753906,-55.19824981689453,7.534896373748779
103035,episode_end,246.33450135254762,1000,0.010000000000000005,200.0,,,,
103473,episode_end,412.82185743681407,438,0.010000000000000005,200.0,,,,
103760,episode_end,459.0464078207325,287,0.010000000000000005,200.0,,,,
104000,train_step,,,0.010000000000000005,200.0,100000,33.13664627075195,-51.65632629394531,7.463505744934082
104622,episode_end,369.4056927850683,862,0.010000000000000005,200.0,,,,
104792,episode_end,432.90408022768014,170,0.010000000000000005,200.0,,,,
105000,train_step,,,0.010000000000000005,200.0,100000,40.60985565185547,-54.926055908203125,7.1319661140441895
105792,episode_end,181.97073247702397,1000,0.010000000000000005,200.0,,,,
106000,train_step,,,0.010000000000000005,200.0,100000,362.15960693359375,-58.755043029785156,6.9753031730651855
106447,episode_end,418.3005645995593,655,0.010000000000000005,200.0,,,,
107000,train_step,,,0.010000000000000005,200.0,100000,85.31129455566406,-47.16075897216797,6.939049243927002
107447,episode_end,227.74726128446832,1000,0.010000000000000005,200.0,,,,
108000,train_step,,,0.010000000000000005,200.0,100000,459.0037841796875,-54.14382553100586,7.437159061431885
108090,episode_end,415.7460544823224,643,0.010000000000000005,200.0,,,,
109000,train_step,,,0.010000000000000005,200.0,100000,42.966835021972656,-53.31188201904297,7.324280738830566
109090,episode_end,244.69815620081985,1000,0.010000000000000005,200.0,,,,
109733,episode_end,407.484777268875,643,0.010000000000000005,200.0,,,,
109884,episode_end,22.02929677966148,151,0.010000000000000005,200.0,,,,
110000,train_step,,,0.010000000000000005,200.0,100000,46.38212966918945,-54.303192138671875,7.0643157958984375
110884,episode_end,74.93062521786175,1000,0.010000000000000005,200.0,,,,
111000,train_step,,,0.010000000000000005,200.0,100000,107.28937530517578,-54.4454460144043,6.987513065338135
111081,episode_end,-41.2068343720128,197,0.010000000000000005,200.0,,,,
111192,episode_end,129.75633484195401,111,0.010000000000000005,200.0,,,,
111353,episode_end,430.78786543671026,161,0.010000000000000005,200.0,,,,
112000,train_step,,,0.010000000000000005,200.0,100000,18.121427536010742,-46.33922576904297,7.178524971008301
112353,episode_end,193.36112137104948,1000,0.010000000000000005,200.0,,,,
112516,episode_end,-170.66968011273065,163,0.010000000000000005,200.0,,,,
113000,train_step,,,0.010000000000000005,200.0,100000,32.3961181640625,-57.59794616699219,7.045605659484863
113516,episode_end,101.66593917367392,1000,0.010000000000000005,200.0,,,,
114000,train_step,,,0.010000000000000005,200.0,100000,47.42052459716797,-63.88074493408203,7.605973243713379
114306,episode_end,415.62235773560246,790,0.010000000000000005,200.0,,,,
114510,episode_end,411.33733049876935,204,0.010000000000000005,200.0,,,,
114598,episode_end,158.69600689912028,88,0.010000000000000005,200.0,,,,
115000,train_step,,,0.010000000000000005,200.0,100000,52.395713806152344,-45.546146392822266,6.887019634246826
115598,episode_end,-39.88183671224582,1000,0.010000000000000005,200.0,,,,
116000,train_step,,,0.010000000000000005,200.0,100000,50.59659957885742,-46.18000030517578,6.860991477966309
116171,episode_end,413.49251994574905,573,0.010000000000000005,200.0,,,,
117000,train_step,,,0.010000000000000005,200.0,100000,386.0868225097656,-49.618316650390625,7.124147415161133
117171,episode_end,29.69564280798947,1000,0.010000000000000005,200.0,,,,
118000,train_step,,,0.010000000000000005,200.0,100000,208.06289672851562,-54.120079040527344,6.5725202560424805
118171,episode_end,-75.5776498394614,1000,0.010000000000000005,200.0,,,,
118289,episode_end,-137.22524343860758,118,0.010000000000000005,200.0,,,,
118957,episode_end,217.72120115795752,668,0.010000000000000005,200.0,,,,
119000,train_step,,,0.010000000000000005,200.0,100000,128.24093627929688,-52.317588806152344,7.093930244445801
119889,episode_end,382.5575426410197,932,0.010000000000000005,200.0,,,,
120000,train_step,,,0.010000000000000005,200.0,100000,308.1842041015625,-49.22422409057617,7.4382195472717285
120889,episode_end,260.83045805144354,1000,0.010000000000000005,200.0,,,,
121000,train_step,,,0.010000000000000005,200.0,100000,66.51033782958984,-45.74178695678711,7.0477094650268555
121550,episode_end,304.4169417461378,661,0.010000000000000005,200.0,,,,
122000,train_step,,,0.010000000000000005,200.0,100000,188.93167114257812,-60.06795883178711,6.906364917755127
122550,episode_end,195.67689100039686,1000,0.010000000000000005,200.0,,,,
122792,episode_end,437.1362777019042,242,0.010000000000000005,200.0,,,,
123000,train_step,,,0.010000000000000005,200.0,100000,255.59451293945312,-59.87666320800781,7.009530067443848
123792,episode_end,215.67145514562574,1000,0.010000000000000005,200.0,,,,
124000,train_step,,,0.010000000000000005,200.0,100000,125.57211303710938,-49.750091552734375,6.733636856079102
124679,episode_end,308.13776825487037,887,0.010000000000000005,200.0,,,,
125000,train_step,,,0.010000000000000005,200.0,100000,197.0229949951172,-52.681644439697266,7.410890102386475
125679,episode_end,222.16733790989863,1000,0.010000000000000005,200.0,,,,
126000,train_step,,,0.010000000000000005,200.0,100000,75.56289672851562,-50.50945281982422,6.598606109619141
126679,episode_end,212.98923267408466,1000,0.010000000000000005,200.0,,,,
126935,episode_end,484.84460858912314,256,0.010000000000000005,200.0,,,,
127000,train_step,,,0.010000000000000005,200.0,100000,63.86467742919922,-48.60137939453125,6.951976299285889
127631,episode_end,403.4750145981431,696,0.010000000000000005,200.0,,,,
128000,train_step,,,0.010000000000000005,200.0,100000,20.39349937438965,-59.311805725097656,6.749622344970703
128402,episode_end,392.55328699195434,771,0.010000000000000005,200.0,,,,
129000,train_step,,,0.010000000000000005,200.0,100000,234.50128173828125,-63.468238830566406,6.746215343475342
129402,episode_end,238.07011605859248,1000,0.010000000000000005,200.0,,,,
129517,episode_end,260.99171745473484,115,0.010000000000000005,200.0,,,,
129642,episode_end,-307.91155760129504,125,0.010000000000000005,200.0,,,,
130000,train_step,,,0.010000000000000005,200.0,100000,154.60475158691406,-53.38539123535156,6.440686225891113
130335,episode_end,399.6800525927814,693,0.010000000000000005,200.0,,,,
131000,train_step,,,0.010000000000000005,200.0,100000,91.82209014892578,-61.83735656738281,6.989704132080078
131335,episode_end,214.17705965194043,1000,0.010000000000000005,200.0,,,,
131791,episode_end,440.5240811405802,456,0.010000000000000005,200.0,,,,
132000,train_step,,,0.010000000000000005,200.0,100000,202.61477661132812,-58.376312255859375,6.837245941162109
132177,episode_end,447.1920292753143,386,0.010000000000000005,200.0,,,,
133000,train_step,,,0.010000000000000005,200.0,100000,53.778236389160156,-62.801185607910156,7.156731605529785
133177,episode_end,261.97719625935326,1000,0.010000000000000005,200.0,,,,
134000,train_step,,,0.010000000000000005,200.0,100000,33.23110580444336,-52.4163818359375,6.632118225097656
134025,episode_end,409.65525402614327,848,0.010000000000000005,200.0,,,,
135000,train_step,,,0.010000000000000005,200.0,100000,27.009998321533203,-51.9609375,6.63441276550293
135025,episode_end,161.54586790301371,1000,0.010000000000000005,200.0,,,,
135530,episode_end,376.2939687390234,505,0.010000000000000005,200.0,,,,
136000,train_step,,,0.010000000000000005,200.0,100000,34.21228790283203,-52.477928161621094,6.780963897705078
136530,episode_end,246.17862751164876,1000,0.010000000000000005,200.0,,,,
137000,train_step,,,0.010000000000000005,200.0,100000,148.15496826171875,-57.07587432861328,6.756357669830322
137530,episode_end,243.56427968247465,1000,0.010000000000000005,200.0,,,,
137796,episode_end,444.9655011044176,266,0.010000000000000005,200.0,,,,
138000,train_step,,,0.010000000000000005,200.0,100000,294.0016784667969,-45.96981430053711,6.3817949295043945
138387,episode_end,-82.78675155934488,591,0.010000000000000005,200.0,,,,
138778,episode_end,411.0347602301083,391,0.010000000000000005,200.0,,,,
139000,train_step,,,0.010000000000000005,200.0,100000,86.77244567871094,-48.99745559692383,6.958095073699951
139778,episode_end,259.6126808519132,1000,0.010000000000000005,200.0,,,,
140000,train_step,,,0.010000000000000005,200.0,100000,168.1766357421875,-56.60741424560547,6.722410202026367
140778,episode_end,166.54397592083794,1000,0.010000000000000005,200.0,,,,
141000,train_step,,,0.010000000000000005,200.0,100000,170.32540893554688,-46.201812744140625,7.125187397003174
141003,episode_end,417.5474815075133,225,0.010000000000000005,200.0,,,,
141583,episode_end,404.71303931547516,580,0.010000000000000005,200.0,,,,
142000,train_step,,,0.010000000000000005,200.0,100000,112.54685974121094,-50.0252685546875,6.671125888824463
142255,episode_end,375.72263733801327,672,0.010000000000000005,200.0,,,,
142584,episode_end,400.18534107023066,329,0.010000000000000005,200.0,,,,
142739,episode_end,250.64909607937244,155,0.010000000000000005,200.0,,,,
143000,train_step,,,0.010000000000000005,200.0,100000,165.09060668945312,-48.275634765625,6.910060882568359
143026,episode_end,452.1623197270238,287,0.010000000000000005,200.0,,,,
143795,episode_end,393.0882498989038,769,0.010000000000000005,200.0,,,,
144000,train_step,,,0.010000000000000005,200.0,100000,38.17938232421875,-45.51292037963867,7.537018299102783
144772,episode_end,366.9851821004582,977,0.010000000000000005,200.0,,,,
145000,train_step,,,0.010000000000000005,200.0,100000,564.172607421875,-52.60675048828125,7.0702667236328125
145057,episode_end,45.26177601842966,285,0.010000000000000005,200.0,,,,
145708,episode_end,383.422193672083,651,0.010000000000000005,200.0,,,,
145820,episode_end,253.60556637185192,112,0.010000000000000005,200.0,,,,
146000,train_step,,,0.010000000000000005,200.0,100000,60.482383728027344,-46.34269714355469,7.6351423263549805
146820,episode_end,259.310993462794,1000,0.010000000000000005,200.0,,,,
147000,train_step,,,0.010000000000000005,200.0,100000,67.85599517822266,-47.78204345703125,6.759127616882324
147734,episode_end,340.032766617978,914,0.010000000000000005,200.0,,,,
148000,train_step,,,0.010000000000000005,200.0,100000,91.14472961425781,-45.23999786376953,7.881403923034668
148734,episode_end,134.0731532922071,1000,0.010000000000000005,200.0,,,,
149000,train_step,,,0.010000000000000005,200.0,100000,378.26678466796875,-49.64741134643555,7.0351948738098145
149693,episode_end,365.7081383174593,959,0.010000000000000005,200.0,,,,
150000,train_step,,,0.010000000000000005,200.0,100000,54.37982940673828,-53.98889923095703,7.131508827209473
150693,episode_end,239.9879821177172,1000,0.010000000000000005,200.0,,,,
151000,train_step,,,0.010000000000000005,200.0,100000,164.94912719726562,-53.83190155029297,6.959324836730957
151693,episode_end,247.7439033536903,1000,0.010000000000000005,200.0,,,,
152000,train_step,,,0.010000000000000005,200.0,100000,32.205692291259766,-40.56809997558594,7.9067583084106445
152230,episode_end,386.84704142424425,537,0.010000000000000005,200.0,,,,
152943,episode_end,231.98638494604796,713,0.010000000000000005,200.0,,,,
153000,train_step,,,0.010000000000000005,200.0,100000,27.01333999633789,-52.04547119140625,8.093048095703125
153444,episode_end,424.74502578134525,501,0.010000000000000005,200.0,,,,
153527,episode_end,204.54930953534944,83,0.010000000000000005,200.0,,,,
154000,train_step,,,0.010000000000000005,200.0,100000,24.96773338317871,-47.045127868652344,7.133487224578857
154527,episode_end,249.57756320613828,1000,0.010000000000000005,200.0,,,,
155000,train_step,,,0.010000000000000005,200.0,100000,18.538169860839844,-45.521278381347656,7.488908767700195
155527,episode_end,247.53663030495048,1000,0.010000000000000005,200.0,,,,
156000,train_step,,,0.010000000000000005,200.0,100000,24.984891891479492,-56.017578125,7.295684337615967
156527,episode_end,259.41918227539276,1000,0.010000000000000005,200.0,,,,
157000,train_step,,,0.010000000000000005,200.0,100000,16.858718872070312,-42.852813720703125,6.9814581871032715
157304,episode_end,435.2581541247639,777,0.010000000000000005,200.0,,,,
158000,train_step,,,0.010000000000000005,200.0,100000,62.96270751953125,-52.57428741455078,7.65240478515625
158304,episode_end,265.1478069919941,1000,0.010000000000000005,200.0,,,,
158584,episode_end,425.013839712629,280,0.010000000000000005,200.0,,,,
159000,train_step,,,0.010000000000000005,200.0,100000,25.629549026489258,-51.04072189331055,7.440822124481201
159028,episode_end,443.6573849923561,444,0.010000000000000005,200.0,,,,
160000,train_step,,,0.010000000000000005,200.0,100000,166.10647583007812,-47.54202651977539,7.233885765075684
160028,episode_end,274.9096568121377,1000,0.010000000000000005,200.0,,,,
160325,episode_end,452.58945914231884,297,0.010000000000000005,200.0,,,,
160565,episode_end,470.2481982224382,240,0.010000000000000005,200.0,,,,
161000,train_step,,,0.010000000000000005,200.0,100000,134.46917724609375,-34.87303161621094,6.9047088623046875
161164,episode_end,344.09839796010624,599,0.010000000000000005,200.0,,,,
162000,train_step,,,0.010000000000000005,200.0,100000,18.39630889892578,-47.47099304199219,7.279584884643555
162164,episode_end,271.8997659412012,1000,0.010000000000000005,200.0,,,,
163000,train_step,,,0.010000000000000005,200.0,100000,192.0503692626953,-45.22100830078125,6.758782386779785
163164,episode_end,199.53221545772044,1000,0.010000000000000005,200.0,,,,
164000,train_step,,,0.010000000000000005,200.0,100000,73.41968536376953,-50.023170471191406,7.217104911804199
164164,episode_end,230.04839338804308,1000,0.010000000000000005,200.0,,,,
165000,train_step,,,0.010000000000000005,200.0,100000,121.45684814453125,-41.94184112548828,6.62406063079834
165164,episode_end,231.36414589533575,1000,0.010000000000000005,200.0,,,,
166000,train_step,,,0.010000000000000005,200.0,100000,107.1990737915039,-47.17726135253906,6.624349117279053
166164,episode_end,251.89734132911968,1000,0.010000000000000005,200.0,,,,
166457,episode_end,462.305812443698,293,0.010000000000000005,200.0,,,,
166671,episode_end,222.29121569960165,214,0.010000000000000005,200.0,,,,
167000,train_step,,,0.010000000000000005,200.0,100000,74.85020446777344,-41.03330993652344,6.698098182678223
167658,episode_end,370.8314301961977,987,0.010000000000000005,200.0,,,,
168000,train_step,,,0.010000000000000005,200.0,100000,13.849699020385742,-49.33347702026367,6.726376533508301
168459,episode_end,425.96367316545644,801,0.010000000000000005,200.0,,,,
169000,train_step,,,0.010000000000000005,200.0,100000,71.04739379882812,-53.998069763183594,6.597254753112793
169009,episode_end,432.4145065230878,550,0.010000000000000005,200.0,,,,
169508,episode_end,446.9994737226024,499,0.010000000000000005,200.0,,,,
170000,train_step,,,0.010000000000000005,200.0,100000,25.642681121826172,-46.419586181640625,6.512796401977539
170009,episode_end,424.98954263818564,501,0.010000000000000005,200.0,,,,
170335,episode_end,441.6621708499062,326,0.010000000000000005,200.0,,,,
170943,episode_end,392.3010479667124,608,0.010000000000000005,200.0,,,,
171000,train_step,,,0.010000000000000005,200.0,100000,186.99392700195312,-49.53053283691406,6.495938301086426
171317,episode_end,418.3046027509574,374,0.010000000000000005,200.0,,,,
171599,episode_end,275.3399485736331,282,0.010000000000000005,200.0,,,,
172000,train_step,,,0.010000000000000005,200.0,100000,22.60437774658203,-52.14840316772461,6.7721710205078125
172065,episode_end,434.17931313018096,466,0.010000000000000005,200.0,,,,
172396,episode_end,291.86492478989567,331,0.010000000000000005,200.0,,,,
173000,train_step,,,0.010000000000000005,200.0,100000,15.807519912719727,-47.60892868041992,6.442282199859619
173075,episode_end,432.1847886769,679,0.010000000000000005,200.0,,,,
173516,episode_end,275.92767028107863,441,0.010000000000000005,200.0,,,,
174000,train_step,,,0.010000000000000005,200.0,100000,63.612831115722656,-51.31986618041992,6.767426490783691
174035,episode_end,425.9652795376277,519,0.010000000000000005,200.0,,,,
175000,train_step,,,0.010000000000000005,200.0,100000,124.20195007324219,-46.85118103027344,6.613714218139648
175035,episode_end,185.0350307790099,1000,0.010000000000000005,200.0,,,,
175502,episode_end,403.0077308500689,467,0.010000000000000005,200.0,,,,
175583,episode_end,225.90337250340093,81,0.010000000000000005,200.0,,,,
176000,train_step,,,0.010000000000000005,200.0,100000,61.71144485473633,-54.8006706237793,6.467139720916748
176144,episode_end,418.8483087495846,561,0.010000000000000005,200.0,,,,
176474,episode_end,460.2494383798553,330,0.010000000000000005,200.0,,,,
176657,episode_end,467.51271234085,183,0.010000000000000005,200.0,,,,
177000,train_step,,,0.010000000000000005,200.0,100000,323.60076904296875,-48.20056915283203,6.887951850891113
177177,episode_end,425.1229112045073,520,0.010000000000000005,200.0,,,,
177411,episode_end,477.09703493720104,234,0.010000000000000005,200.0,,,,
177839,episode_end,413.28478081291513,428,0.010000000000000005,200.0,,,,
178000,train_step,,,0.010000000000000005,200.0,100000,77.96395874023438,-66.30828094482422,6.564865589141846
178261,episode_end,369.6811870926549,422,0.010000000000000005,200.0,,,,
178480,episode_end,453.13687639013756,219,0.010000000000000005,200.0,,,,
179000,train_step,,,0.010000000000000005,200.0,100000,60.02030944824219,-56.04539489746094,6.625688552856445
179364,episode_end,393.7361909450849,884,0.010000000000000005,200.0,,,,
179914,episode_end,410.7234572382331,550,0.010000000000000005,200.0,,,,
180000,train_step,,,0.010000000000000005,200.0,100000,26.34429931640625,-66.60596466064453,6.78446626663208
180314,episode_end,407.15171808192395,400,0.010000000000000005,200.0,,,,
180583,episode_end,473.9881645150922,269,0.010000000000000005,200.0,,,,
181000,train_step,,,0.010000000000000005,200.0,100000,71.97317504882812,-61.54792022705078,6.6477861404418945
181487,episode_end,325.8374062359028,904,0.010000000000000005,200.0,,,,
181951,episode_end,410.3373777850639,464,0.010000000000000005,200.0,,,,
182000,train_step,,,0.010000000000000005,200.0,100000,45.36248016357422,-70.02288818359375,6.682041168212891
182410,episode_end,436.3207641501633,459,0.010000000000000005,200.0,,,,
182578,episode_end,431.6203654751663,168,0.010000000000000005,200.0,,,,
183000,train_step,,,0.010000000000000005,200.0,100000,59.36582946777344,-69.6584243774414,6.395047187805176
183032,episode_end,404.0324427256475,454,0.010000000000000005,200.0,,,,
183218,episode_end,445.77772448170515,186,0.010000000000000005,200.0,,,,
183628,episode_end,443.6630400443221,410,0.010000000000000005,200.0,,,,
184000,train_step,,,0.010000000000000005,200.0,100000,33.7255973815918,-65.0351333618164,6.253896713256836
184628,episode_end,152.98423303969926,1000,0.010000000000000005,200.0,,,,
185000,train_step,,,0.010000000000000005,200.0,100000,16.888572692871094,-73.7263412475586,5.908551216125488
185016,episode_end,438.2973568659217,388,0.010000000000000005,200.0,,,,
185823,episode_end,379.1374601864353,807,0.010000000000000005,200.0,,,,
186000,train_step,,,0.010000000000000005,200.0,100000,298.9240417480469,-75.93107604980469,6.364420413970947
186073,episode_end,463.0709625386024,250,0.010000000000000005,200.0,,,,
186627,episode_end,401.92887854819986,554,0.010000000000000005,200.0,,,,
187000,train_step,,,0.010000000000000005,200.0,100000,13.85316276550293,-74.68362426757812,6.094442367553711
187311,episode_end,376.0417931871747,684,0.010000000000000005,200.0,,,,
187730,episode_end,447.02012192596146,419,0.010000000000000005,200.0,,,,
188000,train_step,,,0.010000000000000005,200.0,100000,21.392948150634766,-67.99006652832031,6.682190895080566
188406,episode_end,410.52254529821954,676,0.010000000000000005,200.0,,,,
188570,episode_end,478.2783491318859,164,0.010000000000000005,200.0,,,,
188752,episode_end,479.5403920307311,182,0.010000000000000005,200.0,,,,
189000,train_step,,,0.010000000000000005,200.0,100000,61.5994873046875,-80.50497436523438,6.583714485168457
189224,episode_end,-7.889463098227935,472,0.010000000000000005,200.0,,,,
189430,episode_end,450.706475318996,206,0.010000000000000005,200.0,,,,
189850,episode_end,461.8847393992693,420,0.010000000000000005,200.0,,,,
190000,train_step,,,0.010000000000000005,200.0,100000,49.97987365722656,-71.69801330566406,6.535257339477539
190163,episode_end,418.5443385073836,313,0.010000000000000005,200.0,,,,
190330,episode_end,437.2397128999756,167,0.010000000000000005,200.0,,,,
190835,episode_end,452.01663492639074,505,0.010000000000000005,200.0,,,,
191000,train_step,,,0.010000000000000005,200.0,100000,30.113712310791016,-74.2901382446289,6.126348495483398
191550,episode_end,388.8845887292209,715,0.010000000000000005,200.0,,,,
191881,episode_end,463.173362656453,331,0.010000000000000005,200.0,,,,
192000,train_step,,,0.010000000000000005,200.0,100000,20.90768051147461,-77.60944366455078,6.088593482971191
192259,episode_end,461.13082912216805,378,0.010000000000000005,200.0,,,,
192547,episode_end,452.44131608361147,288,0.010000000000000005,200.0,,,,
192914,episode_end,451.16246596086404,367,0.010000000000000005,200.0,,,,
193000,train_step,,,0.010000000000000005,200.0,100000,34.358299255371094,-87.6915054321289,6.593713283538818
193236,episode_end,469.3951488666913,322,0.010000000000000005,200.0,,,,
194000,train_step,,,0.010000000000000005,200.0,100000,33.63967514038086,-76.80975341796875,6.352993011474609
194236,episode_end,163.26995230852748,1000,0.010000000000000005,200.0,,,,
194620,episode_end,440.66697026557966,384,0.010000000000000005,200.0,,,,
194882,episode_end,444.54755939712135,262,0.010000000000000005,200.0,,,,
195000,train_step,,,0.010000000000000005,200.0,100000,68.75759887695312,-74.91960144042969,6.629430770874023
195882,episode_end,213.44091667887824,1000,0.010000000000000005,200.0,,,,
196000,train_step,,,0.010000000000000005,200.0,100000,39.229835510253906,-91.17232513427734,6.319930076599121
196188,episode_end,430.1035433966091,306,0.010000000000000005,200.0,,,,
196548,episode_end,409.7161182200687,360,0.010000000000000005,200.0,,,,
196826,episode_end,479.50169628939733,278,0.010000000000000005,200.0,,,,
197000,train_step,,,0.010000000000000005,200.0,100000,121.92852783203125,-81.304443359375,6.218213081359863
197149,episode_end,433.08878224386257,323,0.010000000000000005,200.0,,,,
197385,episode_end,458.5187019337581,236,0.010000000000000005,200.0,,,,
198000,train_step,,,0.010000000000000005,200.0,100000,13.195114135742188,-81.13762664794922,6.173379898071289
198189,episode_end,156.45746275334412,804,0.010000000000000005,200.0,,,,
198551,episode_end,439.7739250159608,362,0.010000000000000005,200.0,,,,
199000,train_step,,,0.010000000000000005,200.0,100000,32.03350830078125,-82.35482788085938,5.961742401123047
199099,episode_end,428.6267926450174,548,0.010000000000000005,200.0,,,,
199528,episode_end,396.27099371080135,429,0.010000000000000005,200.0,,,,
199806,episode_end,438.2764488338982,278,0.010000000000000005,200.0,,,,
200000,train_step,,,0.010000000000000005,200.0,100000,35.62549591064453,-89.29935455322266,6.124943733215332
200187,episode_end,412.8448772113818,381,0.010000000000000005,200.0,,,,
200629,episode_end,446.6646201038601,442,0.010000000000000005,200.0,,,,
200929,episode_end,457.2869542005882,300,0.010000000000000005,200.0,,,,
201000,train_step,,,0.010000000000000005,200.0,100000,116.439208984375,-82.01193237304688,5.763702869415283
201427,episode_end,394.98696711860384,498,0.010000000000000005,200.0,,,,
201811,episode_end,246.58934606402897,384,0.010000000000000005,200.0,,,,
201903,episode_end,-86.1748145551306,92,0.010000000000000005,200.0,,,,
202000,train_step,,,0.010000000000000005,200.0,100000,13.531021118164062,-86.51309967041016,6.055844306945801
202074,episode_end,-525.6706375482559,171,0.010000000000000005,200.0,,,,
202234,episode_end,-288.06088872718306,160,0.010000000000000005,200.0,,,,
202612,episode_end,427.2359752873719,378,0.010000000000000005,200.0,,,,
202813,episode_end,465.7975137061111,201,0.010000000000000005,200.0,,,,
203000,train_step,,,0.010000000000000005,200.0,100000,17.78091049194336,-79.1173095703125,5.794063568115234
203075,episode_end,439.4447842357293,262,0.010000000000000005,200.0,,,,
203317,episode_end,471.2984879442661,242,0.010000000000000005,200.0,,,,
203555,episode_end,430.4327912880169,238,0.010000000000000005,200.0,,,,
203842,episode_end,426.95395016392,287,0.010000000000000005,200.0,,,,
204000,train_step,,,0.010000000000000005,200.0,100000,11.091944694519043,-85.3433609008789,6.074478626251221
204129,episode_end,248.63081795737523,287,0.010000000000000005,200.0,,,,
204551,episode_end,425.9553391682507,422,0.010000000000000005,200.0,,,,
205000,train_step,,,0.010000000000000005,200.0,100000,20.926959991455078,-84.77201843261719,5.473321914672852
205097,episode_end,396.8406178963302,546,0.010000000000000005,200.0,,,,
205270,episode_end,459.38811617638316,173,0.010000000000000005,200.0,,,,
205524,episode_end,462.43071903007126,254,0.010000000000000005,200.0,,,,
205772,episode_end,443.7927327920684,248,0.010000000000000005,200.0,,,,
206000,train_step,,,0.010000000000000005,200.0,100000,122.57942962646484,-86.25282287597656,6.104128837585449
206077,episode_end,484.00680161904944,305,0.010000000000000005,200.0,,,,
207000,train_step,,,0.010000000000000005,200.0,100000,14.696452140808105,-80.70763397216797,6.43247652053833
207077,episode_end,188.08240310314085,1000,0.010000000000000005,200.0,,,,
207299,episode_end,430.3458439968226,222,0.010000000000000005,200.0,,,,
207590,episode_end,435.21052944289653,291,0.010000000000000005,200.0,,,,
207736,episode_end,488.32800111501473,146,0.010000000000000005,200.0,,,,
208000,train_step,,,0.010000000000000005,200.0,100000,23.601829528808594,-79.61968994140625,6.189133644104004
208242,episode_end,442.4944381795959,506,0.010000000000000005,200.0,,,,
208714,episode_end,431.7407182543208,472,0.010000000000000005,200.0,,,,
209000,train_step,,,0.010000000000000005,200.0,100000,188.9481201171875,-93.88906860351562,6.042313575744629
209047,episode_end,445.91474039932194,333,0.010000000000000005,200.0,,,,
209244,episode_end,266.38494905514744,197,0.010000000000000005,200.0,,,,
209672,episode_end,470.36588191381315,428,0.010000000000000005,200.0,,,,
209946,episode_end,473.681090220164,274,0.010000000000000005,200.0,,,,
210000,train_step,,,0.010000000000000005,200.0,100000,193.71299743652344,-73.50408935546875,6.3874735832214355
210946,episode_end,252.82134483209677,1000,0.010000000000000005,200.0,,,,
211000,train_step,,,0.010000000000000005,200.0,100000,55.27259063720703,-84.72611999511719,6.577895164489746
211226,episode_end,440.32973693650104,280,0.010000000000000005,200.0,,,,
211586,episode_end,466.8829731033511,360,0.010000000000000005,200.0,,,,
211885,episode_end,432.5260808444702,299,0.010000000000000005,200.0,,,,
212000,train_step,,,0.010000000000000005,200.0,100000,19.699222564697266,-82.49515533447266,6.468896865844727
212228,episode_end,486.5344577545003,343,0.010000000000000005,200.0,,,,
212670,episode_end,458.0238609800476,442,0.010000000000000005,200.0,,,,
212926,episode_end,466.53316975936434,256,0.010000000000000005,200.0,,,,
213000,train_step,,,0.010000000000000005,200.0,100000,73.36724090576172,-89.86177062988281,6.032095432281494
213137,episode_end,459.2011511722072,211,0.010000000000000005,200.0,,,,
213587,episode_end,409.090315311259,450,0.010000000000000005,200.0,,,,
213948,episode_end,453.58062618008245,361,0.010000000000000005,200.0,,,,
214000,train_step,,,0.010000000000000005,200.0,100000,38.379364013671875,-92.32852172851562,5.944366455078125
214191,episode_end,479.2183039774727,243,0.010000000000000005,200.0,,,,
214340,episode_end,-43.72990577230084,149,0.010000000000000005,200.0,,,,
214787,episode_end,449.4347686087713,447,0.010000000000000005,200.0,,,,
215000,train_step,,,0.010000000000000005,200.0,100000,58.24456787109375,-95.41194915771484,6.213352203369141
215559,episode_end,403.65150205036616,772,0.010000000000000005,200.0,,,,
215768,episode_end,477.1921185822246,209,0.010000000000000005,200.0,,,,
216000,train_step,,,0.010000000000000005,200.0,100000,75.81807708740234,-92.75056457519531,5.68317985534668
216232,episode_end,417.84792634733026,464,0.010000000000000005,200.0,,,,
216835,episode_end,413.4001821202341,603,0.010000000000000005,200.0,,,,
217000,train_step,,,0.010000000000000005,200.0,100000,78.58584594726562,-89.74409484863281,5.703215599060059
217339,episode_end,232.3419806620663,504,0.010000000000000005,200.0,,,,
217524,episode_end,451.8801939961543,185,0.010000000000000005,200.0,,,,
217709,episode_end,442.9889802216161,185,0.010000000000000005,200.0,,,,
218000,train_step,,,0.010000000000000005,200.0,100000,15.846092224121094,-87.78711700439453,5.720510005950928
218296,episode_end,425.96797215008957,587,0.010000000000000005,200.0,,,,
218625,episode_end,441.69239624811064,329,0.010000000000000005,200.0,,,,
218985,episode_end,489.2382139447128,360,0.010000000000000005,200.0,,,,
219000,train_step,,,0.010000000000000005,200.0,100000,43.626075744628906,-99.3427734375,5.931375980377197
219664,episode_end,412.51305691948886,679,0.010000000000000005,200.0,,,,
219940,episode_end,464.6446066341079,276,0.010000000000000005,200.0,,,,
220000,train_step,,,0.010000000000000005,200.0,100000,14.658384323120117,-95.97991943359375,6.246337890625
220117,episode_end,275.983427556218,177,0.010000000000000005,200.0,,,,
220370,episode_end,450.84523445605055,253,0.010000000000000005,200.0,,,,
220883,episode_end,423.016417256148,513,0.010000000000000005,200.0,,,,
221000,train_step,,,0.010000000000000005,200.0,100000,318.066162109375,-87.81792449951172,6.005685806274414
221125,episode_end,440.57773563313697,242,0.010000000000000005,200.0,,,,
221318,episode_end,-27.61500293232757,193,0.010000000000000005,200.0,,,,
221511,episode_end,440.5821919072082,193,0.010000000000000005,200.0,,,,
221873,episode_end,429.0418919406374,362,0.010000000000000005,200.0,,,,
222000,train_step,,,0.010000000000000005,200.0,100000,66.6343994140625,-82.29376983642578,5.780239105224609
222441,episode_end,368.97960987938984,568,0.010000000000000005,200.0,,,,
222684,episode_end,472.02159159986695,243,0.010000000000000005,200.0,,,,
223000,train_step,,,0.010000000000000005,200.0,100000,14.955538749694824,-97.29531860351562,6.325536727905273
223069,episode_end,436.07602632845254,385,0.010000000000000005,200.0,,,,
223579,episode_end,396.0396460997705,510,0.010000000000000005,200.0,,,,
223769,episode_end,295.8921909282296,190,0.010000000000000005,200.0,,,,
224000,train_step,,,0.010000000000000005,200.0,100000,19.373210906982422,-93.67561340332031,5.798113822937012
224229,episode_end,409.6224573654894,460,0.010000000000000005,200.0,,,,
224649,episode_end,437.74742737319565,420,0.010000000000000005,200.0,,,,
224858,episode_end,487.7956304212801,209,0.010000000000000005,200.0,,,,
225000,train_step,,,0.010000000000000005,200.0,100000,109.99769592285156,-89.9218521118164,6.0529890060424805
225426,episode_end,445.75838408456264,568,0.010000000000000005,200.0,,,,
225666,episode_end,471.8002415875054,240,0.010000000000000005,200.0,,,,
226000,train_step,,,0.010000000000000005,200.0,100000,21.807222366333008,-89.2637939453125,5.875833511352539
226108,episode_end,407.22442114294626,442,0.010000000000000005,200.0,,,,
226451,episode_end,452.5339430468568,343,0.010000000000000005,200.0,,,,
226845,episode_end,451.1635106580858,394,0.010000000000000005,200.0,,,,
227000,train_step,,,0.010000000000000005,200.0,100000,13.150934219360352,-92.41226196289062,5.7762980461120605
227069,episode_end,292.7487549945169,224,0.010000000000000005,200.0,,,,
227568,episode_end,419.1984860569377,499,0.010000000000000005,200.0,,,,
227965,episode_end,432.64958636060425,397,0.010000000000000005,200.0,,,,
228000,train_step,,,0.010000000000000005,200.0,100000,32.20604705810547,-77.9576416015625,5.404799461364746
228289,episode_end,424.5650227855696,324,0.010000000000000005,200.0,,,,
228514,episode_end,451.83661976141724,225,0.010000000000000005,200.0,,,,
228929,episode_end,467.4623165949907,415,0.010000000000000005,200.0,,,,
229000,train_step,,,0.010000000000000005,200.0,100000,17.582202911376953,-86.14324951171875,5.756694316864014
229262,episode_end,432.52276489591816,333,0.010000000000000005,200.0,,,,
229702,episode_end,399.2075614082069,440,0.010000000000000005,200.0,,,,
230000,train_step,,,0.010000000000000005,200.0,100000,105.06539916992188,-91.56008911132812,5.266401767730713
230074,episode_end,430.6883870909123,372,0.010000000000000005,200.0,,,,
230499,episode_end,411.5308299222694,425,0.010000000000000005,200.0,,,,
231000,train_step,,,0.010000000000000005,200.0,100000,35.23893737792969,-87.71670532226562,5.561816692352295
231003,episode_end,400.2382174594937,504,0.010000000000000005,200.0,,,,
231390,episode_end,458.1311520385764,387,0.010000000000000005,200.0,,,,
231781,episode_end,446.4772597809309,391,0.010000000000000005,200.0,,,,
231996,episode_end,510.0837193713992,215,0.010000000000000005,200.0,,,,
232000,train_step,,,0.010000000000000005,200.0,100000,9.765127182006836,-83.81587219238281,6.175108909606934
232646,episode_end,358.85034415981625,650,0.010000000000000005,200.0,,,,
233000,train_step,,,0.010000000000000005,200.0,100000,14.14631462097168,-92.0889892578125,5.863076686859131
233095,episode_end,446.0503946248585,449,0.010000000000000005,200.0,,,,
233421,episode_end,433.95249885573395,326,0.010000000000000005,200.0,,,,
233927,episode_end,474.78705856790305,506,0.010000000000000005,200.0,,,,
234000,train_step,,,0.010000000000000005,200.0,100000,24.205738067626953,-88.40923309326172,5.782342433929443
234256,episode_end,463.5909050253674,329,0.010000000000000005,200.0,,,,
234455,episode_end,469.9855641133008,199,0.010000000000000005,200.0,,,,
234747,episode_end,453.75490954759965,292,0.010000000000000005,200.0,,,,
234907,episode_end,51.76008027598104,160,0.010000000000000005,200.0,,,,
235000,train_step,,,0.010000000000000005,200.0,100000,189.931640625,-97.05542755126953,6.286385536193848
235255,episode_end,438.413890003847,348,0.010000000000000005,200.0,,,,
235560,episode_end,431.398157095622,305,0.010000000000000005,200.0,,,,
236000,train_step,,,0.010000000000000005,200.0,100000,43.98543930053711,-86.56640625,5.7218732833862305
236048,episode_end,415.793566217538,488,0.010000000000000005,200.0,,,,
236152,episode_end,256.0092282515032,104,0.010000000000000005,200.0,,,,
236471,episode_end,468.51472804799295,319,0.010000000000000005,200.0,,,,
236780,episode_end,453.5474220844015,309,0.010000000000000005,200.0,,,,
237000,train_step,,,0.010000000000000005,200.0,100000,25.82428741455078,-87.31889343261719,5.870898246765137
237342,episode_end,245.5043629878502,562,0.010000000000000005,200.0,,,,
237672,episode_end,432.4064483792671,330,0.010000000000000005,200.0,,,,
237984,episode_end,463.18267491163425,312,0.010000000000000005,200.0,,,,
238000,train_step,,,0.010000000000000005,200.0,100000,55.842369079589844,-92.45500946044922,5.543651580810547
238304,episode_end,427.80789288184917,320,0.010000000000000005,200.0,,,,
238655,episode_end,431.1631876568376,351,0.010000000000000005,200.0,,,,
238897,episode_end,450.40568435668325,242,0.010000000000000005,200.0,,,,
239000,train_step,,,0.010000000000000005,200.0,100000,74.11982727050781,-90.5045166015625,5.968381881713867
239131,episode_end,465.830787490308,234,0.010000000000000005,200.0,,,,
239506,episode_end,409.84615606153034,375,0.010000000000000005,200.0,,,,
239800,episode_end,481.4569870287589,294,0.010000000000000005,200.0,,,,
240000,train_step,,,0.010000000000000005,200.0,100000,103.86029052734375,-88.93048095703125,5.465062141418457
240048,episode_end,494.19617559412427,248,0.010000000000000005,200.0,,,,
240265,episode_end,470.54191577589916,217,0.010000000000000005,200.0,,,,
240598,episode_end,411.1653077046385,333,0.010000000000000005,200.0,,,,
240861,episode_end,459.54566660633725,263,0.010000000000000005,200.0,,,,
241000,train_step,,,0.010000000000000005,200.0,100000,27.071964263916016,-91.74120330810547,5.794972896575928
241151,episode_end,467.74171083346204,290,0.010000000000000005,200.0,,,,
241763,episode_end,368.6709391694444,612,0.010000000000000005,200.0,,,,
242000,train_step,,,0.010000000000000005,200.0,100000,45.67385482788086,-97.85356903076172,6.040360927581787
242134,episode_end,443.9006140576264,371,0.010000000000000005,200.0,,,,
242253,episode_end,-6.224816358498174,119,0.010000000000000005,200.0,,,,
242509,episode_end,481.0575114420773,256,0.010000000000000005,200.0,,,,
243000,train_step,,,0.010000000000000005,200.0,100000,22.010944366455078,-99.22622680664062,5.939414024353027
243312,episode_end,340.8992043405949,803,0.010000000000000005,200.0,,,,
243649,episode_end,479.8275997800595,337,0.010000000000000005,200.0,,,,
243916,episode_end,451.44254199438916,267,0.010000000000000005,200.0,,,,
244000,train_step,,,0.010000000000000005,200.0,100000,24.639827728271484,-83.69621276855469,5.462297439575195
244233,episode_end,424.8790722740725,317,0.010000000000000005,200.0,,,,
244540,episode_end,461.1766817744737,307,0.010000000000000005,200.0,,,,
244875,episode_end,479.1788594778576,335,0.010000000000000005,200.0,,,,
245000,train_step,,,0.010000000000000005,200.0,100000,12.85070514678955,-93.33453369140625,5.8649396896362305
245257,episode_end,447.4029618466219,382,0.010000000000000005,200.0,,,,
245634,episode_end,418.8063304815333,377,0.010000000000000005,200.0,,,,
245954,episode_end,461.0890006395584,320,0.010000000000000005,200.0,,,,
246000,train_step,,,0.010000000000000005,200.0,100000,40.12180709838867,-80.53218078613281,5.6066484451293945
246954,episode_end,283.2535443757323,1000,0.010000000000000005,200.0,,,,
247000,train_step,,,0.010000000000000005,200.0,100000,36.77865219116211,-89.97919464111328,5.492802143096924
247344,episode_end,464.295169736782,390,0.010000000000000005,200.0,,,,
247595,episode_end,448.3322867421201,251,0.010000000000000005,200.0,,,,
248000,train_step,,,0.010000000000000005,200.0,100000,28.047433853149414,-89.67305755615234,5.461974143981934
248595,episode_end,14.416466645783935,1000,0.010000000000000005,200.0,,,,
248892,episode_end,448.72053195224834,297,0.010000000000000005,200.0,,,,
249000,train_step,,,0.010000000000000005,200.0,100000,85.15219116210938,-86.1361083984375,5.4554877281188965
249187,episode_end,487.4970665239858,295,0.010000000000000005,200.0,,,,
249427,episode_end,475.717432764922,240,0.010000000000000005,200.0,,,,
249662,episode_end,450.13040203731646,235,0.010000000000000005,200.0,,,,
249921,episode_end,455.85521554663063,259,0.010000000000000005,200.0,,,,
250000,train_step,,,0.010000000000000005,200.0,100000,71.58940887451172,-93.52161407470703,5.904052734375
250245,episode_end,473.029807092096,324,0.010000000000000005,200.0,,,,
250931,episode_end,73.72657902289825,686,0.010000000000000005,200.0,,,,
251000,train_step,,,0.010000000000000005,200.0,100000,18.311141967773438,-96.95906066894531,6.067465782165527
251396,episode_end,473.94399639533685,465,0.010000000000000005,200.0,,,,
251812,episode_end,439.4983477447151,416,0.010000000000000005,200.0,,,,
252000,train_step,,,0.010000000000000005,200.0,100000,312.6012268066406,-99.20947265625,6.242164611816406
252812,episode_end,170.34671751447345,1000,0.010000000000000005,200.0,,,,
253000,train_step,,,0.010000000000000005,200.0,100000,9.423937797546387,-85.14006805419922,5.808492183685303
253226,episode_end,473.2340544997267,414,0.010000000000000005,200.0,,,,
253805,episode_end,455.54783025415355,579,0.010000000000000005,200.0,,,,
254000,train_step,,,0.010000000000000005,200.0,100000,28.397289276123047,-93.27671813964844,6.397454261779785
254805,episode_end,161.67498757950452,1000,0.010000000000000005,200.0,,,,
255000,train_step,,,0.010000000000000005,200.0,100000,34.567649841308594,-89.99510192871094,5.721362113952637
255701,episode_end,386.13961131559523,896,0.010000000000000005,200.0,,,,
256000,train_step,,,0.010000000000000005,200.0,100000,14.372886657714844,-87.2923812866211,5.488372802734375
256701,episode_end,116.04222210009182,1000,0.010000000000000005,200.0,,,,
257000,train_step,,,0.010000000000000005,200.0,100000,225.45046997070312,-88.07696533203125,5.714946746826172
257070,episode_end,429.75321748992377,369,0.010000000000000005,200.0,,,,
257509,episode_end,448.9673382965387,439,0.010000000000000005,200.0,,,,
257796,episode_end,460.19481610547086,287,0.010000000000000005,200.0,,,,
258000,train_step,,,0.010000000000000005,200.0,100000,24.45682144165039,-84.61370849609375,6.142230987548828
258295,episode_end,429.5059636849276,499,0.010000000000000005,200.0,,,,
258574,episode_end,471.1252164049818,279,0.010000000000000005,200.0,,,,
258809,episode_end,443.5117115750885,235,0.010000000000000005,200.0,,,,
259000,train_step,,,0.010000000000000005,200.0,100000,83.64783477783203,-93.75499725341797,6.256412982940674
259031,episode_end,487.89019835181875,222,0.010000000000000005,200.0,,,,
259327,episode_end,463.991973933537,296,0.010000000000000005,200.0,,,,
259561,episode_end,427.85122552362833,234,0.010000000000000005,200.0,,,,
260000,train_step,,,0.010000000000000005,200.0,100000,129.27810668945312,-87.21365356445312,6.285398960113525
260561,episode_end,182.76317925514095,1000,0.010000000000000005,200.0,,,,
260782,episode_end,485.19915358901505,221,0.010000000000000005,200.0,,,,
261000,train_step,,,0.010000000000000005,200.0,100000,20.087493896484375,-95.83515930175781,5.856893062591553
261102,episode_end,458.2015173908721,320,0.010000000000000005,200.0,,,,
261405,episode_end,449.6802375070903,303,0.010000000000000005,200.0,,,,
261880,episode_end,406.104195879694,475,0.010000000000000005,200.0,,,,
262000,train_step,,,0.010000000000000005,200.0,100000,30.84221839904785,-93.45552062988281,5.988781929016113
262134,episode_end,472.7878357000818,254,0.010000000000000005,200.0,,,,
262476,episode_end,427.5256249506362,342,0.010000000000000005,200.0,,,,
262792,episode_end,474.0535021355102,316,0.010000000000000005,200.0,,,,
263000,train_step,,,0.010000000000000005,200.0,100000,32.80801773071289,-90.37925720214844,5.466940879821777
263303,episode_end,422.9261725106398,511,0.010000000000000005,200.0,,,,
263517,episode_end,469.18829845458976,214,0.010000000000000005,200.0,,,,
264000,train_step,,,0.010000000000000005,200.0,100000,11.027426719665527,-88.63345336914062,5.564395904541016
264226,episode_end,452.41334287930823,709,0.010000000000000005,200.0,,,,
264492,episode_end,463.7620181809849,266,0.010000000000000005,200.0,,,,
264694,episode_end,457.81051252608955,202,0.010000000000000005,200.0,,,,
264924,episode_end,497.3762939453621,230,0.010000000000000005,200.0,,,,
265000,train_step,,,0.010000000000000005,200.0,100000,28.897354125976562,-86.43487548828125,5.684880256652832
265152,episode_end,476.89901071067555,228,0.010000000000000005,200.0,,,,
265498,episode_end,485.80352360827914,346,0.010000000000000005,200.0,,,,
265721,episode_end,463.80052246951897,223,0.010000000000000005,200.0,,,,
265974,episode_end,474.7984654851805,253,0.010000000000000005,200.0,,,,
266000,train_step,,,0.010000000000000005,200.0,100000,23.0544376373291,-99.49993133544922,5.542835235595703
266395,episode_end,380.48115203026344,421,0.010000000000000005,200.0,,,,
266755,episode_end,441.73068195126075,360,0.010000000000000005,200.0,,,,
267000,train_step,,,0.010000000000000005,200.0,100000,25.169475555419922,-96.5389633178711,5.581493854522705
267008,episode_end,474.9748960018127,253,0.010000000000000005,200.0,,,,
267319,episode_end,461.2859821021675,311,0.010000000000000005,200.0,,,,
267551,episode_end,485.45063415527943,232,0.010000000000000005,200.0,,,,
267861,episode_end,472.32652487839005,310,0.010000000000000005,200.0,,,,
268000,train_step,,,0.010000000000000005,200.0,100000,11.95352554321289,-96.79798889160156,5.529182434082031
268113,episode_end,458.2082563937638,252,0.010000000000000005,200.0,,,,
268330,episode_end,472.5872639422404,217,0.010000000000000005,200.0,,,,
268644,episode_end,463.7980677528412,314,0.010000000000000005,200.0,,,,
268895,episode_end,468.38498629390403,251,0.010000000000000005,200.0,,,,
269000,train_step,,,0.010000000000000005,200.0,100000,13.160844802856445,-107.66912841796875,5.680496692657471
269249,episode_end,442.0586388726362,354,0.010000000000000005,200.0,,,,
269486,episode_end,496.1087658421029,237,0.010000000000000005,200.0,,,,
270000,train_step,,,0.010000000000000005,200.0,100000,80.97382354736328,-94.98340606689453,5.499324798583984
270049,episode_end,8.077613438162388,563,0.010000000000000005,200.0,,,,
270400,episode_end,451.4828790520761,351,0.010000000000000005,200.0,,,,
271000,train_step,,,0.010000000000000005,200.0,100000,46.09265899658203,-100.30601501464844,5.2705230712890625
271037,episode_end,346.9388701760225,637,0.010000000000000005,200.0,,,,
271416,episode_end,419.1981192122096,379,0.010000000000000005,200.0,,,,
271714,episode_end,485.31461687580975,298,0.010000000000000005,200.0,,,,
272000,train_step,,,0.010000000000000005,200.0,100000,183.38351440429688,-100.62962341308594,5.885964870452881
272041,episode_end,447.0810918685605,327,0.010000000000000005,200.0,,,,
272288,episode_end,457.53474011422844,247,0.010000000000000005,200.0,,,,
272539,episode_end,457.2909141260353,251,0.010000000000000005,200.0,,,,
273000,train_step,,,0.010000000000000005,200.0,100000,40.146018981933594,-98.97218322753906,5.774882793426514
273539,episode_end,135.79607211815636,1000,0.010000000000000005,200.0,,,,
273794,episode_end,495.33475289337747,255,0.010000000000000005,200.0,,,,
274000,train_step,,,0.010000000000000005,200.0,100000,29.963848114013672,-99.54006958007812,5.952157974243164
274137,episode_end,459.8888084156594,343,0.010000000000000005,200.0,,,,
274595,episode_end,451.2918975446443,458,0.010000000000000005,200.0,,,,
274917,episode_end,433.9864596619341,322,0.010000000000000005,200.0,,,,
275000,train_step,,,0.010000000000000005,200.0,100000,20.023941040039062,-102.12890625,5.547757148742676
275145,episode_end,476.52927155582637,228,0.010000000000000005,200.0,,,,
275365,episode_end,478.528138709152,220,0.010000000000000005,200.0,,,,
276000,train_step,,,0.010000000000000005,200.0,100000,89.18050384521484,-89.84497833251953,5.7543439865112305
276248,episode_end,352.93189671742505,883,0.010000000000000005,200.0,,,,
276647,episode_end,386.66134215642506,399,0.010000000000000005,200.0,,,,
276935,episode_end,434.0774090826624,288,0.010000000000000005,200.0,,,,
277000,train_step,,,0.010000000000000005,200.0,100000,85.43460083007812,-97.0063705444336,6.046542644500732
277151,episode_end,461.6019857537892,216,0.010000000000000005,200.0,,,,
277480,episode_end,450.6512690576375,329,0.010000000000000005,200.0,,,,
277878,episode_end,455.121356057635,398,0.010000000000000005,200.0,,,,
278000,train_step,,,0.010000000000000005,200.0,100000,9.946249008178711,-90.81546020507812,6.236894130706787
278305,episode_end,453.5800568959833,427,0.010000000000000005,200.0,,,,
278573,episode_end,500.53853175765374,268,0.010000000000000005,200.0,,,,
278767,episode_end,462.4915096717733,194,0.010000000000000005,200.0,,,,
279000,train_step,,,0.010000000000000005,200.0,100000,234.37062072753906,-102.22479248046875,5.808229446411133
279767,episode_end,227.72575824023374,1000,0.010000000000000005,200.0,,,,
279992,episode_end,459.9463336504201,225,0.010000000000000005,200.0,,,,
280000,train_step,,,0.010000000000000005,200.0,100000,17.69184112548828,-82.63484954833984,5.181909561157227
280265,episode_end,459.5671687086182,273,0.010000000000000005,200.0,,,,
280577,episode_end,452.8110097547406,312,0.010000000000000005,200.0,,,,
280838,episode_end,479.664790310333,261,0.010000000000000005,200.0,,,,
281000,train_step,,,0.010000000000000005,200.0,100000,67.15916442871094,-99.78181457519531,5.370810508728027
281056,episode_end,483.06510336940437,218,0.010000000000000005,200.0,,,,
281324,episode_end,496.1198098736902,268,0.010000000000000005,200.0,,,,
282000,train_step,,,0.010000000000000005,200.0,100000,332.1610107421875,-106.109375,5.801461219787598
282324,episode_end,305.0001862961394,1000,0.010000000000000005,200.0,,,,
282525,episode_end,455.9653709002291,201,0.010000000000000005,200.0,,,,
282784,episode_end,492.5444007502152,259,0.010000000000000005,200.0,,,,
283000,train_step,,,0.010000000000000005,200.0,100000,23.507225036621094,-95.55603790283203,5.076455593109131
283069,episode_end,494.2556539501995,285,0.010000000000000005,200.0,,,,
283217,episode_end,241.55268245241297,148,0.010000000000000005,200.0,,,,
283443,episode_end,485.33915214766273,226,0.010000000000000005,200.0,,,,
283678,episode_end,490.9135355163472,235,0.010000000000000005,200.0,,,,
283837,episode_end,210.07979094228477,159,0.010000000000000005,200.0,,,,
284000,train_step,,,0.010000000000000005,200.0,100000,213.36343383789062,-99.43983459472656,5.141628265380859
284002,episode_end,499.9661302381969,165,0.010000000000000005,200.0,,,,
284160,episode_end,447.04493655973477,158,0.010000000000000005,200.0,,,,
284412,episode_end,486.27329115695426,252,0.010000000000000005,200.0,,,,
284580,episode_end,449.9175257943149,168,0.010000000000000005,200.0,,,,
284856,episode_end,479.9500105350059,276,0.010000000000000005,200.0,,,,
285000,train_step,,,0.010000000000000005,200.0,100000,19.13172721862793,-97.77023315429688,4.8942484855651855
285043,episode_end,441.6866305699716,187,0.010000000000000005,200.0,,,,
285226,episode_end,295.5318133438128,183,0.010000000000000005,200.0,,,,
285392,episode_end,476.7985438030767,166,0.010000000000000005,200.0,,,,
285580,episode_end,483.2748895351602,188,0.010000000000000005,200.0,,,,
285740,episode_end,255.71801490108655,160,0.010000000000000005,200.0,,,,
285997,episode_end,493.143349592546,257,0.010000000000000005,200.0,,,,
286000,train_step,,,0.010000000000000005,200.0,100000,369.19219970703125,-93.84783935546875,5.354894638061523
286181,episode_end,483.4706353139576,184,0.010000000000000005,200.0,,,,
286450,episode_end,465.72721623422143,269,0.010000000000000005,200.0,,,,
286660,episode_end,449.7365684249378,210,0.010000000000000005,200.0,,,,
286814,episode_end,462.7171863269963,154,0.010000000000000005,200.0,,,,
286985,episode_end,448.20591440062515,171,0.010000000000000005,200.0,,,,
287000,train_step,,,0.010000000000000005,200.0,100000,93.22258758544922,-102.90118408203125,4.940638542175293
287319,episode_end,487.3640066467456,334,0.010000000000000005,200.0,,,,
287602,episode_end,460.77406991407645,283,0.010000000000000005,200.0,,,,
287881,episode_end,489.6599821721713,279,0.010000000000000005,200.0,,,,
288000,train_step,,,0.010000000000000005,200.0,100000,63.59183120727539,-96.23077392578125,5.088779926300049
288002,episode_end,-6.3076014438535,121,0.010000000000000005,200.0,,,,
288235,episode_end,464.9592572998483,233,0.010000000000000005,200.0,,,,
288552,episode_end,446.40233500332494,317,0.010000000000000005,200.0,,,,
288766,episode_end,488.01885120909714,214,0.010000000000000005,200.0,,,,
289000,train_step,,,0.010000000000000005,200.0,100000,140.48468017578125,-98.76133728027344,5.007692337036133
289112,episode_end,492.6613491537181,346,0.010000000000000005,200.0,,,,
289365,episode_end,475.64287739284737,253,0.010000000000000005,200.0,,,,
289587,episode_end,418.0656434413848,222,0.010000000000000005,200.0,,,,
289722,episode_end,494.9947169679903,135,0.010000000000000005,200.0,,,,
289989,episode_end,500.73502013231774,267,0.010000000000000005,200.0,,,,
290000,train_step,,,0.010000000000000005,200.0,100000,15.802323341369629,-92.9732666015625,5.100444316864014
290354,episode_end,478.5959068687083,365,0.010000000000000005,200.0,,,,
290578,episode_end,463.43685449506256,224,0.010000000000000005,200.0,,,,
290750,episode_end,452.76834885135594,172,0.010000000000000005,200.0,,,,
290966,episode_end,440.3595160123986,216,0.010000000000000005,200.0,,,,
291000,train_step,,,0.010000000000000005,200.0,100000,17.166168212890625,-99.52155303955078,5.341449737548828
291219,episode_end,480.06074157889117,253,0.010000000000000005,200.0,,,,
291461,episode_end,478.3702816674281,242,0.010000000000000005,200.0,,,,
291712,episode_end,477.6459965990475,251,0.010000000000000005,200.0,,,,
291865,episode_end,448.4842178925466,153,0.010000000000000005,200.0,,,,
291979,episode_end,214.3849095123939,114,0.010000000000000005,200.0,,,,
292000,train_step,,,0.010000000000000005,200.0,100000,33.033607482910156,-100.23442077636719,5.116149425506592
292228,episode_end,487.4595431663492,249,0.010000000000000005,200.0,,,,
292536,episode_end,493.76520769017156,308,0.010000000000000005,200.0,,,,
292752,episode_end,492.18965831602645,216,0.010000000000000005,200.0,,,,
292920,episode_end,463.5180194462486,168,0.010000000000000005,200.0,,,,
293000,train_step,,,0.010000000000000005,200.0,100000,17.61757469177246,-108.37178802490234,5.580949783325195
293108,episode_end,445.3463120572619,188,0.010000000000000005,200.0,,,,
293278,episode_end,473.4576254496169,170,0.010000000000000005,200.0,,,,
293418,episode_end,216.21764212593223,140,0.010000000000000005,200.0,,,,
293784,episode_end,459.9908780527403,366,0.010000000000000005,200.0,,,,
293992,episode_end,484.94066677189136,208,0.010000000000000005,200.0,,,,
294000,train_step,,,0.010000000000000005,200.0,100000,15.689322471618652,-102.71775817871094,5.527141571044922
294221,episode_end,446.6744873331571,229,0.010000000000000005,200.0,,,,
294403,episode_end,483.4349713647511,182,0.010000000000000005,200.0,,,,
294546,episode_end,478.5223046510797,143,0.010000000000000005,200.0,,,,
294732,episode_end,198.3160206274738,186,0.010000000000000005,200.0,,,,
294980,episode_end,460.87668368466774,248,0.010000000000000005,200.0,,,,
295000,train_step,,,0.010000000000000005,200.0,100000,26.53000259399414,-103.25627136230469,4.979826927185059
295307,episode_end,473.03588139106176,327,0.010000000000000005,200.0,,,,
295575,episode_end,476.12607596879275,268,0.010000000000000005,200.0,,,,
295742,episode_end,451.57802455772804,167,0.010000000000000005,200.0,,,,
296000,train_step,,,0.010000000000000005,200.0,100000,23.468460083007812,-112.29861450195312,5.416476249694824
296077,episode_end,433.8433523787293,335,0.010000000000000005,200.0,,,,
296347,episode_end,465.960125563294,270,0.010000000000000005,200.0,,,,
296673,episode_end,470.94497427676737,326,0.010000000000000005,200.0,,,,
296855,episode_end,442.5838780880054,182,0.010000000000000005,200.0,,,,
297000,train_step,,,0.010000000000000005,200.0,100000,354.02337646484375,-96.29638671875,5.819136619567871
297084,episode_end,470.81104472598315,229,0.010000000000000005,200.0,,,,
297375,episode_end,492.1627164569873,291,0.010000000000000005,200.0,,,,
297534,episode_end,454.9380248428272,159,0.010000000000000005,200.0,,,,
297771,episode_end,450.72498600081303,237,0.010000000000000005,200.0,,,,
297941,episode_end,445.1011522074569,170,0.010000000000000005,200.0,,,,
298000,train_step,,,0.010000000000000005,200.0,100000,65.63935089111328,-98.58234405517578,5.204891204833984
298297,episode_end,468.1564893779525,356,0.010000000000000005,200.0,,,,
298662,episode_end,455.96870226604074,365,0.010000000000000005,200.0,,,,
298902,episode_end,494.20687242149086,240,0.010000000000000005,200.0,,,,
299000,train_step,,,0.010000000000000005,200.0,100000,42.367088317871094,-110.12919616699219,5.662034034729004
299158,episode_end,-116.90765557274811,256,0.010000000000000005,200.0,,,,
299317,episode_end,447.09283150700185,159,0.010000000000000005,200.0,,,,
299608,episode_end,490.6376584382615,291,0.010000000000000005,200.0,,,,
299875,episode_end,422.2806336663733,267,0.010000000000000005,200.0,,,,
300000,train_step,,,0.010000000000000005,200.0,100000,228.17633056640625,-112.06552124023438,5.325560092926025
300193,episode_end,487.9784214817566,318,0.010000000000000005,-100.0,,,,
301000,train_step,,,0.010000000000000005,-100.0,100000,192.35052490234375,-101.36326599121094,5.143074989318848
301193,episode_end,-23.65185951592212,1000,0.010000000000000005,-100.0,,,,
301480,episode_end,165.3560550694788,287,0.010000000000000005,-100.0,,,,
301702,episode_end,151.27278057187849,222,0.010000000000000005,-100.0,,,,
301995,episode_end,172.23166588551868,293,0.010000000000000005,-100.0,,,,
302000,train_step,,,0.010000000000000005,-100.0,100000,366.8106994628906,-107.15824890136719,5.456315040588379
302176,episode_end,182.00621934317064,181,0.010000000000000005,-100.0,,,,
302453,episode_end,159.31520501551228,277,0.010000000000000005,-100.0,,,,
302693,episode_end,282.95584006645004,240,0.010000000000000005,-100.0,,,,
303000,train_step,,,0.010000000000000005,-100.0,100000,39.984092712402344,-110.20347595214844,5.733854293823242
303114,episode_end,155.00184501291213,421,0.010000000000000005,-100.0,,,,
303345,episode_end,155.33055872379282,231,0.010000000000000005,-100.0,,,,
304000,train_step,,,0.010000000000000005,-100.0,100000,67.69981384277344,-114.26982879638672,5.7651567459106445
304345,episode_end,-73.68179485034234,1000,0.010000000000000005,-100.0,,,,
304601,episode_end,208.1375110991142,256,0.010000000000000005,-100.0,,,,
304822,episode_end,173.0971095469379,221,0.010000000000000005,-100.0,,,,
305000,train_step,,,0.010000000000000005,-100.0,100000,434.7821960449219,-104.49467468261719,5.991943359375
305035,episode_end,272.9126043387033,213,0.010000000000000005,-100.0,,,,
305263,episode_end,186.3322828649463,228,0.010000000000000005,-100.0,,,,
305466,episode_end,170.20387164954286,203,0.010000000000000005,-100.0,,,,
305731,episode_end,185.12041776453486,265,0.010000000000000005,-100.0,,,,
306000,train_step,,,0.010000000000000005,-100.0,100000,198.12130737304688,-104.12934875488281,6.213133811950684
306007,episode_end,171.6588420908545,276,0.010000000000000005,-100.0,,,,
306282,episode_end,159.43013594163773,275,0.010000000000000005,-100.0,,,,
306828,episode_end,235.82085729992878,546,0.010000000000000005,-100.0,,,,
307000,train_step,,,0.010000000000000005,-100.0,100000,268.3210754394531,-104.53836822509766,6.173516750335693
307078,episode_end,168.23034189019728,250,0.010000000000000005,-100.0,,,,
307357,episode_end,113.55909836572528,279,0.010000000000000005,-100.0,,,,
307689,episode_end,152.4166818988199,332,0.010000000000000005,-100.0,,,,
307877,episode_end,-261.28703765117143,188,0.010000000000000005,-100.0,,,,
308000,train_step,,,0.010000000000000005,-100.0,100000,236.01409912109375,-110.60012817382812,6.627392768859863
308043,episode_end,151.57930614736398,166,0.010000000000000005,-100.0,,,,
308418,episode_end,185.42929837745925,375,0.010000000000000005,-100.0,,,,
308691,episode_end,166.28915324696214,273,0.010000000000000005,-100.0,,,,
309000,train_step,,,0.010000000000000005,-100.0,100000,562.4466552734375,-104.05526733398438,6.646841049194336
309048,episode_end,179.13848620000803,357,0.010000000000000005,-100.0,,,,
309250,episode_end,165.79408156387123,202,0.010000000000000005,-100.0,,,,
309403,episode_end,150.04593831318635,153,0.010000000000000005,-100.0,,,,
309674,episode_end,174.16740077266599,271,0.010000000000000005,-100.0,,,,
309994,episode_end,139.05251238819937,320,0.010000000000000005,-100.0,,,,
310000,train_step,,,0.010000000000000005,-100.0,100000,254.10409545898438,-115.71936798095703,6.419586181640625
310338,episode_end,175.8431040265881,344,0.010000000000000005,-100.0,,,,
310628,episode_end,155.43479512889112,290,0.010000000000000005,-100.0,,,,
310871,episode_end,174.55115976254316,243,0.010000000000000005,-100.0,,,,
311000,train_step,,,0.010000000000000005,-100.0,100000,89.52395629882812,-112.8856201171875,6.210226535797119
311256,episode_end,119.8609126801053,385,0.010000000000000005,-100.0,,,,
311504,episode_end,175.54666608286095,248,0.010000000000000005,-100.0,,,,
311859,episode_end,180.1944292502331,355,0.010000000000000005,-100.0,,,,
312000,train_step,,,0.010000000000000005,-100.0,100000,16.463916778564453,-101.93138122558594,6.233939170837402
312056,episode_end,156.63298378687273,197,0.010000000000000005,-100.0,,,,
312128,episode_end,-97.05432027427923,72,0.010000000000000005,-100.0,,,,
312477,episode_end,167.82726787809673,349,0.010000000000000005,-100.0,,,,
312948,episode_end,112.374611312848,471,0.010000000000000005,-100.0,,,,
313000,train_step,,,0.010000000000000005,-100.0,100000,28.97640609741211,-111.50582885742188,6.910120487213135
313224,episode_end,190.44711470567853,276,0.010000000000000005,-100.0,,,,
313496,episode_end,175.3206325219926,272,0.010000000000000005,-100.0,,,,
313785,episode_end,161.70503571545888,289,0.010000000000000005,-100.0,,,,
314000,train_step,,,0.010000000000000005,-100.0,100000,62.963356018066406,-110.83354949951172,6.1072998046875
314080,episode_end,159.08522203878482,295,0.010000000000000005,-100.0,,,,
314396,episode_end,156.64172839088423,316,0.010000000000000005,-100.0,,,,
314639,episode_end,156.10775275446073,243,0.010000000000000005,-100.0,,,,
315000,train_step,,,0.010000000000000005,-100.0,100000,145.4099884033203,-105.79356384277344,6.135740756988525
315101,episode_end,174.2243123634749,462,0.010000000000000005,-100.0,,,,
315484,episode_end,119.9100712774516,383,0.010000000000000005,-100.0,,,,
315918,episode_end,156.61702037751996,434,0.010000000000000005,-100.0,,,,
316000,train_step,,,0.010000000000000005,-100.0,100000,15.44027328491211,-113.34576416015625,5.86336612701416
316536,episode_end,140.70455662433318,618,0.010000000000000005,-100.0,,,,
317000,train_step,,,0.010000000000000005,-100.0,100000,22.152835845947266,-113.13148498535156,6.060556888580322
317010,episode_end,120.33987669071658,474,0.010000000000000005,-100.0,,,,
317397,episode_end,162.74307753599558,387,0.010000000000000005,-100.0,,,,
317796,episode_end,139.97265593191912,399,0.010000000000000005,-100.0,,,,
318000,train_step,,,0.010000000000000005,-100.0,100000,280.139404296875,-110.39236450195312,5.851149559020996
318047,episode_end,180.03521913210255,251,0.010000000000000005,-100.0,,,,
318647,episode_end,95.17430100390706,600,0.010000000000000005,-100.0,,,,
319000,train_step,,,0.010000000000000005,-100.0,100000,319.9150390625,-109.15702819824219,6.029191017150879
319024,episode_end,160.09970071700084,377,0.010000000000000005,-100.0,,,,
319252,episode_end,190.98372634542045,228,0.010000000000000005,-100.0,,,,
320000,train_step,,,0.010000000000000005,-100.0,100000,30.76772689819336,-118.11378479003906,6.758240699768066
320055,episode_end,86.12011591897902,803,0.010000000000000005,-100.0,,,,
320312,episode_end,189.4822260294654,257,0.010000000000000005,-100.0,,,,
320524,episode_end,135.50905067772572,212,0.010000000000000005,-100.0,,,,
320687,episode_end,173.79189687727404,163,0.010000000000000005,-100.0,,,,
321000,train_step,,,0.010000000000000005,-100.0,100000,79.90065002441406,-109.78300476074219,6.6703200340271
321364,episode_end,65.95420075380909,677,0.010000000000000005,-100.0,,,,
321566,episode_end,191.27877160038366,202,0.010000000000000005,-100.0,,,,
321692,episode_end,-434.6844738231574,126,0.010000000000000005,-100.0,,,,
321896,episode_end,158.78235426067403,204,0.010000000000000005,-100.0,,,,
322000,train_step,,,0.010000000000000005,-100.0,100000,53.01670837402344,-115.94157409667969,6.304152488708496
322425,episode_end,120.6827701256355,529,0.010000000000000005,-100.0,,,,
323000,train_step,,,0.010000000000000005,-100.0,100000,98.39764404296875,-118.83901977539062,6.441844940185547
323228,episode_end,79.48132144186033,803,0.010000000000000005,-100.0,,,,
324000,train_step,,,0.010000000000000005,-100.0,100000,126.90498352050781,-116.66386413574219,6.719904899597168
324047,episode_end,69.0868547506063,819,0.010000000000000005,-100.0,,,,
324726,episode_end,113.01181379315508,679,0.010000000000000005,-100.0,,,,
324920,episode_end,155.82978839633137,194,0.010000000000000005,-100.0,,,,
325000,train_step,,,0.010000000000000005,-100.0,100000,554.33447265625,-115.40921020507812,6.090240955352783
325920,episode_end,-135.1950400630799,1000,0.010000000000000005,-100.0,,,,
326000,train_step,,,0.010000000000000005,-100.0,100000,318.17822265625,-109.60325622558594,6.096336364746094
326191,episode_end,158.89849461042658,271,0.010000000000000005,-100.0,,,,
326852,episode_end,121.27910928997717,661,0.010000000000000005,-100.0,,,,
327000,train_step,,,0.010000000000000005,-100.0,100000,135.27392578125,-112.16578674316406,6.304917335510254
327038,episode_end,141.72325786639516,186,0.010000000000000005,-100.0,,,,
327272,episode_end,206.86736171027246,234,0.010000000000000005,-100.0,,,,
328000,train_step,,,0.010000000000000005,-100.0,100000,30.25371551513672,-120.25553894042969,6.274422645568848
328272,episode_end,-286.7165673026575,1000,0.010000000000000005,-100.0,,,,
328965,episode_end,82.06109506983341,693,0.010000000000000005,-100.0,,,,
329000,train_step,,,0.010000000000000005,-100.0,100000,32.87528991699219,-115.31343841552734,5.907045364379883
329166,episode_end,118.54951267483082,201,0.010000000000000005,-100.0,,,,
329463,episode_end,185.41041597421187,297,0.010000000000000005,-100.0,,,,
329974,episode_end,131.93246170640674,511,0.010000000000000005,-100.0,,,,
330000,train_step,,,0.010000000000000005,-100.0,100000,32.7445182800293,-119.38046264648438,6.498934745788574
330974,episode_end,-232.0429542751327,1000,0.010000000000000005,-100.0,,,,
331000,train_step,,,0.010000000000000005,-100.0,100000,26.07656478881836,-113.58016967773438,6.672480583190918
331974,episode_end,-113.95868957013418,1000,0.010000000000000005,-100.0,,,,
332000,train_step,,,0.010000000000000005,-100.0,100000,136.0717315673828,-114.2882080078125,6.171083450317383
332284,episode_end,186.6744573024655,310,0.010000000000000005,-100.0,,,,
332710,episode_end,153.59743348784139,426,0.010000000000000005,-100.0,,,,
332944,episode_end,161.19442001086588,234,0.010000000000000005,-100.0,,,,
333000,train_step,,,0.010000000000000005,-100.0,100000,30.698230743408203,-115.73453521728516,6.346826076507568
333121,episode_end,142.88765899514527,177,0.010000000000000005,-100.0,,,,
334000,train_step,,,0.010000000000000005,-100.0,100000,64.19464111328125,-113.04036712646484,6.326706886291504
334121,episode_end,-67.64631337097794,1000,0.010000000000000005,-100.0,,,,
334320,episode_end,183.61249266687813,199,0.010000000000000005,-100.0,,,,
334538,episode_end,147.6978978748412,218,0.010000000000000005,-100.0,,,,
334757,episode_end,195.75159266158803,219,0.010000000000000005,-100.0,,,,
335000,train_step,,,0.010000000000000005,-100.0,100000,256.3038635253906,-112.73546600341797,6.186587810516357
335255,episode_end,114.50042700820343,498,0.010000000000000005,-100.0,,,,
335436,episode_end,182.8089159634903,181,0.010000000000000005,-100.0,,,,
335927,episode_end,96.7090557191887,491,0.010000000000000005,-100.0,,,,
336000,train_step,,,0.010000000000000005,-100.0,100000,181.24163818359375,-106.893798828125,6.336705207824707
336103,episode_end,181.05474068090126,176,0.010000000000000005,-100.0,,,,
336543,episode_end,143.72533303260468,440,0.010000000000000005,-100.0,,,,
337000,train_step,,,0.010000000000000005,-100.0,100000,75.8515396118164,-115.02529907226562,6.775157928466797
337025,episode_end,133.31962900356842,482,0.010000000000000005,-100.0,,,,
337446,episode_end,106.5397075404852,421,0.010000000000000005,-100.0,,,,
337851,episode_end,133.0677503963979,405,0.010000000000000005,-100.0,,,,
338000,train_step,,,0.010000000000000005,-100.0,100000,41.11119079589844,-114.8223648071289,6.8343000411987305
338679,episode_end,45.754690477235926,828,0.010000000000000005,-100.0,,,,
339000,train_step,,,0.010000000000000005,-100.0,100000,22.814775466918945,-119.41209411621094,6.383573532104492
339123,episode_end,133.1007889531308,444,0.010000000000000005,-100.0,,,,
339254,episode_end,27.389147827004308,131,0.010000000000000005,-100.0,,,,
339479,episode_end,171.4902061158504,225,0.010000000000000005,-100.0,,,,
340000,train_step,,,0.010000000000000005,-100.0,100000,40.41139221191406,-113.65226745605469,6.784610748291016
340049,episode_end,141.87781470120785,570,0.010000000000000005,-100.0,,,,
340276,episode_end,167.83688838280565,227,0.010000000000000005,-100.0,,,,
340470,episode_end,153.74477401070737,194,0.010000000000000005,-100.0,,,,
340851,episode_end,185.66078909361948,381,0.010000000000000005,-100.0,,,,
341000,train_step,,,0.010000000000000005,-100.0,100000,48.03614807128906,-112.56430053710938,6.166768550872803
341446,episode_end,112.88055448011681,595,0.010000000000000005,-100.0,,,,
342000,train_step,,,0.010000000000000005,-100.0,100000,185.96385192871094,-116.70660400390625,6.922746181488037
342446,episode_end,-72.2069600479083,1000,0.010000000000000005,-100.0,,,,
343000,train_step,,,0.010000000000000005,-100.0,100000,306.1408996582031,-109.44569396972656,6.786837100982666
343080,episode_end,134.0837451965076,634,0.010000000000000005,-100.0,,,,
343288,episode_end,156.46757119606886,208,0.010000000000000005,-100.0,,,,
344000,train_step,,,0.010000000000000005,-100.0,100000,153.28245544433594,-105.04219055175781,6.389317512512207
344020,episode_end,95.6702750541296,732,0.010000000000000005,-100.0,,,,
345000,train_step,,,0.010000000000000005,-100.0,100000,27.230411529541016,-111.95016479492188,6.081762313842773
345020,episode_end,-86.79175829865082,1000,0.010000000000000005,-100.0,,,,
345513,episode_end,105.3234948844289,493,0.010000000000000005,-100.0,,,,
345665,episode_end,180.75512546861154,152,0.010000000000000005,-100.0,,,,
345872,episode_end,159.51742017483917,207,0.010000000000000005,-100.0,,,,
346000,train_step,,,0.010000000000000005,-100.0,100000,64.18733215332031,-116.88230895996094,6.056870460510254
346229,episode_end,165.09308995339865,357,0.010000000000000005,-100.0,,,,
346390,episode_end,172.68687733234964,161,0.010000000000000005,-100.0,,,,
346991,episode_end,109.59889260276651,601,0.010000000000000005,-100.0,,,,
347000,train_step,,,0.010000000000000005,-100.0,100000,208.56329345703125,-116.12289428710938,6.703258037567139
347897,episode_end,102.63290754325055,906,0.010000000000000005,-100.0,,,,
348000,train_step,,,0.010000000000000005,-100.0,100000,24.933698654174805,-110.00735473632812,6.603128433227539
348119,episode_end,145.41223143109664,222,0.010000000000000005,-100.0,,,,
348342,episode_end,190.13895598954312,223,0.010000000000000005,-100.0,,,,
348810,episode_end,122.06778261200215,468,0.010000000000000005,-100.0,,,,
349000,train_step,,,0.010000000000000005,-100.0,100000,105.40310668945312,-113.50027465820312,6.561759948730469
349138,episode_end,159.50890738617585,328,0.010000000000000005,-100.0,,,,
349781,episode_end,89.50570245407455,643,0.010000000000000005,-100.0,,,,
349959,episode_end,174.82331702262772,178,0.010000000000000005,-100.0,,,,
350000,train_step,,,0.010000000000000005,-100.0,100000,218.42919921875,-121.4404296875,7.149165153503418
350959,episode_end,-54.18492710671766,1000,0.010000000000000005,-100.0,,,,
351000,train_step,,,0.010000000000000005,-100.0,100000,28.284975051879883,-116.39016723632812,6.567656517028809
351138,episode_end,159.70103864250228,179,0.010000000000000005,-100.0,,,,
351294,episode_end,190.3755649925385,156,0.010000000000000005,-100.0,,,,
351746,episode_end,120.86280865257467,452,0.010000000000000005,-100.0,,,,
352000,train_step,,,0.010000000000000005,-100.0,100000,282.5372009277344,-110.04548645019531,6.428600788116455
352742,episode_end,57.96286092608308,996,0.010000000000000005,-100.0,,,,
353000,train_step,,,0.010000000000000005,-100.0,100000,20.985271453857422,-114.48389434814453,6.175951957702637
353080,episode_end,112.83675061268367,338,0.010000000000000005,-100.0,,,,
353262,episode_end,142.89133867428694,182,0.010000000000000005,-100.0,,,,
353435,episode_end,166.9135755467904,173,0.010000000000000005,-100.0,,,,
354000,train_step,,,0.010000000000000005,-100.0,100000,139.66595458984375,-115.53913879394531,6.495098114013672
354413,episode_end,-522.4683810598672,978,0.010000000000000005,-100.0,,,,
354515,episode_end,-123.03847136058707,102,0.010000000000000005,-100.0,,,,
355000,train_step,,,0.010000000000000005,-100.0,100000,35.03939437866211,-115.06360626220703,6.219122886657715
355515,episode_end,-165.6249873691783,1000,0.010000000000000005,-100.0,,,,
356000,train_step,,,0.010000000000000005,-100.0,100000,44.2646369934082,-120.1604232788086,6.924334526062012
356515,episode_end,-178.89872988104247,1000,0.010000000000000005,-100.0,,,,
356711,episode_end,170.75694895105795,196,0.010000000000000005,-100.0,,,,
357000,train_step,,,0.010000000000000005,-100.0,100000,239.05642700195312,-115.07989501953125,6.394225120544434
357644,episode_end,38.08538824494564,933,0.010000000000000005,-100.0,,,,
357843,episode_end,198.35711760612492,199,0.010000000000000005,-100.0,,,,
358000,train_step,,,0.010000000000000005,-100.0,100000,21.776243209838867,-115.74944305419922,6.57335901260376
358038,episode_end,160.5614201836582,195,0.010000000000000005,-100.0,,,,
358217,episode_end,158.43817904796612,179,0.010000000000000005,-100.0,,,,
358391,episode_end,184.58078183901307,174,0.010000000000000005,-100.0,,,,
358584,episode_end,204.35616616957202,193,0.010000000000000005,-100.0,,,,
358760,episode_end,193.03456784392299,176,0.010000000000000005,-100.0,,,,
359000,train_step,,,0.010000000000000005,-100.0,100000,99.82906341552734,-121.90009307861328,6.817770004272461
359128,episode_end,-251.76349664699893,368,0.010000000000000005,-100.0,,,,
359282,episode_end,177.4563871514953,154,0.010000000000000005,-100.0,,,,
359810,episode_end,-169.1640914469433,528,0.010000000000000005,-100.0,,,,
360000,train_step,,,0.010000000000000005,-100.0,100000,335.9308776855469,-121.86752319335938,6.7924065589904785
360205,episode_end,148.3053698236419,395,0.010000000000000005,-100.0,,,,
360421,episode_end,278.0663758071635,216,0.010000000000000005,-100.0,,,,
360630,episode_end,200.5616320834518,209,0.010000000000000005,-100.0,,,,
360986,episode_end,146.38805405595116,356,0.010000000000000005,-100.0,,,,
361000,train_step,,,0.010000000000000005,-100.0,100000,32.49473190307617,-118.49186706542969,6.685402870178223
361890,episode_end,260.48248732517413,904,0.010000000000000005,-100.0,,,,
362000,train_step,,,0.010000000000000005,-100.0,100000,34.31635284423828,-119.78369140625,6.847483158111572
362500,episode_end,241.51945303710107,610,0.010000000000000005,-100.0,,,,
362843,episode_end,147.87801096808414,343,0.010000000000000005,-100.0,,,,
363000,train_step,,,0.010000000000000005,-100.0,100000,25.53801727294922,-124.92640686035156,7.4440507888793945
363452,episode_end,-208.9632828986452,609,0.010000000000000005,-100.0,,,,
363696,episode_end,170.67869359424594,244,0.010000000000000005,-100.0,,,,
363921,episode_end,168.4118868664445,225,0.010000000000000005,-100.0,,,,
364000,train_step,,,0.010000000000000005,-100.0,100000,38.868011474609375,-125.94291687011719,7.218830108642578
364165,episode_end,291.72800397248193,244,0.010000000000000005,-100.0,,,,
364352,episode_end,147.3733675045707,187,0.010000000000000005,-100.0,,,,
364575,episode_end,203.6438749423854,223,0.010000000000000005,-100.0,,,,
364718,episode_end,179.2437158143308,143,0.010000000000000005,-100.0,,,,
364905,episode_end,153.91276132306842,187,0.010000000000000005,-100.0,,,,
365000,train_step,,,0.010000000000000005,-100.0,100000,329.7082214355469,-119.3294906616211,6.983271598815918
365277,episode_end,154.4740311540457,372,0.010000000000000005,-100.0,,,,
365814,episode_end,118.29267786681254,537,0.010000000000000005,-100.0,,,,
366000,train_step,,,0.010000000000000005,-100.0,100000,36.038509368896484,-116.94697570800781,7.442276954650879
366191,episode_end,161.07234298975933,377,0.010000000000000005,-100.0,,,,
366554,episode_end,153.59465551063283,363,0.010000000000000005,-100.0,,,,
366747,episode_end,154.79036009226644,193,0.010000000000000005,-100.0,,,,
367000,train_step,,,0.010000000000000005,-100.0,100000,43.33506774902344,-112.81814575195312,7.7918829917907715
367110,episode_end,143.21437571562464,363,0.010000000000000005,-100.0,,,,
367383,episode_end,162.45360085931566,273,0.010000000000000005,-100.0,,,,
367741,episode_end,120.221451761937,358,0.010000000000000005,-100.0,,,,
368000,train_step,,,0.010000000000000005,-100.0,100000,102.11125183105469,-113.7662124633789,8.295919418334961
368048,episode_end,153.15109768419345,307,0.010000000000000005,-100.0,,,,
368309,episode_end,168.94355135128035,261,0.010000000000000005,-100.0,,,,
368552,episode_end,153.6455582655234,243,0.010000000000000005,-100.0,,,,
368763,episode_end,168.37837401471245,211,0.010000000000000005,-100.0,,,,
369000,train_step,,,0.010000000000000005,-100.0,100000,79.84225463867188,-119.37933349609375,7.623096466064453
369201,episode_end,175.96602550254423,438,0.010000000000000005,-100.0,,,,
369397,episode_end,155.67782169259465,196,0.010000000000000005,-100.0,,,,
369682,episode_end,193.6128482803427,285,0.010000000000000005,-100.0,,,,
370000,train_step,,,0.010000000000000005,-100.0,100000,331.94989013671875,-118.37039184570312,8.228288650512695
370640,episode_end,-376.06889771017717,958,0.010000000000000005,-100.0,,,,
370845,episode_end,147.67532044503238,205,0.010000000000000005,-100.0,,,,
371000,train_step,,,0.010000000000000005,-100.0,100000,77.96053314208984,-118.00654602050781,7.217382431030273
371552,episode_end,-373.18038153028493,707,0.010000000000000005,-100.0,,,,
371901,episode_end,173.539979561908,349,0.010000000000000005,-100.0,,,,
372000,train_step,,,0.010000000000000005,-100.0,100000,94.3987045288086,-118.39480590820312,7.617832660675049
372462,episode_end,87.17514686735018,561,0.010000000000000005,-100.0,,,,
372678,episode_end,175.04212052399092,216,0.010000000000000005,-100.0,,,,
373000,train_step,,,0.010000000000000005,-100.0,100000,81.148193359375,-108.93792724609375,7.559601783752441
373678,episode_end,-82.83046290954559,1000,0.010000000000000005,-100.0,,,,
374000,train_step,,,0.010000000000000005,-100.0,100000,26.179218292236328,-116.64736938476562,7.4720234870910645
374033,episode_end,141.7762789263946,355,0.010000000000000005,-100.0,,,,
374398,episode_end,160.13473430867754,365,0.010000000000000005,-100.0,,,,
374530,episode_end,179.4168349433856,132,0.010000000000000005,-100.0,,,,
374713,episode_end,136.4342699355802,183,0.010000000000000005,-100.0,,,,
375000,train_step,,,0.010000000000000005,-100.0,100000,184.1884765625,-118.82425689697266,7.362860679626465
375713,episode_end,-192.34531481421223,1000,0.010000000000000005,-100.0,,,,
376000,train_step,,,0.010000000000000005,-100.0,100000,488.884765625,-111.52880859375,7.588237285614014
376705,episode_end,-487.70783889499506,992,0.010000000000000005,-100.0,,,,
377000,train_step,,,0.010000000000000005,-100.0,100000,454.16094970703125,-115.08419036865234,7.617186546325684
377088,episode_end,191.46673601088105,383,0.010000000000000005,-100.0,,,,
377501,episode_end,158.39215862496462,413,0.010000000000000005,-100.0,,,,
377992,episode_end,200.1337371593994,491,0.010000000000000005,-100.0,,,,
378000,train_step,,,0.010000000000000005,-100.0,100000,95.38304138183594,-109.00579833984375,7.480822563171387
378992,episode_end,-182.70337189541513,1000,0.010000000000000005,-100.0,,,,
379000,train_step,,,0.010000000000000005,-100.0,100000,33.97692108154297,-107.60804748535156,7.669553756713867
379438,episode_end,161.22122740317812,446,0.010000000000000005,-100.0,,,,
379815,episode_end,159.60891676694533,377,0.010000000000000005,-100.0,,,,
380000,train_step,,,0.010000000000000005,-100.0,100000,25.639755249023438,-110.93803405761719,7.5825395584106445
380815,episode_end,-95.20818081629996,1000,0.010000000000000005,-100.0,,,,
381000,train_step,,,0.010000000000000005,-100.0,100000,43.05234909057617,-112.44557189941406,7.965023994445801
381815,episode_end,-188.8752148687813,1000,0.010000000000000005,-100.0,,,,
382000,train_step,,,0.010000000000000005,-100.0,100000,99.19682312011719,-107.3232650756836,7.918920993804932
382045,episode_end,149.3579471549868,230,0.010000000000000005,-100.0,,,,
383000,train_step,,,0.010000000000000005,-100.0,100000,17.61554718017578,-105.39271545410156,7.909241676330566
383045,episode_end,-180.35164600548742,1000,0.010000000000000005,-100.0,,,,
384000,train_step,,,0.010000000000000005,-100.0,100000,218.3678436279297,-111.01531982421875,8.217081069946289
384045,episode_end,-85.23452775963746,1000,0.010000000000000005,-100.0,,,,
385000,train_step,,,0.010000000000000005,-100.0,100000,20.872283935546875,-107.28052520751953,8.646974563598633
385045,episode_end,-218.226511124579,1000,0.010000000000000005,-100.0,,,,
385422,episode_end,62.913890864697734,377,0.010000000000000005,-100.0,,,,
385764,episode_end,199.97244703332757,342,0.010000000000000005,-100.0,,,,
386000,train_step,,,0.010000000000000005,-100.0,100000,89.96440124511719,-112.05831909179688,7.8024091720581055
386764,episode_end,106.61995129792331,1000,0.010000000000000005,-100.0,,,,
387000,train_step,,,0.010000000000000005,-100.0,100000,31.612834930419922,-106.34384155273438,7.629969596862793
387056,episode_end,202.94305125934824,292,0.010000000000000005,-100.0,,,,
388000,train_step,,,0.010000000000000005,-100.0,100000,29.50741195678711,-103.28756713867188,7.577713966369629
388056,episode_end,-159.23566280543503,1000,0.010000000000000005,-100.0,,,,
388213,episode_end,170.68656551665214,157,0.010000000000000005,-100.0,,,,
389000,train_step,,,0.010000000000000005,-100.0,100000,225.16461181640625,-103.17276763916016,7.575564384460449
389213,episode_end,-135.72467863877,1000,0.010000000000000005,-100.0,,,,
389512,episode_end,163.77860704508043,299,0.010000000000000005,-100.0,,,,
389729,episode_end,153.28808470749863,217,0.010000000000000005,-100.0,,,,
390000,train_step,,,0.010000000000000005,-100.0,100000,24.37884521484375,-107.13127136230469,7.73458194732666
390288,episode_end,171.7302277570023,559,0.010000000000000005,-100.0,,,,
390662,episode_end,133.03323536384718,374,0.010000000000000005,-100.0,,,,
391000,train_step,,,0.010000000000000005,-100.0,100000,90.71388244628906,-100.61656188964844,7.490283489227295
391010,episode_end,136.07903786112422,348,0.010000000000000005,-100.0,,,,
391773,episode_end,161.04473288390523,763,0.010000000000000005,-100.0,,,,
392000,train_step,,,0.010000000000000005,-100.0,100000,18.32974624633789,-103.8566665649414,7.804196357727051
392121,episode_end,188.14726611344753,348,0.010000000000000005,-100.0,,,,
392586,episode_end,165.92979927861143,465,0.010000000000000005,-100.0,,,,
392940,episode_end,199.5541539319605,354,0.010000000000000005,-100.0,,,,
393000,train_step,,,0.010000000000000005,-100.0,100000,42.4061279296875,-102.63276672363281,7.7197771072387695
393307,episode_end,134.35671228082612,367,0.010000000000000005,-100.0,,,,
393763,episode_end,135.17773491701632,456,0.010000000000000005,-100.0,,,,
394000,train_step,,,0.010000000000000005,-100.0,100000,22.178550720214844,-99.5501708984375,7.217316627502441
394422,episode_end,122.35846432511201,659,0.010000000000000005,-100.0,,,,
394983,episode_end,103.71755897638187,561,0.010000000000000005,-100.0,,,,
395000,train_step,,,0.010000000000000005,-100.0,100000,76.5062026977539,-93.34384155273438,8.162459373474121
395317,episode_end,171.70888540403007,334,0.010000000000000005,-100.0,,,,
395526,episode_end,154.96066130239475,209,0.010000000000000005,-100.0,,,,
395905,episode_end,241.7539627563308,379,0.010000000000000005,-100.0,,,,
396000,train_step,,,0.010000000000000005,-100.0,100000,66.15414428710938,-94.51148986816406,6.75863790512085
396454,episode_end,138.79145018542704,549,0.010000000000000005,-100.0,,,,
396614,episode_end,143.70253250575865,160,0.010000000000000005,-100.0,,,,
396806,episode_end,140.01107222974105,192,0.010000000000000005,-100.0,,,,
397000,train_step,,,0.010000000000000005,-100.0,100000,84.66598510742188,-94.36819458007812,7.4398932456970215
397088,episode_end,152.7170845140119,282,0.010000000000000005,-100.0,,,,
397493,episode_end,134.53555632581697,405,0.010000000000000005,-100.0,,,,
397715,episode_end,147.8201053196686,222,0.010000000000000005,-100.0,,,,
398000,train_step,,,0.010000000000000005,-100.0,100000,15.819520950317383,-96.89939880371094,7.209272861480713
398039,episode_end,192.82226738650817,324,0.010000000000000005,-100.0,,,,
398245,episode_end,143.07170230231623,206,0.010000000000000005,-100.0,,,,
398486,episode_end,219.15100859894955,241,0.010000000000000005,-100.0,,,,
398785,episode_end,157.01776435797302,299,0.010000000000000005,-100.0,,,,
399000,train_step,,,0.010000000000000005,-100.0,100000,53.82231140136719,-94.16415405273438,8.221057891845703
399076,episode_end,162.93676188152406,291,0.010000000000000005,-100.0,,,,
399312,episode_end,142.74354892363996,236,0.010000000000000005,-100.0,,,,
399846,episode_end,155.70631838058785,534,0.010000000000000005,-100.0,,,,
400000,train_step,,,0.010000000000000005,-100.0,100000,15.455459594726562,-90.29258728027344,7.545206546783447
400212,episode_end,202.54204411532615,366,0.010000000000000005,-100.0,,,,
400992,episode_end,85.04797232778661,780,0.010000000000000005,-100.0,,,,
401000,train_step,,,0.010000000000000005,-100.0,100000,150.45465087890625,-89.69417572021484,6.924219131469727
401818,episode_end,143.0642997319559,826,0.010000000000000005,-100.0,,,,
402000,train_step,,,0.010000000000000005,-100.0,100000,66.42597961425781,-87.760986328125,6.854621887207031
402232,episode_end,130.28630866776152,414,0.010000000000000005,-100.0,,,,
403000,train_step,,,0.010000000000000005,-100.0,100000,9.07664680480957,-87.39794921875,6.99858283996582
403232,episode_end,-134.65339329995297,1000,0.010000000000000005,-100.0,,,,
404000,train_step,,,0.010000000000000005,-100.0,100000,16.013965606689453,-86.43171691894531,7.4307098388671875
404232,episode_end,-74.29102623967292,1000,0.010000000000000005,-100.0,,,,
405000,train_step,,,0.010000000000000005,-100.0,100000,8.442071914672852,-82.80426025390625,7.248488426208496
405232,episode_end,-67.01490810520649,1000,0.010000000000000005,-100.0,,,,
406000,train_step,,,0.010000000000000005,-100.0,100000,49.85425567626953,-80.93437194824219,6.227042198181152
406232,episode_end,-72.85119560224338,1000,0.010000000000000005,-100.0,,,,
407000,train_step,,,0.010000000000000005,-100.0,100000,10.788087844848633,-82.19102478027344,6.384997367858887
407232,episode_end,-44.770176869441,1000,0.010000000000000005,-100.0,,,,
408000,train_step,,,0.010000000000000005,-100.0,100000,7.191439628601074,-80.31773376464844,6.746354103088379
408232,episode_end,-73.76692937642186,1000,0.010000000000000005,-100.0,,,,
408449,episode_end,170.39130818479805,217,0.010000000000000005,-100.0,,,,
409000,train_step,,,0.010000000000000005,-100.0,100000,15.5550537109375,-77.182373046875,6.4177422523498535
409449,episode_end,-33.03752504850362,1000,0.010000000000000005,-100.0,,,,
409763,episode_end,256.73817454499,314,0.010000000000000005,-100.0,,,,
410000,train_step,,,0.010000000000000005,-100.0,100000,16.540935516357422,-75.33700561523438,6.869043350219727
410763,episode_end,-74.34166997041041,1000,0.010000000000000005,-100.0,,,,
411000,train_step,,,0.010000000000000005,-100.0,100000,12.756351470947266,-76.70823669433594,6.21345329284668
411763,episode_end,-52.96207776751493,1000,0.010000000000000005,-100.0,,,,
412000,train_step,,,0.010000000000000005,-100.0,100000,11.578750610351562,-75.32638549804688,6.001839637756348
412742,episode_end,-192.33377575849633,979,0.010000000000000005,-100.0,,,,
413000,train_step,,,0.010000000000000005,-100.0,100000,9.119799613952637,-74.48383331298828,6.272979736328125
413742,episode_end,-32.39025181593061,1000,0.010000000000000005,-100.0,,,,
413975,episode_end,-99.214418087168,233,0.010000000000000005,-100.0,,,,
414000,train_step,,,0.010000000000000005,-100.0,100000,50.296958923339844,-72.772705078125,6.149836540222168
414250,episode_end,159.29299789018603,275,0.010000000000000005,-100.0,,,,
414690,episode_end,163.82412035954184,440,0.010000000000000005,-100.0,,,,
415000,train_step,,,0.010000000000000005,-100.0,100000,16.340805053710938,-70.65046691894531,5.779991626739502
415016,episode_end,270.616826152418,326,0.010000000000000005,-100.0,,,,
415285,episode_end,130.33920140823264,269,0.010000000000000005,-100.0,,,,
416000,train_step,,,0.010000000000000005,-100.0,100000,56.90782165527344,-68.59274291992188,5.783645153045654
416285,episode_end,-51.648197537468434,1000,0.010000000000000005,-100.0,,,,
416543,episode_end,159.82277482814317,258,0.010000000000000005,-100.0,,,,
416794,episode_end,209.89376056843895,251,0.010000000000000005,-100.0,,,,
417000,train_step,,,0.010000000000000005,-100.0,100000,10.727309226989746,-66.74440002441406,5.505894660949707
417137,episode_end,269.77733126069177,343,0.010000000000000005,-100.0,,,,
417328,episode_end,158.389211569684,191,0.010000000000000005,-100.0,,,,
417663,episode_end,146.47268939860214,335,0.010000000000000005,-100.0,,,,
417904,episode_end,257.6442206437173,241,0.010000000000000005,-100.0,,,,
418000,train_step,,,0.010000000000000005,-100.0,100000,153.74525451660156,-70.34333801269531,6.315174102783203
418155,episode_end,160.78878738026464,251,0.010000000000000005,-100.0,,,,
418632,episode_end,241.90396097863643,477,0.010000000000000005,-100.0,,,,
419000,train_step,,,0.010000000000000005,-100.0,100000,21.005218505859375,-68.3005599975586,5.996016502380371
419004,episode_end,247.982737935082,372,0.010000000000000005,-100.0,,,,
419385,episode_end,132.7551398720501,381,0.010000000000000005,-100.0,,,,
419607,episode_end,-77.17603952084227,222,0.010000000000000005,-100.0,,,,
419952,episode_end,286.53229391838977,345,0.010000000000000005,-100.0,,,,
420000,train_step,,,0.010000000000000005,-100.0,100000,97.19577026367188,-69.9427719116211,5.817287445068359
420177,episode_end,137.89274983145492,225,0.010000000000000005,-100.0,,,,
420401,episode_end,189.16497494171406,224,0.010000000000000005,-100.0,,,,
420617,episode_end,133.86560391916822,216,0.010000000000000005,-100.0,,,,
420801,episode_end,145.0913057015074,184,0.010000000000000005,-100.0,,,,
420994,episode_end,159.5239609175915,193,0.010000000000000005,-100.0,,,,
421000,train_step,,,0.010000000000000005,-100.0,100000,74.499755859375,-65.13493347167969,5.427606582641602
421173,episode_end,13.032491516047898,179,0.010000000000000005,-100.0,,,,
421709,episode_end,-165.11004157778444,536,0.010000000000000005,-100.0,,,,
422000,train_step,,,0.010000000000000005,-100.0,100000,12.996363639831543,-63.9782829284668,5.705430030822754
422212,episode_end,237.1890737519079,503,0.010000000000000005,-100.0,,,,
422646,episode_end,136.25702817213474,434,0.010000000000000005,-100.0,,,,
423000,train_step,,,0.010000000000000005,-100.0,100000,107.01921844482422,-62.23759460449219,5.409210205078125
423036,episode_end,118.75693210042589,390,0.010000000000000005,-100.0,,,,
423262,episode_end,155.65014645496595,226,0.010000000000000005,-100.0,,,,
423636,episode_end,273.72903140710457,374,0.010000000000000005,-100.0,,,,
423954,episode_end,236.96622857472997,318,0.010000000000000005,-100.0,,,,
424000,train_step,,,0.010000000000000005,-100.0,100000,8.349531173706055,-63.1313591003418,5.775745391845703
424325,episode_end,253.32413838295452,371,0.010000000000000005,-100.0,,,,
424595,episode_end,198.58082043147363,270,0.010000000000000005,-100.0,,,,
424840,episode_end,-18.49471004820259,245,0.010000000000000005,-100.0,,,,
425000,train_step,,,0.010000000000000005,-100.0,100000,9.110422134399414,-58.73166275024414,5.162885665893555
425105,episode_end,183.21236281624505,265,0.010000000000000005,-100.0,,,,
425483,episode_end,277.20059109602255,378,0.010000000000000005,-100.0,,,,
425697,episode_end,-51.69906915526332,214,0.010000000000000005,-100.0,,,,
425957,episode_end,124.47549134477953,260,0.010000000000000005,-100.0,,,,
426000,train_step,,,0.010000000000000005,-100.0,100000,16.678062438964844,-62.78190612792969,5.325909614562988
426209,episode_end,156.20531213475448,252,0.010000000000000005,-100.0,,,,
426590,episode_end,158.7824292360856,381,0.010000000000000005,-100.0,,,,
426713,episode_end,-54.95891889174322,123,0.010000000000000005,-100.0,,,,
426794,episode_end,-49.344884507374644,81,0.010000000000000005,-100.0,,,,
427000,train_step,,,0.010000000000000005,-100.0,100000,11.209333419799805,-56.70889663696289,5.443241119384766
427071,episode_end,272.785694691602,277,0.010000000000000005,-100.0,,,,
427560,episode_end,150.58360346280952,489,0.010000000000000005,-100.0,,,,
428000,train_step,,,0.010000000000000005,-100.0,100000,18.444538116455078,-61.056087493896484,5.3724212646484375
428313,episode_end,57.60262140728709,753,0.010000000000000005,-100.0,,,,
428508,episode_end,139.22786480760084,195,0.010000000000000005,-100.0,,,,
428759,episode_end,280.90063419109663,251,0.010000000000000005,-100.0,,,,
429000,train_step,,,0.010000000000000005,-100.0,100000,17.12826156616211,-57.07093811035156,5.906773567199707
429090,episode_end,257.11344148981397,331,0.010000000000000005,-100.0,,,,
429415,episode_end,253.44286597841136,325,0.010000000000000005,-100.0,,,,
429652,episode_end,300.92671336236594,237,0.010000000000000005,-100.0,,,,
430000,train_step,,,0.010000000000000005,-100.0,100000,59.36907196044922,-60.29364013671875,5.803574562072754
430044,episode_end,267.76129813152386,392,0.010000000000000005,-100.0,,,,
430314,episode_end,308.04334531414884,270,0.010000000000000005,-100.0,,,,
431000,train_step,,,0.010000000000000005,-100.0,100000,17.91196060180664,-58.408538818359375,5.252597808837891
431251,episode_end,183.0699831419994,937,0.010000000000000005,-100.0,,,,
431506,episode_end,278.98245743492924,255,0.010000000000000005,-100.0,,,,
432000,train_step,,,0.010000000000000005,-100.0,100000,9.104005813598633,-58.40681457519531,6.030819892883301
432050,episode_end,221.677857896508,544,0.010000000000000005,-100.0,,,,
433000,train_step,,,0.010000000000000005,-100.0,100000,14.297103881835938,-53.982208251953125,5.870149612426758
433050,episode_end,-95.64673418375537,1000,0.010000000000000005,-100.0,,,,
434000,train_step,,,0.010000000000000005,-100.0,100000,15.737756729125977,-54.09357452392578,5.446139335632324
434050,episode_end,-73.29887942678697,1000,0.010000000000000005,-100.0,,,,
435000,train_step,,,0.010000000000000005,-100.0,100000,11.678895950317383,-53.526588439941406,5.979719161987305
435050,episode_end,-46.549436258725116,1000,0.010000000000000005,-100.0,,,,
435925,episode_end,48.54710586473191,875,0.010000000000000005,-100.0,,,,
436000,train_step,,,0.010000000000000005,-100.0,100000,8.772211074829102,-56.2977409362793,5.686826705932617
436220,episode_end,278.957321135331,295,0.010000000000000005,-100.0,,,,
437000,train_step,,,0.010000000000000005,-100.0,100000,19.351459503173828,-55.699562072753906,6.408013820648193
437181,episode_end,137.33866068580127,961,0.010000000000000005,-100.0,,,,
437543,episode_end,241.44424169602013,362,0.010000000000000005,-100.0,,,,
437739,episode_end,-104.73875087456207,196,0.010000000000000005,-100.0,,,,
437968,episode_end,294.57323425078783,229,0.010000000000000005,-100.0,,,,
438000,train_step,,,0.010000000000000005,-100.0,100000,10.08749771118164,-57.494911193847656,5.893125534057617
438227,episode_end,159.56531947470006,259,0.010000000000000005,-100.0,,,,
439000,train_step,,,0.010000000000000005,-100.0,100000,9.968343734741211,-53.84032440185547,5.678033351898193
439076,episode_end,49.89484517758653,849,0.010000000000000005,-100.0,,,,
439766,episode_end,85.58325621006028,690,0.010000000000000005,-100.0,,,,
439970,episode_end,167.9714190693231,204,0.010000000000000005,-100.0,,,,
440000,train_step,,,0.010000000000000005,-100.0,100000,11.242626190185547,-52.761383056640625,6.113086700439453
440287,episode_end,232.8079280643405,317,0.010000000000000005,-100.0,,,,
441000,train_step,,,0.010000000000000005,-100.0,100000,18.378704071044922,-55.108245849609375,6.5200958251953125
441287,episode_end,-66.18653981122708,1000,0.010000000000000005,-100.0,,,,
441582,episode_end,161.88502804205774,295,0.010000000000000005,-100.0,,,,
442000,train_step,,,0.010000000000000005,-100.0,100000,33.408294677734375,-53.160789489746094,5.632293224334717
442582,episode_end,-87.06661350168315,1000,0.010000000000000005,-100.0,,,,
442864,episode_end,199.9365232958766,282,0.010000000000000005,-100.0,,,,
443000,train_step,,,0.010000000000000005,-100.0,100000,23.57110595703125,-56.14163589477539,5.962405204772949
443067,episode_end,135.66591338818546,203,0.010000000000000005,-100.0,,,,
443251,episode_end,152.04060349189118,184,0.010000000000000005,-100.0,,,,
443652,episode_end,229.3597465414273,401,0.010000000000000005,-100.0,,,,
443895,episode_end,305.76204342013517,243,0.010000000000000005,-100.0,,,,
444000,train_step,,,0.010000000000000005,-100.0,100000,6.413144588470459,-49.324195861816406,5.958315372467041
444347,episode_end,-181.5979264913095,452,0.010000000000000005,-100.0,,,,
445000,train_step,,,0.010000000000000005,-100.0,100000,7.677408218383789,-52.890045166015625,6.039999961853027
445347,episode_end,-37.763077904815674,1000,0.010000000000000005,-100.0,,,,
445545,episode_end,264.0152791960435,198,0.010000000000000005,-100.0,,,,
446000,train_step,,,0.010000000000000005,-100.0,100000,8.438703536987305,-52.073631286621094,6.262009143829346
446545,episode_end,-69.61483392356962,1000,0.010000000000000005,-100.0,,,,
446844,episode_end,272.3681882231488,299,0.010000000000000005,-100.0,,,,
447000,train_step,,,0.010000000000000005,-100.0,100000,19.550540924072266,-53.9107666015625,5.948247909545898
447844,episode_end,-85.52782626518092,1000,0.010000000000000005,-100.0,,,,
448000,train_step,,,0.010000000000000005,-100.0,100000,40.653053283691406,-50.54513931274414,5.315106391906738
448844,episode_end,-112.67610745279477,1000,0.010000000000000005,-100.0,,,,
449000,train_step,,,0.010000000000000005,-100.0,100000,8.188746452331543,-49.15216827392578,5.542896270751953
449115,episode_end,282.2076462907086,271,0.010000000000000005,-100.0,,,,
449584,episode_end,-271.46984138566734,469,0.010000000000000005,-100.0,,,,
449790,episode_end,-28.258192455650033,206,0.010000000000000005,-100.0,,,,
450000,train_step,,,0.010000000000000005,-100.0,100000,77.41731262207031,-53.358055114746094,5.562234878540039
450790,episode_end,-106.56921748996177,1000,0.010000000000000005,-100.0,,,,
451000,train_step,,,0.010000000000000005,-100.0,100000,24.936901092529297,-46.7928466796875,6.260097026824951
451790,episode_end,-80.66481768340293,1000,0.010000000000000005,-100.0,,,,
452000,train_step,,,0.010000000000000005,-100.0,100000,149.93785095214844,-45.40692901611328,4.7839035987854
452250,episode_end,216.6211784963271,460,0.010000000000000005,-100.0,,,,
453000,train_step,,,0.010000000000000005,-100.0,100000,48.97392272949219,-49.040313720703125,5.261879920959473
453250,episode_end,-82.1266752593879,1000,0.010000000000000005,-100.0,,,,
453649,episode_end,271.5892483027057,399,0.010000000000000005,-100.0,,,,
454000,train_step,,,0.010000000000000005,-100.0,100000,7.535644054412842,-44.523040771484375,5.752986907958984
454649,episode_end,-68.60424010023242,1000,0.010000000000000005,-100.0,,,,
455000,train_step,,,0.010000000000000005,-100.0,100000,9.860862731933594,-46.69475555419922,4.6468658447265625
455091,episode_end,246.8447126588534,442,0.010000000000000005,-100.0,,,,
455398,episode_end,267.1132794740395,307,0.010000000000000005,-100.0,,,,
456000,train_step,,,0.010000000000000005,-100.0,100000,26.128032684326172,-46.07762908935547,4.998618125915527
456398,episode_end,-58.79270218167528,1000,0.010000000000000005,-100.0,,,,
456868,episode_end,190.4235523697995,470,0.010000000000000005,-100.0,,,,
457000,train_step,,,0.010000000000000005,-100.0,100000,12.89935302734375,-44.59279251098633,5.23585319519043
457868,episode_end,-100.69764501207966,1000,0.010000000000000005,-100.0,,,,
458000,train_step,,,0.010000000000000005,-100.0,100000,5.455136299133301,-46.79204559326172,5.0972490310668945
458736,episode_end,172.25766599214285,868,0.010000000000000005,-100.0,,,,
459000,train_step,,,0.010000000000000005,-100.0,100000,6.602144241333008,-43.73231506347656,5.110240459442139
459052,episode_end,261.2345770664965,316,0.010000000000000005,-100.0,,,,
459272,episode_end,-216.25190926143938,220,0.010000000000000005,-100.0,,,,
460000,train_step,,,0.010000000000000005,-100.0,100000,106.22787475585938,-44.48792266845703,5.051982879638672
460272,episode_end,-84.97658583755329,1000,0.010000000000000005,-100.0,,,,
460512,episode_end,-240.49878058177447,240,0.010000000000000005,-100.0,,,,
460658,episode_end,-181.93904280381616,146,0.010000000000000005,-100.0,,,,
460938,episode_end,167.72631707462602,280,0.010000000000000005,-100.0,,,,
461000,train_step,,,0.010000000000000005,-100.0,100000,41.854984283447266,-48.0687370300293,5.04130744934082
461938,episode_end,-92.58428371003794,1000,0.010000000000000005,-100.0,,,,
462000,train_step,,,0.010000000000000005,-100.0,100000,5.948899745941162,-42.25901794433594,5.101859092712402
462625,episode_end,85.70414615815997,687,0.010000000000000005,-100.0,,,,
463000,train_step,,,0.010000000000000005,-100.0,100000,12.429777145385742,-40.10889434814453,5.236817359924316
463341,episode_end,32.336198710716985,716,0.010000000000000005,-100.0,,,,
463744,episode_end,214.63851031781613,403,0.010000000000000005,-100.0,,,,
463907,episode_end,-120.52123298261317,163,0.010000000000000005,-100.0,,,,
464000,train_step,,,0.010000000000000005,-100.0,100000,8.00384521484375,-43.364601135253906,5.354277610778809
464301,episode_end,290.9125274590837,394,0.010000000000000005,-100.0,,,,
464689,episode_end,240.34521201033002,388,0.010000000000000005,-100.0,,,,
465000,train_step,,,0.010000000000000005,-100.0,100000,10.348806381225586,-44.41087341308594,5.377785682678223
465199,episode_end,95.30516911876175,510,0.010000000000000005,-100.0,,,,
465663,episode_end,107.28097387245505,464,0.010000000000000005,-100.0,,,,
466000,train_step,,,0.010000000000000005,-100.0,100000,9.94047737121582,-44.53910827636719,5.484799385070801
466025,episode_end,112.68243806701115,362,0.010000000000000005,-100.0,,,,
466411,episode_end,282.00719032635027,386,0.010000000000000005,-100.0,,,,
466814,episode_end,107.88703603327156,403,0.010000000000000005,-100.0,,,,
467000,train_step,,,0.010000000000000005,-100.0,100000,73.28732299804688,-41.593441009521484,5.352822303771973
467608,episode_end,53.68254534121689,794,0.010000000000000005,-100.0,,,,
467952,episode_end,273.14565694552095,344,0.010000000000000005,-100.0,,,,
468000,train_step,,,0.010000000000000005,-100.0,100000,5.525510787963867,-41.84030532836914,4.726133346557617
468488,episode_end,111.0299180167628,536,0.010000000000000005,-100.0,,,,
469000,train_step,,,0.010000000000000005,-100.0,100000,50.400428771972656,-39.20635986328125,4.775969982147217
469488,episode_end,-88.74621045271739,1000,0.010000000000000005,-100.0,,,,
470000,train_step,,,0.010000000000000005,-100.0,100000,4.846879005432129,-42.74324035644531,4.853333473205566
470488,episode_end,-62.30154788000302,1000,0.010000000000000005,-100.0,,,,
471000,train_step,,,0.010000000000000005,-100.0,100000,99.80915832519531,-41.91297149658203,4.924375534057617
471488,episode_end,-64.75178003263039,1000,0.010000000000000005,-100.0,,,,
472000,train_step,,,0.010000000000000005,-100.0,100000,6.187150001525879,-43.08621597290039,5.204285621643066
472488,episode_end,-92.69144093073834,1000,0.010000000000000005,-100.0,,,,
473000,train_step,,,0.010000000000000005,-100.0,100000,4.6580491065979,-35.39247131347656,4.910156726837158
473488,episode_end,-60.08142493259045,1000,0.010000000000000005,-100.0,,,,
474000,train_step,,,0.010000000000000005,-100.0,100000,199.05349731445312,-41.808109283447266,4.984552383422852
474488,episode_end,-99.95931986773716,1000,0.010000000000000005,-100.0,,,,
474773,episode_end,255.8461110983415,285,0.010000000000000005,-100.0,,,,
475000,train_step,,,0.010000000000000005,-100.0,100000,13.26138687133789,-39.795433044433594,4.520317077636719
475004,episode_end,-93.35023181554533,231,0.010000000000000005,-100.0,,,,
476000,train_step,,,0.010000000000000005,-100.0,100000,26.034164428710938,-34.377891540527344,4.617352485656738
476004,episode_end,-98.03063310827467,1000,0.010000000000000005,-100.0,,,,
476576,episode_end,228.06786715171467,572,0.010000000000000005,-100.0,,,,
477000,train_step,,,0.010000000000000005,-100.0,100000,36.385833740234375,-39.116825103759766,5.1087646484375
477576,episode_end,-107.6978661863734,1000,0.010000000000000005,-100.0,,,,
478000,train_step,,,0.010000000000000005,-100.0,100000,7.461190700531006,-41.32835006713867,5.686537265777588
478576,episode_end,-81.46874619419285,1000,0.010000000000000005,-100.0,,,,
479000,train_step,,,0.010000000000000005,-100.0,100000,79.13066864013672,-32.980186462402344,5.120837688446045
479576,episode_end,-85.09762135320699,1000,0.010000000000000005,-100.0,,,,
480000,train_step,,,0.010000000000000005,-100.0,100000,10.115190505981445,-36.96100997924805,4.6596174240112305
480148,episode_end,119.05206842038184,572,0.010000000000000005,-100.0,,,,
480681,episode_end,140.6826045362953,533,0.010000000000000005,-100.0,,,,
481000,train_step,,,0.010000000000000005,-100.0,100000,10.371021270751953,-39.58228302001953,4.897548675537109
481005,episode_end,258.7378836302747,324,0.010000000000000005,-100.0,,,,
482000,train_step,,,0.010000000000000005,-100.0,100000,8.611621856689453,-39.00457000732422,4.7211995124816895
482005,episode_end,-53.46138508789466,1000,0.010000000000000005,-100.0,,,,
482332,episode_end,268.69402551369774,327,0.010000000000000005,-100.0,,,,
483000,train_step,,,0.010000000000000005,-100.0,100000,7.93229341506958,-36.487735748291016,5.1579437255859375
483332,episode_end,-83.83972068054972,1000,0.010000000000000005,-100.0,,,,
484000,train_step,,,0.010000000000000005,-100.0,100000,5.284716606140137,-39.66284942626953,5.035150051116943
484332,episode_end,-75.63361669592406,1000,0.010000000000000005,-100.0,,,,
485000,train_step,,,0.010000000000000005,-100.0,100000,10.936025619506836,-40.073028564453125,5.330753326416016
485332,episode_end,-71.11943788357878,1000,0.010000000000000005,-100.0,,,,
486000,train_step,,,0.010000000000000005,-100.0,100000,7.220295429229736,-39.46905517578125,5.293117523193359
486332,episode_end,-51.92112073943041,1000,0.010000000000000005,-100.0,,,,
487000,train_step,,,0.010000000000000005,-100.0,100000,7.781469345092773,-37.73027038574219,5.06529426574707
487332,episode_end,-66.161332374601,1000,0.010000000000000005,-100.0,,,,
488000,train_step,,,0.010000000000000005,-100.0,100000,39.04241943359375,-38.54639434814453,5.311845779418945
488332,episode_end,-79.6526119309012,1000,0.010000000000000005,-100.0,,,,
488667,episode_end,268.29799203894703,335,0.010000000000000005,-100.0,,,,
489000,train_step,,,0.010000000000000005,-100.0,100000,28.7939395904541,-37.37892150878906,5.127639293670654
489667,episode_end,-95.14259132560909,1000,0.010000000000000005,-100.0,,,,
490000,train_step,,,0.010000000000000005,-100.0,100000,11.907652854919434,-38.21704864501953,5.0426225662231445
490667,episode_end,-74.892536394451,1000,0.010000000000000005,-100.0,,,,
491000,train_step,,,0.010000000000000005,-100.0,100000,5.259505271911621,-36.48592758178711,5.028271675109863
491667,episode_end,-1.0980277143591457,1000,0.010000000000000005,-100.0,,,,
492000,train_step,,,0.010000000000000005,-100.0,100000,12.738015174865723,-39.88037109375,5.332251071929932
492667,episode_end,-13.006243783936883,1000,0.010000000000000005,-100.0,,,,
493000,train_step,,,0.010000000000000005,-100.0,100000,19.134685516357422,-35.45221710205078,5.258622169494629
493667,episode_end,-74.93475823001576,1000,0.010000000000000005,-100.0,,,,
494000,train_step,,,0.010000000000000005,-100.0,100000,25.45331382751465,-40.10807800292969,5.8303542137146
494663,episode_end,133.29164535998842,996,0.010000000000000005,-100.0,,,,
495000,train_step,,,0.010000000000000005,-100.0,100000,6.708869457244873,-36.81273651123047,5.567541122436523
495663,episode_end,-0.7106172729641091,1000,0.010000000000000005,-100.0,,,,
496000,train_step,,,0.010000000000000005,-100.0,100000,8.408448219299316,-39.252296447753906,5.171658515930176
496663,episode_end,-83.5875298328817,1000,0.010000000000000005,-100.0,,,,
497000,train_step,,,0.010000000000000005,-100.0,100000,7.938393592834473,-38.74114227294922,5.725322246551514
497663,episode_end,-88.07384987025806,1000,0.010000000000000005,-100.0,,,,
498000,train_step,,,0.010000000000000005,-100.0,100000,7.74022912979126,-35.02094268798828,5.362215995788574
498663,episode_end,-111.09898279337426,1000,0.010000000000000005,-100.0,,,,
499000,train_step,,,0.010000000000000005,-100.0,100000,4.562918663024902,-35.38750457763672,4.958279132843018
499663,episode_end,-80.51880659505485,1000,0.010000000000000005,-100.0,,,,
500000,train_step,,,0.010000000000000005,-100.0,100000,4.017280578613281,-36.221435546875,4.384666442871094
500663,episode_end,-63.87302123261244,1000,0.010000000000000005,-100.0,,,,
501000,train_step,,,0.010000000000000005,-100.0,100000,10.475045204162598,-36.72005844116211,5.033022880554199
501663,episode_end,-106.71194393388247,1000,0.010000000000000005,-100.0,,,,
502000,train_step,,,0.010000000000000005,-100.0,100000,4.246970176696777,-33.46135711669922,4.305072784423828
502406,episode_end,254.84808236553465,743,0.010000000000000005,-100.0,,,,
503000,train_step,,,0.010000000000000005,-100.0,100000,5.905731201171875,-33.57926940917969,4.563302993774414
503170,episode_end,183.65811069217318,764,0.010000000000000005,-100.0,,,,
503650,episode_end,283.8366970750683,480,0.010000000000000005,-100.0,,,,
504000,train_step,,,0.010000000000000005,-100.0,100000,7.507292747497559,-34.521507263183594,4.417050361633301
504650,episode_end,-102.83429561962961,1000,0.010000000000000005,-100.0,,,,
505000,train_step,,,0.010000000000000005,-100.0,100000,7.380105972290039,-35.28321075439453,4.6678547859191895
505650,episode_end,-75.04065487406595,1000,0.010000000000000005,-100.0,,,,
506000,train_step,,,0.010000000000000005,-100.0,100000,6.348076343536377,-31.621070861816406,4.6227216720581055
506650,episode_end,-92.49917466104775,1000,0.010000000000000005,-100.0,,,,
506903,episode_end,296.92530842699614,253,0.010000000000000005,-100.0,,,,
507000,train_step,,,0.010000000000000005,-100.0,100000,10.29432487487793,-37.11300277709961,4.389010429382324
507903,episode_end,-89.16604522767408,1000,0.010000000000000005,-100.0,,,,
508000,train_step,,,0.010000000000000005,-100.0,100000,3.957913398742676,-39.71013641357422,4.49399995803833
508145,episode_end,281.297403716399,242,0.010000000000000005,-100.0,,,,
508426,episode_end,274.3863721667457,281,0.010000000000000005,-100.0,,,,
508648,episode_end,289.18126989932455,222,0.010000000000000005,-100.0,,,,
509000,train_step,,,0.010000000000000005,-100.0,100000,16.407142639160156,-36.959171295166016,4.6631975173950195
509648,episode_end,-87.83964530770395,1000,0.010000000000000005,-100.0,,,,
509892,episode_end,161.51949096203714,244,0.010000000000000005,-100.0,,,,
510000,train_step,,,0.010000000000000005,-100.0,100000,7.195185661315918,-37.774574279785156,5.117124557495117
510387,episode_end,287.0176870282416,495,0.010000000000000005,-100.0,,,,
510744,episode_end,142.60483870798117,357,0.010000000000000005,-100.0,,,,
511000,train_step,,,0.010000000000000005,-100.0,100000,96.29512786865234,-36.43445587158203,5.23469352722168
511368,episode_end,193.52442022603645,624,0.010000000000000005,-100.0,,,,
511579,episode_end,168.25402932445132,211,0.010000000000000005,-100.0,,,,
511821,episode_end,291.7315766895794,242,0.010000000000000005,-100.0,,,,
512000,train_step,,,0.010000000000000005,-100.0,100000,9.084189414978027,-35.471519470214844,4.517160892486572
512081,episode_end,243.5763495563684,260,0.010000000000000005,-100.0,,,,
512325,episode_end,273.93038430274254,244,0.010000000000000005,-100.0,,,,
512623,episode_end,138.44043880822136,298,0.010000000000000005,-100.0,,,,
513000,train_step,,,0.010000000000000005,-100.0,100000,38.58698654174805,-36.14373016357422,4.871667385101318
513186,episode_end,111.4408327934375,563,0.010000000000000005,-100.0,,,,
513403,episode_end,224.74015756897018,217,0.010000000000000005,-100.0,,,,
513713,episode_end,136.1169219854351,310,0.010000000000000005,-100.0,,,,
514000,train_step,,,0.010000000000000005,-100.0,100000,15.281882286071777,-39.51702117919922,4.592876434326172
514103,episode_end,128.68258433467886,390,0.010000000000000005,-100.0,,,,
514794,episode_end,211.23672466219554,691,0.010000000000000005,-100.0,,,,
515000,train_step,,,0.010000000000000005,-100.0,100000,12.097371101379395,-40.31288146972656,4.232203006744385
515013,episode_end,191.69701371028006,219,0.010000000000000005,-100.0,,,,
516000,train_step,,,0.010000000000000005,-100.0,100000,4.055192470550537,-35.284332275390625,3.9105634689331055
516013,episode_end,-82.09202247885597,1000,0.010000000000000005,-100.0,,,,
516290,episode_end,147.3421794527078,277,0.010000000000000005,-100.0,,,,
516573,episode_end,262.27560320935436,283,0.010000000000000005,-100.0,,,,
516886,episode_end,254.52697315566687,313,0.010000000000000005,-100.0,,,,
517000,train_step,,,0.010000000000000005,-100.0,100000,5.67456579208374,-36.240047454833984,4.478964805603027
517172,episode_end,258.5664441418418,286,0.010000000000000005,-100.0,,,,
517420,episode_end,276.0492010754987,248,0.010000000000000005,-100.0,,,,
517691,episode_end,257.55585176512875,271,0.010000000000000005,-100.0,,,,
518000,train_step,,,0.010000000000000005,-100.0,100000,6.499487400054932,-41.99214172363281,4.1563401222229
518005,episode_end,284.8782762732889,314,0.010000000000000005,-100.0,,,,
519000,train_step,,,0.010000000000000005,-100.0,100000,7.538455486297607,-35.862388610839844,4.459864616394043
519005,episode_end,-111.30575427462041,1000,0.010000000000000005,-100.0,,,,
519661,episode_end,172.80159506671615,656,0.010000000000000005,-100.0,,,,
520000,train_step,,,0.010000000000000005,-100.0,100000,4.039018630981445,-34.589996337890625,4.174632549285889
520387,episode_end,257.3921490703415,726,0.010000000000000005,-100.0,,,,
520729,episode_end,256.706270423708,342,0.010000000000000005,-100.0,,,,
521000,episode_end,249.5176292462999,271,0.010000000000000005,-100.0,,,,
521000,train_step,,,0.010000000000000005,-100.0,100000,17.17458152770996,-37.83067321777344,4.250408172607422
522000,episode_end,-120.61669337290895,1000,0.010000000000000005,-100.0,,,,
522000,train_step,,,0.010000000000000005,-100.0,100000,20.730613708496094,-35.732879638671875,4.608356952667236
522306,episode_end,262.3706910961505,306,0.010000000000000005,-100.0,,,,
522989,episode_end,-306.4733316902258,683,0.010000000000000005,-100.0,,,,
523000,train_step,,,0.010000000000000005,-100.0,100000,3.388214349746704,-36.53961944580078,4.404369831085205
523172,episode_end,280.44937082029656,183,0.010000000000000005,-100.0,,,,
524000,train_step,,,0.010000000000000005,-100.0,100000,4.697187423706055,-34.580963134765625,4.260446548461914
524172,episode_end,-117.28937532589026,1000,0.010000000000000005,-100.0,,,,
525000,train_step,,,0.010000000000000005,-100.0,100000,12.583869934082031,-35.39544677734375,4.805401802062988
525172,episode_end,-103.79612233764557,1000,0.010000000000000005,-100.0,,,,
526000,train_step,,,0.010000000000000005,-100.0,100000,4.8076300621032715,-32.13479232788086,4.410508632659912
526172,episode_end,-126.92905853781879,1000,0.010000000000000005,-100.0,,,,
526420,episode_end,308.94450794589386,248,0.010000000000000005,-100.0,,,,
527000,train_step,,,0.010000000000000005,-100.0,100000,76.15498352050781,-32.58955383300781,4.093091011047363
527420,episode_end,-132.33236573257068,1000,0.010000000000000005,-100.0,,,,
527601,episode_end,268.51644705950594,181,0.010000000000000005,-100.0,,,,
528000,train_step,,,0.010000000000000005,-100.0,100000,70.45936584472656,-35.104549407958984,4.04697322845459
528060,episode_end,-235.82951937327587,459,0.010000000000000005,-100.0,,,,
528667,episode_end,-215.82493310060931,607,0.010000000000000005,-100.0,,,,
528988,episode_end,-181.32741913788345,321,0.010000000000000005,-100.0,,,,
529000,train_step,,,0.010000000000000005,-100.0,100000,10.371495246887207,-35.2906494140625,4.546836853027344
529201,episode_end,287.55604399774404,213,0.010000000000000005,-100.0,,,,
529404,episode_end,272.38471723296203,203,0.010000000000000005,-100.0,,,,
529691,episode_end,263.1489694151484,287,0.010000000000000005,-100.0,,,,
529972,episode_end,277.51041806685066,281,0.010000000000000005,-100.0,,,,
530000,train_step,,,0.010000000000000005,-100.0,100000,3.354241371154785,-30.62669563293457,3.927640676498413
530168,episode_end,296.1456189542262,196,0.010000000000000005,-100.0,,,,
530397,episode_end,297.9354319471662,229,0.010000000000000005,-100.0,,,,
530951,episode_end,186.33603357735623,554,0.010000000000000005,-100.0,,,,
531000,train_step,,,0.010000000000000005,-100.0,100000,3.3189291954040527,-29.99069595336914,3.8554015159606934
531951,episode_end,-114.00974223438739,1000,0.010000000000000005,-100.0,,,,
532000,train_step,,,0.010000000000000005,-100.0,100000,13.229375839233398,-29.159934997558594,4.198877334594727
532189,episode_end,-290.4228750277078,238,0.010000000000000005,-100.0,,,,
533000,train_step,,,0.010000000000000005,-100.0,100000,8.644854545593262,-28.653423309326172,4.452080726623535
533189,episode_end,-71.74380831091055,1000,0.010000000000000005,-100.0,,,,
534000,train_step,,,0.010000000000000005,-100.0,100000,11.496237754821777,-31.367704391479492,4.279223442077637
534189,episode_end,-134.25083267997377,1000,0.010000000000000005,-100.0,,,,
534625,episode_end,-210.71316566873543,436,0.010000000000000005,-100.0,,,,
535000,train_step,,,0.010000000000000005,-100.0,100000,5.2473368644714355,-34.05921173095703,4.247195243835449
535009,episode_end,-291.38462752507735,384,0.010000000000000005,-100.0,,,,
535228,episode_end,260.7447058981069,219,0.010000000000000005,-100.0,,,,
535704,episode_end,-250.2952988638046,476,0.010000000000000005,-100.0,,,,
535915,episode_end,253.8444602540399,211,0.010000000000000005,-100.0,,,,
536000,train_step,,,0.010000000000000005,-100.0,100000,3.1143605709075928,-29.460079193115234,4.594518661499023
536678,episode_end,157.20613611041958,763,0.010000000000000005,-100.0,,,,
537000,train_step,,,0.010000000000000005,-100.0,100000,3.919161319732666,-31.43590545654297,4.332395076751709
537011,episode_end,254.21381107133294,333,0.010000000000000005,-100.0,,,,
538000,train_step,,,0.010000000000000005,-100.0,100000,8.937735557556152,-30.903827667236328,3.9442601203918457
538011,episode_end,-112.57413501594594,1000,0.010000000000000005,-100.0,,,,
538200,episode_end,-71.53145094108878,189,0.010000000000000005,-100.0,,,,
538690,episode_end,271.87226554046356,490,0.010000000000000005,-100.0,,,,
539000,train_step,,,0.010000000000000005,-100.0,100000,8.268802642822266,-32.60820388793945,4.333666801452637
539690,episode_end,-79.13796687420174,1000,0.010000000000000005,-100.0,,,,
540000,train_step,,,0.010000000000000005,-100.0,100000,4.809490203857422,-26.099124908447266,4.8711700439453125
540690,episode_end,-109.52168413668724,1000,0.010000000000000005,-100.0,,,,
541000,train_step,,,0.010000000000000005,-100.0,100000,3.3672823905944824,-27.208152770996094,4.572305679321289
541042,episode_end,130.45031151100494,352,0.010000000000000005,-100.0,,,,
541375,episode_end,257.06042314622084,333,0.010000000000000005,-100.0,,,,
541544,episode_end,253.41252038350132,169,0.010000000000000005,-100.0,,,,
541967,episode_end,285.0557264401807,423,0.010000000000000005,-100.0,,,,
542000,train_step,,,0.010000000000000005,-100.0,100000,3.5998036861419678,-31.51231575012207,4.448812007904053
542413,episode_end,245.93892999238736,446,0.010000000000000005,-100.0,,,,
542678,episode_end,225.28698859495222,265,0.010000000000000005,-100.0,,,,
543000,train_step,,,0.010000000000000005,-100.0,100000,138.63417053222656,-30.34786033630371,4.414123058319092
543038,episode_end,251.8020541946069,360,0.010000000000000005,-100.0,,,,
543284,episode_end,285.24896488848515,246,0.010000000000000005,-100.0,,,,
543558,episode_end,272.5260947787323,274,0.010000000000000005,-100.0,,,,
543750,episode_end,270.8651933894812,192,0.010000000000000005,-100.0,,,,
543931,episode_end,165.28747973830633,181,0.010000000000000005,-100.0,,,,
544000,train_step,,,0.010000000000000005,-100.0,100000,3.5087077617645264,-26.069419860839844,4.699285507202148
544701,episode_end,69.80502691251982,770,0.010000000000000005,-100.0,,,,
544987,episode_end,255.84043133622885,286,0.010000000000000005,-100.0,,,,
545000,train_step,,,0.010000000000000005,-100.0,100000,4.432436943054199,-29.14252281188965,5.1756463050842285
545252,episode_end,145.3007445817129,265,0.010000000000000005,-100.0,,,,
545441,episode_end,268.0062316292152,189,0.010000000000000005,-100.0,,,,
545654,episode_end,247.40906310133042,213,0.010000000000000005,-100.0,,,,
545874,episode_end,275.9857953093583,220,0.010000000000000005,-100.0,,,,
546000,train_step,,,0.010000000000000005,-100.0,100000,2.9339938163757324,-29.228811264038086,4.475034713745117
546420,episode_end,108.98860375766034,546,0.010000000000000005,-100.0,,,,
546709,episode_end,146.44072739711456,289,0.010000000000000005,-100.0,,,,
546997,episode_end,272.1592808240721,288,0.010000000000000005,-100.0,,,,
547000,train_step,,,0.010000000000000005,-100.0,100000,3.8588900566101074,-32.69711685180664,4.188516616821289
547312,episode_end,245.55165468123016,315,0.010000000000000005,-100.0,,,,
547557,episode_end,279.604711303612,245,0.010000000000000005,-100.0,,,,
547837,episode_end,298.1230136582798,280,0.010000000000000005,-100.0,,,,
548000,train_step,,,0.010000000000000005,-100.0,100000,12.132915496826172,-30.147489547729492,4.425776958465576
548073,episode_end,279.7362822342901,236,0.010000000000000005,-100.0,,,,
548333,episode_end,241.61283111086522,260,0.010000000000000005,-100.0,,,,
548785,episode_end,202.67829566133395,452,0.010000000000000005,-100.0,,,,
549000,train_step,,,0.010000000000000005,-100.0,100000,3.3142006397247314,-31.860137939453125,4.48062801361084
549026,episode_end,279.42312929009006,241,0.010000000000000005,-100.0,,,,
549366,episode_end,206.48221166963936,340,0.010000000000000005,-100.0,,,,
550000,train_step,,,0.010000000000000005,-100.0,100000,5.599192142486572,-31.95915412902832,4.4278693199157715
550366,episode_end,13.481105651578137,1000,0.010000000000000005,-100.0,,,,
550678,episode_end,284.9648843768849,312,0.010000000000000005,-100.0,,,,
550888,episode_end,305.56476989203423,210,0.010000000000000005,-100.0,,,,
551000,train_step,,,0.010000000000000005,-100.0,100000,5.403078556060791,-28.211238861083984,4.373064041137695
551100,episode_end,284.3824402290486,212,0.010000000000000005,-100.0,,,,
551471,episode_end,245.25978795538106,371,0.010000000000000005,-100.0,,,,
551822,episode_end,-24.848261463523016,351,0.010000000000000005,-100.0,,,,
552000,train_step,,,0.010000000000000005,-100.0,100000,4.194931983947754,-30.934812545776367,4.442243576049805
552079,episode_end,286.7623471363187,257,0.010000000000000005,-100.0,,,,
552235,episode_end,18.288498833822587,156,0.010000000000000005,-100.0,,,,
552429,episode_end,288.3056658617872,194,0.010000000000000005,-100.0,,,,
552607,episode_end,178.18533099674588,178,0.010000000000000005,-100.0,,,,
552835,episode_end,167.32493195214198,228,0.010000000000000005,-100.0,,,,
553000,train_step,,,0.010000000000000005,-100.0,100000,3.682201385498047,-34.20457458496094,4.204710960388184
553040,episode_end,298.73916731689906,205,0.010000000000000005,-100.0,,,,
553350,episode_end,262.1535665281649,310,0.010000000000000005,-100.0,,,,
553782,episode_end,243.57070212794915,432,0.010000000000000005,-100.0,,,,
554000,train_step,,,0.010000000000000005,-100.0,100000,4.424951076507568,-32.96930694580078,4.571878433227539
554782,episode_end,17.9278158369453,1000,0.010000000000000005,-100.0,,,,
554964,episode_end,173.33272800221232,182,0.010000000000000005,-100.0,,,,
555000,train_step,,,0.010000000000000005,-100.0,100000,17.214065551757812,-33.45257568359375,4.064314842224121
555140,episode_end,177.3858101702698,176,0.010000000000000005,-100.0,,,,
555448,episode_end,259.8625386290931,308,0.010000000000000005,-100.0,,,,
555649,episode_end,165.2530615256548,201,0.010000000000000005,-100.0,,,,
555840,episode_end,276.2066778010452,191,0.010000000000000005,-100.0,,,,
556000,train_step,,,0.010000000000000005,-100.0,100000,3.067265033721924,-35.34510803222656,3.747337818145752
556004,episode_end,163.91344586916472,164,0.010000000000000005,-100.0,,,,
556233,episode_end,232.289516287634,229,0.010000000000000005,-100.0,,,,
557000,train_step,,,0.010000000000000005,-100.0,100000,4.953814506530762,-35.843997955322266,4.621757984161377
557088,episode_end,210.15655448454697,855,0.010000000000000005,-100.0,,,,
557278,episode_end,290.20298448788475,190,0.010000000000000005,-100.0,,,,
557391,episode_end,-1059.4890120381865,113,0.010000000000000005,-100.0,,,,
557602,episode_end,189.6669991292012,211,0.010000000000000005,-100.0,,,,
557979,episode_end,247.2308341862789,377,0.010000000000000005,-100.0,,,,
558000,train_step,,,0.010000000000000005,-100.0,100000,4.197340965270996,-36.48707962036133,4.948636054992676
558201,episode_end,300.035041753292,222,0.010000000000000005,-100.0,,,,
558541,episode_end,260.3321206852833,340,0.010000000000000005,-100.0,,,,
558779,episode_end,-35.36045288043282,238,0.010000000000000005,-100.0,,,,
559000,train_step,,,0.010000000000000005,-100.0,100000,3.433591842651367,-35.095664978027344,4.415911674499512
559028,episode_end,303.25122572916473,249,0.010000000000000005,-100.0,,,,
559214,episode_end,179.78494934731694,186,0.010000000000000005,-100.0,,,,
559613,episode_end,249.4452443768283,399,0.010000000000000005,-100.0,,,,
559798,episode_end,40.319669315056444,185,0.010000000000000005,-100.0,,,,
560000,train_step,,,0.010000000000000005,-100.0,100000,84.29925537109375,-36.842132568359375,5.466371059417725
560024,episode_end,131.09231409455344,226,0.010000000000000005,-100.0,,,,
560280,episode_end,244.85542783075232,256,0.010000000000000005,-100.0,,,,
560503,episode_end,315.742703272561,223,0.010000000000000005,-100.0,,,,
560793,episode_end,184.2256824607531,290,0.010000000000000005,-100.0,,,,
560995,episode_end,-23.778622954613397,202,0.010000000000000005,-100.0,,,,
561000,train_step,,,0.010000000000000005,-100.0,100000,5.256799221038818,-38.519805908203125,4.445813179016113
561995,episode_end,-47.61058182045883,1000,0.010000000000000005,-100.0,,,,
562000,train_step,,,0.010000000000000005,-100.0,100000,3.15370774269104,-34.607933044433594,3.7294864654541016
562162,episode_end,167.66593768306157,167,0.010000000000000005,-100.0,,,,
562525,episode_end,172.43834797961813,363,0.010000000000000005,-100.0,,,,
562834,episode_end,281.7690714525564,309,0.010000000000000005,-100.0,,,,
563000,train_step,,,0.010000000000000005,-100.0,100000,4.6913557052612305,-39.5764274597168,4.09670352935791
563274,episode_end,219.36822096046427,440,0.010000000000000005,-100.0,,,,
563496,episode_end,-30.077293609752573,222,0.010000000000000005,-100.0,,,,
563696,episode_end,156.19487117713928,200,0.010000000000000005,-100.0,,,,
564000,train_step,,,0.010000000000000005,-100.0,100000,5.825970649719238,-36.85108947753906,4.103886604309082
564236,episode_end,228.7930266245987,540,0.010000000000000005,-100.0,,,,
564468,episode_end,261.3982946403095,232,0.010000000000000005,-100.0,,,,
564701,episode_end,-227.4436680009079,233,0.010000000000000005,-100.0,,,,
564926,episode_end,-108.65160881818954,225,0.010000000000000005,-100.0,,,,
565000,train_step,,,0.010000000000000005,-100.0,100000,4.8347368240356445,-32.89220428466797,4.616630554199219
565248,episode_end,104.27852156236469,322,0.010000000000000005,-100.0,,,,
565545,episode_end,20.76388483036598,297,0.010000000000000005,-100.0,,,,
565814,episode_end,159.01177323256573,269,0.010000000000000005,-100.0,,,,
566000,train_step,,,0.010000000000000005,-100.0,100000,4.561852931976318,-38.52198028564453,4.217222213745117
566037,episode_end,307.13635653681376,223,0.010000000000000005,-100.0,,,,
566249,episode_end,170.9676849234845,212,0.010000000000000005,-100.0,,,,
566592,episode_end,270.8109560230297,343,0.010000000000000005,-100.0,,,,
566837,episode_end,167.81007018815933,245,0.010000000000000005,-100.0,,,,
567000,train_step,,,0.010000000000000005,-100.0,100000,5.800389289855957,-35.41112518310547,3.744277000427246
567455,episode_end,135.85436087630842,618,0.010000000000000005,-100.0,,,,
567692,episode_end,285.32627826742777,237,0.010000000000000005,-100.0,,,,
568000,train_step,,,0.010000000000000005,-100.0,100000,4.06329345703125,-37.79512023925781,3.941070795059204
568235,episode_end,116.41534127745052,543,0.010000000000000005,-100.0,,,,
568985,episode_end,206.5637980754284,750,0.010000000000000005,-100.0,,,,
569000,train_step,,,0.010000000000000005,-100.0,100000,4.856724739074707,-37.24637985229492,4.184223175048828
569722,episode_end,272.0074206418061,737,0.010000000000000005,-100.0,,,,
570000,train_step,,,0.010000000000000005,-100.0,100000,4.026004791259766,-31.23261070251465,4.030139923095703
570015,episode_end,174.58444302698723,293,0.010000000000000005,-100.0,,,,
570259,episode_end,255.8620168758622,244,0.010000000000000005,-100.0,,,,
571000,train_step,,,0.010000000000000005,-100.0,100000,5.697265625,-42.324928283691406,3.9427742958068848
571203,episode_end,14.092925315784413,944,0.010000000000000005,-100.0,,,,
572000,train_step,,,0.010000000000000005,-100.0,100000,15.999096870422363,-36.03191375732422,4.02647590637207
572033,episode_end,151.05744273481187,830,0.010000000000000005,-100.0,,,,
572349,episode_end,272.4449280294674,316,0.010000000000000005,-100.0,,,,
572553,episode_end,173.27139668408154,204,0.010000000000000005,-100.0,,,,
572799,episode_end,239.3535843920145,246,0.010000000000000005,-100.0,,,,
573000,train_step,,,0.010000000000000005,-100.0,100000,128.2747802734375,-34.77980041503906,4.128335952758789
573070,episode_end,246.8622942857837,271,0.010000000000000005,-100.0,,,,
573280,episode_end,274.1647787877073,210,0.010000000000000005,-100.0,,,,
574000,train_step,,,0.010000000000000005,-100.0,100000,16.102834701538086,-34.80234146118164,3.7480320930480957
574280,episode_end,-104.92275528634036,1000,0.010000000000000005,-100.0,,,,
574523,episode_end,166.98253194966114,243,0.010000000000000005,-100.0,,,,
574698,episode_end,291.21852191957873,175,0.010000000000000005,-100.0,,,,
574978,episode_end,298.18190406713273,280,0.010000000000000005,-100.0,,,,
575000,train_step,,,0.010000000000000005,-100.0,100000,4.879446506500244,-34.821510314941406,4.182781219482422
575205,episode_end,273.14443360182713,227,0.010000000000000005,-100.0,,,,
576000,train_step,,,0.010000000000000005,-100.0,100000,29.175262451171875,-35.588043212890625,4.203436374664307
576205,episode_end,-82.09017723051902,1000,0.010000000000000005,-100.0,,,,
576749,episode_end,-65.56304430521429,544,0.010000000000000005,-100.0,,,,
577000,train_step,,,0.010000000000000005,-100.0,100000,4.433100700378418,-36.390830993652344,4.033788681030273
577213,episode_end,-196.16934403397852,464,0.010000000000000005,-100.0,,,,
577417,episode_end,178.35331912357537,204,0.010000000000000005,-100.0,,,,
577723,episode_end,276.56378483659324,306,0.010000000000000005,-100.0,,,,
577957,episode_end,292.2983455031907,234,0.010000000000000005,-100.0,,,,
578000,train_step,,,0.010000000000000005,-100.0,100000,48.98423767089844,-34.41371154785156,4.259753227233887
578248,episode_end,234.5061185327706,291,0.010000000000000005,-100.0,,,,
579000,train_step,,,0.010000000000000005,-100.0,100000,10.651323318481445,-34.91106033325195,3.995436191558838
579248,episode_end,-93.80749257377845,1000,0.010000000000000005,-100.0,,,,
579525,episode_end,261.72270322414545,277,0.010000000000000005,-100.0,,,,
580000,train_step,,,0.010000000000000005,-100.0,100000,6.295366287231445,-35.701080322265625,4.263768672943115
580525,episode_end,-116.93461268271226,1000,0.010000000000000005,-100.0,,,,
580730,episode_end,258.3116426265718,205,0.010000000000000005,-100.0,,,,
580919,episode_end,270.0005747729482,189,0.010000000000000005,-100.0,,,,
581000,train_step,,,0.010000000000000005,-100.0,100000,7.374516487121582,-32.96991729736328,4.186837196350098
581126,episode_end,233.66968666802126,207,0.010000000000000005,-100.0,,,,
582000,train_step,,,0.010000000000000005,-100.0,100000,4.7135539054870605,-35.00075149536133,4.185787677764893
582126,episode_end,-149.25343825989523,1000,0.010000000000000005,-100.0,,,,
583000,train_step,,,0.010000000000000005,-100.0,100000,26.60062026977539,-36.090057373046875,3.7965190410614014
583126,episode_end,-90.84653759651144,1000,0.010000000000000005,-100.0,,,,
583354,episode_end,262.34793716800414,228,0.010000000000000005,-100.0,,,,
583623,episode_end,302.01991208263274,269,0.010000000000000005,-100.0,,,,
583968,episode_end,215.4714940850024,345,0.010000000000000005,-100.0,,,,
584000,train_step,,,0.010000000000000005,-100.0,100000,11.235834121704102,-37.88275909423828,4.076688766479492
584182,episode_end,258.52624225379793,214,0.010000000000000005,-100.0,,,,
584607,episode_end,194.0113939390447,425,0.010000000000000005,-100.0,,,,
584984,episode_end,153.86998794793072,377,0.010000000000000005,-100.0,,,,
585000,train_step,,,0.010000000000000005,-100.0,100000,4.412748336791992,-32.8426513671875,4.386661529541016
585360,episode_end,226.43320895488176,376,0.010000000000000005,-100.0,,,,
585607,episode_end,244.72664470374,247,0.010000000000000005,-100.0,,,,
585788,episode_end,274.6283382180138,181,0.010000000000000005,-100.0,,,,
586000,train_step,,,0.010000000000000005,-100.0,100000,6.756053924560547,-34.72984313964844,4.374537467956543
586012,episode_end,278.0758110655818,224,0.010000000000000005,-100.0,,,,
587000,train_step,,,0.010000000000000005,-100.0,100000,29.60469627380371,-35.6496696472168,4.443281173706055
587012,episode_end,-77.29300038723338,1000,0.010000000000000005,-100.0,,,,
587201,episode_end,161.48245041852863,189,0.010000000000000005,-100.0,,,,
587413,episode_end,308.9410417079404,212,0.010000000000000005,-100.0,,,,
587653,episode_end,287.08103565715044,240,0.010000000000000005,-100.0,,,,
588000,train_step,,,0.010000000000000005,-100.0,100000,10.393684387207031,-38.968788146972656,5.065255641937256
588653,episode_end,-55.69473625472285,1000,0.010000000000000005,-100.0,,,,
588833,episode_end,265.95861273352534,180,0.010000000000000005,-100.0,,,,
589000,train_step,,,0.010000000000000005,-100.0,100000,13.247421264648438,-38.319496154785156,4.48123025894165
589074,episode_end,273.7865734569033,241,0.010000000000000005,-100.0,,,,
589431,episode_end,201.7215167507726,357,0.010000000000000005,-100.0,,,,
589727,episode_end,230.0520382235327,296,0.010000000000000005,-100.0,,,,
590000,train_step,,,0.010000000000000005,-100.0,100000,4.543355941772461,-36.34635543823242,4.398916721343994
590727,episode_end,159.44064060862553,1000,0.010000000000000005,-100.0,,,,
591000,train_step,,,0.010000000000000005,-100.0,100000,7.200199127197266,-35.00468063354492,4.4528584480285645
591060,episode_end,274.0336222008066,333,0.010000000000000005,-100.0,,,,
591244,episode_end,300.98201059087387,184,0.010000000000000005,-100.0,,,,
591463,episode_end,280.4992247128856,219,0.010000000000000005,-100.0,,,,
591872,episode_end,269.11187360647307,409,0.010000000000000005,-100.0,,,,
592000,train_step,,,0.010000000000000005,-100.0,100000,8.449334144592285,-41.32098388671875,4.987310886383057
592123,episode_end,257.2040351135771,251,0.010000000000000005,-100.0,,,,
592484,episode_end,164.59526824067586,361,0.010000000000000005,-100.0,,,,
592852,episode_end,210.78090417956494,368,0.010000000000000005,-100.0,,,,
593000,train_step,,,0.010000000000000005,-100.0,100000,26.211254119873047,-40.31367492675781,5.0050950050354
593202,episode_end,281.5437674005318,350,0.010000000000000005,-100.0,,,,
593480,episode_end,274.9536184671255,278,0.010000000000000005,-100.0,,,,
593782,episode_end,261.12967128516055,302,0.010000000000000005,-100.0,,,,
594000,train_step,,,0.010000000000000005,-100.0,100000,6.810702800750732,-38.5960693359375,4.608574867248535
594084,episode_end,278.1283664516741,302,0.010000000000000005,-100.0,,,,
594369,episode_end,287.5648614005926,285,0.010000000000000005,-100.0,,,,
594792,episode_end,133.19311288459312,423,0.010000000000000005,-100.0,,,,
595000,train_step,,,0.010000000000000005,-100.0,100000,5.542019367218018,-36.63533020019531,4.372048377990723
595043,episode_end,140.61044217919323,251,0.010000000000000005,-100.0,,,,
595291,episode_end,287.6539741518742,248,0.010000000000000005,-100.0,,,,
596000,train_step,,,0.010000000000000005,-100.0,100000,8.14970588684082,-40.41600799560547,4.572501182556152
596291,episode_end,143.71097565445731,1000,0.010000000000000005,-100.0,,,,
596522,episode_end,269.6018294657889,231,0.010000000000000005,-100.0,,,,
596764,episode_end,294.6517315555314,242,0.010000000000000005,-100.0,,,,
597000,train_step,,,0.010000000000000005,-100.0,100000,14.722078323364258,-38.35506820678711,4.998953342437744
597110,episode_end,232.3129917232434,346,0.010000000000000005,-100.0,,,,
597422,episode_end,145.1697493357064,312,0.010000000000000005,-100.0,,,,
597712,episode_end,285.23125249159676,290,0.010000000000000005,-100.0,,,,
598000,train_step,,,0.010000000000000005,-100.0,100000,4.3165483474731445,-42.45452117919922,4.30729341506958
598033,episode_end,307.2892906716356,321,0.010000000000000005,-100.0,,,,
598243,episode_end,294.97482080236443,210,0.010000000000000005,-100.0,,,,
598546,episode_end,134.44161435911965,303,0.010000000000000005,-100.0,,,,
598814,episode_end,163.91191114004766,268,0.010000000000000005,-100.0,,,,
599000,train_step,,,0.010000000000000005,-100.0,100000,9.602396011352539,-39.94744110107422,5.112804412841797
599173,episode_end,255.9765147156349,359,0.010000000000000005,-100.0,,,,
599476,episode_end,248.6526338247954,303,0.010000000000000005,-100.0,,,,
599806,episode_end,139.98943800994357,330,0.010000000000000005,-100.0,,,,
600000,train_step,,,0.010000000000000005,-100.0,100000,8.837053298950195,-48.5899772644043,4.702457427978516
