global_step,event,episode_return,episode_length,alpha,hover_reward_value,replay_size,critic_loss,actor_loss,logp
197,episode_end,-64.66931298715913,197,0.010000000000000005,200.0,,,,
331,episode_end,-555.2481089572182,134,0.010000000000000005,200.0,,,,
406,episode_end,189.98736800553985,75,0.010000000000000005,200.0,,,,
485,episode_end,168.30791518051564,79,0.010000000000000005,200.0,,,,
631,episode_end,145.97351962208683,146,0.010000000000000005,200.0,,,,
720,episode_end,-161.2342834318732,89,0.010000000000000005,200.0,,,,
863,episode_end,-75.81700894902919,143,0.010000000000000005,200.0,,,,
949,episode_end,-147.7752201567027,86,0.010000000000000005,200.0,,,,
1000,train_step,,,0.010000000000000005,200.0,1000,,,
1044,episode_end,-223.1938084286894,95,0.010000000000000005,200.0,,,,
1164,episode_end,-144.60402005562128,120,0.010000000000000005,200.0,,,,
1258,episode_end,-339.19639933470427,94,0.010000000000000005,200.0,,,,
1349,episode_end,-239.49290151721118,91,0.010000000000000005,200.0,,,,
1448,episode_end,-297.0518786771555,99,0.010000000000000005,200.0,,,,
1546,episode_end,-327.2814694659219,98,0.010000000000000005,200.0,,,,
1608,episode_end,-176.7995799184576,62,0.010000000000000005,200.0,,,,
1697,episode_end,-213.44438478687016,89,0.010000000000000005,200.0,,,,
1770,episode_end,-105.04449199425865,73,0.010000000000000005,200.0,,,,
1886,episode_end,-334.0875908153444,116,0.010000000000000005,200.0,,,,
1975,episode_end,-351.80195861060685,89,0.010000000000000005,200.0,,,,
2000,train_step,,,0.010000000000000005,200.0,2000,,,
2096,episode_end,-137.70827520192287,121,0.010000000000000005,200.0,,,,
2205,episode_end,-343.6308966521162,109,0.010000000000000005,200.0,,,,
2302,episode_end,-132.69196379916224,97,0.010000000000000005,200.0,,,,
2401,episode_end,-308.14040292009327,99,0.010000000000000005,200.0,,,,
2488,episode_end,-297.1643919447704,87,0.010000000000000005,200.0,,,,
2691,episode_end,-103.61974069291885,203,0.010000000000000005,200.0,,,,
2786,episode_end,28.37090753836611,95,0.010000000000000005,200.0,,,,
2885,episode_end,-418.0262722408294,99,0.010000000000000005,200.0,,,,
3000,train_step,,,0.010000000000000005,200.0,3000,,,
3009,episode_end,-201.63166240051868,124,0.010000000000000005,200.0,,,,
3093,episode_end,139.15066607415025,84,0.010000000000000005,200.0,,,,
3186,episode_end,-257.1063440795584,93,0.010000000000000005,200.0,,,,
3299,episode_end,-375.86634199773096,113,0.010000000000000005,200.0,,,,
3447,episode_end,-276.1306526390532,148,0.010000000000000005,200.0,,,,
3579,episode_end,-258.86026814634226,132,0.010000000000000005,200.0,,,,
3689,episode_end,-243.02979358557286,110,0.010000000000000005,200.0,,,,
3770,episode_end,-199.7039441900153,81,0.010000000000000005,200.0,,,,
3898,episode_end,-297.83168470659916,128,0.010000000000000005,200.0,,,,
4000,train_step,,,0.010000000000000005,200.0,4000,,,
4004,episode_end,-363.4095814686413,106,0.010000000000000005,200.0,,,,
4103,episode_end,-285.73930138658085,99,0.010000000000000005,200.0,,,,
4190,episode_end,-329.91807918568026,87,0.010000000000000005,200.0,,,,
4345,episode_end,-128.34948680264412,155,0.010000000000000005,200.0,,,,
4453,episode_end,-183.71082225609595,108,0.010000000000000005,200.0,,,,
4525,episode_end,-78.90751157420958,72,0.010000000000000005,200.0,,,,
4630,episode_end,-154.216383237873,105,0.010000000000000005,200.0,,,,
4763,episode_end,-66.45950317904281,133,0.010000000000000005,200.0,,,,
4867,episode_end,-182.6190857666005,104,0.010000000000000005,200.0,,,,
4964,episode_end,-340.2720925658954,97,0.010000000000000005,200.0,,,,
5000,train_step,,,0.010000000000000005,200.0,5000,,,
5076,episode_end,-373.86647310117183,112,0.010000000000000005,200.0,,,,
5165,episode_end,-431.50704105764777,89,0.010000000000000005,200.0,,,,
5300,episode_end,-427.78485077360057,135,0.010000000000000005,200.0,,,,
5395,episode_end,-247.46543524807862,95,0.010000000000000005,200.0,,,,
5488,episode_end,54.60966426748803,93,0.010000000000000005,200.0,,,,
5622,episode_end,-148.61123234573654,134,0.010000000000000005,200.0,,,,
5704,episode_end,-435.5774249005696,82,0.010000000000000005,200.0,,,,
5804,episode_end,-63.22111822141525,100,0.010000000000000005,200.0,,,,
5890,episode_end,-161.68120870550752,86,0.010000000000000005,200.0,,,,
6000,train_step,,,0.010000000000000005,200.0,6000,,,
6052,episode_end,106.80343143923335,162,0.010000000000000005,200.0,,,,
6247,episode_end,-272.41365753009546,195,0.010000000000000005,200.0,,,,
6348,episode_end,-396.5350536751933,101,0.010000000000000005,200.0,,,,
6431,episode_end,-170.18201028414515,83,0.010000000000000005,200.0,,,,
6584,episode_end,-320.347086197422,153,0.010000000000000005,200.0,,,,
6675,episode_end,-269.7095012969136,91,0.010000000000000005,200.0,,,,
6802,episode_end,-209.41834182624768,127,0.010000000000000005,200.0,,,,
6924,episode_end,-374.289131121677,122,0.010000000000000005,200.0,,,,
6997,episode_end,-64.7411239924351,73,0.010000000000000005,200.0,,,,
7000,train_step,,,0.010000000000000005,200.0,7000,,,
7085,episode_end,152.72600924092865,88,0.010000000000000005,200.0,,,,
7171,episode_end,-325.7438250079942,86,0.010000000000000005,200.0,,,,
7256,episode_end,-57.1646797049602,85,0.010000000000000005,200.0,,,,
7398,episode_end,-112.3379883154578,142,0.010000000000000005,200.0,,,,
7486,episode_end,-228.03967323703185,88,0.010000000000000005,200.0,,,,
7567,episode_end,-268.30131439272856,81,0.010000000000000005,200.0,,,,
7697,episode_end,-218.2202305903368,130,0.010000000000000005,200.0,,,,
7778,episode_end,143.18628697041493,81,0.010000000000000005,200.0,,,,
7901,episode_end,-188.85973385781716,123,0.010000000000000005,200.0,,,,
7983,episode_end,-175.22609855734476,82,0.010000000000000005,200.0,,,,
8000,train_step,,,0.010000000000000005,200.0,8000,,,
8149,episode_end,-359.2145693681024,166,0.010000000000000005,200.0,,,,
8308,episode_end,-346.8315634231832,159,0.010000000000000005,200.0,,,,
8422,episode_end,-64.90414533586744,114,0.010000000000000005,200.0,,,,
8547,episode_end,-173.1250977247504,125,0.010000000000000005,200.0,,,,
8694,episode_end,-170.71891051684423,147,0.010000000000000005,200.0,,,,
8867,episode_end,-229.20693909887225,173,0.010000000000000005,200.0,,,,
8956,episode_end,-99.4853774360847,89,0.010000000000000005,200.0,,,,
9000,train_step,,,0.010000000000000005,200.0,9000,,,
9056,episode_end,-158.57485130182684,100,0.010000000000000005,200.0,,,,
9122,episode_end,-74.20951007809632,66,0.010000000000000005,200.0,,,,
9232,episode_end,-219.3915570900823,110,0.010000000000000005,200.0,,,,
9316,episode_end,-40.47922746697484,84,0.010000000000000005,200.0,,,,
9416,episode_end,72.73771249188982,100,0.010000000000000005,200.0,,,,
9505,episode_end,-387.9197108898359,89,0.010000000000000005,200.0,,,,
9648,episode_end,-151.15628514212295,143,0.010000000000000005,200.0,,,,
9743,episode_end,125.19329806187321,95,0.010000000000000005,200.0,,,,
9857,episode_end,-275.00552045804017,114,0.010000000000000005,200.0,,,,
9973,episode_end,-199.02919673582068,116,0.010000000000000005,200.0,,,,
10000,train_step,,,0.010000000000000005,200.0,10000,12.872093200683594,0.09187500178813934,-1.3137506246566772
10124,episode_end,-186.69070144660583,151,0.010000000000000005,200.0,,,,
10246,episode_end,-272.220840666399,122,0.010000000000000005,200.0,,,,
10500,episode_end,-350.78086108286834,254,0.010000000000000005,200.0,,,,
10679,episode_end,-193.64578923147155,179,0.010000000000000005,200.0,,,,
10914,episode_end,-38.37788481258314,235,0.010000000000000005,200.0,,,,
11000,train_step,,,0.010000000000000005,200.0,11000,761.215576171875,5.063645362854004,4.17194938659668
11117,episode_end,-74.52994607268877,203,0.010000000000000005,200.0,,,,
11304,episode_end,-274.77078865557763,187,0.010000000000000005,200.0,,,,
11620,episode_end,-123.43605489932767,316,0.010000000000000005,200.0,,,,
11702,episode_end,-365.08723877474085,82,0.010000000000000005,200.0,,,,
11900,episode_end,-378.4987869086504,198,0.010000000000000005,200.0,,,,
11981,episode_end,-447.91264775051866,81,0.010000000000000005,200.0,,,,
12000,train_step,,,0.010000000000000005,200.0,12000,33.67833709716797,6.0759758949279785,5.277992248535156
12567,episode_end,-102.03908340801078,586,0.010000000000000005,200.0,,,,
12793,episode_end,250.46108293491693,226,0.010000000000000005,200.0,,,,
13000,train_step,,,0.010000000000000005,200.0,13000,318.21099853515625,2.359260082244873,5.957075119018555
13793,episode_end,-104.0983515633849,1000,0.010000000000000005,200.0,,,,
14000,train_step,,,0.010000000000000005,200.0,14000,15.217379570007324,3.8297040462493896,5.564981460571289
14793,episode_end,-87.31387479199563,1000,0.010000000000000005,200.0,,,,
14990,episode_end,205.26837145440442,197,0.010000000000000005,200.0,,,,
15000,train_step,,,0.010000000000000005,200.0,15000,6.493032455444336,0.15238237380981445,5.454807281494141
15470,episode_end,-102.20898982331568,480,0.010000000000000005,200.0,,,,
15612,episode_end,20.30673490320521,142,0.010000000000000005,200.0,,,,
15749,episode_end,192.32476193779644,137,0.010000000000000005,200.0,,,,
15946,episode_end,-37.011612583409814,197,0.010000000000000005,200.0,,,,
16000,train_step,,,0.010000000000000005,200.0,16000,30.662084579467773,-0.19260266423225403,5.586264610290527
16946,episode_end,-149.2973740710626,1000,0.010000000000000005,200.0,,,,
17000,train_step,,,0.010000000000000005,200.0,17000,34.04011535644531,-6.8434672355651855,6.379565238952637
17068,episode_end,-29.253651034751428,122,0.010000000000000005,200.0,,,,
17154,episode_end,-54.502048775734224,86,0.010000000000000005,200.0,,,,
17263,episode_end,147.61392257990195,109,0.010000000000000005,200.0,,,,
17379,episode_end,-43.05317888486338,116,0.010000000000000005,200.0,,,,
17493,episode_end,210.00637618492084,114,0.010000000000000005,200.0,,,,
17591,episode_end,182.51207011642805,98,0.010000000000000005,200.0,,,,
17892,episode_end,-179.2805367270719,301,0.010000000000000005,200.0,,,,
18000,train_step,,,0.010000000000000005,200.0,18000,29.005802154541016,-7.516639709472656,5.9945478439331055
18019,episode_end,15.400019186370159,127,0.010000000000000005,200.0,,,,
18126,episode_end,211.52335884621846,107,0.010000000000000005,200.0,,,,
18226,episode_end,6.159534146975645,100,0.010000000000000005,200.0,,,,
18349,episode_end,20.639888453179054,123,0.010000000000000005,200.0,,,,
18436,episode_end,-76.76935448223816,87,0.010000000000000005,200.0,,,,
18541,episode_end,-10.45832029241815,105,0.010000000000000005,200.0,,,,
18666,episode_end,-21.73840529770075,125,0.010000000000000005,200.0,,,,
18765,episode_end,-44.901857615158605,99,0.010000000000000005,200.0,,,,
18859,episode_end,-61.250080974903845,94,0.010000000000000005,200.0,,,,
18978,episode_end,-60.992312060968835,119,0.010000000000000005,200.0,,,,
19000,train_step,,,0.010000000000000005,200.0,19000,52.53641128540039,-6.740339756011963,5.990988254547119
19048,episode_end,-33.01680492797307,70,0.010000000000000005,200.0,,,,
19155,episode_end,-62.7156991157658,107,0.010000000000000005,200.0,,,,
19250,episode_end,-20.65933549610071,95,0.010000000000000005,200.0,,,,
19363,episode_end,9.71192089874134,113,0.010000000000000005,200.0,,,,
19450,episode_end,-88.36448018096843,87,0.010000000000000005,200.0,,,,
19534,episode_end,-35.80933161219319,84,0.010000000000000005,200.0,,,,
19634,episode_end,-17.573218964005335,100,0.010000000000000005,200.0,,,,
19724,episode_end,241.18354386160632,90,0.010000000000000005,200.0,,,,
19813,episode_end,-44.36004935943997,89,0.010000000000000005,200.0,,,,
19924,episode_end,7.6155641745983615,111,0.010000000000000005,200.0,,,,
20000,train_step,,,0.010000000000000005,200.0,20000,75.53060150146484,-9.92829704284668,6.384727478027344
20218,episode_end,111.41994655928326,294,0.010000000000000005,200.0,,,,
20320,episode_end,-55.89558153744093,102,0.010000000000000005,200.0,,,,
20409,episode_end,176.16758259120627,89,0.010000000000000005,200.0,,,,
20500,episode_end,-63.77129465181129,91,0.010000000000000005,200.0,,,,
20598,episode_end,-8.934964798718042,98,0.010000000000000005,200.0,,,,
21000,train_step,,,0.010000000000000005,200.0,21000,573.8123779296875,-15.423075675964355,6.50787353515625
21598,episode_end,207.49836778347301,1000,0.010000000000000005,200.0,,,,
21686,episode_end,-78.05105472736322,88,0.010000000000000005,200.0,,,,
22000,train_step,,,0.010000000000000005,200.0,22000,32.564117431640625,-17.445880889892578,5.779267311096191
22606,episode_end,-178.40566117277567,920,0.010000000000000005,200.0,,,,
22716,episode_end,17.148832906792634,110,0.010000000000000005,200.0,,,,
23000,train_step,,,0.010000000000000005,200.0,23000,20.35348892211914,-15.607439041137695,5.824324607849121
23603,episode_end,42.29959203066764,887,0.010000000000000005,200.0,,,,
24000,train_step,,,0.010000000000000005,200.0,24000,16.127235412597656,-26.86288833618164,5.67500638961792
24065,episode_end,-152.37174562748868,462,0.010000000000000005,200.0,,,,
24178,episode_end,31.855245177764516,113,0.010000000000000005,200.0,,,,
24644,episode_end,-256.0217481969119,466,0.010000000000000005,200.0,,,,
25000,train_step,,,0.010000000000000005,200.0,25000,43.59227752685547,-20.042903900146484,6.133411884307861
25644,episode_end,-114.75671983732482,1000,0.010000000000000005,200.0,,,,
25906,episode_end,47.76713477434879,262,0.010000000000000005,200.0,,,,
26000,train_step,,,0.010000000000000005,200.0,26000,297.98516845703125,-28.27362823486328,6.047976493835449
26353,episode_end,-716.605277208101,447,0.010000000000000005,200.0,,,,
26546,episode_end,-25.19947377051136,193,0.010000000000000005,200.0,,,,
26820,episode_end,-174.46085969769493,274,0.010000000000000005,200.0,,,,
27000,train_step,,,0.010000000000000005,200.0,27000,34.05564498901367,-15.971330642700195,5.952876091003418
27285,episode_end,-58.50946549500927,465,0.010000000000000005,200.0,,,,
28000,train_step,,,0.010000000000000005,200.0,28000,42.414649963378906,-25.70555305480957,6.430612564086914
28285,episode_end,-72.67471403659171,1000,0.010000000000000005,200.0,,,,
29000,train_step,,,0.010000000000000005,200.0,29000,24.159780502319336,-37.281646728515625,6.522159099578857
29285,episode_end,-24.886746015074745,1000,0.010000000000000005,200.0,,,,
29644,episode_end,7.535360674540456,359,0.010000000000000005,200.0,,,,
30000,train_step,,,0.010000000000000005,200.0,30000,30.932693481445312,-37.091461181640625,6.3031463623046875
30644,episode_end,-51.216019465133535,1000,0.010000000000000005,200.0,,,,
31000,train_step,,,0.010000000000000005,200.0,31000,19.638763427734375,-36.50782012939453,6.743527412414551
31554,episode_end,124.74447926079227,910,0.010000000000000005,200.0,,,,
31663,episode_end,34.51667638856344,109,0.010000000000000005,200.0,,,,
32000,train_step,,,0.010000000000000005,200.0,32000,321.70819091796875,-35.63603210449219,6.4003190994262695
32663,episode_end,-37.50149231358497,1000,0.010000000000000005,200.0,,,,
33000,train_step,,,0.010000000000000005,200.0,33000,33.59051513671875,-39.926055908203125,7.044916152954102
33663,episode_end,181.88845650232392,1000,0.010000000000000005,200.0,,,,
34000,train_step,,,0.010000000000000005,200.0,34000,14.460036277770996,-38.14757537841797,7.15639066696167
34663,episode_end,-109.93757719655716,1000,0.010000000000000005,200.0,,,,
35000,train_step,,,0.010000000000000005,200.0,35000,16.4439754486084,-28.14639663696289,6.854025840759277
35445,episode_end,-17.14800539367792,782,0.010000000000000005,200.0,,,,
36000,train_step,,,0.010000000000000005,200.0,36000,30.616863250732422,-41.91981506347656,7.1949310302734375
36090,episode_end,-278.22597869487447,645,0.010000000000000005,200.0,,,,
37000,train_step,,,0.010000000000000005,200.0,37000,10.788314819335938,-40.72803497314453,6.83268928527832
37090,episode_end,161.5879630713622,1000,0.010000000000000005,200.0,,,,
37593,episode_end,-322.4651305449771,503,0.010000000000000005,200.0,,,,
38000,train_step,,,0.010000000000000005,200.0,38000,180.7609405517578,-30.896236419677734,6.365022659301758
38593,episode_end,132.21024160636262,1000,0.010000000000000005,200.0,,,,
39000,train_step,,,0.010000000000000005,200.0,39000,23.354694366455078,-44.207794189453125,7.294812202453613
39593,episode_end,185.58143614405432,1000,0.010000000000000005,200.0,,,,
40000,train_step,,,0.010000000000000005,200.0,40000,28.643226623535156,-41.70566177368164,7.113461017608643
40593,episode_end,-49.9914174100816,1000,0.010000000000000005,200.0,,,,
41000,train_step,,,0.010000000000000005,200.0,41000,32.851097106933594,-42.55983352661133,6.840273857116699
41593,episode_end,207.33455441510085,1000,0.010000000000000005,200.0,,,,
42000,train_step,,,0.010000000000000005,200.0,42000,26.157678604125977,-49.924560546875,6.139693260192871
42593,episode_end,188.07485520355752,1000,0.010000000000000005,200.0,,,,
43000,train_step,,,0.010000000000000005,200.0,43000,20.361896514892578,-45.225372314453125,6.325567245483398
43593,episode_end,106.8970366770251,1000,0.010000000000000005,200.0,,,,
44000,train_step,,,0.010000000000000005,200.0,44000,85.06855773925781,-49.98504638671875,6.9784932136535645
44593,episode_end,117.33531104745923,1000,0.010000000000000005,200.0,,,,
45000,train_step,,,0.010000000000000005,200.0,45000,30.79576873779297,-50.61554718017578,6.78623104095459
45593,episode_end,124.05206679956778,1000,0.010000000000000005,200.0,,,,
46000,train_step,,,0.010000000000000005,200.0,46000,310.72930908203125,-61.18605422973633,7.440335750579834
46593,episode_end,172.93119137632772,1000,0.010000000000000005,200.0,,,,
47000,train_step,,,0.010000000000000005,200.0,47000,20.10909652709961,-62.51682662963867,6.944451332092285
47593,episode_end,148.04662340894694,1000,0.010000000000000005,200.0,,,,
48000,train_step,,,0.010000000000000005,200.0,48000,32.942039489746094,-60.71553039550781,7.134539604187012
48593,episode_end,223.50148158876547,1000,0.010000000000000005,200.0,,,,
49000,train_step,,,0.010000000000000005,200.0,49000,18.024824142456055,-63.04859161376953,6.775234222412109
49593,episode_end,161.38979315174657,1000,0.010000000000000005,200.0,,,,
50000,train_step,,,0.010000000000000005,200.0,50000,14.512385368347168,-64.37164306640625,6.905555725097656
50593,episode_end,126.77315488639792,1000,0.010000000000000005,200.0,,,,
51000,train_step,,,0.010000000000000005,200.0,51000,46.33932113647461,-70.32954406738281,7.615902900695801
51593,episode_end,164.3894752901249,1000,0.010000000000000005,200.0,,,,
52000,train_step,,,0.010000000000000005,200.0,52000,216.96560668945312,-69.43583679199219,7.025838851928711
52593,episode_end,139.58699191463612,1000,0.010000000000000005,200.0,,,,
53000,train_step,,,0.010000000000000005,200.0,53000,33.050254821777344,-76.06124877929688,7.234864234924316
53593,episode_end,88.09965760242076,1000,0.010000000000000005,200.0,,,,
54000,train_step,,,0.010000000000000005,200.0,54000,15.066376686096191,-83.20191955566406,6.923872470855713
54593,episode_end,113.16933284586014,1000,0.010000000000000005,200.0,,,,
55000,train_step,,,0.010000000000000005,200.0,55000,444.6727294921875,-90.17225646972656,7.334955215454102
55593,episode_end,134.8329293836661,1000,0.010000000000000005,200.0,,,,
56000,train_step,,,0.010000000000000005,200.0,56000,26.516141891479492,-88.564453125,7.27414608001709
56593,episode_end,162.57475116484449,1000,0.010000000000000005,200.0,,,,
57000,train_step,,,0.010000000000000005,200.0,57000,663.1774291992188,-87.03668975830078,7.262119770050049
57593,episode_end,146.59954282567665,1000,0.010000000000000005,200.0,,,,
58000,train_step,,,0.010000000000000005,200.0,58000,864.8995361328125,-84.6357421875,7.307611465454102
58593,episode_end,114.2417364590096,1000,0.010000000000000005,200.0,,,,
59000,train_step,,,0.010000000000000005,200.0,59000,333.06842041015625,-85.45063781738281,6.907052040100098
59593,episode_end,176.17786012425327,1000,0.010000000000000005,200.0,,,,
60000,train_step,,,0.010000000000000005,200.0,60000,23.267478942871094,-83.19580078125,7.023099899291992
60593,episode_end,147.90124735775626,1000,0.010000000000000005,200.0,,,,
61000,train_step,,,0.010000000000000005,200.0,61000,148.84068298339844,-104.70742797851562,7.423827171325684
61593,episode_end,134.89087125420957,1000,0.010000000000000005,200.0,,,,
62000,train_step,,,0.010000000000000005,200.0,62000,40.25066375732422,-90.80470275878906,6.7259721755981445
62593,episode_end,108.78691588557479,1000,0.010000000000000005,200.0,,,,
63000,train_step,,,0.010000000000000005,200.0,63000,22.025293350219727,-99.57568359375,7.737794399261475
63593,episode_end,155.25837946900938,1000,0.010000000000000005,200.0,,,,
64000,train_step,,,0.010000000000000005,200.0,64000,41.135215759277344,-106.02977752685547,6.702945709228516
64593,episode_end,158.95603676588962,1000,0.010000000000000005,200.0,,,,
65000,train_step,,,0.010000000000000005,200.0,65000,41.353675842285156,-94.31748962402344,6.458061218261719
65593,episode_end,149.90413739541071,1000,0.010000000000000005,200.0,,,,
66000,train_step,,,0.010000000000000005,200.0,66000,23.925168991088867,-94.52427673339844,7.562572479248047
66593,episode_end,0.3680656586428631,1000,0.010000000000000005,200.0,,,,
66710,episode_end,-272.828536116956,117,0.010000000000000005,200.0,,,,
67000,train_step,,,0.010000000000000005,200.0,67000,26.260778427124023,-95.4045181274414,7.159998416900635
67710,episode_end,108.20465987558372,1000,0.010000000000000005,200.0,,,,
67950,episode_end,-532.1266280698616,240,0.010000000000000005,200.0,,,,
68000,train_step,,,0.010000000000000005,200.0,68000,27.611289978027344,-92.4253921508789,7.747374534606934
68094,episode_end,210.18060281965086,144,0.010000000000000005,200.0,,,,
69000,train_step,,,0.010000000000000005,200.0,69000,276.997314453125,-93.69617462158203,10.377325057983398
69094,episode_end,169.14870124691225,1000,0.010000000000000005,200.0,,,,
69338,episode_end,-191.17748396832215,244,0.010000000000000005,200.0,,,,
70000,train_step,,,0.010000000000000005,200.0,70000,44.49973678588867,-95.37843322753906,9.360776901245117
70338,episode_end,108.73994386121886,1000,0.010000000000000005,200.0,,,,
71000,train_step,,,0.010000000000000005,200.0,71000,240.94827270507812,-102.53856658935547,8.46502685546875
71338,episode_end,111.80473653908284,1000,0.010000000000000005,200.0,,,,
71460,episode_end,-68.20786975998243,122,0.010000000000000005,200.0,,,,
71589,episode_end,62.37621645454601,129,0.010000000000000005,200.0,,,,
71760,episode_end,52.39000259449068,171,0.010000000000000005,200.0,,,,
72000,train_step,,,0.010000000000000005,200.0,72000,19.489681243896484,-94.62973022460938,8.653913497924805
72760,episode_end,143.41428692215757,1000,0.010000000000000005,200.0,,,,
73000,train_step,,,0.010000000000000005,200.0,73000,20.432477951049805,-106.21748352050781,8.269060134887695
73760,episode_end,132.31387877081835,1000,0.010000000000000005,200.0,,,,
74000,train_step,,,0.010000000000000005,200.0,74000,66.79252624511719,-100.11312866210938,8.291962623596191
74760,episode_end,183.46175570084117,1000,0.010000000000000005,200.0,,,,
75000,train_step,,,0.010000000000000005,200.0,75000,46.935787200927734,-92.03970336914062,7.561095237731934
75040,episode_end,-212.79483173657437,280,0.010000000000000005,200.0,,,,
75645,episode_end,-58.482590742142065,605,0.010000000000000005,200.0,,,,
75882,episode_end,53.37011426117985,237,0.010000000000000005,200.0,,,,
76000,train_step,,,0.010000000000000005,200.0,76000,27.322038650512695,-98.53604125976562,6.78270149230957
76882,episode_end,167.2975264025033,1000,0.010000000000000005,200.0,,,,
76941,episode_end,-15.117839058056845,59,0.010000000000000005,200.0,,,,
77000,train_step,,,0.010000000000000005,200.0,77000,20.86374282836914,-98.07892608642578,6.828619003295898
77080,episode_end,184.08805176019195,139,0.010000000000000005,200.0,,,,
78000,train_step,,,0.010000000000000005,200.0,78000,38.746490478515625,-89.63172912597656,7.2645344734191895
78080,episode_end,124.4205643238265,1000,0.010000000000000005,200.0,,,,
79000,train_step,,,0.010000000000000005,200.0,79000,18.93235206604004,-97.3690185546875,6.4572038650512695
79080,episode_end,115.86835059653006,1000,0.010000000000000005,200.0,,,,
80000,train_step,,,0.010000000000000005,200.0,80000,26.27281951904297,-90.34162139892578,7.365083694458008
80080,episode_end,153.38470285330794,1000,0.010000000000000005,200.0,,,,
81000,train_step,,,0.010000000000000005,200.0,81000,335.343505859375,-98.83529663085938,7.272768974304199
81080,episode_end,108.04730144219367,1000,0.010000000000000005,200.0,,,,
82000,train_step,,,0.010000000000000005,200.0,82000,38.571311950683594,-98.26847076416016,7.175567626953125
82080,episode_end,129.36363742517128,1000,0.010000000000000005,200.0,,,,
83000,train_step,,,0.010000000000000005,200.0,83000,37.296180725097656,-88.68119812011719,6.974844932556152
83080,episode_end,136.70121434197702,1000,0.010000000000000005,200.0,,,,
83592,episode_end,-158.66092452946327,512,0.010000000000000005,200.0,,,,
83653,episode_end,-48.488121282596836,61,0.010000000000000005,200.0,,,,
84000,train_step,,,0.010000000000000005,200.0,84000,43.84817123413086,-84.23001861572266,6.15036678314209
84653,episode_end,141.1017419707266,1000,0.010000000000000005,200.0,,,,
85000,train_step,,,0.010000000000000005,200.0,85000,21.790874481201172,-88.64973449707031,5.895660400390625
85653,episode_end,160.24264096344692,1000,0.010000000000000005,200.0,,,,
86000,train_step,,,0.010000000000000005,200.0,86000,21.915088653564453,-90.60554504394531,5.462326526641846
86653,episode_end,155.21518403513963,1000,0.010000000000000005,200.0,,,,
87000,train_step,,,0.010000000000000005,200.0,87000,38.913719177246094,-81.60086059570312,6.130505561828613
87653,episode_end,145.7233026336758,1000,0.010000000000000005,200.0,,,,
88000,train_step,,,0.010000000000000005,200.0,88000,19.97513198852539,-94.72515869140625,5.947468280792236
88653,episode_end,147.5824345657619,1000,0.010000000000000005,200.0,,,,
89000,train_step,,,0.010000000000000005,200.0,89000,21.248695373535156,-97.45269012451172,6.480172157287598
89653,episode_end,95.99198466342177,1000,0.010000000000000005,200.0,,,,
89781,episode_end,204.2193483787911,128,0.010000000000000005,200.0,,,,
90000,train_step,,,0.010000000000000005,200.0,90000,47.84001541137695,-83.3218765258789,6.2956862449646
90781,episode_end,127.47580664771569,1000,0.010000000000000005,200.0,,,,
91000,train_step,,,0.010000000000000005,200.0,91000,29.568248748779297,-82.4576416015625,5.802666664123535
91781,episode_end,135.91864282948916,1000,0.010000000000000005,200.0,,,,
92000,train_step,,,0.010000000000000005,200.0,92000,286.9728698730469,-91.90931701660156,5.781257629394531
92781,episode_end,120.99505813189677,1000,0.010000000000000005,200.0,,,,
93000,train_step,,,0.010000000000000005,200.0,93000,14.854887008666992,-80.65445709228516,6.5953216552734375
93781,episode_end,120.23418121117831,1000,0.010000000000000005,200.0,,,,
94000,train_step,,,0.010000000000000005,200.0,94000,33.19684982299805,-82.10427856445312,5.96146297454834
94781,episode_end,110.64871206454438,1000,0.010000000000000005,200.0,,,,
94912,episode_end,116.13730627560514,131,0.010000000000000005,200.0,,,,
95000,train_step,,,0.010000000000000005,200.0,95000,18.694013595581055,-85.33157348632812,6.181107521057129
95043,episode_end,136.54486584795714,131,0.010000000000000005,200.0,,,,
96000,train_step,,,0.010000000000000005,200.0,96000,304.63861083984375,-72.28861999511719,6.718051910400391
96043,episode_end,119.49065494997694,1000,0.010000000000000005,200.0,,,,
96203,episode_end,37.57951047437135,160,0.010000000000000005,200.0,,,,
97000,train_step,,,0.010000000000000005,200.0,97000,584.2236328125,-81.59568786621094,6.988171577453613
97203,episode_end,133.6848060597039,1000,0.010000000000000005,200.0,,,,
98000,train_step,,,0.010000000000000005,200.0,98000,20.75262451171875,-82.207275390625,6.6304097175598145
98203,episode_end,118.7478715733568,1000,0.010000000000000005,200.0,,,,
99000,train_step,,,0.010000000000000005,200.0,99000,15.033350944519043,-75.78074645996094,5.926796913146973
99203,episode_end,92.49447614110036,1000,0.010000000000000005,200.0,,,,
99560,episode_end,51.32045530320781,357,0.010000000000000005,200.0,,,,
100000,train_step,,,0.010000000000000005,200.0,100000,175.51858520507812,-77.1156005859375,6.001335144042969
100560,episode_end,146.5542260514331,1000,0.010000000000000005,200.0,,,,
101000,train_step,,,0.010000000000000005,200.0,100000,43.58649444580078,-72.83505249023438,6.485406875610352
101560,episode_end,93.67086358011888,1000,0.010000000000000005,200.0,,,,
101689,episode_end,183.50873483078198,129,0.010000000000000005,200.0,,,,
101815,episode_end,106.02468405109781,126,0.010000000000000005,200.0,,,,
102000,train_step,,,0.010000000000000005,200.0,100000,27.537429809570312,-80.02438354492188,6.560371398925781
102027,episode_end,61.6783918229668,212,0.010000000000000005,200.0,,,,
103000,train_step,,,0.010000000000000005,200.0,100000,30.690982818603516,-74.70824432373047,6.398386001586914
103027,episode_end,111.57710743820061,1000,0.010000000000000005,200.0,,,,
103151,episode_end,25.4819663534129,124,0.010000000000000005,200.0,,,,
103411,episode_end,114.24288397346393,260,0.010000000000000005,200.0,,,,
103548,episode_end,124.27849351569176,137,0.010000000000000005,200.0,,,,
104000,train_step,,,0.010000000000000005,200.0,100000,18.046218872070312,-79.55929565429688,5.774685859680176
104548,episode_end,117.54156360541833,1000,0.010000000000000005,200.0,,,,
104641,episode_end,164.8996891074666,93,0.010000000000000005,200.0,,,,
104723,episode_end,148.29283346771808,82,0.010000000000000005,200.0,,,,
104807,episode_end,170.19517200709578,84,0.010000000000000005,200.0,,,,
104901,episode_end,177.74873548800525,94,0.010000000000000005,200.0,,,,
104983,episode_end,168.33868714505599,82,0.010000000000000005,200.0,,,,
105000,train_step,,,0.010000000000000005,200.0,100000,627.6967163085938,-77.3584213256836,6.32918643951416
105060,episode_end,205.81507619107174,77,0.010000000000000005,200.0,,,,
106000,train_step,,,0.010000000000000005,200.0,100000,38.60374450683594,-72.8553695678711,6.1176438331604
106060,episode_end,118.12756816313804,1000,0.010000000000000005,200.0,,,,
107000,train_step,,,0.010000000000000005,200.0,100000,17.758934020996094,-79.83793640136719,6.802922248840332
107060,episode_end,116.9151527997394,1000,0.010000000000000005,200.0,,,,
108000,train_step,,,0.010000000000000005,200.0,100000,21.801010131835938,-73.66561889648438,5.912282466888428
108060,episode_end,182.85845291761754,1000,0.010000000000000005,200.0,,,,
109000,train_step,,,0.010000000000000005,200.0,100000,21.41347885131836,-73.61133575439453,6.32489538192749
109060,episode_end,148.98911881581495,1000,0.010000000000000005,200.0,,,,
109225,episode_end,234.23995938173823,165,0.010000000000000005,200.0,,,,
110000,train_step,,,0.010000000000000005,200.0,100000,258.9592590332031,-76.105224609375,6.196195602416992
110225,episode_end,109.40205196005499,1000,0.010000000000000005,200.0,,,,
111000,train_step,,,0.010000000000000005,200.0,100000,12.56032943725586,-78.2708740234375,6.524265766143799
111225,episode_end,152.87951424876428,1000,0.010000000000000005,200.0,,,,
112000,train_step,,,0.010000000000000005,200.0,100000,13.902199745178223,-77.89743041992188,6.684975624084473
112225,episode_end,136.78863074687624,1000,0.010000000000000005,200.0,,,,
113000,train_step,,,0.010000000000000005,200.0,100000,18.60260009765625,-80.40419006347656,6.022486686706543
113225,episode_end,144.89440894011506,1000,0.010000000000000005,200.0,,,,
114000,train_step,,,0.010000000000000005,200.0,100000,13.096748352050781,-68.08387756347656,6.526975154876709
114225,episode_end,163.2275053712423,1000,0.010000000000000005,200.0,,,,
115000,train_step,,,0.010000000000000005,200.0,100000,318.18280029296875,-71.17388153076172,6.4644012451171875
115225,episode_end,123.76230641000232,1000,0.010000000000000005,200.0,,,,
116000,train_step,,,0.010000000000000005,200.0,100000,18.229190826416016,-69.31867218017578,5.809239387512207
116225,episode_end,173.4495227666556,1000,0.010000000000000005,200.0,,,,
117000,train_step,,,0.010000000000000005,200.0,100000,16.209932327270508,-70.51866149902344,6.003518104553223
117225,episode_end,152.0455791776484,1000,0.010000000000000005,200.0,,,,
118000,train_step,,,0.010000000000000005,200.0,100000,310.5753173828125,-66.98440551757812,6.189639091491699
118225,episode_end,171.78033418128263,1000,0.010000000000000005,200.0,,,,
119000,train_step,,,0.010000000000000005,200.0,100000,244.67471313476562,-61.21141052246094,5.931175231933594
119225,episode_end,151.5370413904503,1000,0.010000000000000005,200.0,,,,
120000,train_step,,,0.010000000000000005,200.0,100000,9.804692268371582,-65.60749053955078,5.656637191772461
120225,episode_end,181.089561302415,1000,0.010000000000000005,200.0,,,,
121000,train_step,,,0.010000000000000005,200.0,100000,9.858518600463867,-63.90541458129883,5.243148326873779
121225,episode_end,124.19655469015515,1000,0.010000000000000005,200.0,,,,
122000,train_step,,,0.010000000000000005,200.0,100000,24.707609176635742,-64.07818603515625,6.168508529663086
122225,episode_end,106.48606669537507,1000,0.010000000000000005,200.0,,,,
123000,train_step,,,0.010000000000000005,200.0,100000,24.015071868896484,-68.97604370117188,5.487566947937012
123225,episode_end,180.27211826635738,1000,0.010000000000000005,200.0,,,,
124000,train_step,,,0.010000000000000005,200.0,100000,277.9383544921875,-72.4996566772461,5.916714668273926
124225,episode_end,142.63583916355282,1000,0.010000000000000005,200.0,,,,
125000,train_step,,,0.010000000000000005,200.0,100000,7.805620193481445,-71.63876342773438,5.408144950866699
125225,episode_end,-17.326031550770782,1000,0.010000000000000005,200.0,,,,
126000,train_step,,,0.010000000000000005,200.0,100000,316.35980224609375,-69.76788330078125,5.089345932006836
126225,episode_end,-76.07714502279491,1000,0.010000000000000005,200.0,,,,
127000,train_step,,,0.010000000000000005,200.0,100000,15.740909576416016,-67.66925048828125,4.987436294555664
127225,episode_end,154.1335870983262,1000,0.010000000000000005,200.0,,,,
127370,episode_end,232.2707943941399,145,0.010000000000000005,200.0,,,,
128000,train_step,,,0.010000000000000005,200.0,100000,11.855607986450195,-66.90998840332031,4.813959121704102
128370,episode_end,117.06417780172654,1000,0.010000000000000005,200.0,,,,
129000,train_step,,,0.010000000000000005,200.0,100000,207.78073120117188,-74.05937957763672,5.374110221862793
129370,episode_end,157.73177402395743,1000,0.010000000000000005,200.0,,,,
130000,train_step,,,0.010000000000000005,200.0,100000,13.59386920928955,-76.44812774658203,4.544081687927246
130370,episode_end,-12.49325052582736,1000,0.010000000000000005,200.0,,,,
131000,train_step,,,0.010000000000000005,200.0,100000,35.730445861816406,-71.60981750488281,4.975441932678223
131370,episode_end,4.22640644774309,1000,0.010000000000000005,200.0,,,,
132000,train_step,,,0.010000000000000005,200.0,100000,291.76824951171875,-66.22047424316406,5.109386920928955
132370,episode_end,195.33878774431437,1000,0.010000000000000005,200.0,,,,
133000,train_step,,,0.010000000000000005,200.0,100000,213.67483520507812,-67.8084716796875,4.837983131408691
133370,episode_end,22.72109705477153,1000,0.010000000000000005,200.0,,,,
134000,train_step,,,0.010000000000000005,200.0,100000,21.341934204101562,-70.23775482177734,4.770212173461914
134370,episode_end,182.3470939562201,1000,0.010000000000000005,200.0,,,,
135000,train_step,,,0.010000000000000005,200.0,100000,18.224260330200195,-72.92475891113281,5.220934867858887
135370,episode_end,-20.716718402481487,1000,0.010000000000000005,200.0,,,,
135465,episode_end,-51.03462213134375,95,0.010000000000000005,200.0,,,,
136000,train_step,,,0.010000000000000005,200.0,100000,13.030555725097656,-68.49162292480469,5.227090835571289
136465,episode_end,186.7343499479909,1000,0.010000000000000005,200.0,,,,
137000,train_step,,,0.010000000000000005,200.0,100000,29.66111946105957,-70.05545043945312,4.972049236297607
137465,episode_end,192.5834845913178,1000,0.010000000000000005,200.0,,,,
138000,train_step,,,0.010000000000000005,200.0,100000,14.254411697387695,-74.35997009277344,5.075622081756592
138465,episode_end,33.16602807724569,1000,0.010000000000000005,200.0,,,,
138807,episode_end,90.95985904815225,342,0.010000000000000005,200.0,,,,
139000,train_step,,,0.010000000000000005,200.0,100000,230.3636016845703,-73.90238952636719,4.991572380065918
139807,episode_end,198.47978272656073,1000,0.010000000000000005,200.0,,,,
140000,train_step,,,0.010000000000000005,200.0,100000,33.87291717529297,-69.66111755371094,4.956698894500732
140807,episode_end,-86.76600354654713,1000,0.010000000000000005,200.0,,,,
140936,episode_end,259.4555249016805,129,0.010000000000000005,200.0,,,,
141000,train_step,,,0.010000000000000005,200.0,100000,7.611551284790039,-70.7380142211914,4.826172828674316
141293,episode_end,-125.95041242244294,357,0.010000000000000005,200.0,,,,
141531,episode_end,-106.71328232808305,238,0.010000000000000005,200.0,,,,
141945,episode_end,-145.56717889286443,414,0.010000000000000005,200.0,,,,
142000,train_step,,,0.010000000000000005,200.0,100000,10.53651237487793,-75.40081787109375,5.421210289001465
142945,episode_end,182.2706489789533,1000,0.010000000000000005,200.0,,,,
143000,train_step,,,0.010000000000000005,200.0,100000,12.941085815429688,-71.35199737548828,4.800131320953369
143945,episode_end,151.09590510119554,1000,0.010000000000000005,200.0,,,,
144000,train_step,,,0.010000000000000005,200.0,100000,15.094167709350586,-70.54447174072266,5.059096813201904
144073,episode_end,178.0608998464736,128,0.010000000000000005,200.0,,,,
145000,train_step,,,0.010000000000000005,200.0,100000,39.279048919677734,-75.94879913330078,5.076858043670654
145073,episode_end,184.89039419368984,1000,0.010000000000000005,200.0,,,,
145197,episode_end,160.93700242285297,124,0.010000000000000005,200.0,,,,
145324,episode_end,19.032981263085603,127,0.010000000000000005,200.0,,,,
145466,episode_end,173.59114233609188,142,0.010000000000000005,200.0,,,,
145583,episode_end,-160.87927736159406,117,0.010000000000000005,200.0,,,,
146000,train_step,,,0.010000000000000005,200.0,100000,17.600204467773438,-70.83356475830078,5.601292610168457
146583,episode_end,234.41733501348864,1000,0.010000000000000005,200.0,,,,
147000,train_step,,,0.010000000000000005,200.0,100000,146.1912384033203,-67.52812194824219,5.090732574462891
147583,episode_end,-78.86083718055669,1000,0.010000000000000005,200.0,,,,
148000,train_step,,,0.010000000000000005,200.0,100000,244.50946044921875,-67.60075378417969,5.237069129943848
148583,episode_end,-38.84571250090104,1000,0.010000000000000005,200.0,,,,
149000,train_step,,,0.010000000000000005,200.0,100000,8.377758026123047,-65.93772888183594,4.909669876098633
149583,episode_end,-33.253558355641715,1000,0.010000000000000005,200.0,,,,
149711,episode_end,170.76753159294867,128,0.010000000000000005,200.0,,,,
150000,train_step,,,0.010000000000000005,200.0,100000,170.1856689453125,-68.59090423583984,5.328560829162598
150711,episode_end,188.28708995291535,1000,0.010000000000000005,200.0,,,,
151000,train_step,,,0.010000000000000005,200.0,100000,37.96995162963867,-68.263671875,4.91942024230957
151711,episode_end,191.08583488329938,1000,0.010000000000000005,200.0,,,,
151840,episode_end,247.36570190830707,129,0.010000000000000005,200.0,,,,
151974,episode_end,237.09780085352781,134,0.010000000000000005,200.0,,,,
152000,train_step,,,0.010000000000000005,200.0,100000,315.68115234375,-62.643638610839844,4.936391830444336
152110,episode_end,185.82195994002348,136,0.010000000000000005,200.0,,,,
153000,train_step,,,0.010000000000000005,200.0,100000,37.578269958496094,-63.113861083984375,5.023920059204102
153110,episode_end,159.57491240013127,1000,0.010000000000000005,200.0,,,,
154000,train_step,,,0.010000000000000005,200.0,100000,15.227877616882324,-61.66700744628906,4.916962146759033
154110,episode_end,178.26681442132565,1000,0.010000000000000005,200.0,,,,
155000,train_step,,,0.010000000000000005,200.0,100000,10.095136642456055,-58.78539276123047,5.276583671569824
155110,episode_end,185.37678014638107,1000,0.010000000000000005,200.0,,,,
156000,train_step,,,0.010000000000000005,200.0,100000,11.08125114440918,-63.6270866394043,5.115808963775635
156110,episode_end,138.66980237136278,1000,0.010000000000000005,200.0,,,,
157000,train_step,,,0.010000000000000005,200.0,100000,12.29874038696289,-63.35296630859375,5.03109073638916
157110,episode_end,170.0620885594107,1000,0.010000000000000005,200.0,,,,
157181,episode_end,186.18476913352765,71,0.010000000000000005,200.0,,,,
157315,episode_end,153.512187203197,134,0.010000000000000005,200.0,,,,
158000,train_step,,,0.010000000000000005,200.0,100000,317.7611389160156,-64.95213317871094,5.22948694229126
158315,episode_end,197.50023057691976,1000,0.010000000000000005,200.0,,,,
158390,episode_end,178.3714414983976,75,0.010000000000000005,200.0,,,,
159000,train_step,,,0.010000000000000005,200.0,100000,387.94464111328125,-65.93275451660156,5.257001876831055
159390,episode_end,124.37058477000052,1000,0.010000000000000005,200.0,,,,
160000,train_step,,,0.010000000000000005,200.0,100000,43.706642150878906,-58.245025634765625,5.732234477996826
160390,episode_end,186.1115972949385,1000,0.010000000000000005,200.0,,,,
160496,episode_end,201.80025378400887,106,0.010000000000000005,200.0,,,,
160617,episode_end,245.4636888567439,121,0.010000000000000005,200.0,,,,
161000,train_step,,,0.010000000000000005,200.0,100000,12.276435852050781,-65.76945495605469,5.559073448181152
161617,episode_end,170.9727147578429,1000,0.010000000000000005,200.0,,,,
162000,train_step,,,0.010000000000000005,200.0,100000,64.91478729248047,-57.83042907714844,5.726409912109375
162617,episode_end,166.0852656097956,1000,0.010000000000000005,200.0,,,,
163000,train_step,,,0.010000000000000005,200.0,100000,21.645488739013672,-55.62580490112305,5.334099769592285
163617,episode_end,151.9376282282727,1000,0.010000000000000005,200.0,,,,
163694,episode_end,169.24745071025376,77,0.010000000000000005,200.0,,,,
164000,train_step,,,0.010000000000000005,200.0,100000,28.548133850097656,-63.72300720214844,5.132246494293213
164694,episode_end,115.2119827163238,1000,0.010000000000000005,200.0,,,,
165000,train_step,,,0.010000000000000005,200.0,100000,259.7004699707031,-59.30033493041992,5.298389434814453
165694,episode_end,171.31731818000358,1000,0.010000000000000005,200.0,,,,
166000,train_step,,,0.010000000000000005,200.0,100000,54.146034240722656,-58.012577056884766,5.2598137855529785
166694,episode_end,95.49657802761999,1000,0.010000000000000005,200.0,,,,
167000,train_step,,,0.010000000000000005,200.0,100000,313.8885498046875,-52.04633712768555,5.408533096313477
167694,episode_end,167.45493304615746,1000,0.010000000000000005,200.0,,,,
168000,train_step,,,0.010000000000000005,200.0,100000,88.94439697265625,-53.97772979736328,5.620405197143555
168694,episode_end,148.872188424613,1000,0.010000000000000005,200.0,,,,
169000,train_step,,,0.010000000000000005,200.0,100000,254.5057373046875,-53.85831069946289,5.208762168884277
169694,episode_end,140.4943303902842,1000,0.010000000000000005,200.0,,,,
170000,train_step,,,0.010000000000000005,200.0,100000,36.882545471191406,-58.9947509765625,5.429937362670898
170694,episode_end,82.69037604031423,1000,0.010000000000000005,200.0,,,,
170769,episode_end,176.06112026257625,75,0.010000000000000005,200.0,,,,
171000,train_step,,,0.010000000000000005,200.0,100000,424.2940673828125,-66.78933715820312,5.385261535644531
171769,episode_end,164.38224599170388,1000,0.010000000000000005,200.0,,,,
172000,train_step,,,0.010000000000000005,200.0,100000,259.57171630859375,-55.05675506591797,5.201689720153809
172769,episode_end,27.098698634247196,1000,0.010000000000000005,200.0,,,,
173000,train_step,,,0.010000000000000005,200.0,100000,69.43771362304688,-50.26223373413086,5.105313777923584
173769,episode_end,210.82645128757216,1000,0.010000000000000005,200.0,,,,
174000,train_step,,,0.010000000000000005,200.0,100000,33.3519287109375,-51.13936233520508,6.2440619468688965
174769,episode_end,162.03165798070978,1000,0.010000000000000005,200.0,,,,
175000,train_step,,,0.010000000000000005,200.0,100000,232.87603759765625,-46.771087646484375,5.348197937011719
175769,episode_end,214.1621708527542,1000,0.010000000000000005,200.0,,,,
176000,train_step,,,0.010000000000000005,200.0,100000,15.532317161560059,-52.52058410644531,5.388856410980225
176769,episode_end,-5.768474853891374,1000,0.010000000000000005,200.0,,,,
177000,train_step,,,0.010000000000000005,200.0,100000,13.988500595092773,-51.54174041748047,5.441433906555176
177769,episode_end,193.80920179045262,1000,0.010000000000000005,200.0,,,,
177876,episode_end,88.01028897369315,107,0.010000000000000005,200.0,,,,
177985,episode_end,189.38354007041028,109,0.010000000000000005,200.0,,,,
178000,train_step,,,0.010000000000000005,200.0,100000,127.45112609863281,-50.71179962158203,5.596160888671875
178985,episode_end,201.32922006572733,1000,0.010000000000000005,200.0,,,,
179000,train_step,,,0.010000000000000005,200.0,100000,31.490123748779297,-47.854976654052734,5.516960144042969
179985,episode_end,163.3705647158631,1000,0.010000000000000005,200.0,,,,
180000,train_step,,,0.010000000000000005,200.0,100000,13.378434181213379,-49.160240173339844,4.92653751373291
180985,episode_end,-15.830621150706817,1000,0.010000000000000005,200.0,,,,
181000,train_step,,,0.010000000000000005,200.0,100000,118.03658294677734,-46.183677673339844,5.055239677429199
181985,episode_end,196.71637680469954,1000,0.010000000000000005,200.0,,,,
182000,train_step,,,0.010000000000000005,200.0,100000,9.225799560546875,-37.26123046875,5.210400581359863
182985,episode_end,188.93541899413196,1000,0.010000000000000005,200.0,,,,
183000,train_step,,,0.010000000000000005,200.0,100000,13.474735260009766,-46.04734420776367,5.389467716217041
183985,episode_end,168.08756660845873,1000,0.010000000000000005,200.0,,,,
184000,train_step,,,0.010000000000000005,200.0,100000,11.528080940246582,-54.45510482788086,5.8477067947387695
184125,episode_end,259.43127816961385,140,0.010000000000000005,200.0,,,,
184241,episode_end,235.26579060020725,116,0.010000000000000005,200.0,,,,
185000,train_step,,,0.010000000000000005,200.0,100000,122.75508117675781,-48.97045135498047,5.549361228942871
185241,episode_end,185.90365233397367,1000,0.010000000000000005,200.0,,,,
185351,episode_end,103.47872150161652,110,0.010000000000000005,200.0,,,,
185476,episode_end,159.90002184667327,125,0.010000000000000005,200.0,,,,
186000,train_step,,,0.010000000000000005,200.0,100000,23.676366806030273,-47.073734283447266,4.620277404785156
186476,episode_end,171.78770270175426,1000,0.010000000000000005,200.0,,,,
187000,train_step,,,0.010000000000000005,200.0,100000,150.27133178710938,-42.539329528808594,4.88780403137207
187476,episode_end,220.54426510298526,1000,0.010000000000000005,200.0,,,,
188000,train_step,,,0.010000000000000005,200.0,100000,39.918670654296875,-50.04970932006836,4.8172736167907715
188476,episode_end,250.46620523935667,1000,0.010000000000000005,200.0,,,,
188592,episode_end,212.14886548437215,116,0.010000000000000005,200.0,,,,
188708,episode_end,200.98760394545667,116,0.010000000000000005,200.0,,,,
188823,episode_end,214.12342930472136,115,0.010000000000000005,200.0,,,,
189000,train_step,,,0.010000000000000005,200.0,100000,7.090954780578613,-47.04974365234375,4.9759521484375
189823,episode_end,233.83394299359685,1000,0.010000000000000005,200.0,,,,
190000,train_step,,,0.010000000000000005,200.0,100000,14.057181358337402,-37.383331298828125,4.591058731079102
190029,episode_end,124.42729617942965,206,0.010000000000000005,200.0,,,,
191000,train_step,,,0.010000000000000005,200.0,100000,13.978322982788086,-43.831947326660156,4.853775978088379
191029,episode_end,184.9581058377134,1000,0.010000000000000005,200.0,,,,
192000,train_step,,,0.010000000000000005,200.0,100000,241.3139190673828,-40.58209228515625,5.14155387878418
192029,episode_end,201.94270472203596,1000,0.010000000000000005,200.0,,,,
193000,train_step,,,0.010000000000000005,200.0,100000,151.5192108154297,-39.56939697265625,4.99185037612915
193029,episode_end,224.9450476461895,1000,0.010000000000000005,200.0,,,,
194000,train_step,,,0.010000000000000005,200.0,100000,11.975963592529297,-32.72144317626953,4.9624762535095215
194029,episode_end,39.90081957322576,1000,0.010000000000000005,200.0,,,,
195000,train_step,,,0.010000000000000005,200.0,100000,6.943430423736572,-38.74584197998047,5.162797451019287
195029,episode_end,188.2895131758825,1000,0.010000000000000005,200.0,,,,
196000,train_step,,,0.010000000000000005,200.0,100000,116.77459716796875,-45.25645446777344,4.858866214752197
196029,episode_end,176.9751041237713,1000,0.010000000000000005,200.0,,,,
197000,train_step,,,0.010000000000000005,200.0,100000,140.7686309814453,-45.31721115112305,5.543773174285889
197029,episode_end,199.44011945319036,1000,0.010000000000000005,200.0,,,,
198000,train_step,,,0.010000000000000005,200.0,100000,74.3526840209961,-31.708520889282227,5.100963592529297
198029,episode_end,182.13574489225863,1000,0.010000000000000005,200.0,,,,
199000,train_step,,,0.010000000000000005,200.0,100000,90.3424072265625,-39.844940185546875,5.11953067779541
199029,episode_end,211.5947318350397,1000,0.010000000000000005,200.0,,,,
200000,train_step,,,0.010000000000000005,200.0,100000,14.311920166015625,-34.5750846862793,5.007375717163086
200029,episode_end,191.91515188738768,1000,0.010000000000000005,200.0,,,,
201000,train_step,,,0.010000000000000005,200.0,100000,61.4154052734375,-33.08094787597656,4.805750846862793
201029,episode_end,113.23391069016007,1000,0.010000000000000005,200.0,,,,
202000,train_step,,,0.010000000000000005,200.0,100000,11.576748847961426,-45.29399490356445,4.479649543762207
202029,episode_end,115.85283345344676,1000,0.010000000000000005,200.0,,,,
203000,train_step,,,0.010000000000000005,200.0,100000,163.92160034179688,-31.441028594970703,4.512681007385254
203029,episode_end,216.89928612819256,1000,0.010000000000000005,200.0,,,,
204000,train_step,,,0.010000000000000005,200.0,100000,23.67551040649414,-38.41157913208008,4.548980236053467
204029,episode_end,182.31069528872692,1000,0.010000000000000005,200.0,,,,
205000,train_step,,,0.010000000000000005,200.0,100000,115.35826873779297,-33.936988830566406,4.779322624206543
205029,episode_end,141.1648441770465,1000,0.010000000000000005,200.0,,,,
206000,train_step,,,0.010000000000000005,200.0,100000,301.01800537109375,-37.69626235961914,4.617828845977783
206029,episode_end,174.00651391782222,1000,0.010000000000000005,200.0,,,,
207000,train_step,,,0.010000000000000005,200.0,100000,17.68045997619629,-45.22320556640625,4.925858497619629
207029,episode_end,149.56791569599338,1000,0.010000000000000005,200.0,,,,
208000,train_step,,,0.010000000000000005,200.0,100000,9.394598007202148,-43.972450256347656,4.820156097412109
208029,episode_end,5.732397645249673,1000,0.010000000000000005,200.0,,,,
208824,episode_end,-454.80162462365325,795,0.010000000000000005,200.0,,,,
208932,episode_end,219.57864150927986,108,0.010000000000000005,200.0,,,,
209000,train_step,,,0.010000000000000005,200.0,100000,30.691726684570312,-39.42750549316406,5.175479888916016
209932,episode_end,150.50756390646885,1000,0.010000000000000005,200.0,,,,
210000,train_step,,,0.010000000000000005,200.0,100000,137.73934936523438,-43.87644958496094,5.853254318237305
210932,episode_end,82.30812003148245,1000,0.010000000000000005,200.0,,,,
211000,train_step,,,0.010000000000000005,200.0,100000,115.30902099609375,-39.8624153137207,5.3261566162109375
211932,episode_end,131.33402242385046,1000,0.010000000000000005,200.0,,,,
212000,train_step,,,0.010000000000000005,200.0,100000,17.188079833984375,-38.81885528564453,6.022025108337402
212932,episode_end,110.83026175307657,1000,0.010000000000000005,200.0,,,,
213000,train_step,,,0.010000000000000005,200.0,100000,15.219522476196289,-44.61119842529297,5.612270832061768
213932,episode_end,188.0271814786422,1000,0.010000000000000005,200.0,,,,
214000,train_step,,,0.010000000000000005,200.0,100000,60.80900573730469,-52.25288772583008,5.645481109619141
214932,episode_end,82.91891926267645,1000,0.010000000000000005,200.0,,,,
215000,train_step,,,0.010000000000000005,200.0,100000,129.41299438476562,-46.90220642089844,5.577584266662598
215932,episode_end,181.8619373305042,1000,0.010000000000000005,200.0,,,,
216000,train_step,,,0.010000000000000005,200.0,100000,131.62017822265625,-39.611358642578125,6.217025279998779
216932,episode_end,158.72839305834987,1000,0.010000000000000005,200.0,,,,
217000,train_step,,,0.010000000000000005,200.0,100000,19.77699089050293,-46.28459167480469,6.101602554321289
217274,episode_end,-26.32000016365602,342,0.010000000000000005,200.0,,,,
217836,episode_end,31.429000723198357,562,0.010000000000000005,200.0,,,,
218000,train_step,,,0.010000000000000005,200.0,100000,74.16992950439453,-44.93175506591797,6.2838263511657715
218041,episode_end,-14.408624631072229,205,0.010000000000000005,200.0,,,,
218347,episode_end,-6.911267045272751,306,0.010000000000000005,200.0,,,,
218512,episode_end,-44.29673118601504,165,0.010000000000000005,200.0,,,,
218702,episode_end,-27.08019547757111,190,0.010000000000000005,200.0,,,,
219000,train_step,,,0.010000000000000005,200.0,100000,66.83087158203125,-51.08625030517578,6.707591533660889
219702,episode_end,184.94833176188396,1000,0.010000000000000005,200.0,,,,
219823,episode_end,201.36416417384908,121,0.010000000000000005,200.0,,,,
220000,train_step,,,0.010000000000000005,200.0,100000,16.284744262695312,-45.68079376220703,6.225861549377441
220823,episode_end,205.56163153333168,1000,0.010000000000000005,200.0,,,,
221000,train_step,,,0.010000000000000005,200.0,100000,12.433372497558594,-53.35931396484375,7.917880535125732
221823,episode_end,230.80614492073767,1000,0.010000000000000005,200.0,,,,
222000,train_step,,,0.010000000000000005,200.0,100000,18.141551971435547,-50.29850769042969,7.326844215393066
222823,episode_end,92.80814736384016,1000,0.010000000000000005,200.0,,,,
223000,train_step,,,0.010000000000000005,200.0,100000,13.648216247558594,-47.754859924316406,7.168540000915527
223823,episode_end,155.82990706891516,1000,0.010000000000000005,200.0,,,,
224000,train_step,,,0.010000000000000005,200.0,100000,33.7578125,-51.08462142944336,6.680117607116699
224823,episode_end,197.63275642287735,1000,0.010000000000000005,200.0,,,,
225000,train_step,,,0.010000000000000005,200.0,100000,15.256093978881836,-54.84069061279297,6.743999004364014
225823,episode_end,202.28756857319559,1000,0.010000000000000005,200.0,,,,
226000,train_step,,,0.010000000000000005,200.0,100000,22.0776424407959,-49.874107360839844,6.572561264038086
226823,episode_end,185.90365892496726,1000,0.010000000000000005,200.0,,,,
227000,train_step,,,0.010000000000000005,200.0,100000,18.314132690429688,-53.28178024291992,6.964874744415283
227823,episode_end,-21.35321525708337,1000,0.010000000000000005,200.0,,,,
228000,train_step,,,0.010000000000000005,200.0,100000,264.0872802734375,-50.529640197753906,7.097748756408691
228823,episode_end,118.5563477902029,1000,0.010000000000000005,200.0,,,,
229000,train_step,,,0.010000000000000005,200.0,100000,46.67130661010742,-59.53551483154297,6.949560165405273
229823,episode_end,161.32407404981075,1000,0.010000000000000005,200.0,,,,
230000,train_step,,,0.010000000000000005,200.0,100000,41.948707580566406,-60.2510871887207,7.661649703979492
230823,episode_end,205.529941271711,1000,0.010000000000000005,200.0,,,,
231000,train_step,,,0.010000000000000005,200.0,100000,29.876371383666992,-60.88776779174805,6.784060478210449
231823,episode_end,232.74627505973933,1000,0.010000000000000005,200.0,,,,
231915,episode_end,127.6236730377484,92,0.010000000000000005,200.0,,,,
232000,train_step,,,0.010000000000000005,200.0,100000,31.370738983154297,-60.45491409301758,6.347768306732178
232356,episode_end,69.59862776409562,441,0.010000000000000005,200.0,,,,
233000,train_step,,,0.010000000000000005,200.0,100000,17.03314971923828,-57.07938003540039,5.592379570007324
233356,episode_end,160.98966906231175,1000,0.010000000000000005,200.0,,,,
234000,train_step,,,0.010000000000000005,200.0,100000,37.957763671875,-54.92988586425781,5.583368301391602
234356,episode_end,122.29087450531007,1000,0.010000000000000005,200.0,,,,
235000,train_step,,,0.010000000000000005,200.0,100000,13.41524887084961,-61.97936248779297,5.419257640838623
235356,episode_end,113.32174222656539,1000,0.010000000000000005,200.0,,,,
236000,train_step,,,0.010000000000000005,200.0,100000,64.69853210449219,-56.567684173583984,4.9705963134765625
236356,episode_end,120.263792231949,1000,0.010000000000000005,200.0,,,,
237000,train_step,,,0.010000000000000005,200.0,100000,73.10249328613281,-47.57775115966797,5.725062370300293
237356,episode_end,181.87303617280241,1000,0.010000000000000005,200.0,,,,
238000,train_step,,,0.010000000000000005,200.0,100000,16.424558639526367,-61.088226318359375,5.133426666259766
238356,episode_end,106.24377407231633,1000,0.010000000000000005,200.0,,,,
239000,train_step,,,0.010000000000000005,200.0,100000,16.794565200805664,-49.83390808105469,5.110796928405762
239356,episode_end,180.30174611034224,1000,0.010000000000000005,200.0,,,,
240000,train_step,,,0.010000000000000005,200.0,100000,46.08881759643555,-56.97667694091797,5.066400527954102
240356,episode_end,123.83016766319683,1000,0.010000000000000005,200.0,,,,
241000,train_step,,,0.010000000000000005,200.0,100000,9.839360237121582,-44.208656311035156,5.693413734436035
241356,episode_end,152.50411588933565,1000,0.010000000000000005,200.0,,,,
242000,train_step,,,0.010000000000000005,200.0,100000,54.796363830566406,-61.29695129394531,5.774418830871582
242356,episode_end,188.64952964612712,1000,0.010000000000000005,200.0,,,,
243000,train_step,,,0.010000000000000005,200.0,100000,14.068954467773438,-50.118194580078125,4.974635124206543
243356,episode_end,124.97763837652599,1000,0.010000000000000005,200.0,,,,
244000,train_step,,,0.010000000000000005,200.0,100000,10.360633850097656,-52.1870002746582,6.086043834686279
244356,episode_end,138.41641079088194,1000,0.010000000000000005,200.0,,,,
245000,train_step,,,0.010000000000000005,200.0,100000,8.38564682006836,-59.50616455078125,6.081026077270508
245356,episode_end,210.41564603080522,1000,0.010000000000000005,200.0,,,,
246000,train_step,,,0.010000000000000005,200.0,100000,31.56890106201172,-45.57707595825195,5.890413284301758
246356,episode_end,123.04317220302713,1000,0.010000000000000005,200.0,,,,
246508,episode_end,201.73982141071326,152,0.010000000000000005,200.0,,,,
246677,episode_end,268.575877100661,169,0.010000000000000005,200.0,,,,
247000,train_step,,,0.010000000000000005,200.0,100000,20.64388084411621,-52.30317687988281,4.957219123840332
247677,episode_end,104.58357593012953,1000,0.010000000000000005,200.0,,,,
248000,train_step,,,0.010000000000000005,200.0,100000,31.434507369995117,-62.370460510253906,5.652091979980469
248677,episode_end,144.1384178110327,1000,0.010000000000000005,200.0,,,,
249000,train_step,,,0.010000000000000005,200.0,100000,49.41373825073242,-64.16999816894531,5.441096305847168
249677,episode_end,-2.267162913597975,1000,0.010000000000000005,200.0,,,,
250000,train_step,,,0.010000000000000005,200.0,100000,72.34718322753906,-52.17656707763672,5.130740165710449
250677,episode_end,113.96646961049477,1000,0.010000000000000005,200.0,,,,
251000,train_step,,,0.010000000000000005,200.0,100000,15.614606857299805,-53.79902648925781,5.302757740020752
251677,episode_end,61.484553386772646,1000,0.010000000000000005,200.0,,,,
252000,train_step,,,0.010000000000000005,200.0,100000,13.88351058959961,-49.79334259033203,5.292038917541504
252677,episode_end,215.12403446037902,1000,0.010000000000000005,200.0,,,,
253000,train_step,,,0.010000000000000005,200.0,100000,18.774816513061523,-56.65376281738281,5.298087120056152
253677,episode_end,186.8062476245892,1000,0.010000000000000005,200.0,,,,
254000,train_step,,,0.010000000000000005,200.0,100000,10.209785461425781,-53.59109878540039,6.457128524780273
254677,episode_end,106.69373450270457,1000,0.010000000000000005,200.0,,,,
255000,train_step,,,0.010000000000000005,200.0,100000,54.863914489746094,-54.44183349609375,4.578751564025879
255677,episode_end,100.56082830027698,1000,0.010000000000000005,200.0,,,,
256000,train_step,,,0.010000000000000005,200.0,100000,18.52200698852539,-47.197898864746094,4.9902777671813965
256677,episode_end,196.92964704501995,1000,0.010000000000000005,200.0,,,,
257000,train_step,,,0.010000000000000005,200.0,100000,13.785329818725586,-52.12577819824219,5.464591979980469
257677,episode_end,158.4778040869139,1000,0.010000000000000005,200.0,,,,
258000,train_step,,,0.010000000000000005,200.0,100000,10.08439826965332,-46.476646423339844,4.870319366455078
258677,episode_end,211.97730844656036,1000,0.010000000000000005,200.0,,,,
259000,train_step,,,0.010000000000000005,200.0,100000,9.419857025146484,-52.754478454589844,5.437594413757324
259677,episode_end,80.42718417066396,1000,0.010000000000000005,200.0,,,,
260000,train_step,,,0.010000000000000005,200.0,100000,49.666908264160156,-51.583984375,5.068704128265381
260677,episode_end,81.81097070251006,1000,0.010000000000000005,200.0,,,,
261000,train_step,,,0.010000000000000005,200.0,100000,26.937623977661133,-48.73709487915039,5.157275199890137
261677,episode_end,144.5101264603103,1000,0.010000000000000005,200.0,,,,
262000,train_step,,,0.010000000000000005,200.0,100000,7.148075580596924,-36.312503814697266,5.00969123840332
262677,episode_end,122.60600554961545,1000,0.010000000000000005,200.0,,,,
263000,train_step,,,0.010000000000000005,200.0,100000,8.990580558776855,-45.3865966796875,4.916866302490234
263677,episode_end,173.59633967242254,1000,0.010000000000000005,200.0,,,,
263782,episode_end,-45.46785261311674,105,0.010000000000000005,200.0,,,,
264000,train_step,,,0.010000000000000005,200.0,100000,6.947017669677734,-47.293827056884766,4.939882278442383
264782,episode_end,217.63033118429595,1000,0.010000000000000005,200.0,,,,
265000,train_step,,,0.010000000000000005,200.0,100000,163.2226104736328,-37.18353271484375,4.725902557373047
265782,episode_end,169.50131383691826,1000,0.010000000000000005,200.0,,,,
266000,train_step,,,0.010000000000000005,200.0,100000,9.10795783996582,-46.463165283203125,5.191912651062012
266782,episode_end,117.21213942812477,1000,0.010000000000000005,200.0,,,,
266885,episode_end,211.29499212448172,103,0.010000000000000005,200.0,,,,
267000,train_step,,,0.010000000000000005,200.0,100000,7.487398147583008,-45.542564392089844,5.247007369995117
267885,episode_end,193.8433620528288,1000,0.010000000000000005,200.0,,,,
268000,train_step,,,0.010000000000000005,200.0,100000,9.30223274230957,-55.95820999145508,5.114110946655273
268885,episode_end,149.7349828051782,1000,0.010000000000000005,200.0,,,,
269000,train_step,,,0.010000000000000005,200.0,100000,9.234514236450195,-36.95344543457031,5.098376274108887
269885,episode_end,133.59034865215668,1000,0.010000000000000005,200.0,,,,
270000,train_step,,,0.010000000000000005,200.0,100000,106.88438415527344,-51.78138732910156,5.457884788513184
270885,episode_end,162.920814063404,1000,0.010000000000000005,200.0,,,,
271000,train_step,,,0.010000000000000005,200.0,100000,39.6745719909668,-48.472129821777344,5.36167049407959
271885,episode_end,173.3765026025438,1000,0.010000000000000005,200.0,,,,
272000,train_step,,,0.010000000000000005,200.0,100000,19.523807525634766,-49.44514846801758,4.876561164855957
272885,episode_end,199.05274287353785,1000,0.010000000000000005,200.0,,,,
273000,train_step,,,0.010000000000000005,200.0,100000,10.200136184692383,-37.3304443359375,5.208646774291992
273885,episode_end,161.01736500336318,1000,0.010000000000000005,200.0,,,,
274000,train_step,,,0.010000000000000005,200.0,100000,7.991328239440918,-45.36915588378906,5.048401832580566
274885,episode_end,127.18536909975387,1000,0.010000000000000005,200.0,,,,
275000,train_step,,,0.010000000000000005,200.0,100000,25.827377319335938,-50.72378921508789,5.375563621520996
275885,episode_end,180.46326212792775,1000,0.010000000000000005,200.0,,,,
275992,episode_end,227.6866140426397,107,0.010000000000000005,200.0,,,,
276000,train_step,,,0.010000000000000005,200.0,100000,7.147764205932617,-38.15000915527344,5.1163482666015625
276992,episode_end,164.7844909057324,1000,0.010000000000000005,200.0,,,,
277000,train_step,,,0.010000000000000005,200.0,100000,23.561012268066406,-49.46619415283203,5.078836917877197
277992,episode_end,162.57127074842472,1000,0.010000000000000005,200.0,,,,
278000,train_step,,,0.010000000000000005,200.0,100000,15.527156829833984,-42.14857482910156,5.05903434753418
278992,episode_end,195.65083985715756,1000,0.010000000000000005,200.0,,,,
279000,train_step,,,0.010000000000000005,200.0,100000,13.471654891967773,-41.027992248535156,4.779882431030273
279992,episode_end,150.17417703198234,1000,0.010000000000000005,200.0,,,,
280000,train_step,,,0.010000000000000005,200.0,100000,12.498313903808594,-45.177406311035156,4.9857072830200195
280992,episode_end,184.82957068903855,1000,0.010000000000000005,200.0,,,,
281000,train_step,,,0.010000000000000005,200.0,100000,123.2311782836914,-47.935821533203125,5.38754415512085
281116,episode_end,154.59295432420132,124,0.010000000000000005,200.0,,,,
282000,train_step,,,0.010000000000000005,200.0,100000,40.260093688964844,-49.36810302734375,5.183807849884033
282116,episode_end,184.44890370261896,1000,0.010000000000000005,200.0,,,,
283000,train_step,,,0.010000000000000005,200.0,100000,14.359964370727539,-42.629093170166016,4.818723201751709
283116,episode_end,60.843808822477904,1000,0.010000000000000005,200.0,,,,
284000,train_step,,,0.010000000000000005,200.0,100000,15.151358604431152,-44.897674560546875,4.821767807006836
284116,episode_end,154.5800944830588,1000,0.010000000000000005,200.0,,,,
284217,episode_end,94.72619548376562,101,0.010000000000000005,200.0,,,,
285000,train_step,,,0.010000000000000005,200.0,100000,11.67302131652832,-50.89875030517578,5.108731269836426
285217,episode_end,149.19275624155836,1000,0.010000000000000005,200.0,,,,
285332,episode_end,-461.3277867561367,115,0.010000000000000005,200.0,,,,
286000,train_step,,,0.010000000000000005,200.0,100000,78.39933776855469,-51.09028625488281,4.819880485534668
286332,episode_end,192.921068197374,1000,0.010000000000000005,200.0,,,,
287000,train_step,,,0.010000000000000005,200.0,100000,10.469344139099121,-44.463340759277344,5.139159679412842
287332,episode_end,159.76371070123898,1000,0.010000000000000005,200.0,,,,
288000,train_step,,,0.010000000000000005,200.0,100000,10.307132720947266,-47.383872985839844,4.763161659240723
288332,episode_end,185.95968807253925,1000,0.010000000000000005,200.0,,,,
289000,train_step,,,0.010000000000000005,200.0,100000,30.457839965820312,-42.319026947021484,4.851876258850098
289332,episode_end,120.65208839382954,1000,0.010000000000000005,200.0,,,,
290000,train_step,,,0.010000000000000005,200.0,100000,13.761636734008789,-52.832969665527344,5.009586811065674
290332,episode_end,100.07513383455058,1000,0.010000000000000005,200.0,,,,
291000,train_step,,,0.010000000000000005,200.0,100000,298.0633544921875,-52.71031188964844,4.866125106811523
291332,episode_end,187.77506903551574,1000,0.010000000000000005,200.0,,,,
292000,train_step,,,0.010000000000000005,200.0,100000,15.129472732543945,-50.69110107421875,5.189530372619629
292332,episode_end,174.6054954062398,1000,0.010000000000000005,200.0,,,,
293000,train_step,,,0.010000000000000005,200.0,100000,105.11250305175781,-50.64042663574219,5.16038703918457
293332,episode_end,138.18864556110117,1000,0.010000000000000005,200.0,,,,
294000,train_step,,,0.010000000000000005,200.0,100000,9.483752250671387,-44.64107131958008,4.6162800788879395
294332,episode_end,36.07777984592315,1000,0.010000000000000005,200.0,,,,
295000,train_step,,,0.010000000000000005,200.0,100000,7.035279273986816,-46.161685943603516,4.794267654418945
295332,episode_end,221.81884035276158,1000,0.010000000000000005,200.0,,,,
296000,train_step,,,0.010000000000000005,200.0,100000,20.25192642211914,-54.920196533203125,4.915219306945801
296332,episode_end,113.66704546005319,1000,0.010000000000000005,200.0,,,,
297000,train_step,,,0.010000000000000005,200.0,100000,343.80596923828125,-52.08452606201172,5.11369514465332
297332,episode_end,202.63744508254575,1000,0.010000000000000005,200.0,,,,
298000,train_step,,,0.010000000000000005,200.0,100000,39.084754943847656,-47.41986083984375,4.821420192718506
298332,episode_end,207.0804008693712,1000,0.010000000000000005,200.0,,,,
299000,train_step,,,0.010000000000000005,200.0,100000,18.2641658782959,-44.771705627441406,4.89467716217041
299332,episode_end,195.1214191737238,1000,0.010000000000000005,200.0,,,,
300000,train_step,,,0.010000000000000005,200.0,100000,9.06978988647461,-43.953330993652344,4.8524370193481445
300332,episode_end,219.09391313164454,1000,0.010000000000000005,-100.0,,,,
301000,train_step,,,0.010000000000000005,-100.0,100000,11.662742614746094,-41.12809371948242,4.546575546264648
301332,episode_end,-121.49065728735584,1000,0.010000000000000005,-100.0,,,,
302000,train_step,,,0.010000000000000005,-100.0,100000,21.982528686523438,-41.45762252807617,4.8714470863342285
302332,episode_end,-162.30147301854183,1000,0.010000000000000005,-100.0,,,,
303000,train_step,,,0.010000000000000005,-100.0,100000,11.005115509033203,-42.42741775512695,4.989892959594727
303332,episode_end,-103.65084312343662,1000,0.010000000000000005,-100.0,,,,
304000,train_step,,,0.010000000000000005,-100.0,100000,11.443273544311523,-51.771766662597656,4.829613208770752
304332,episode_end,-98.16358362932505,1000,0.010000000000000005,-100.0,,,,
305000,train_step,,,0.010000000000000005,-100.0,100000,13.375299453735352,-54.609031677246094,5.5072479248046875
305332,episode_end,-95.38649999859402,1000,0.010000000000000005,-100.0,,,,
305404,episode_end,-73.00961334941093,72,0.010000000000000005,-100.0,,,,
306000,train_step,,,0.010000000000000005,-100.0,100000,131.60028076171875,-50.87160873413086,4.999385356903076
306404,episode_end,-86.38369503226772,1000,0.010000000000000005,-100.0,,,,
306542,episode_end,-169.90454992199383,138,0.010000000000000005,-100.0,,,,
306686,episode_end,-45.92421156068775,144,0.010000000000000005,-100.0,,,,
307000,train_step,,,0.010000000000000005,-100.0,100000,135.71395874023438,-49.182167053222656,5.642772197723389
307686,episode_end,-82.781338172254,1000,0.010000000000000005,-100.0,,,,
308000,train_step,,,0.010000000000000005,-100.0,100000,18.996780395507812,-50.769569396972656,4.890476703643799
308686,episode_end,30.964676914834243,1000,0.010000000000000005,-100.0,,,,
309000,train_step,,,0.010000000000000005,-100.0,100000,19.411388397216797,-42.1408576965332,5.203325271606445
309686,episode_end,-119.3949671639305,1000,0.010000000000000005,-100.0,,,,
310000,train_step,,,0.010000000000000005,-100.0,100000,52.45319747924805,-52.58535385131836,5.281702995300293
310686,episode_end,-109.43879694922664,1000,0.010000000000000005,-100.0,,,,
311000,train_step,,,0.010000000000000005,-100.0,100000,86.093017578125,-40.38226318359375,4.962218284606934
311686,episode_end,-105.11649657019393,1000,0.010000000000000005,-100.0,,,,
312000,train_step,,,0.010000000000000005,-100.0,100000,126.0257797241211,-40.10963439941406,5.145899772644043
312686,episode_end,-111.87339416710266,1000,0.010000000000000005,-100.0,,,,
312862,episode_end,-56.26956284654289,176,0.010000000000000005,-100.0,,,,
312921,episode_end,-120.38522070423504,59,0.010000000000000005,-100.0,,,,
313000,train_step,,,0.010000000000000005,-100.0,100000,6.259528636932373,-40.17173767089844,4.726785659790039
313008,episode_end,-153.84915241871772,87,0.010000000000000005,-100.0,,,,
314000,train_step,,,0.010000000000000005,-100.0,100000,13.590431213378906,-33.87709426879883,4.710883140563965
314008,episode_end,-31.57634818592517,1000,0.010000000000000005,-100.0,,,,
315000,train_step,,,0.010000000000000005,-100.0,100000,17.342300415039062,-40.1718864440918,4.550777435302734
315008,episode_end,-106.82777864066676,1000,0.010000000000000005,-100.0,,,,
316000,train_step,,,0.010000000000000005,-100.0,100000,9.09579849243164,-36.67409896850586,4.906158924102783
316008,episode_end,-107.43297682505911,1000,0.010000000000000005,-100.0,,,,
317000,train_step,,,0.010000000000000005,-100.0,100000,69.82096862792969,-40.44914245605469,4.885018348693848
317008,episode_end,-160.13990850641497,1000,0.010000000000000005,-100.0,,,,
318000,train_step,,,0.010000000000000005,-100.0,100000,8.69495677947998,-34.18135070800781,5.345823287963867
318008,episode_end,-270.1282041228222,1000,0.010000000000000005,-100.0,,,,
318142,episode_end,-50.73626616621622,134,0.010000000000000005,-100.0,,,,
318846,episode_end,-122.86764265346531,704,0.010000000000000005,-100.0,,,,
319000,train_step,,,0.010000000000000005,-100.0,100000,111.24449157714844,-38.31359100341797,5.06604528427124
319846,episode_end,-135.9708451721495,1000,0.010000000000000005,-100.0,,,,
320000,train_step,,,0.010000000000000005,-100.0,100000,10.59798812866211,-33.02313995361328,4.664933204650879
320846,episode_end,-134.6937226657342,1000,0.010000000000000005,-100.0,,,,
321000,train_step,,,0.010000000000000005,-100.0,100000,7.250396728515625,-39.28501510620117,4.685372352600098
321523,episode_end,-181.29557179515055,677,0.010000000000000005,-100.0,,,,
322000,train_step,,,0.010000000000000005,-100.0,100000,10.308250427246094,-35.63070297241211,5.201746463775635
322523,episode_end,-166.6668818625885,1000,0.010000000000000005,-100.0,,,,
323000,train_step,,,0.010000000000000005,-100.0,100000,300.3125,-30.20470428466797,4.7798686027526855
323523,episode_end,-128.98484743149695,1000,0.010000000000000005,-100.0,,,,
324000,train_step,,,0.010000000000000005,-100.0,100000,10.43280029296875,-34.954002380371094,4.861433029174805
324523,episode_end,-149.45834526914348,1000,0.010000000000000005,-100.0,,,,
325000,train_step,,,0.010000000000000005,-100.0,100000,9.421088218688965,-29.643138885498047,5.468001842498779
325523,episode_end,-234.381000463173,1000,0.010000000000000005,-100.0,,,,
325896,episode_end,-201.7755956529839,373,0.010000000000000005,-100.0,,,,
326000,train_step,,,0.010000000000000005,-100.0,100000,7.463505744934082,-27.932022094726562,5.453163146972656
326631,episode_end,14.593350045235795,735,0.010000000000000005,-100.0,,,,
326950,episode_end,-135.85885039719298,319,0.010000000000000005,-100.0,,,,
327000,train_step,,,0.010000000000000005,-100.0,100000,10.978425979614258,-38.163475036621094,5.419463157653809
327837,episode_end,-355.55816125946467,887,0.010000000000000005,-100.0,,,,
328000,train_step,,,0.010000000000000005,-100.0,100000,15.683887481689453,-41.24695587158203,5.549975395202637
328837,episode_end,-154.2984739015257,1000,0.010000000000000005,-100.0,,,,
329000,train_step,,,0.010000000000000005,-100.0,100000,31.915523529052734,-34.39265060424805,5.213314056396484
329410,episode_end,-230.91362156746465,573,0.010000000000000005,-100.0,,,,
330000,train_step,,,0.010000000000000005,-100.0,100000,269.63037109375,-42.03471374511719,5.413521766662598
330410,episode_end,-219.96368610067037,1000,0.010000000000000005,-100.0,,,,
331000,train_step,,,0.010000000000000005,-100.0,100000,321.36846923828125,-34.86627197265625,5.688348770141602
331410,episode_end,-87.90907617399982,1000,0.010000000000000005,-100.0,,,,
332000,train_step,,,0.010000000000000005,-100.0,100000,9.523321151733398,-34.557472229003906,5.023567199707031
332410,episode_end,-122.4021577457395,1000,0.010000000000000005,-100.0,,,,
333000,train_step,,,0.010000000000000005,-100.0,100000,156.18045043945312,-44.60227966308594,5.821125030517578
333410,episode_end,-123.65226504477425,1000,0.010000000000000005,-100.0,,,,
334000,train_step,,,0.010000000000000005,-100.0,100000,43.733497619628906,-33.613929748535156,4.927660942077637
334410,episode_end,-176.67088366266475,1000,0.010000000000000005,-100.0,,,,
335000,train_step,,,0.010000000000000005,-100.0,100000,8.692663192749023,-32.11487579345703,4.784074783325195
335324,episode_end,67.11281501860014,914,0.010000000000000005,-100.0,,,,
335392,episode_end,-51.65318785066128,68,0.010000000000000005,-100.0,,,,
336000,train_step,,,0.010000000000000005,-100.0,100000,17.693092346191406,-30.95427703857422,5.038351058959961
336392,episode_end,-135.4085564783104,1000,0.010000000000000005,-100.0,,,,
336462,episode_end,-146.6724123770771,70,0.010000000000000005,-100.0,,,,
337000,train_step,,,0.010000000000000005,-100.0,100000,10.793645858764648,-34.064002990722656,4.854537010192871
337462,episode_end,-105.71469478526355,1000,0.010000000000000005,-100.0,,,,
338000,train_step,,,0.010000000000000005,-100.0,100000,13.028007507324219,-35.986785888671875,5.095739364624023
338450,episode_end,7.533213804112194,988,0.010000000000000005,-100.0,,,,
338928,episode_end,149.3227214151933,478,0.010000000000000005,-100.0,,,,
339000,train_step,,,0.010000000000000005,-100.0,100000,116.13428497314453,-32.91152572631836,4.9808549880981445
339014,episode_end,-140.11752443116345,86,0.010000000000000005,-100.0,,,,
339294,episode_end,151.24216292663425,280,0.010000000000000005,-100.0,,,,
339566,episode_end,167.90856866745344,272,0.010000000000000005,-100.0,,,,
339669,episode_end,-15.78857339996813,103,0.010000000000000005,-100.0,,,,
339992,episode_end,178.62997513330282,323,0.010000000000000005,-100.0,,,,
340000,train_step,,,0.010000000000000005,-100.0,100000,12.940711975097656,-40.38376998901367,5.003745079040527
340392,episode_end,82.91099675313458,400,0.010000000000000005,-100.0,,,,
341000,train_step,,,0.010000000000000005,-100.0,100000,68.7034683227539,-31.455150604248047,5.353911399841309
341089,episode_end,99.29237867357614,697,0.010000000000000005,-100.0,,,,
341189,episode_end,-92.67773837915792,100,0.010000000000000005,-100.0,,,,
341632,episode_end,120.63766702338737,443,0.010000000000000005,-100.0,,,,
342000,train_step,,,0.010000000000000005,-100.0,100000,18.85653305053711,-39.73460388183594,5.01372766494751
342011,episode_end,153.91460394882535,379,0.010000000000000005,-100.0,,,,
342384,episode_end,163.80678937670163,373,0.010000000000000005,-100.0,,,,
342935,episode_end,116.21604434155071,551,0.010000000000000005,-100.0,,,,
343000,train_step,,,0.010000000000000005,-100.0,100000,14.47901439666748,-34.73796081542969,5.5824079513549805
343040,episode_end,-141.89133468969789,105,0.010000000000000005,-100.0,,,,
343418,episode_end,151.08497145608618,378,0.010000000000000005,-100.0,,,,
343518,episode_end,-43.85869269840189,100,0.010000000000000005,-100.0,,,,
343620,episode_end,-219.12168400601655,102,0.010000000000000005,-100.0,,,,
343691,episode_end,-32.369182806803224,71,0.010000000000000005,-100.0,,,,
344000,train_step,,,0.010000000000000005,-100.0,100000,30.354705810546875,-35.365570068359375,6.064303398132324
344053,episode_end,145.11512385373945,362,0.010000000000000005,-100.0,,,,
344478,episode_end,120.47562693264615,425,0.010000000000000005,-100.0,,,,
344733,episode_end,160.96545475483367,255,0.010000000000000005,-100.0,,,,
344995,episode_end,189.18003092205197,262,0.010000000000000005,-100.0,,,,
345000,train_step,,,0.010000000000000005,-100.0,100000,19.236461639404297,-47.87569046020508,5.968441009521484
345339,episode_end,-455.64939405605253,344,0.010000000000000005,-100.0,,,,
345456,episode_end,-53.446238108029426,117,0.010000000000000005,-100.0,,,,
345819,episode_end,151.5237906998766,363,0.010000000000000005,-100.0,,,,
346000,train_step,,,0.010000000000000005,-100.0,100000,24.706743240356445,-43.87910079956055,7.072676658630371
346075,episode_end,132.28820861057235,256,0.010000000000000005,-100.0,,,,
346439,episode_end,159.61511396912127,364,0.010000000000000005,-100.0,,,,
346748,episode_end,181.94494697904724,309,0.010000000000000005,-100.0,,,,
347000,train_step,,,0.010000000000000005,-100.0,100000,32.068172454833984,-45.08523178100586,6.622433662414551
347093,episode_end,143.94555117383356,345,0.010000000000000005,-100.0,,,,
347315,episode_end,177.17402488272987,222,0.010000000000000005,-100.0,,,,
347700,episode_end,141.04722585827233,385,0.010000000000000005,-100.0,,,,
347990,episode_end,130.06501651059605,290,0.010000000000000005,-100.0,,,,
348000,train_step,,,0.010000000000000005,-100.0,100000,63.3636589050293,-50.004783630371094,7.223763465881348
348288,episode_end,155.69157849877513,298,0.010000000000000005,-100.0,,,,
348531,episode_end,143.52402991022456,243,0.010000000000000005,-100.0,,,,
348951,episode_end,167.83920604240956,420,0.010000000000000005,-100.0,,,,
349000,train_step,,,0.010000000000000005,-100.0,100000,20.247573852539062,-53.165016174316406,7.418168067932129
349285,episode_end,167.87253700967926,334,0.010000000000000005,-100.0,,,,
349481,episode_end,147.43883075909707,196,0.010000000000000005,-100.0,,,,
349774,episode_end,129.79572560356274,293,0.010000000000000005,-100.0,,,,
350000,train_step,,,0.010000000000000005,-100.0,100000,21.864822387695312,-58.75968933105469,7.385024070739746
350058,episode_end,150.8418938584757,284,0.010000000000000005,-100.0,,,,
350437,episode_end,126.15934363837653,379,0.010000000000000005,-100.0,,,,
350961,episode_end,151.19844967857452,524,0.010000000000000005,-100.0,,,,
351000,train_step,,,0.010000000000000005,-100.0,100000,32.8812370300293,-59.99236297607422,6.893372535705566
351294,episode_end,176.0854365016488,333,0.010000000000000005,-100.0,,,,
351751,episode_end,98.65492402302134,457,0.010000000000000005,-100.0,,,,
352000,train_step,,,0.010000000000000005,-100.0,100000,24.348297119140625,-56.88800048828125,7.413617134094238
352232,episode_end,145.25943933254882,481,0.010000000000000005,-100.0,,,,
352602,episode_end,122.624635073571,370,0.010000000000000005,-100.0,,,,
353000,train_step,,,0.010000000000000005,-100.0,100000,18.02273178100586,-58.994606018066406,6.293166160583496
353036,episode_end,104.63239371974744,434,0.010000000000000005,-100.0,,,,
353462,episode_end,170.6307241467784,426,0.010000000000000005,-100.0,,,,
353945,episode_end,107.38560782572272,483,0.010000000000000005,-100.0,,,,
354000,train_step,,,0.010000000000000005,-100.0,100000,18.77812957763672,-61.8211669921875,6.824570655822754
354339,episode_end,138.71793972904942,394,0.010000000000000005,-100.0,,,,
354748,episode_end,160.91779496050196,409,0.010000000000000005,-100.0,,,,
355000,train_step,,,0.010000000000000005,-100.0,100000,19.229583740234375,-61.538421630859375,6.827372074127197
355192,episode_end,158.3328520865777,444,0.010000000000000005,-100.0,,,,
356000,train_step,,,0.010000000000000005,-100.0,100000,19.370651245117188,-58.468284606933594,6.426638603210449
356192,episode_end,-109.88694521800579,1000,0.010000000000000005,-100.0,,,,
356605,episode_end,119.40840098232714,413,0.010000000000000005,-100.0,,,,
357000,train_step,,,0.010000000000000005,-100.0,100000,57.54279327392578,-67.05926513671875,6.778785705566406
357009,episode_end,154.1281801699335,404,0.010000000000000005,-100.0,,,,
357587,episode_end,124.58732712716483,578,0.010000000000000005,-100.0,,,,
358000,train_step,,,0.010000000000000005,-100.0,100000,17.37666130065918,-67.49497985839844,6.524416923522949
358072,episode_end,109.40808624463479,485,0.010000000000000005,-100.0,,,,
358571,episode_end,99.8839633702551,499,0.010000000000000005,-100.0,,,,
358861,episode_end,141.6702226950132,290,0.010000000000000005,-100.0,,,,
359000,train_step,,,0.010000000000000005,-100.0,100000,117.2054443359375,-64.23857879638672,6.359280586242676
359318,episode_end,117.44526756092444,457,0.010000000000000005,-100.0,,,,
359622,episode_end,166.46343506224733,304,0.010000000000000005,-100.0,,,,
360000,train_step,,,0.010000000000000005,-100.0,100000,15.644939422607422,-67.91032409667969,6.332501411437988
360602,episode_end,42.657598684532175,980,0.010000000000000005,-100.0,,,,
361000,train_step,,,0.010000000000000005,-100.0,100000,34.42012023925781,-64.53462219238281,5.551003456115723
361062,episode_end,213.71448821363452,460,0.010000000000000005,-100.0,,,,
361480,episode_end,113.79312137115713,418,0.010000000000000005,-100.0,,,,
361819,episode_end,127.2185709526519,339,0.010000000000000005,-100.0,,,,
362000,train_step,,,0.010000000000000005,-100.0,100000,8.678858757019043,-62.910640716552734,6.005285263061523
362101,episode_end,181.0633310993386,282,0.010000000000000005,-100.0,,,,
362459,episode_end,148.10734071441163,358,0.010000000000000005,-100.0,,,,
363000,train_step,,,0.010000000000000005,-100.0,100000,10.612407684326172,-64.90631866455078,6.289736270904541
363459,episode_end,-45.45551806662827,1000,0.010000000000000005,-100.0,,,,
364000,train_step,,,0.010000000000000005,-100.0,100000,12.621283531188965,-63.609642028808594,6.063541412353516
364412,episode_end,-521.645070245234,953,0.010000000000000005,-100.0,,,,
364666,episode_end,-122.05912613016254,254,0.010000000000000005,-100.0,,,,
364950,episode_end,167.03421842158718,284,0.010000000000000005,-100.0,,,,
365000,train_step,,,0.010000000000000005,-100.0,100000,12.69642448425293,-64.52658081054688,6.206894397735596
365311,episode_end,118.50290256818712,361,0.010000000000000005,-100.0,,,,
365398,episode_end,-141.41360443034537,87,0.010000000000000005,-100.0,,,,
366000,train_step,,,0.010000000000000005,-100.0,100000,12.288933753967285,-66.86434936523438,5.904971599578857
366117,episode_end,-1.6924882604518956,719,0.010000000000000005,-100.0,,,,
366674,episode_end,127.3079246604886,557,0.010000000000000005,-100.0,,,,
367000,train_step,,,0.010000000000000005,-100.0,100000,13.673913955688477,-65.14308166503906,5.891035079956055
367080,episode_end,133.51732113212395,406,0.010000000000000005,-100.0,,,,
367347,episode_end,176.3892683392587,267,0.010000000000000005,-100.0,,,,
367422,episode_end,-75.87090950501006,75,0.010000000000000005,-100.0,,,,
367751,episode_end,171.27557062284188,329,0.010000000000000005,-100.0,,,,
368000,train_step,,,0.010000000000000005,-100.0,100000,301.32757568359375,-64.09889221191406,6.342047691345215
368066,episode_end,-119.88400460368354,315,0.010000000000000005,-100.0,,,,
368610,episode_end,212.56495500575767,544,0.010000000000000005,-100.0,,,,
368888,episode_end,145.06288545911556,278,0.010000000000000005,-100.0,,,,
369000,train_step,,,0.010000000000000005,-100.0,100000,14.82433032989502,-61.642005920410156,5.791993141174316
369219,episode_end,160.22328443053146,331,0.010000000000000005,-100.0,,,,
369530,episode_end,137.93257305911246,311,0.010000000000000005,-100.0,,,,
369722,episode_end,161.3081803598019,192,0.010000000000000005,-100.0,,,,
369872,episode_end,-126.27267958513916,150,0.010000000000000005,-100.0,,,,
370000,train_step,,,0.010000000000000005,-100.0,100000,81.58894348144531,-64.28345489501953,6.257015705108643
370251,episode_end,159.36122613684452,379,0.010000000000000005,-100.0,,,,
370535,episode_end,164.29763400271278,284,0.010000000000000005,-100.0,,,,
370785,episode_end,166.6520041247902,250,0.010000000000000005,-100.0,,,,
371000,train_step,,,0.010000000000000005,-100.0,100000,80.78343200683594,-63.10944366455078,5.876208305358887
371107,episode_end,149.47679592241263,322,0.010000000000000005,-100.0,,,,
371342,episode_end,156.33179025669705,235,0.010000000000000005,-100.0,,,,
371621,episode_end,164.2452187926104,279,0.010000000000000005,-100.0,,,,
371825,episode_end,-133.00138756549993,204,0.010000000000000005,-100.0,,,,
372000,train_step,,,0.010000000000000005,-100.0,100000,77.52857971191406,-64.57982635498047,6.333198547363281
372097,episode_end,190.6553207679988,272,0.010000000000000005,-100.0,,,,
372168,episode_end,-94.67745845627822,71,0.010000000000000005,-100.0,,,,
372280,episode_end,-68.27625879724371,112,0.010000000000000005,-100.0,,,,
372441,episode_end,164.90721159196204,161,0.010000000000000005,-100.0,,,,
372629,episode_end,-109.48327218923795,188,0.010000000000000005,-100.0,,,,
372986,episode_end,118.98916510602456,357,0.010000000000000005,-100.0,,,,
373000,train_step,,,0.010000000000000005,-100.0,100000,93.06597900390625,-63.08408737182617,6.552968978881836
373230,episode_end,175.4637314007672,244,0.010000000000000005,-100.0,,,,
373518,episode_end,197.4115677378891,288,0.010000000000000005,-100.0,,,,
373746,episode_end,131.4428011657513,228,0.010000000000000005,-100.0,,,,
374000,train_step,,,0.010000000000000005,-100.0,100000,59.1652946472168,-63.333011627197266,6.608799934387207
374010,episode_end,166.34034918485457,264,0.010000000000000005,-100.0,,,,
374121,episode_end,24.192265996568892,111,0.010000000000000005,-100.0,,,,
374518,episode_end,130.82026950558947,397,0.010000000000000005,-100.0,,,,
374792,episode_end,151.11742136596752,274,0.010000000000000005,-100.0,,,,
375000,train_step,,,0.010000000000000005,-100.0,100000,117.7677230834961,-63.669681549072266,6.458230972290039
375082,episode_end,154.89455412680522,290,0.010000000000000005,-100.0,,,,
375212,episode_end,53.457849682364724,130,0.010000000000000005,-100.0,,,,
375419,episode_end,165.88380068497017,207,0.010000000000000005,-100.0,,,,
375920,episode_end,202.70774125122435,501,0.010000000000000005,-100.0,,,,
376000,train_step,,,0.010000000000000005,-100.0,100000,11.771997451782227,-66.1482925415039,6.670877456665039
376318,episode_end,231.57719797178453,398,0.010000000000000005,-100.0,,,,
376854,episode_end,117.02141866563346,536,0.010000000000000005,-100.0,,,,
377000,train_step,,,0.010000000000000005,-100.0,100000,17.22341537475586,-62.954681396484375,5.82744026184082
377213,episode_end,146.02422812510494,359,0.010000000000000005,-100.0,,,,
377724,episode_end,233.25154184132595,511,0.010000000000000005,-100.0,,,,
378000,train_step,,,0.010000000000000005,-100.0,100000,56.69788360595703,-66.47740173339844,6.660402297973633
378576,episode_end,51.200256248831856,852,0.010000000000000005,-100.0,,,,
378940,episode_end,175.58412915669538,364,0.010000000000000005,-100.0,,,,
379000,train_step,,,0.010000000000000005,-100.0,100000,164.9765625,-63.84770202636719,5.850097179412842
379300,episode_end,162.12864757973293,360,0.010000000000000005,-100.0,,,,
379748,episode_end,236.72243798916557,448,0.010000000000000005,-100.0,,,,
380000,train_step,,,0.010000000000000005,-100.0,100000,19.711746215820312,-64.94674682617188,5.82783317565918
380126,episode_end,131.828700676832,378,0.010000000000000005,-100.0,,,,
380347,episode_end,178.62043677789148,221,0.010000000000000005,-100.0,,,,
380754,episode_end,135.44317912581073,407,0.010000000000000005,-100.0,,,,
381000,train_step,,,0.010000000000000005,-100.0,100000,66.22322845458984,-67.8313980102539,6.027941703796387
381450,episode_end,87.15755447410916,696,0.010000000000000005,-100.0,,,,
381573,episode_end,37.107738659813265,123,0.010000000000000005,-100.0,,,,
381969,episode_end,98.658030950568,396,0.010000000000000005,-100.0,,,,
382000,train_step,,,0.010000000000000005,-100.0,100000,103.6658935546875,-66.70413208007812,5.752530574798584
382300,episode_end,107.67353496037808,331,0.010000000000000005,-100.0,,,,
383000,train_step,,,0.010000000000000005,-100.0,100000,29.143253326416016,-63.77140808105469,5.961346626281738
383300,episode_end,-47.680511442493014,1000,0.010000000000000005,-100.0,,,,
384000,train_step,,,0.010000000000000005,-100.0,100000,12.759635925292969,-65.40796661376953,5.451586723327637
384300,episode_end,24.5071569065937,1000,0.010000000000000005,-100.0,,,,
384625,episode_end,150.9694159623631,325,0.010000000000000005,-100.0,,,,
384695,episode_end,39.670930410284456,70,0.010000000000000005,-100.0,,,,
385000,train_step,,,0.010000000000000005,-100.0,100000,12.563604354858398,-63.558082580566406,5.389171123504639
385037,episode_end,249.8200804760622,342,0.010000000000000005,-100.0,,,,
385873,episode_end,-0.9942318350691153,836,0.010000000000000005,-100.0,,,,
385952,episode_end,14.689202126029471,79,0.010000000000000005,-100.0,,,,
386000,train_step,,,0.010000000000000005,-100.0,100000,95.6190414428711,-65.21147918701172,5.53385066986084
386552,episode_end,208.45989502687945,600,0.010000000000000005,-100.0,,,,
386984,episode_end,127.21345498755247,432,0.010000000000000005,-100.0,,,,
387000,train_step,,,0.010000000000000005,-100.0,100000,57.843955993652344,-63.93653106689453,5.702378273010254
387926,episode_end,-261.93210850343155,942,0.010000000000000005,-100.0,,,,
388000,train_step,,,0.010000000000000005,-100.0,100000,23.108064651489258,-63.10349655151367,5.831427574157715
388348,episode_end,-186.18659469719677,422,0.010000000000000005,-100.0,,,,
389000,train_step,,,0.010000000000000005,-100.0,100000,97.61306762695312,-62.28990936279297,5.580779075622559
389015,episode_end,91.75957906762103,667,0.010000000000000005,-100.0,,,,
389809,episode_end,32.64777455837235,794,0.010000000000000005,-100.0,,,,
390000,train_step,,,0.010000000000000005,-100.0,100000,11.073995590209961,-62.92326354980469,6.44608211517334
390809,episode_end,94.30153787365504,1000,0.010000000000000005,-100.0,,,,
391000,train_step,,,0.010000000000000005,-100.0,100000,225.27273559570312,-57.44988250732422,5.833425045013428
391809,episode_end,-139.3807269403086,1000,0.010000000000000005,-100.0,,,,
391942,episode_end,189.39770787974132,133,0.010000000000000005,-100.0,,,,
392000,train_step,,,0.010000000000000005,-100.0,100000,71.07376098632812,-62.873558044433594,6.1519365310668945
392510,episode_end,224.04369521859059,568,0.010000000000000005,-100.0,,,,
392855,episode_end,276.6425196293534,345,0.010000000000000005,-100.0,,,,
393000,train_step,,,0.010000000000000005,-100.0,100000,130.3572998046875,-62.55302047729492,5.664907455444336
393295,episode_end,119.10070400419576,440,0.010000000000000005,-100.0,,,,
393586,episode_end,-6.585783457446425,291,0.010000000000000005,-100.0,,,,
393944,episode_end,196.92843300796324,358,0.010000000000000005,-100.0,,,,
394000,train_step,,,0.010000000000000005,-100.0,100000,47.30641174316406,-61.418357849121094,6.206242084503174
394299,episode_end,180.74412987678784,355,0.010000000000000005,-100.0,,,,
394458,episode_end,-263.7157642396532,159,0.010000000000000005,-100.0,,,,
394856,episode_end,122.9750873259545,398,0.010000000000000005,-100.0,,,,
395000,train_step,,,0.010000000000000005,-100.0,100000,34.11166000366211,-61.793006896972656,5.928986549377441
395410,episode_end,224.23857821142772,554,0.010000000000000005,-100.0,,,,
395838,episode_end,249.53708028792835,428,0.010000000000000005,-100.0,,,,
396000,train_step,,,0.010000000000000005,-100.0,100000,17.253549575805664,-59.27996063232422,4.851696014404297
396174,episode_end,249.26752775597913,336,0.010000000000000005,-100.0,,,,
396555,episode_end,140.01886443025387,381,0.010000000000000005,-100.0,,,,
397000,train_step,,,0.010000000000000005,-100.0,100000,11.622225761413574,-62.95343017578125,5.109036445617676
397555,episode_end,-116.692797690558,1000,0.010000000000000005,-100.0,,,,
398000,train_step,,,0.010000000000000005,-100.0,100000,51.28135681152344,-58.41569900512695,5.843365669250488
398136,episode_end,-110.68837912213873,581,0.010000000000000005,-100.0,,,,
398416,episode_end,157.3882493422687,280,0.010000000000000005,-100.0,,,,
399000,train_step,,,0.010000000000000005,-100.0,100000,21.918813705444336,-60.09521484375,5.433968544006348
399416,episode_end,-145.68886958168898,1000,0.010000000000000005,-100.0,,,,
400000,train_step,,,0.010000000000000005,-100.0,100000,164.36639404296875,-56.816646575927734,6.111649513244629
400206,episode_end,-215.2154493080073,790,0.010000000000000005,-100.0,,,,
400491,episode_end,-104.68328084218481,285,0.010000000000000005,-100.0,,,,
401000,train_step,,,0.010000000000000005,-100.0,100000,88.18936157226562,-59.31958770751953,5.662652015686035
401490,episode_end,144.0149288945153,999,0.010000000000000005,-100.0,,,,
402000,train_step,,,0.010000000000000005,-100.0,100000,68.11421203613281,-54.737709045410156,5.779437065124512
402264,episode_end,180.1706377271612,774,0.010000000000000005,-100.0,,,,
402598,episode_end,-716.1822173339431,334,0.010000000000000005,-100.0,,,,
402917,episode_end,250.23586929090376,319,0.010000000000000005,-100.0,,,,
403000,train_step,,,0.010000000000000005,-100.0,100000,27.786258697509766,-53.72016906738281,5.631830215454102
403554,episode_end,151.82900756405195,637,0.010000000000000005,-100.0,,,,
404000,train_step,,,0.010000000000000005,-100.0,100000,26.631473541259766,-55.242576599121094,5.181107997894287
404554,episode_end,-4.861868753612379,1000,0.010000000000000005,-100.0,,,,
404729,episode_end,309.19867926850617,175,0.010000000000000005,-100.0,,,,
405000,train_step,,,0.010000000000000005,-100.0,100000,98.8213119506836,-53.42967224121094,5.261427402496338
405729,episode_end,-104.38524624275033,1000,0.010000000000000005,-100.0,,,,
406000,train_step,,,0.010000000000000005,-100.0,100000,22.98290252685547,-57.00824737548828,5.036709785461426
406598,episode_end,169.6518414610436,869,0.010000000000000005,-100.0,,,,
406834,episode_end,283.2092341379845,236,0.010000000000000005,-100.0,,,,
407000,train_step,,,0.010000000000000005,-100.0,100000,22.69540023803711,-55.689918518066406,6.0367231369018555
407244,episode_end,139.64912982475659,410,0.010000000000000005,-100.0,,,,
407453,episode_end,174.14742993677922,209,0.010000000000000005,-100.0,,,,
407749,episode_end,155.4197685742255,296,0.010000000000000005,-100.0,,,,
408000,train_step,,,0.010000000000000005,-100.0,100000,12.330169677734375,-53.09819030761719,5.787823677062988
408210,episode_end,235.051387058402,461,0.010000000000000005,-100.0,,,,
408471,episode_end,275.93693043285975,261,0.010000000000000005,-100.0,,,,
408865,episode_end,240.88535426479402,394,0.010000000000000005,-100.0,,,,
409000,train_step,,,0.010000000000000005,-100.0,100000,10.930883407592773,-51.1852912902832,5.756308078765869
409232,episode_end,263.80584799150824,367,0.010000000000000005,-100.0,,,,
409644,episode_end,271.83057178272475,412,0.010000000000000005,-100.0,,,,
409863,episode_end,148.09251306238468,219,0.010000000000000005,-100.0,,,,
410000,train_step,,,0.010000000000000005,-100.0,100000,10.267032623291016,-54.422828674316406,5.550209999084473
410120,episode_end,132.3096381814517,257,0.010000000000000005,-100.0,,,,
410831,episode_end,164.99411325379754,711,0.010000000000000005,-100.0,,,,
411000,train_step,,,0.010000000000000005,-100.0,100000,18.339441299438477,-54.69913864135742,6.116432189941406
411261,episode_end,220.50334337211723,430,0.010000000000000005,-100.0,,,,
411651,episode_end,241.3388941564326,390,0.010000000000000005,-100.0,,,,
411969,episode_end,271.78097375329753,318,0.010000000000000005,-100.0,,,,
412000,train_step,,,0.010000000000000005,-100.0,100000,26.447837829589844,-55.68458938598633,6.0922112464904785
412166,episode_end,148.05328420957767,197,0.010000000000000005,-100.0,,,,
412377,episode_end,168.05121592519794,211,0.010000000000000005,-100.0,,,,
412691,episode_end,123.61360012162787,314,0.010000000000000005,-100.0,,,,
412988,episode_end,269.36469770150325,297,0.010000000000000005,-100.0,,,,
413000,train_step,,,0.010000000000000005,-100.0,100000,27.668359756469727,-56.19359588623047,5.795443058013916
413988,episode_end,-146.75979134303157,1000,0.010000000000000005,-100.0,,,,
414000,train_step,,,0.010000000000000005,-100.0,100000,14.594987869262695,-52.37274932861328,5.725875377655029
414417,episode_end,217.4940428900261,429,0.010000000000000005,-100.0,,,,
414563,episode_end,159.3881832924423,146,0.010000000000000005,-100.0,,,,
414855,episode_end,291.83488325035194,292,0.010000000000000005,-100.0,,,,
415000,train_step,,,0.010000000000000005,-100.0,100000,17.422382354736328,-51.989994049072266,5.795888423919678
415286,episode_end,129.97306589957185,431,0.010000000000000005,-100.0,,,,
415494,episode_end,153.03084531654372,208,0.010000000000000005,-100.0,,,,
415757,episode_end,159.64647043650697,263,0.010000000000000005,-100.0,,,,
416000,train_step,,,0.010000000000000005,-100.0,100000,15.974674224853516,-52.31895446777344,5.423261642456055
416055,episode_end,-135.91527612356032,298,0.010000000000000005,-100.0,,,,
416260,episode_end,252.12443726675028,205,0.010000000000000005,-100.0,,,,
417000,train_step,,,0.010000000000000005,-100.0,100000,28.093717575073242,-52.77800750732422,5.8878350257873535
417043,episode_end,-222.15150823737144,783,0.010000000000000005,-100.0,,,,
417249,episode_end,139.50551779178497,206,0.010000000000000005,-100.0,,,,
418000,train_step,,,0.010000000000000005,-100.0,100000,45.34766387939453,-51.17890167236328,5.579883575439453
418201,episode_end,-212.5814187110693,952,0.010000000000000005,-100.0,,,,
418408,episode_end,172.02349081078216,207,0.010000000000000005,-100.0,,,,
418720,episode_end,271.99256527724106,312,0.010000000000000005,-100.0,,,,
419000,train_step,,,0.010000000000000005,-100.0,100000,9.748174667358398,-50.07646942138672,5.825867652893066
419030,episode_end,254.36782810075525,310,0.010000000000000005,-100.0,,,,
419318,episode_end,277.12894660051205,288,0.010000000000000005,-100.0,,,,
419509,episode_end,146.16585593907473,191,0.010000000000000005,-100.0,,,,
420000,train_step,,,0.010000000000000005,-100.0,100000,15.077363967895508,-50.09964370727539,5.541650772094727
420021,episode_end,136.65925005174364,512,0.010000000000000005,-100.0,,,,
420518,episode_end,143.53778813054979,497,0.010000000000000005,-100.0,,,,
421000,train_step,,,0.010000000000000005,-100.0,100000,13.796377182006836,-51.208003997802734,5.5841827392578125
421169,episode_end,103.25432146054087,651,0.010000000000000005,-100.0,,,,
422000,train_step,,,0.010000000000000005,-100.0,100000,25.50738525390625,-52.709625244140625,5.883563995361328
422123,episode_end,-249.31128056920667,954,0.010000000000000005,-100.0,,,,
423000,train_step,,,0.010000000000000005,-100.0,100000,12.096549987792969,-54.2418212890625,6.1627302169799805
423123,episode_end,-106.86886567505547,1000,0.010000000000000005,-100.0,,,,
423747,episode_end,91.85805770793526,624,0.010000000000000005,-100.0,,,,
424000,train_step,,,0.010000000000000005,-100.0,100000,11.156804084777832,-53.75701141357422,5.7028093338012695
424747,episode_end,-107.37412586845478,1000,0.010000000000000005,-100.0,,,,
425000,train_step,,,0.010000000000000005,-100.0,100000,9.221235275268555,-51.06463623046875,5.4032392501831055
425747,episode_end,-94.62298867764169,1000,0.010000000000000005,-100.0,,,,
426000,train_step,,,0.010000000000000005,-100.0,100000,25.411258697509766,-50.59302520751953,5.753531455993652
426747,episode_end,-99.61987463582686,1000,0.010000000000000005,-100.0,,,,
427000,train_step,,,0.010000000000000005,-100.0,100000,10.132425308227539,-50.514854431152344,5.859256744384766
427008,episode_end,293.4370017211071,261,0.010000000000000005,-100.0,,,,
427250,episode_end,148.92396726583468,242,0.010000000000000005,-100.0,,,,
427538,episode_end,127.06197927405135,288,0.010000000000000005,-100.0,,,,
428000,train_step,,,0.010000000000000005,-100.0,100000,25.16722869873047,-51.432899475097656,6.064118385314941
428538,episode_end,-34.89727316477793,1000,0.010000000000000005,-100.0,,,,
428813,episode_end,167.09654923261414,275,0.010000000000000005,-100.0,,,,
429000,train_step,,,0.010000000000000005,-100.0,100000,16.538000106811523,-51.942840576171875,5.477293968200684
429813,episode_end,-71.77388962784102,1000,0.010000000000000005,-100.0,,,,
430000,train_step,,,0.010000000000000005,-100.0,100000,35.539833068847656,-50.222984313964844,5.962368011474609
430813,episode_end,-61.4171522143034,1000,0.010000000000000005,-100.0,,,,
431000,train_step,,,0.010000000000000005,-100.0,100000,80.84416198730469,-49.07121276855469,5.222257614135742
431813,episode_end,-59.914700864837855,1000,0.010000000000000005,-100.0,,,,
432000,train_step,,,0.010000000000000005,-100.0,100000,10.724739074707031,-47.12705993652344,4.797283172607422
432813,episode_end,-64.08666690433928,1000,0.010000000000000005,-100.0,,,,
433000,train_step,,,0.010000000000000005,-100.0,100000,23.374588012695312,-50.83989715576172,5.388707160949707
433813,episode_end,-95.34357575780909,1000,0.010000000000000005,-100.0,,,,
434000,train_step,,,0.010000000000000005,-100.0,100000,35.75084686279297,-47.308387756347656,5.654770851135254
434204,episode_end,200.8516224356765,391,0.010000000000000005,-100.0,,,,
435000,train_step,,,0.010000000000000005,-100.0,100000,12.943090438842773,-49.399776458740234,5.491971015930176
435204,episode_end,-43.914577454258755,1000,0.010000000000000005,-100.0,,,,
436000,train_step,,,0.010000000000000005,-100.0,100000,17.31710433959961,-49.878387451171875,5.365634918212891
436204,episode_end,-7.474665352520651,1000,0.010000000000000005,-100.0,,,,
436440,episode_end,240.9410277223587,236,0.010000000000000005,-100.0,,,,
436730,episode_end,157.55127558799597,290,0.010000000000000005,-100.0,,,,
437000,train_step,,,0.010000000000000005,-100.0,100000,23.317523956298828,-49.39139175415039,5.503719329833984
437083,episode_end,169.33934647794285,353,0.010000000000000005,-100.0,,,,
437487,episode_end,186.58741580383463,404,0.010000000000000005,-100.0,,,,
438000,train_step,,,0.010000000000000005,-100.0,100000,13.92982292175293,-51.065696716308594,5.515981674194336
438487,episode_end,-40.632894126057714,1000,0.010000000000000005,-100.0,,,,
439000,train_step,,,0.010000000000000005,-100.0,100000,15.354379653930664,-48.671932220458984,4.861546993255615
439203,episode_end,154.32527689186162,716,0.010000000000000005,-100.0,,,,
439526,episode_end,123.6763703951555,323,0.010000000000000005,-100.0,,,,
439720,episode_end,178.16665021891214,194,0.010000000000000005,-100.0,,,,
439929,episode_end,208.47871133387633,209,0.010000000000000005,-100.0,,,,
440000,train_step,,,0.010000000000000005,-100.0,100000,15.584287643432617,-51.99409484863281,5.247584342956543
440929,episode_end,-118.09859790874816,1000,0.010000000000000005,-100.0,,,,
441000,train_step,,,0.010000000000000005,-100.0,100000,59.46116638183594,-50.59551239013672,5.180083274841309
441929,episode_end,-65.33376867790078,1000,0.010000000000000005,-100.0,,,,
442000,train_step,,,0.010000000000000005,-100.0,100000,7.485764503479004,-49.53639221191406,5.232495307922363
442929,episode_end,5.956967870188922,1000,0.010000000000000005,-100.0,,,,
443000,train_step,,,0.010000000000000005,-100.0,100000,8.896459579467773,-49.857330322265625,5.3987345695495605
443187,episode_end,202.32739424193875,258,0.010000000000000005,-100.0,,,,
444000,train_step,,,0.010000000000000005,-100.0,100000,11.90889835357666,-50.7153434753418,5.4440717697143555
444187,episode_end,-66.55810435492573,1000,0.010000000000000005,-100.0,,,,
444949,episode_end,76.23201942453021,762,0.010000000000000005,-100.0,,,,
445000,train_step,,,0.010000000000000005,-100.0,100000,55.35015869140625,-49.98538589477539,5.111268997192383
445439,episode_end,190.07564048596015,490,0.010000000000000005,-100.0,,,,
445680,episode_end,265.85215247853216,241,0.010000000000000005,-100.0,,,,
445876,episode_end,174.10057381154297,196,0.010000000000000005,-100.0,,,,
446000,train_step,,,0.010000000000000005,-100.0,100000,16.114078521728516,-49.70037841796875,5.128024101257324
446248,episode_end,173.94386793403243,372,0.010000000000000005,-100.0,,,,
447000,train_step,,,0.010000000000000005,-100.0,100000,22.620864868164062,-51.187313079833984,4.8709259033203125
447248,episode_end,-43.87538542208615,1000,0.010000000000000005,-100.0,,,,
448000,train_step,,,0.010000000000000005,-100.0,100000,24.792713165283203,-49.37078094482422,5.227547645568848
448248,episode_end,-120.83530406943986,1000,0.010000000000000005,-100.0,,,,
449000,train_step,,,0.010000000000000005,-100.0,100000,5.854689598083496,-48.21372985839844,5.430657863616943
449248,episode_end,-73.37343831821586,1000,0.010000000000000005,-100.0,,,,
449840,episode_end,189.187892088917,592,0.010000000000000005,-100.0,,,,
450000,train_step,,,0.010000000000000005,-100.0,100000,83.21511840820312,-48.841758728027344,5.075887680053711
450308,episode_end,211.93712931765717,468,0.010000000000000005,-100.0,,,,
451000,train_step,,,0.010000000000000005,-100.0,100000,13.678807258605957,-49.50077819824219,5.231898307800293
451308,episode_end,-96.131954982503,1000,0.010000000000000005,-100.0,,,,
452000,train_step,,,0.010000000000000005,-100.0,100000,71.53555297851562,-50.51898193359375,5.531759262084961
452308,episode_end,-92.93859512761384,1000,0.010000000000000005,-100.0,,,,
452782,episode_end,198.12481856919956,474,0.010000000000000005,-100.0,,,,
453000,train_step,,,0.010000000000000005,-100.0,100000,15.561088562011719,-52.30621337890625,5.301379203796387
453005,episode_end,266.43285863582724,223,0.010000000000000005,-100.0,,,,
454000,train_step,,,0.010000000000000005,-100.0,100000,68.4117431640625,-48.15926742553711,5.387899398803711
454005,episode_end,-63.91392883484043,1000,0.010000000000000005,-100.0,,,,
455000,train_step,,,0.010000000000000005,-100.0,100000,8.740840911865234,-51.730892181396484,5.44861364364624
455005,episode_end,-58.02752671111956,1000,0.010000000000000005,-100.0,,,,
455182,episode_end,167.11211220117696,177,0.010000000000000005,-100.0,,,,
456000,train_step,,,0.010000000000000005,-100.0,100000,80.96416473388672,-51.211212158203125,5.106861114501953
456182,episode_end,-73.40220953610148,1000,0.010000000000000005,-100.0,,,,
457000,train_step,,,0.010000000000000005,-100.0,100000,8.901702880859375,-52.598899841308594,5.168127059936523
457182,episode_end,-57.226739709321336,1000,0.010000000000000005,-100.0,,,,
458000,train_step,,,0.010000000000000005,-100.0,100000,10.329948425292969,-52.18553924560547,5.289429664611816
458182,episode_end,-46.041343627125876,1000,0.010000000000000005,-100.0,,,,
458852,episode_end,149.26327802620315,670,0.010000000000000005,-100.0,,,,
459000,train_step,,,0.010000000000000005,-100.0,100000,48.17524719238281,-52.518394470214844,6.044215202331543
459054,episode_end,225.35445400124283,202,0.010000000000000005,-100.0,,,,
459189,episode_end,-49.94785247950346,135,0.010000000000000005,-100.0,,,,
459335,episode_end,-56.23251071410929,146,0.010000000000000005,-100.0,,,,
459952,episode_end,204.68600202004643,617,0.010000000000000005,-100.0,,,,
460000,train_step,,,0.010000000000000005,-100.0,100000,46.4588623046875,-56.73907470703125,5.305816650390625
460952,episode_end,-31.587071018964863,1000,0.010000000000000005,-100.0,,,,
461000,train_step,,,0.010000000000000005,-100.0,100000,25.685142517089844,-54.830101013183594,5.023576736450195
461952,episode_end,-57.17308922419665,1000,0.010000000000000005,-100.0,,,,
462000,train_step,,,0.010000000000000005,-100.0,100000,74.4219741821289,-58.734764099121094,5.598947525024414
462362,episode_end,-121.55745477625237,410,0.010000000000000005,-100.0,,,,
462723,episode_end,248.48342278478475,361,0.010000000000000005,-100.0,,,,
463000,train_step,,,0.010000000000000005,-100.0,100000,9.221244812011719,-54.32147979736328,5.094513416290283
463723,episode_end,-62.001868380906934,1000,0.010000000000000005,-100.0,,,,
464000,train_step,,,0.010000000000000005,-100.0,100000,9.853361129760742,-56.43920135498047,5.305829048156738
464723,episode_end,-86.09387944997293,1000,0.010000000000000005,-100.0,,,,
465000,train_step,,,0.010000000000000005,-100.0,100000,42.3917236328125,-56.84535598754883,4.839626312255859
465563,episode_end,151.22734528576862,840,0.010000000000000005,-100.0,,,,
465863,episode_end,270.84952445596514,300,0.010000000000000005,-100.0,,,,
466000,train_step,,,0.010000000000000005,-100.0,100000,8.883859634399414,-56.177879333496094,5.011560440063477
466863,episode_end,-63.876251808124664,1000,0.010000000000000005,-100.0,,,,
467000,train_step,,,0.010000000000000005,-100.0,100000,58.330841064453125,-56.57151412963867,5.257687568664551
467863,episode_end,-68.00558750294896,1000,0.010000000000000005,-100.0,,,,
468000,train_step,,,0.010000000000000005,-100.0,100000,9.831598281860352,-57.13926696777344,5.313525199890137
468863,episode_end,-95.06329657320812,1000,0.010000000000000005,-100.0,,,,
469000,train_step,,,0.010000000000000005,-100.0,100000,13.935081481933594,-58.21849060058594,5.571812152862549
469863,episode_end,-109.55302144727237,1000,0.010000000000000005,-100.0,,,,
470000,train_step,,,0.010000000000000005,-100.0,100000,12.658199310302734,-58.267311096191406,5.702362060546875
470238,episode_end,267.99348517449215,375,0.010000000000000005,-100.0,,,,
470709,episode_end,260.7075125895651,471,0.010000000000000005,-100.0,,,,
471000,train_step,,,0.010000000000000005,-100.0,100000,15.46273422241211,-52.105491638183594,6.1990556716918945
471709,episode_end,-85.61649527065953,1000,0.010000000000000005,-100.0,,,,
471879,episode_end,-7.563164956191827,170,0.010000000000000005,-100.0,,,,
472000,train_step,,,0.010000000000000005,-100.0,100000,14.540936470031738,-52.55657958984375,5.626286029815674
472879,episode_end,-115.83437527070147,1000,0.010000000000000005,-100.0,,,,
473000,train_step,,,0.010000000000000005,-100.0,100000,14.59599494934082,-52.89753723144531,5.6891865730285645
473879,episode_end,-88.34998950415498,1000,0.010000000000000005,-100.0,,,,
474000,train_step,,,0.010000000000000005,-100.0,100000,9.52903938293457,-51.13703155517578,5.484769344329834
474585,episode_end,165.9702092922318,706,0.010000000000000005,-100.0,,,,
475000,train_step,,,0.010000000000000005,-100.0,100000,12.109811782836914,-53.389320373535156,5.854281425476074
475548,episode_end,145.67341662304918,963,0.010000000000000005,-100.0,,,,
475741,episode_end,281.6678671496139,193,0.010000000000000005,-100.0,,,,
475927,episode_end,303.0283195478436,186,0.010000000000000005,-100.0,,,,
476000,train_step,,,0.010000000000000005,-100.0,100000,13.623115539550781,-50.90213394165039,5.64350700378418
476136,episode_end,272.5717608949509,209,0.010000000000000005,-100.0,,,,
476493,episode_end,265.9825875681129,357,0.010000000000000005,-100.0,,,,
477000,train_step,,,0.010000000000000005,-100.0,100000,5.406462669372559,-55.904991149902344,5.49079704284668
477493,episode_end,-98.50159321388924,1000,0.010000000000000005,-100.0,,,,
477814,episode_end,284.91800637328976,321,0.010000000000000005,-100.0,,,,
478000,train_step,,,0.010000000000000005,-100.0,100000,11.517325401306152,-54.4111328125,5.077291965484619
478574,episode_end,157.3466065992426,760,0.010000000000000005,-100.0,,,,
478832,episode_end,297.58055847756236,258,0.010000000000000005,-100.0,,,,
479000,train_step,,,0.010000000000000005,-100.0,100000,6.487844467163086,-49.9488525390625,5.639016151428223
479106,episode_end,248.05315892787175,274,0.010000000000000005,-100.0,,,,
479450,episode_end,237.89955360922048,344,0.010000000000000005,-100.0,,,,
480000,train_step,,,0.010000000000000005,-100.0,100000,9.40605354309082,-49.670623779296875,5.338809967041016
480101,episode_end,215.29318718543541,651,0.010000000000000005,-100.0,,,,
480340,episode_end,208.93107867649172,239,0.010000000000000005,-100.0,,,,
481000,train_step,,,0.010000000000000005,-100.0,100000,5.669814109802246,-51.117835998535156,5.209789276123047
481274,episode_end,-206.6748135238294,934,0.010000000000000005,-100.0,,,,
481581,episode_end,188.76705866409696,307,0.010000000000000005,-100.0,,,,
481813,episode_end,184.26154148621396,232,0.010000000000000005,-100.0,,,,
482000,train_step,,,0.010000000000000005,-100.0,100000,6.514710426330566,-49.10589599609375,5.097630977630615
482055,episode_end,-40.48550399272885,242,0.010000000000000005,-100.0,,,,
482828,episode_end,58.21961524541716,773,0.010000000000000005,-100.0,,,,
482991,episode_end,7.535054394920692,163,0.010000000000000005,-100.0,,,,
483000,train_step,,,0.010000000000000005,-100.0,100000,62.68324661254883,-50.40229797363281,4.890010356903076
483285,episode_end,274.41364251252276,294,0.010000000000000005,-100.0,,,,
483650,episode_end,155.6440302843733,365,0.010000000000000005,-100.0,,,,
483853,episode_end,295.2333415902738,203,0.010000000000000005,-100.0,,,,
484000,train_step,,,0.010000000000000005,-100.0,100000,5.89130163192749,-50.4536018371582,5.395646095275879
484100,episode_end,252.9188607835546,247,0.010000000000000005,-100.0,,,,
484499,episode_end,243.62467907188775,399,0.010000000000000005,-100.0,,,,
484781,episode_end,234.2260335198919,282,0.010000000000000005,-100.0,,,,
485000,train_step,,,0.010000000000000005,-100.0,100000,8.85861873626709,-50.76335906982422,5.15938663482666
485702,episode_end,21.792696734401417,921,0.010000000000000005,-100.0,,,,
486000,train_step,,,0.010000000000000005,-100.0,100000,8.248291969299316,-50.745262145996094,4.815542221069336
486702,episode_end,-0.7093101737514741,1000,0.010000000000000005,-100.0,,,,
487000,train_step,,,0.010000000000000005,-100.0,100000,5.292940139770508,-51.724483489990234,4.996480464935303
487057,episode_end,259.4259625398847,355,0.010000000000000005,-100.0,,,,
488000,train_step,,,0.010000000000000005,-100.0,100000,37.49866485595703,-48.400909423828125,4.948686122894287
488057,episode_end,-102.23168256007764,1000,0.010000000000000005,-100.0,,,,
488808,episode_end,162.3028181607446,751,0.010000000000000005,-100.0,,,,
489000,train_step,,,0.010000000000000005,-100.0,100000,50.63512420654297,-48.623191833496094,5.211658000946045
489101,episode_end,271.0794427063341,293,0.010000000000000005,-100.0,,,,
489355,episode_end,230.20490578377135,254,0.010000000000000005,-100.0,,,,
489578,episode_end,261.5719878785475,223,0.010000000000000005,-100.0,,,,
489945,episode_end,243.73267759241688,367,0.010000000000000005,-100.0,,,,
490000,train_step,,,0.010000000000000005,-100.0,100000,36.124366760253906,-50.62208557128906,5.264712333679199
490945,episode_end,-13.253058612764999,1000,0.010000000000000005,-100.0,,,,
491000,train_step,,,0.010000000000000005,-100.0,100000,6.21136474609375,-45.91029357910156,5.501260757446289
491164,episode_end,265.6083271542534,219,0.010000000000000005,-100.0,,,,
491415,episode_end,225.03443376070226,251,0.010000000000000005,-100.0,,,,
491621,episode_end,287.0830539660104,206,0.010000000000000005,-100.0,,,,
491849,episode_end,285.7855703023631,228,0.010000000000000005,-100.0,,,,
492000,train_step,,,0.010000000000000005,-100.0,100000,6.229156017303467,-45.70046615600586,4.859245777130127
492168,episode_end,270.61623309947856,319,0.010000000000000005,-100.0,,,,
492377,episode_end,271.2837249227859,209,0.010000000000000005,-100.0,,,,
493000,train_step,,,0.010000000000000005,-100.0,100000,9.35178279876709,-47.1861572265625,4.513392448425293
493377,episode_end,-90.60428490377653,1000,0.010000000000000005,-100.0,,,,
493686,episode_end,219.76229529811667,309,0.010000000000000005,-100.0,,,,
494000,train_step,,,0.010000000000000005,-100.0,100000,5.184385299682617,-46.46319580078125,4.328311920166016
494686,episode_end,-63.152244744175775,1000,0.010000000000000005,-100.0,,,,
494878,episode_end,297.8316606724702,192,0.010000000000000005,-100.0,,,,
495000,train_step,,,0.010000000000000005,-100.0,100000,6.4231414794921875,-46.105613708496094,4.752262115478516
495232,episode_end,274.92954379851506,354,0.010000000000000005,-100.0,,,,
495640,episode_end,264.63473417405,408,0.010000000000000005,-100.0,,,,
496000,train_step,,,0.010000000000000005,-100.0,100000,6.361171245574951,-47.20752716064453,4.452970027923584
496640,episode_end,-106.01694057834648,1000,0.010000000000000005,-100.0,,,,
497000,train_step,,,0.010000000000000005,-100.0,100000,12.236356735229492,-44.99713897705078,4.104265213012695
497640,episode_end,-106.68400494160218,1000,0.010000000000000005,-100.0,,,,
497841,episode_end,293.6619417563711,201,0.010000000000000005,-100.0,,,,
498000,train_step,,,0.010000000000000005,-100.0,100000,5.948400020599365,-43.989158630371094,4.081367492675781
498841,episode_end,-87.8046448784431,1000,0.010000000000000005,-100.0,,,,
499000,train_step,,,0.010000000000000005,-100.0,100000,41.09979248046875,-41.25104904174805,4.1982269287109375
499841,episode_end,-94.88392206519353,1000,0.010000000000000005,-100.0,,,,
500000,train_step,,,0.010000000000000005,-100.0,100000,12.18621826171875,-44.24687194824219,4.265619277954102
500064,episode_end,256.1457134757734,223,0.010000000000000005,-100.0,,,,
500713,episode_end,144.75496107250387,649,0.010000000000000005,-100.0,,,,
500900,episode_end,301.15616526742696,187,0.010000000000000005,-100.0,,,,
501000,train_step,,,0.010000000000000005,-100.0,100000,9.554161071777344,-42.718162536621094,4.4509172439575195
501010,episode_end,24.54395198742172,110,0.010000000000000005,-100.0,,,,
501202,episode_end,306.23727170990463,192,0.010000000000000005,-100.0,,,,
501399,episode_end,300.6726119486148,197,0.010000000000000005,-100.0,,,,
502000,train_step,,,0.010000000000000005,-100.0,100000,7.701672554016113,-46.83451461791992,4.857277870178223
502350,episode_end,107.86183311542298,951,0.010000000000000005,-100.0,,,,
503000,train_step,,,0.010000000000000005,-100.0,100000,4.0169453620910645,-42.165504455566406,4.374527931213379
503170,episode_end,140.31599080165202,820,0.010000000000000005,-100.0,,,,
503395,episode_end,293.43570814500254,225,0.010000000000000005,-100.0,,,,
503620,episode_end,215.10775857885503,225,0.010000000000000005,-100.0,,,,
503811,episode_end,303.5431926719625,191,0.010000000000000005,-100.0,,,,
504000,train_step,,,0.010000000000000005,-100.0,100000,10.095727920532227,-39.94792556762695,4.165797710418701
504142,episode_end,124.08064799716934,331,0.010000000000000005,-100.0,,,,
504352,episode_end,292.52508028310615,210,0.010000000000000005,-100.0,,,,
504564,episode_end,273.2373065724166,212,0.010000000000000005,-100.0,,,,
504845,episode_end,173.56744543242968,281,0.010000000000000005,-100.0,,,,
505000,train_step,,,0.010000000000000005,-100.0,100000,6.1384687423706055,-40.30530548095703,4.368340969085693
505243,episode_end,-175.78413089699342,398,0.010000000000000005,-100.0,,,,
505375,episode_end,41.93043139033858,132,0.010000000000000005,-100.0,,,,
505529,episode_end,283.3417842509561,154,0.010000000000000005,-100.0,,,,
505723,episode_end,284.00607588986185,194,0.010000000000000005,-100.0,,,,
505945,episode_end,250.20403147861836,222,0.010000000000000005,-100.0,,,,
506000,train_step,,,0.010000000000000005,-100.0,100000,5.644303321838379,-43.29886245727539,4.9078474044799805
506432,episode_end,294.8524018645377,487,0.010000000000000005,-100.0,,,,
506638,episode_end,263.3702742213792,206,0.010000000000000005,-100.0,,,,
506821,episode_end,126.23220286624773,183,0.010000000000000005,-100.0,,,,
506998,episode_end,279.6217706251133,177,0.010000000000000005,-100.0,,,,
507000,train_step,,,0.010000000000000005,-100.0,100000,4.8536200523376465,-41.37105941772461,4.605765342712402
507817,episode_end,54.57005966505629,819,0.010000000000000005,-100.0,,,,
508000,train_step,,,0.010000000000000005,-100.0,100000,38.610435485839844,-46.55963134765625,4.68648099899292
508360,episode_end,96.7532462571032,543,0.010000000000000005,-100.0,,,,
508584,episode_end,272.7938139015346,224,0.010000000000000005,-100.0,,,,
508983,episode_end,276.53987680599073,399,0.010000000000000005,-100.0,,,,
509000,train_step,,,0.010000000000000005,-100.0,100000,10.99801254272461,-43.60942840576172,5.264569282531738
509153,episode_end,314.1024788922772,170,0.010000000000000005,-100.0,,,,
509321,episode_end,293.8961993963312,168,0.010000000000000005,-100.0,,,,
509504,episode_end,264.2583610290681,183,0.010000000000000005,-100.0,,,,
509845,episode_end,126.78028621002096,341,0.010000000000000005,-100.0,,,,
510000,train_step,,,0.010000000000000005,-100.0,100000,8.760238647460938,-43.793495178222656,4.619718551635742
510100,episode_end,288.2568726346167,255,0.010000000000000005,-100.0,,,,
510308,episode_end,280.17304177239674,208,0.010000000000000005,-100.0,,,,
510574,episode_end,279.2099349585068,266,0.010000000000000005,-100.0,,,,
511000,train_step,,,0.010000000000000005,-100.0,100000,4.887174129486084,-48.71013641357422,5.1551513671875
511096,episode_end,90.93038492310816,522,0.010000000000000005,-100.0,,,,
511232,episode_end,34.59105870102377,136,0.010000000000000005,-100.0,,,,
512000,train_step,,,0.010000000000000005,-100.0,100000,16.491615295410156,-43.55510330200195,5.124683380126953
512232,episode_end,-102.73798804838148,1000,0.010000000000000005,-100.0,,,,
512477,episode_end,257.920802911421,245,0.010000000000000005,-100.0,,,,
512857,episode_end,213.9451318689359,380,0.010000000000000005,-100.0,,,,
513000,train_step,,,0.010000000000000005,-100.0,100000,8.225272178649902,-46.41554260253906,4.969621658325195
513130,episode_end,284.8588454861323,273,0.010000000000000005,-100.0,,,,
513418,episode_end,293.11323278529056,288,0.010000000000000005,-100.0,,,,
513604,episode_end,276.37570061981705,186,0.010000000000000005,-100.0,,,,
514000,train_step,,,0.010000000000000005,-100.0,100000,11.986775398254395,-47.28961181640625,4.905032157897949
514140,episode_end,227.34711428598627,536,0.010000000000000005,-100.0,,,,
514340,episode_end,290.4068265858273,200,0.010000000000000005,-100.0,,,,
514800,episode_end,245.22824820156762,460,0.010000000000000005,-100.0,,,,
515000,train_step,,,0.010000000000000005,-100.0,100000,34.08620834350586,-46.0306396484375,4.574399948120117
515800,episode_end,-69.89783364337184,1000,0.010000000000000005,-100.0,,,,
516000,train_step,,,0.010000000000000005,-100.0,100000,11.809778213500977,-45.19516372680664,4.698252201080322
516530,episode_end,55.97024787914147,730,0.010000000000000005,-100.0,,,,
516772,episode_end,301.7757651465971,242,0.010000000000000005,-100.0,,,,
517000,train_step,,,0.010000000000000005,-100.0,100000,4.410861015319824,-43.574462890625,4.585308074951172
517215,episode_end,118.89413314777889,443,0.010000000000000005,-100.0,,,,
517436,episode_end,272.8979902650873,221,0.010000000000000005,-100.0,,,,
517863,episode_end,291.3903839680479,427,0.010000000000000005,-100.0,,,,
518000,train_step,,,0.010000000000000005,-100.0,100000,7.402548789978027,-42.470123291015625,4.800532341003418
518368,episode_end,295.5439199987775,505,0.010000000000000005,-100.0,,,,
518566,episode_end,287.4389955780997,198,0.010000000000000005,-100.0,,,,
518737,episode_end,50.021547061262936,171,0.010000000000000005,-100.0,,,,
518887,episode_end,92.15153259252392,150,0.010000000000000005,-100.0,,,,
519000,train_step,,,0.010000000000000005,-100.0,100000,52.23109436035156,-41.19636535644531,5.2407941818237305
519202,episode_end,225.55783953002475,315,0.010000000000000005,-100.0,,,,
519455,episode_end,291.9353336225845,253,0.010000000000000005,-100.0,,,,
519679,episode_end,280.38004048430696,224,0.010000000000000005,-100.0,,,,
519880,episode_end,261.5032934574036,201,0.010000000000000005,-100.0,,,,
520000,train_step,,,0.010000000000000005,-100.0,100000,4.317484378814697,-44.940208435058594,5.272268772125244
520230,episode_end,265.47280915883704,350,0.010000000000000005,-100.0,,,,
520461,episode_end,250.08131688251004,231,0.010000000000000005,-100.0,,,,
520667,episode_end,265.75607469216834,206,0.010000000000000005,-100.0,,,,
520822,episode_end,14.288395936773654,155,0.010000000000000005,-100.0,,,,
521000,train_step,,,0.010000000000000005,-100.0,100000,4.530582427978516,-44.15129852294922,4.883439064025879
521088,episode_end,284.1209660254525,266,0.010000000000000005,-100.0,,,,
521345,episode_end,245.54311876686955,257,0.010000000000000005,-100.0,,,,
521580,episode_end,273.60385287999554,235,0.010000000000000005,-100.0,,,,
521846,episode_end,296.358187736412,266,0.010000000000000005,-100.0,,,,
522000,train_step,,,0.010000000000000005,-100.0,100000,4.276873588562012,-48.063926696777344,4.993206024169922
522221,episode_end,241.28131103258573,375,0.010000000000000005,-100.0,,,,
522537,episode_end,-119.31919193917021,316,0.010000000000000005,-100.0,,,,
522875,episode_end,8.503529554297401,338,0.010000000000000005,-100.0,,,,
523000,train_step,,,0.010000000000000005,-100.0,100000,6.956355094909668,-46.08794403076172,4.373581886291504
523367,episode_end,249.3416055366572,492,0.010000000000000005,-100.0,,,,
523572,episode_end,276.4353457149423,205,0.010000000000000005,-100.0,,,,
523815,episode_end,252.10332548418313,243,0.010000000000000005,-100.0,,,,
524000,train_step,,,0.010000000000000005,-100.0,100000,164.95030212402344,-52.056610107421875,4.929061412811279
524012,episode_end,264.66302784450886,197,0.010000000000000005,-100.0,,,,
524228,episode_end,276.79722007607785,216,0.010000000000000005,-100.0,,,,
524470,episode_end,265.33196097825703,242,0.010000000000000005,-100.0,,,,
524694,episode_end,279.2179149076866,224,0.010000000000000005,-100.0,,,,
524983,episode_end,49.928044501119615,289,0.010000000000000005,-100.0,,,,
525000,train_step,,,0.010000000000000005,-100.0,100000,3.242051362991333,-47.62657165527344,4.686380386352539
525450,episode_end,202.93612655124556,467,0.010000000000000005,-100.0,,,,
525823,episode_end,226.26434570694715,373,0.010000000000000005,-100.0,,,,
526000,train_step,,,0.010000000000000005,-100.0,100000,7.1329145431518555,-48.89445495605469,5.109992980957031
526014,episode_end,269.556581768491,191,0.010000000000000005,-100.0,,,,
526246,episode_end,245.95163819296215,232,0.010000000000000005,-100.0,,,,
526839,episode_end,211.73037048268577,593,0.010000000000000005,-100.0,,,,
527000,train_step,,,0.010000000000000005,-100.0,100000,9.554636001586914,-48.31270217895508,4.684812545776367
527058,episode_end,306.53268638255815,219,0.010000000000000005,-100.0,,,,
527311,episode_end,264.8589346436076,253,0.010000000000000005,-100.0,,,,
527517,episode_end,271.9084287709757,206,0.010000000000000005,-100.0,,,,
527744,episode_end,250.1116305130228,227,0.010000000000000005,-100.0,,,,
528000,train_step,,,0.010000000000000005,-100.0,100000,7.70982551574707,-53.183326721191406,4.708758354187012
528744,episode_end,-44.56688638130916,1000,0.010000000000000005,-100.0,,,,
529000,train_step,,,0.010000000000000005,-100.0,100000,12.672555923461914,-50.61249923706055,4.194378852844238
529024,episode_end,258.48849179371905,280,0.010000000000000005,-100.0,,,,
529251,episode_end,271.86119708082504,227,0.010000000000000005,-100.0,,,,
529457,episode_end,276.51315993790024,206,0.010000000000000005,-100.0,,,,
530000,train_step,,,0.010000000000000005,-100.0,100000,3.559032440185547,-51.118507385253906,4.415313243865967
530457,episode_end,-72.95717677043201,1000,0.010000000000000005,-100.0,,,,
530668,episode_end,277.1221020269672,211,0.010000000000000005,-100.0,,,,
531000,train_step,,,0.010000000000000005,-100.0,100000,7.246983051300049,-51.25178909301758,4.620078086853027
531426,episode_end,180.41966190635335,758,0.010000000000000005,-100.0,,,,
531802,episode_end,228.26640443023132,376,0.010000000000000005,-100.0,,,,
532000,train_step,,,0.010000000000000005,-100.0,100000,12.50365924835205,-47.65373992919922,4.538904190063477
532017,episode_end,270.4949885313896,215,0.010000000000000005,-100.0,,,,
532240,episode_end,247.20242812248165,223,0.010000000000000005,-100.0,,,,
532450,episode_end,277.4928356345888,210,0.010000000000000005,-100.0,,,,
532766,episode_end,244.744200894754,316,0.010000000000000005,-100.0,,,,
533000,train_step,,,0.010000000000000005,-100.0,100000,6.890292167663574,-47.77836227416992,4.6272664070129395
533207,episode_end,224.89832070688175,441,0.010000000000000005,-100.0,,,,
533411,episode_end,267.35905804007945,204,0.010000000000000005,-100.0,,,,
533598,episode_end,195.90441449075877,187,0.010000000000000005,-100.0,,,,
533819,episode_end,238.65398173839006,221,0.010000000000000005,-100.0,,,,
534000,train_step,,,0.010000000000000005,-100.0,100000,14.916147232055664,-53.14241027832031,4.238104820251465
534060,episode_end,273.82558817065546,241,0.010000000000000005,-100.0,,,,
534252,episode_end,150.67071971986707,192,0.010000000000000005,-100.0,,,,
535000,train_step,,,0.010000000000000005,-100.0,100000,7.117222785949707,-51.88091278076172,4.5584516525268555
535039,episode_end,154.64904937225745,787,0.010000000000000005,-100.0,,,,
535640,episode_end,197.2292439983988,601,0.010000000000000005,-100.0,,,,
536000,train_step,,,0.010000000000000005,-100.0,100000,4.211746692657471,-50.63642883300781,4.067642688751221
536254,episode_end,197.40926025235936,614,0.010000000000000005,-100.0,,,,
536740,episode_end,224.63492840469516,486,0.010000000000000005,-100.0,,,,
536989,episode_end,161.26535111208653,249,0.010000000000000005,-100.0,,,,
537000,train_step,,,0.010000000000000005,-100.0,100000,6.131830215454102,-50.57102584838867,4.152170181274414
537604,episode_end,175.0278609613087,615,0.010000000000000005,-100.0,,,,
538000,train_step,,,0.010000000000000005,-100.0,100000,13.252110481262207,-51.60186004638672,4.579342842102051
538239,episode_end,238.0858174218625,635,0.010000000000000005,-100.0,,,,
538447,episode_end,274.4736163679514,208,0.010000000000000005,-100.0,,,,
538629,episode_end,281.05646117082495,182,0.010000000000000005,-100.0,,,,
539000,train_step,,,0.010000000000000005,-100.0,100000,11.027154922485352,-49.11495590209961,4.675938606262207
539128,episode_end,217.81540509470236,499,0.010000000000000005,-100.0,,,,
539416,episode_end,228.9694721008437,288,0.010000000000000005,-100.0,,,,
539905,episode_end,205.11689201641974,489,0.010000000000000005,-100.0,,,,
540000,train_step,,,0.010000000000000005,-100.0,100000,5.437536716461182,-48.02143478393555,4.525759220123291
540318,episode_end,284.607193571337,413,0.010000000000000005,-100.0,,,,
540682,episode_end,253.8374949631878,364,0.010000000000000005,-100.0,,,,
541000,train_step,,,0.010000000000000005,-100.0,100000,72.50088500976562,-46.91820526123047,4.488248825073242
541245,episode_end,216.04334259138096,563,0.010000000000000005,-100.0,,,,
541488,episode_end,288.91857786972764,243,0.010000000000000005,-100.0,,,,
541751,episode_end,186.84492336477544,263,0.010000000000000005,-100.0,,,,
542000,train_step,,,0.010000000000000005,-100.0,100000,3.9862475395202637,-46.27713394165039,4.108170509338379
542096,episode_end,288.6976248266292,345,0.010000000000000005,-100.0,,,,
542302,episode_end,149.633684479465,206,0.010000000000000005,-100.0,,,,
542524,episode_end,289.05030051360734,222,0.010000000000000005,-100.0,,,,
542980,episode_end,190.8444373373962,456,0.010000000000000005,-100.0,,,,
543000,train_step,,,0.010000000000000005,-100.0,100000,5.1037139892578125,-49.85765075683594,4.528123378753662
543231,episode_end,244.4786630766811,251,0.010000000000000005,-100.0,,,,
543430,episode_end,160.07807889428693,199,0.010000000000000005,-100.0,,,,
543843,episode_end,202.84307301808445,413,0.010000000000000005,-100.0,,,,
544000,train_step,,,0.010000000000000005,-100.0,100000,9.718660354614258,-49.14939498901367,4.355632781982422
544027,episode_end,179.1840705605334,184,0.010000000000000005,-100.0,,,,
544239,episode_end,281.8837956755307,212,0.010000000000000005,-100.0,,,,
544447,episode_end,159.7411556518494,208,0.010000000000000005,-100.0,,,,
544879,episode_end,218.34467507048558,432,0.010000000000000005,-100.0,,,,
545000,train_step,,,0.010000000000000005,-100.0,100000,14.16330337524414,-44.506290435791016,4.489189147949219
545111,episode_end,294.76560368098126,232,0.010000000000000005,-100.0,,,,
545368,episode_end,288.16575248995395,257,0.010000000000000005,-100.0,,,,
545582,episode_end,136.0259906001091,214,0.010000000000000005,-100.0,,,,
545896,episode_end,119.6980530658569,314,0.010000000000000005,-100.0,,,,
546000,train_step,,,0.010000000000000005,-100.0,100000,94.56776428222656,-47.759212493896484,4.271615982055664
546116,episode_end,185.81906743440686,220,0.010000000000000005,-100.0,,,,
546288,episode_end,287.5872350439941,172,0.010000000000000005,-100.0,,,,
546521,episode_end,293.2999728157281,233,0.010000000000000005,-100.0,,,,
546747,episode_end,295.84720777340056,226,0.010000000000000005,-100.0,,,,
546953,episode_end,307.15450189359547,206,0.010000000000000005,-100.0,,,,
547000,train_step,,,0.010000000000000005,-100.0,100000,7.864504337310791,-48.23323059082031,4.212408065795898
547156,episode_end,177.24321019764005,203,0.010000000000000005,-100.0,,,,
547345,episode_end,280.3108803094083,189,0.010000000000000005,-100.0,,,,
547564,episode_end,160.36384368404293,219,0.010000000000000005,-100.0,,,,
547825,episode_end,286.14378722810613,261,0.010000000000000005,-100.0,,,,
548000,train_step,,,0.010000000000000005,-100.0,100000,3.443458080291748,-47.374473571777344,3.835418462753296
548013,episode_end,279.8715604124525,188,0.010000000000000005,-100.0,,,,
548239,episode_end,283.2411269047577,226,0.010000000000000005,-100.0,,,,
548458,episode_end,278.1548896352138,219,0.010000000000000005,-100.0,,,,
548734,episode_end,270.34251782563814,276,0.010000000000000005,-100.0,,,,
548971,episode_end,287.2319347417135,237,0.010000000000000005,-100.0,,,,
549000,train_step,,,0.010000000000000005,-100.0,100000,10.238367080688477,-46.73586654663086,4.075312614440918
549321,episode_end,122.356431211137,350,0.010000000000000005,-100.0,,,,
549535,episode_end,288.4936710912739,214,0.010000000000000005,-100.0,,,,
549775,episode_end,167.58059018581963,240,0.010000000000000005,-100.0,,,,
550000,train_step,,,0.010000000000000005,-100.0,100000,3.6519336700439453,-44.43132781982422,4.144928932189941
550140,episode_end,249.98779149494376,365,0.010000000000000005,-100.0,,,,
550366,episode_end,277.30036498737604,226,0.010000000000000005,-100.0,,,,
550555,episode_end,152.6654183800938,189,0.010000000000000005,-100.0,,,,
550778,episode_end,285.22051091608773,223,0.010000000000000005,-100.0,,,,
551000,train_step,,,0.010000000000000005,-100.0,100000,8.240922927856445,-48.69717025756836,4.135494709014893
551022,episode_end,280.386875748934,244,0.010000000000000005,-100.0,,,,
551198,episode_end,302.14363599859115,176,0.010000000000000005,-100.0,,,,
551386,episode_end,282.0426462085651,188,0.010000000000000005,-100.0,,,,
551602,episode_end,241.71245134411296,216,0.010000000000000005,-100.0,,,,
552000,train_step,,,0.010000000000000005,-100.0,100000,10.688271522521973,-44.24966049194336,4.451233386993408
552232,episode_end,111.46341874246633,630,0.010000000000000005,-100.0,,,,
552471,episode_end,295.07957851546973,239,0.010000000000000005,-100.0,,,,
552783,episode_end,228.48994781961576,312,0.010000000000000005,-100.0,,,,
553000,train_step,,,0.010000000000000005,-100.0,100000,8.90579605102539,-49.440040588378906,4.132635116577148
553022,episode_end,276.08869728021574,239,0.010000000000000005,-100.0,,,,
553206,episode_end,259.1164485280735,184,0.010000000000000005,-100.0,,,,
553446,episode_end,154.70481704146619,240,0.010000000000000005,-100.0,,,,
553720,episode_end,171.7713191653424,274,0.010000000000000005,-100.0,,,,
553924,episode_end,301.63140887644704,204,0.010000000000000005,-100.0,,,,
554000,train_step,,,0.010000000000000005,-100.0,100000,112.3194580078125,-48.26140213012695,3.8182270526885986
554177,episode_end,208.68131603660922,253,0.010000000000000005,-100.0,,,,
554358,episode_end,313.76634318704225,181,0.010000000000000005,-100.0,,,,
554545,episode_end,255.52275142384607,187,0.010000000000000005,-100.0,,,,
554738,episode_end,294.5052683491962,193,0.010000000000000005,-100.0,,,,
554924,episode_end,275.6115030675872,186,0.010000000000000005,-100.0,,,,
555000,train_step,,,0.010000000000000005,-100.0,100000,8.043411254882812,-49.752830505371094,3.6169779300689697
555254,episode_end,226.40526646970724,330,0.010000000000000005,-100.0,,,,
555508,episode_end,259.1905352355201,254,0.010000000000000005,-100.0,,,,
555753,episode_end,183.44150762206723,245,0.010000000000000005,-100.0,,,,
555898,episode_end,-78.32158865608059,145,0.010000000000000005,-100.0,,,,
556000,train_step,,,0.010000000000000005,-100.0,100000,30.58339500427246,-50.20606994628906,3.6016342639923096
556177,episode_end,272.5917544863018,279,0.010000000000000005,-100.0,,,,
556321,episode_end,184.08341443096566,144,0.010000000000000005,-100.0,,,,
556547,episode_end,279.59977124551665,226,0.010000000000000005,-100.0,,,,
556792,episode_end,275.52891014981185,245,0.010000000000000005,-100.0,,,,
557000,train_step,,,0.010000000000000005,-100.0,100000,10.114751815795898,-46.73633575439453,3.9727869033813477
557792,episode_end,-81.53144906404565,1000,0.010000000000000005,-100.0,,,,
557960,episode_end,301.9630873539373,168,0.010000000000000005,-100.0,,,,
558000,train_step,,,0.010000000000000005,-100.0,100000,15.794178009033203,-50.437625885009766,4.077476501464844
558140,episode_end,298.06372547020453,180,0.010000000000000005,-100.0,,,,
558383,episode_end,243.87003899958648,243,0.010000000000000005,-100.0,,,,
558617,episode_end,277.42811360866256,234,0.010000000000000005,-100.0,,,,
558861,episode_end,282.117803352131,244,0.010000000000000005,-100.0,,,,
559000,train_step,,,0.010000000000000005,-100.0,100000,5.870558261871338,-50.221248626708984,3.402193069458008
559181,episode_end,246.72730773967822,320,0.010000000000000005,-100.0,,,,
559360,episode_end,167.4398310866147,179,0.010000000000000005,-100.0,,,,
559655,episode_end,229.1906022682665,295,0.010000000000000005,-100.0,,,,
559827,episode_end,297.1786385645362,172,0.010000000000000005,-100.0,,,,
560000,train_step,,,0.010000000000000005,-100.0,100000,9.110025405883789,-56.01530075073242,3.884235382080078
560014,episode_end,306.69441158485915,187,0.010000000000000005,-100.0,,,,
560302,episode_end,248.58657353345873,288,0.010000000000000005,-100.0,,,,
560446,episode_end,195.87455728577993,144,0.010000000000000005,-100.0,,,,
560691,episode_end,298.4309435262121,245,0.010000000000000005,-100.0,,,,
560879,episode_end,285.8336283854433,188,0.010000000000000005,-100.0,,,,
561000,train_step,,,0.010000000000000005,-100.0,100000,4.694551467895508,-51.588478088378906,3.923161029815674
561214,episode_end,248.4922274002117,335,0.010000000000000005,-100.0,,,,
561441,episode_end,302.309489963932,227,0.010000000000000005,-100.0,,,,
561718,episode_end,246.38791020641318,277,0.010000000000000005,-100.0,,,,
561872,episode_end,283.40430780530266,154,0.010000000000000005,-100.0,,,,
562000,train_step,,,0.010000000000000005,-100.0,100000,5.990104675292969,-56.384788513183594,3.7244348526000977
562181,episode_end,292.20781958126224,309,0.010000000000000005,-100.0,,,,
562374,episode_end,183.66447940718172,193,0.010000000000000005,-100.0,,,,
562641,episode_end,237.95440870503208,267,0.010000000000000005,-100.0,,,,
562847,episode_end,173.5193117150676,206,0.010000000000000005,-100.0,,,,
563000,train_step,,,0.010000000000000005,-100.0,100000,4.348928451538086,-53.43388748168945,3.8448190689086914
563128,episode_end,257.8956546399087,281,0.010000000000000005,-100.0,,,,
563591,episode_end,217.436236383935,463,0.010000000000000005,-100.0,,,,
563795,episode_end,293.2821689325183,204,0.010000000000000005,-100.0,,,,
564000,train_step,,,0.010000000000000005,-100.0,100000,8.49445915222168,-53.4632568359375,4.215095520019531
564015,episode_end,167.53668631389533,220,0.010000000000000005,-100.0,,,,
564633,episode_end,292.4639680665747,618,0.010000000000000005,-100.0,,,,
564875,episode_end,287.98913763812595,242,0.010000000000000005,-100.0,,,,
565000,train_step,,,0.010000000000000005,-100.0,100000,8.012259483337402,-54.81344985961914,4.143220901489258
565094,episode_end,254.33895567346386,219,0.010000000000000005,-100.0,,,,
565292,episode_end,268.81895177282536,198,0.010000000000000005,-100.0,,,,
565512,episode_end,297.2797464079398,220,0.010000000000000005,-100.0,,,,
565883,episode_end,240.0626357218201,371,0.010000000000000005,-100.0,,,,
566000,train_step,,,0.010000000000000005,-100.0,100000,3.074174404144287,-60.066307067871094,4.034150123596191
566091,episode_end,294.9143321497287,208,0.010000000000000005,-100.0,,,,
566263,episode_end,300.19386067629915,172,0.010000000000000005,-100.0,,,,
566466,episode_end,169.50753179666881,203,0.010000000000000005,-100.0,,,,
566669,episode_end,180.70375115214028,203,0.010000000000000005,-100.0,,,,
566962,episode_end,241.62489234740372,293,0.010000000000000005,-100.0,,,,
567000,train_step,,,0.010000000000000005,-100.0,100000,8.184680938720703,-57.175079345703125,4.042837142944336
567151,episode_end,315.765985127804,189,0.010000000000000005,-100.0,,,,
567358,episode_end,294.47493155546897,207,0.010000000000000005,-100.0,,,,
567648,episode_end,299.3098808803976,290,0.010000000000000005,-100.0,,,,
567766,episode_end,-346.1942112484153,118,0.010000000000000005,-100.0,,,,
567976,episode_end,289.954950634823,210,0.010000000000000005,-100.0,,,,
568000,train_step,,,0.010000000000000005,-100.0,100000,5.968973159790039,-56.18412399291992,4.338130950927734
568179,episode_end,296.99196274143253,203,0.010000000000000005,-100.0,,,,
568401,episode_end,308.1022961524199,222,0.010000000000000005,-100.0,,,,
568584,episode_end,283.64522622925455,183,0.010000000000000005,-100.0,,,,
568861,episode_end,260.1729570484298,277,0.010000000000000005,-100.0,,,,
569000,train_step,,,0.010000000000000005,-100.0,100000,29.487289428710938,-58.75644302368164,4.24161958694458
569124,episode_end,272.77365134020994,263,0.010000000000000005,-100.0,,,,
569333,episode_end,304.0881696247394,209,0.010000000000000005,-100.0,,,,
569586,episode_end,273.4189194995142,253,0.010000000000000005,-100.0,,,,
569827,episode_end,286.7067534870475,241,0.010000000000000005,-100.0,,,,
570000,train_step,,,0.010000000000000005,-100.0,100000,120.93385314941406,-57.975799560546875,4.331942558288574
570069,episode_end,273.56750349653396,242,0.010000000000000005,-100.0,,,,
570303,episode_end,254.01914629358612,234,0.010000000000000005,-100.0,,,,
570564,episode_end,257.63721125564405,261,0.010000000000000005,-100.0,,,,
570742,episode_end,261.2015571964272,178,0.010000000000000005,-100.0,,,,
570921,episode_end,316.1133516478465,179,0.010000000000000005,-100.0,,,,
571000,train_step,,,0.010000000000000005,-100.0,100000,10.046586990356445,-59.45249938964844,4.496692657470703
571184,episode_end,280.76200218940124,263,0.010000000000000005,-100.0,,,,
571401,episode_end,248.70150085861573,217,0.010000000000000005,-100.0,,,,
571596,episode_end,262.344840761863,195,0.010000000000000005,-100.0,,,,
571709,episode_end,-13.342921071691492,113,0.010000000000000005,-100.0,,,,
572000,train_step,,,0.010000000000000005,-100.0,100000,16.54386329650879,-56.743743896484375,4.565723419189453
572180,episode_end,276.86965636788386,471,0.010000000000000005,-100.0,,,,
572367,episode_end,276.4822864484222,187,0.010000000000000005,-100.0,,,,
572476,episode_end,-9.504136323806037,109,0.010000000000000005,-100.0,,,,
572684,episode_end,242.57273429720843,208,0.010000000000000005,-100.0,,,,
572917,episode_end,266.88020811130497,233,0.010000000000000005,-100.0,,,,
573000,train_step,,,0.010000000000000005,-100.0,100000,60.71282196044922,-57.381004333496094,4.6125311851501465
573161,episode_end,266.5573589824604,244,0.010000000000000005,-100.0,,,,
573505,episode_end,246.1633316716949,344,0.010000000000000005,-100.0,,,,
573758,episode_end,301.83678953180294,253,0.010000000000000005,-100.0,,,,
574000,train_step,,,0.010000000000000005,-100.0,100000,2.9589362144470215,-58.03656005859375,4.8638410568237305
574236,episode_end,245.4205022043244,478,0.010000000000000005,-100.0,,,,
574488,episode_end,238.42944705016336,252,0.010000000000000005,-100.0,,,,
574747,episode_end,234.15484833926027,259,0.010000000000000005,-100.0,,,,
575000,train_step,,,0.010000000000000005,-100.0,100000,6.341719150543213,-59.82782745361328,4.688872337341309
575056,episode_end,261.15679558566535,309,0.010000000000000005,-100.0,,,,
575308,episode_end,250.99486915409904,252,0.010000000000000005,-100.0,,,,
575527,episode_end,260.14193533783464,219,0.010000000000000005,-100.0,,,,
575976,episode_end,180.6541492348258,449,0.010000000000000005,-100.0,,,,
576000,train_step,,,0.010000000000000005,-100.0,100000,9.220186233520508,-63.91979217529297,4.829807281494141
576206,episode_end,240.55860940807403,230,0.010000000000000005,-100.0,,,,
576703,episode_end,287.5686305740246,497,0.010000000000000005,-100.0,,,,
576979,episode_end,229.08983618145402,276,0.010000000000000005,-100.0,,,,
577000,train_step,,,0.010000000000000005,-100.0,100000,25.452455520629883,-59.313697814941406,5.040617942810059
577233,episode_end,243.27409925605255,254,0.010000000000000005,-100.0,,,,
577424,episode_end,272.9968603145597,191,0.010000000000000005,-100.0,,,,
578000,train_step,,,0.010000000000000005,-100.0,100000,48.75129699707031,-62.331634521484375,5.006243705749512
578012,episode_end,232.89045381418074,588,0.010000000000000005,-100.0,,,,
578148,episode_end,31.807997202837413,136,0.010000000000000005,-100.0,,,,
578417,episode_end,291.55685013843447,269,0.010000000000000005,-100.0,,,,
578600,episode_end,294.00617957804275,183,0.010000000000000005,-100.0,,,,
578799,episode_end,271.28306820897467,199,0.010000000000000005,-100.0,,,,
579000,train_step,,,0.010000000000000005,-100.0,100000,76.26893615722656,-63.321678161621094,4.610093593597412
579008,episode_end,277.2972587161189,209,0.010000000000000005,-100.0,,,,
579584,episode_end,289.9054051106147,576,0.010000000000000005,-100.0,,,,
579803,episode_end,285.9010256424391,219,0.010000000000000005,-100.0,,,,
580000,train_step,,,0.010000000000000005,-100.0,100000,11.68073844909668,-65.84597778320312,5.176624298095703
580039,episode_end,290.72391926933585,236,0.010000000000000005,-100.0,,,,
580427,episode_end,242.54726226335362,388,0.010000000000000005,-100.0,,,,
580692,episode_end,267.4324746137123,265,0.010000000000000005,-100.0,,,,
580989,episode_end,266.8354463299921,297,0.010000000000000005,-100.0,,,,
581000,train_step,,,0.010000000000000005,-100.0,100000,12.260322570800781,-66.63894653320312,4.521869659423828
581196,episode_end,247.14244473109645,207,0.010000000000000005,-100.0,,,,
581556,episode_end,-365.37362112002387,360,0.010000000000000005,-100.0,,,,
581875,episode_end,291.90249495717046,319,0.010000000000000005,-100.0,,,,
582000,train_step,,,0.010000000000000005,-100.0,100000,16.652843475341797,-66.15606689453125,4.98115348815918
582137,episode_end,242.11952391871745,262,0.010000000000000005,-100.0,,,,
582385,episode_end,255.958967657648,248,0.010000000000000005,-100.0,,,,
582765,episode_end,295.6929435702127,380,0.010000000000000005,-100.0,,,,
583000,train_step,,,0.010000000000000005,-100.0,100000,7.8036699295043945,-67.42933654785156,4.373431205749512
583372,episode_end,169.09612236539672,607,0.010000000000000005,-100.0,,,,
583539,episode_end,276.3117207223977,167,0.010000000000000005,-100.0,,,,
583707,episode_end,274.2193420341872,168,0.010000000000000005,-100.0,,,,
584000,train_step,,,0.010000000000000005,-100.0,100000,9.726638793945312,-67.51873779296875,4.559515953063965
584303,episode_end,241.44519854089177,596,0.010000000000000005,-100.0,,,,
584577,episode_end,244.24346365226992,274,0.010000000000000005,-100.0,,,,
585000,train_step,,,0.010000000000000005,-100.0,100000,9.32332992553711,-63.57194900512695,4.852320194244385
585094,episode_end,157.65821615548862,517,0.010000000000000005,-100.0,,,,
585330,episode_end,258.39373896357125,236,0.010000000000000005,-100.0,,,,
585696,episode_end,217.34116222479008,366,0.010000000000000005,-100.0,,,,
586000,train_step,,,0.010000000000000005,-100.0,100000,15.98813247680664,-65.80178833007812,4.473405838012695
586426,episode_end,206.75870198670856,730,0.010000000000000005,-100.0,,,,
586962,episode_end,261.7167796991353,536,0.010000000000000005,-100.0,,,,
587000,train_step,,,0.010000000000000005,-100.0,100000,10.461751937866211,-63.974578857421875,4.460992813110352
587142,episode_end,274.21335932691363,180,0.010000000000000005,-100.0,,,,
587518,episode_end,272.33920073036813,376,0.010000000000000005,-100.0,,,,
587710,episode_end,286.497446987011,192,0.010000000000000005,-100.0,,,,
587844,episode_end,78.93123679613973,134,0.010000000000000005,-100.0,,,,
588000,train_step,,,0.010000000000000005,-100.0,100000,10.61938190460205,-65.90149688720703,4.5123610496521
588102,episode_end,292.5517518259618,258,0.010000000000000005,-100.0,,,,
588276,episode_end,259.1018114020951,174,0.010000000000000005,-100.0,,,,
588552,episode_end,268.1802926304589,276,0.010000000000000005,-100.0,,,,
588742,episode_end,277.38865172052675,190,0.010000000000000005,-100.0,,,,
588983,episode_end,258.55886646086196,241,0.010000000000000005,-100.0,,,,
589000,train_step,,,0.010000000000000005,-100.0,100000,2.7431912422180176,-65.65119934082031,4.5548014640808105
589105,episode_end,52.834339080419454,122,0.010000000000000005,-100.0,,,,
589500,episode_end,214.53174600632255,395,0.010000000000000005,-100.0,,,,
589713,episode_end,295.1571489513543,213,0.010000000000000005,-100.0,,,,
590000,train_step,,,0.010000000000000005,-100.0,100000,21.277820587158203,-67.85481262207031,4.560828685760498
590031,episode_end,199.6132594349445,318,0.010000000000000005,-100.0,,,,
590185,episode_end,284.3800698068767,154,0.010000000000000005,-100.0,,,,
590349,episode_end,295.1027366456979,164,0.010000000000000005,-100.0,,,,
590610,episode_end,296.5679963166451,261,0.010000000000000005,-100.0,,,,
590786,episode_end,306.90016372728553,176,0.010000000000000005,-100.0,,,,
590990,episode_end,290.27665067792003,204,0.010000000000000005,-100.0,,,,
591000,train_step,,,0.010000000000000005,-100.0,100000,79.01789093017578,-65.09429931640625,4.692520618438721
591254,episode_end,265.9643509693048,264,0.010000000000000005,-100.0,,,,
591469,episode_end,270.69826526711495,215,0.010000000000000005,-100.0,,,,
591815,episode_end,250.59091759213123,346,0.010000000000000005,-100.0,,,,
592000,train_step,,,0.010000000000000005,-100.0,100000,14.649555206298828,-67.3342514038086,4.238326072692871
592114,episode_end,265.6980078021936,299,0.010000000000000005,-100.0,,,,
592300,episode_end,301.6526616132015,186,0.010000000000000005,-100.0,,,,
592530,episode_end,249.26278938554657,230,0.010000000000000005,-100.0,,,,
592834,episode_end,281.5974469148372,304,0.010000000000000005,-100.0,,,,
592957,episode_end,34.152004698078144,123,0.010000000000000005,-100.0,,,,
593000,train_step,,,0.010000000000000005,-100.0,100000,9.386545181274414,-71.5810317993164,4.522768974304199
593153,episode_end,293.8149496498032,196,0.010000000000000005,-100.0,,,,
593487,episode_end,221.71895513638856,334,0.010000000000000005,-100.0,,,,
593689,episode_end,290.2917263141469,202,0.010000000000000005,-100.0,,,,
593891,episode_end,307.89453007903046,202,0.010000000000000005,-100.0,,,,
594000,train_step,,,0.010000000000000005,-100.0,100000,8.863837242126465,-68.10151672363281,4.166082382202148
594189,episode_end,232.3998695170822,298,0.010000000000000005,-100.0,,,,
594392,episode_end,278.04262085741755,203,0.010000000000000005,-100.0,,,,
594589,episode_end,277.387111295707,197,0.010000000000000005,-100.0,,,,
594910,episode_end,231.41887623057758,321,0.010000000000000005,-100.0,,,,
595000,train_step,,,0.010000000000000005,-100.0,100000,7.548874855041504,-66.2596435546875,4.5077056884765625
595127,episode_end,262.87250147416773,217,0.010000000000000005,-100.0,,,,
595265,episode_end,38.95708169767602,138,0.010000000000000005,-100.0,,,,
595453,episode_end,272.99057717141824,188,0.010000000000000005,-100.0,,,,
595646,episode_end,274.2015613580767,193,0.010000000000000005,-100.0,,,,
595813,episode_end,288.75874422600015,167,0.010000000000000005,-100.0,,,,
596000,train_step,,,0.010000000000000005,-100.0,100000,9.684471130371094,-68.69108581542969,4.3849663734436035
596021,episode_end,292.99651090272636,208,0.010000000000000005,-100.0,,,,
596244,episode_end,293.2229815725392,223,0.010000000000000005,-100.0,,,,
596410,episode_end,265.0617584388602,166,0.010000000000000005,-100.0,,,,
596824,episode_end,191.5881123180053,414,0.010000000000000005,-100.0,,,,
596985,episode_end,286.14030355736986,161,0.010000000000000005,-100.0,,,,
597000,train_step,,,0.010000000000000005,-100.0,100000,10.260002136230469,-71.70642852783203,3.9804577827453613
597360,episode_end,231.0281355876872,375,0.010000000000000005,-100.0,,,,
597556,episode_end,298.15170667774885,196,0.010000000000000005,-100.0,,,,
597922,episode_end,249.36468929570222,366,0.010000000000000005,-100.0,,,,
598000,train_step,,,0.010000000000000005,-100.0,100000,16.265396118164062,-71.42027282714844,4.513835906982422
598092,episode_end,276.6201262503706,170,0.010000000000000005,-100.0,,,,
598663,episode_end,296.163955084442,571,0.010000000000000005,-100.0,,,,
598871,episode_end,305.95116789484996,208,0.010000000000000005,-100.0,,,,
599000,train_step,,,0.010000000000000005,-100.0,100000,18.136669158935547,-69.180419921875,4.868145942687988
599173,episode_end,226.1163435467139,302,0.010000000000000005,-100.0,,,,
599400,episode_end,290.3814465223704,227,0.010000000000000005,-100.0,,,,
599633,episode_end,248.58885890123145,233,0.010000000000000005,-100.0,,,,
599884,episode_end,300.9660549049128,251,0.010000000000000005,-100.0,,,,
600000,train_step,,,0.010000000000000005,-100.0,100000,20.488082885742188,-68.70780944824219,4.657201766967773
