global_step,event,episode_return,episode_length,alpha,hover_reward_value,replay_size,critic_loss,actor_loss,logp
75,episode_end,-159.65906764370274,75,0.010000000000000005,200.0,,,,
166,episode_end,-353.14730305536403,91,0.010000000000000005,200.0,,,,
257,episode_end,-343.9711170204524,91,0.010000000000000005,200.0,,,,
360,episode_end,-343.04834053128025,103,0.010000000000000005,200.0,,,,
465,episode_end,-152.05909607296363,105,0.010000000000000005,200.0,,,,
560,episode_end,-300.82747561521103,95,0.010000000000000005,200.0,,,,
688,episode_end,-306.8707225585448,128,0.010000000000000005,200.0,,,,
804,episode_end,-157.26026521942566,116,0.010000000000000005,200.0,,,,
931,episode_end,-184.44657704550252,127,0.010000000000000005,200.0,,,,
1000,train_step,,,0.010000000000000005,200.0,1000,,,
1040,episode_end,-326.70203728535495,109,0.010000000000000005,200.0,,,,
1118,episode_end,-55.640676424088866,78,0.010000000000000005,200.0,,,,
1214,episode_end,-180.50181927260294,96,0.010000000000000005,200.0,,,,
1322,episode_end,-357.1707265849927,108,0.010000000000000005,200.0,,,,
1433,episode_end,-86.9187422436878,111,0.010000000000000005,200.0,,,,
1522,episode_end,-119.91982690892158,89,0.010000000000000005,200.0,,,,
1601,episode_end,-115.09613757315651,79,0.010000000000000005,200.0,,,,
1689,episode_end,-77.82398217321835,88,0.010000000000000005,200.0,,,,
1785,episode_end,-134.95924861140483,96,0.010000000000000005,200.0,,,,
1873,episode_end,-212.4327506445482,88,0.010000000000000005,200.0,,,,
1978,episode_end,-280.07960237605573,105,0.010000000000000005,200.0,,,,
2000,train_step,,,0.010000000000000005,200.0,2000,,,
2045,episode_end,-64.80231386010409,67,0.010000000000000005,200.0,,,,
2113,episode_end,-165.71359312892827,68,0.010000000000000005,200.0,,,,
2201,episode_end,-289.9788086297998,88,0.010000000000000005,200.0,,,,
2307,episode_end,-317.07695775380733,106,0.010000000000000005,200.0,,,,
2421,episode_end,-137.9245206588037,114,0.010000000000000005,200.0,,,,
2522,episode_end,-6.561795733561766,101,0.010000000000000005,200.0,,,,
2653,episode_end,134.82957701976937,131,0.010000000000000005,200.0,,,,
2750,episode_end,-278.93819167732113,97,0.010000000000000005,200.0,,,,
2910,episode_end,-141.7247745006312,160,0.010000000000000005,200.0,,,,
3000,train_step,,,0.010000000000000005,200.0,3000,,,
3002,episode_end,-311.9015554427333,92,0.010000000000000005,200.0,,,,
3109,episode_end,-184.57024681993155,107,0.010000000000000005,200.0,,,,
3200,episode_end,-19.182253880440427,91,0.010000000000000005,200.0,,,,
3327,episode_end,-374.88377498987785,127,0.010000000000000005,200.0,,,,
3459,episode_end,-134.01991587280835,132,0.010000000000000005,200.0,,,,
3572,episode_end,-86.75466314698906,113,0.010000000000000005,200.0,,,,
3677,episode_end,-228.0331911273944,105,0.010000000000000005,200.0,,,,
3761,episode_end,-60.09462054797954,84,0.010000000000000005,200.0,,,,
3878,episode_end,-169.3473677079504,117,0.010000000000000005,200.0,,,,
3987,episode_end,-288.8333852470165,109,0.010000000000000005,200.0,,,,
4000,train_step,,,0.010000000000000005,200.0,4000,,,
4107,episode_end,-147.31090446736454,120,0.010000000000000005,200.0,,,,
4205,episode_end,-328.8348901978454,98,0.010000000000000005,200.0,,,,
4313,episode_end,-171.52217473188563,108,0.010000000000000005,200.0,,,,
4408,episode_end,-269.7056773273621,95,0.010000000000000005,200.0,,,,
4485,episode_end,-54.2875349767331,77,0.010000000000000005,200.0,,,,
4607,episode_end,-216.45186913875625,122,0.010000000000000005,200.0,,,,
4705,episode_end,-290.47548621761933,98,0.010000000000000005,200.0,,,,
4815,episode_end,-402.966954649874,110,0.010000000000000005,200.0,,,,
4897,episode_end,173.4073019056804,82,0.010000000000000005,200.0,,,,
5000,train_step,,,0.010000000000000005,200.0,5000,,,
5033,episode_end,-441.20493038019407,136,0.010000000000000005,200.0,,,,
5129,episode_end,-264.0895246531801,96,0.010000000000000005,200.0,,,,
5215,episode_end,-348.3468491305174,86,0.010000000000000005,200.0,,,,
5320,episode_end,-333.0621527359443,105,0.010000000000000005,200.0,,,,
5415,episode_end,148.42536306102875,95,0.010000000000000005,200.0,,,,
5528,episode_end,-261.109239199234,113,0.010000000000000005,200.0,,,,
5614,episode_end,-86.23104022215058,86,0.010000000000000005,200.0,,,,
5711,episode_end,-216.20606402162693,97,0.010000000000000005,200.0,,,,
5782,episode_end,103.73694288638924,71,0.010000000000000005,200.0,,,,
5858,episode_end,-129.5183980944304,76,0.010000000000000005,200.0,,,,
5971,episode_end,-350.63061617946096,113,0.010000000000000005,200.0,,,,
6000,train_step,,,0.010000000000000005,200.0,6000,,,
6141,episode_end,-47.406710047161695,170,0.010000000000000005,200.0,,,,
6236,episode_end,-24.60795145507143,95,0.010000000000000005,200.0,,,,
6359,episode_end,-128.34287543152865,123,0.010000000000000005,200.0,,,,
6474,episode_end,-115.18930928889336,115,0.010000000000000005,200.0,,,,
6552,episode_end,-64.50109783318194,78,0.010000000000000005,200.0,,,,
6620,episode_end,-72.29078460477696,68,0.010000000000000005,200.0,,,,
6729,episode_end,-209.99306455207483,109,0.010000000000000005,200.0,,,,
6846,episode_end,-85.59500675137483,117,0.010000000000000005,200.0,,,,
6938,episode_end,-299.8147576930734,92,0.010000000000000005,200.0,,,,
7000,train_step,,,0.010000000000000005,200.0,7000,,,
7086,episode_end,-391.86494212246043,148,0.010000000000000005,200.0,,,,
7172,episode_end,-277.9829893679257,86,0.010000000000000005,200.0,,,,
7258,episode_end,-372.2637257793297,86,0.010000000000000005,200.0,,,,
7416,episode_end,-146.10692737466505,158,0.010000000000000005,200.0,,,,
7528,episode_end,-430.39032859109204,112,0.010000000000000005,200.0,,,,
7675,episode_end,-282.48214524742815,147,0.010000000000000005,200.0,,,,
8000,train_step,,,0.010000000000000005,200.0,8000,,,
8675,episode_end,49.56668326108633,1000,0.010000000000000005,200.0,,,,
8787,episode_end,-289.4300041708757,112,0.010000000000000005,200.0,,,,
8939,episode_end,-345.98155921715767,152,0.010000000000000005,200.0,,,,
9000,train_step,,,0.010000000000000005,200.0,9000,,,
9078,episode_end,-164.587017982295,139,0.010000000000000005,200.0,,,,
9187,episode_end,-131.5674935444919,109,0.010000000000000005,200.0,,,,
9287,episode_end,-110.8256764334283,100,0.010000000000000005,200.0,,,,
9401,episode_end,-276.04816157806397,114,0.010000000000000005,200.0,,,,
9522,episode_end,-81.43656122089736,121,0.010000000000000005,200.0,,,,
9628,episode_end,-177.76617816381489,106,0.010000000000000005,200.0,,,,
9740,episode_end,-331.9486045911863,112,0.010000000000000005,200.0,,,,
9840,episode_end,-263.8957902113225,100,0.010000000000000005,200.0,,,,
9906,episode_end,-418.8101324694557,66,0.010000000000000005,200.0,,,,
9996,episode_end,-141.04693826650748,90,0.010000000000000005,200.0,,,,
10000,train_step,,,0.010000000000000005,200.0,10000,100.07853698730469,0.037932198494672775,-1.3513414859771729
10099,episode_end,-496.15228201531704,103,0.010000000000000005,200.0,,,,
10206,episode_end,-328.61836332802915,107,0.010000000000000005,200.0,,,,
10408,episode_end,-457.3928468394384,202,0.010000000000000005,200.0,,,,
10570,episode_end,-151.0118711341095,162,0.010000000000000005,200.0,,,,
10795,episode_end,-370.9506128587211,225,0.010000000000000005,200.0,,,,
11000,train_step,,,0.010000000000000005,200.0,11000,104.62539672851562,3.5668020248413086,3.244910717010498
11180,episode_end,178.4562358511285,385,0.010000000000000005,200.0,,,,
11693,episode_end,-95.04046378461015,513,0.010000000000000005,200.0,,,,
12000,train_step,,,0.010000000000000005,200.0,12000,403.46075439453125,4.837474822998047,6.252851486206055
12172,episode_end,-125.26785199062397,479,0.010000000000000005,200.0,,,,
12552,episode_end,-59.33829651381664,380,0.010000000000000005,200.0,,,,
13000,train_step,,,0.010000000000000005,200.0,13000,79.16087341308594,3.9414925575256348,5.743647575378418
13107,episode_end,-188.86543246178428,555,0.010000000000000005,200.0,,,,
13698,episode_end,-190.55604359439897,591,0.010000000000000005,200.0,,,,
14000,train_step,,,0.010000000000000005,200.0,14000,24.638538360595703,-1.280259132385254,5.946590900421143
14572,episode_end,-258.55059050203283,874,0.010000000000000005,200.0,,,,
15000,train_step,,,0.010000000000000005,200.0,15000,58.71180725097656,-6.743284225463867,6.409844398498535
15335,episode_end,76.15625784435969,763,0.010000000000000005,200.0,,,,
15621,episode_end,-73.44614036076206,286,0.010000000000000005,200.0,,,,
15921,episode_end,189.33994343937707,300,0.010000000000000005,200.0,,,,
16000,train_step,,,0.010000000000000005,200.0,16000,113.33001708984375,-11.69575309753418,6.512894630432129
16473,episode_end,-185.950495582725,552,0.010000000000000005,200.0,,,,
16714,episode_end,-123.86710290169478,241,0.010000000000000005,200.0,,,,
17000,train_step,,,0.010000000000000005,200.0,17000,133.1353759765625,-13.318784713745117,6.918515205383301
17452,episode_end,-172.64750921106977,738,0.010000000000000005,200.0,,,,
17741,episode_end,-164.72656295232548,289,0.010000000000000005,200.0,,,,
17956,episode_end,-129.8478817539962,215,0.010000000000000005,200.0,,,,
18000,train_step,,,0.010000000000000005,200.0,18000,28.492040634155273,-19.651897430419922,6.698793411254883
18931,episode_end,-191.03073407731978,975,0.010000000000000005,200.0,,,,
19000,train_step,,,0.010000000000000005,200.0,19000,16.433076858520508,-19.95501708984375,6.9807024002075195
19317,episode_end,-122.90996431688137,386,0.010000000000000005,200.0,,,,
20000,train_step,,,0.010000000000000005,200.0,20000,17.487712860107422,-27.863773345947266,6.92540168762207
20054,episode_end,193.29870122647864,737,0.010000000000000005,200.0,,,,
20267,episode_end,-487.72570397504927,213,0.010000000000000005,200.0,,,,
20711,episode_end,-238.34410179919428,444,0.010000000000000005,200.0,,,,
21000,train_step,,,0.010000000000000005,200.0,21000,18.11618423461914,-30.547039031982422,6.241659641265869
21205,episode_end,-185.9248373033828,494,0.010000000000000005,200.0,,,,
21646,episode_end,-354.30522996242075,441,0.010000000000000005,200.0,,,,
21946,episode_end,-112.55990772948499,300,0.010000000000000005,200.0,,,,
22000,train_step,,,0.010000000000000005,200.0,22000,32.686798095703125,-30.231000900268555,6.80714225769043
22542,episode_end,-118.00473317655471,596,0.010000000000000005,200.0,,,,
22724,episode_end,-93.30262431303285,182,0.010000000000000005,200.0,,,,
23000,train_step,,,0.010000000000000005,200.0,23000,22.754919052124023,-35.80635452270508,6.546729564666748
23184,episode_end,147.03343678776704,460,0.010000000000000005,200.0,,,,
24000,train_step,,,0.010000000000000005,200.0,24000,45.244346618652344,-38.2150993347168,6.839818954467773
24184,episode_end,171.69677299416537,1000,0.010000000000000005,200.0,,,,
24458,episode_end,-154.97478036308914,274,0.010000000000000005,200.0,,,,
25000,train_step,,,0.010000000000000005,200.0,25000,221.09571838378906,-35.430023193359375,6.406764984130859
25458,episode_end,157.08785850816028,1000,0.010000000000000005,200.0,,,,
25538,episode_end,-15.189057311244895,80,0.010000000000000005,200.0,,,,
25705,episode_end,-189.08893018665867,167,0.010000000000000005,200.0,,,,
26000,train_step,,,0.010000000000000005,200.0,26000,196.10910034179688,-45.27521514892578,5.990523338317871
26113,episode_end,395.01425379779687,408,0.010000000000000005,200.0,,,,
26616,episode_end,-172.08818297892094,503,0.010000000000000005,200.0,,,,
26703,episode_end,172.4845177066723,87,0.010000000000000005,200.0,,,,
26856,episode_end,-106.21446421150996,153,0.010000000000000005,200.0,,,,
26953,episode_end,-49.09760353900613,97,0.010000000000000005,200.0,,,,
27000,train_step,,,0.010000000000000005,200.0,27000,73.11708068847656,-45.497901916503906,5.872337341308594
27182,episode_end,-214.80560469899564,229,0.010000000000000005,200.0,,,,
27354,episode_end,-54.01425189372643,172,0.010000000000000005,200.0,,,,
27695,episode_end,-331.76904115429744,341,0.010000000000000005,200.0,,,,
28000,train_step,,,0.010000000000000005,200.0,28000,18.79439926147461,-41.350982666015625,6.356162071228027
28441,episode_end,139.1064988426927,746,0.010000000000000005,200.0,,,,
28607,episode_end,-137.62255287324533,166,0.010000000000000005,200.0,,,,
28749,episode_end,-48.74053077929698,142,0.010000000000000005,200.0,,,,
29000,train_step,,,0.010000000000000005,200.0,29000,50.16679382324219,-50.786766052246094,5.682930946350098
29113,episode_end,13.343505393227758,364,0.010000000000000005,200.0,,,,
29416,episode_end,-109.91473875032428,303,0.010000000000000005,200.0,,,,
29713,episode_end,-4.8565154185932755,297,0.010000000000000005,200.0,,,,
30000,train_step,,,0.010000000000000005,200.0,30000,32.812503814697266,-49.706607818603516,5.611057281494141
30713,episode_end,8.026172757508581,1000,0.010000000000000005,200.0,,,,
31000,train_step,,,0.010000000000000005,200.0,31000,27.216552734375,-49.59608459472656,5.6838226318359375
31217,episode_end,387.64834378219086,504,0.010000000000000005,200.0,,,,
32000,train_step,,,0.010000000000000005,200.0,32000,55.75471496582031,-57.779083251953125,6.079754829406738
32187,episode_end,161.1256157263926,970,0.010000000000000005,200.0,,,,
32725,episode_end,202.08017261814538,538,0.010000000000000005,200.0,,,,
33000,train_step,,,0.010000000000000005,200.0,33000,20.219249725341797,-44.84292221069336,5.8596720695495605
33206,episode_end,-55.81442206628801,481,0.010000000000000005,200.0,,,,
33665,episode_end,185.97197123302016,459,0.010000000000000005,200.0,,,,
34000,train_step,,,0.010000000000000005,200.0,34000,47.979248046875,-44.963531494140625,5.948382377624512
34203,episode_end,225.68882681339971,538,0.010000000000000005,200.0,,,,
34456,episode_end,198.886738807622,253,0.010000000000000005,200.0,,,,
34890,episode_end,-53.38385807843564,434,0.010000000000000005,200.0,,,,
35000,train_step,,,0.010000000000000005,200.0,35000,26.565168380737305,-51.07252502441406,5.875422954559326
35345,episode_end,-146.2450740389437,455,0.010000000000000005,200.0,,,,
36000,train_step,,,0.010000000000000005,200.0,36000,38.464332580566406,-52.60425567626953,5.931025505065918
36345,episode_end,-28.546033413687315,1000,0.010000000000000005,200.0,,,,
37000,train_step,,,0.010000000000000005,200.0,37000,118.47511291503906,-48.76781463623047,6.0325212478637695
37345,episode_end,64.04612360846761,1000,0.010000000000000005,200.0,,,,
38000,train_step,,,0.010000000000000005,200.0,38000,20.21752166748047,-56.004241943359375,5.965594291687012
38345,episode_end,-34.64928641711262,1000,0.010000000000000005,200.0,,,,
39000,train_step,,,0.010000000000000005,200.0,39000,43.229095458984375,-60.816749572753906,5.833911895751953
39345,episode_end,-37.158351256229224,1000,0.010000000000000005,200.0,,,,
40000,train_step,,,0.010000000000000005,200.0,40000,22.23967742919922,-55.306060791015625,5.955933570861816
40345,episode_end,-86.58833189371121,1000,0.010000000000000005,200.0,,,,
40411,episode_end,-33.08183010699577,66,0.010000000000000005,200.0,,,,
40656,episode_end,-31.819309389097683,245,0.010000000000000005,200.0,,,,
41000,train_step,,,0.010000000000000005,200.0,41000,316.7188720703125,-63.40005111694336,6.37017822265625
41656,episode_end,-91.86474669540362,1000,0.010000000000000005,200.0,,,,
41788,episode_end,214.2030262358387,132,0.010000000000000005,200.0,,,,
42000,train_step,,,0.010000000000000005,200.0,42000,75.57530212402344,-60.5399055480957,6.63862943649292
42788,episode_end,-60.01558319838079,1000,0.010000000000000005,200.0,,,,
43000,train_step,,,0.010000000000000005,200.0,43000,47.64992141723633,-65.0283203125,6.507268905639648
43788,episode_end,-39.79083694034518,1000,0.010000000000000005,200.0,,,,
44000,train_step,,,0.010000000000000005,200.0,44000,36.107322692871094,-69.88797760009766,7.338967323303223
44788,episode_end,-96.10858308356856,1000,0.010000000000000005,200.0,,,,
45000,train_step,,,0.010000000000000005,200.0,45000,31.04960060119629,-70.04934692382812,6.798394203186035
45788,episode_end,128.71994068954135,1000,0.010000000000000005,200.0,,,,
46000,train_step,,,0.010000000000000005,200.0,46000,22.32388687133789,-64.97898864746094,6.575544834136963
46788,episode_end,-10.63381915721555,1000,0.010000000000000005,200.0,,,,
47000,train_step,,,0.010000000000000005,200.0,47000,30.741466522216797,-71.55071258544922,6.39376163482666
47788,episode_end,88.07589674658948,1000,0.010000000000000005,200.0,,,,
48000,train_step,,,0.010000000000000005,200.0,48000,93.46611022949219,-73.63581848144531,6.919601917266846
48788,episode_end,-85.5957975888982,1000,0.010000000000000005,200.0,,,,
49000,train_step,,,0.010000000000000005,200.0,49000,27.647903442382812,-69.81163024902344,6.7663798332214355
49622,episode_end,-4.7830806430145145,834,0.010000000000000005,200.0,,,,
50000,train_step,,,0.010000000000000005,200.0,50000,316.6717529296875,-79.06311798095703,6.856081008911133
50622,episode_end,81.17923649866785,1000,0.010000000000000005,200.0,,,,
51000,train_step,,,0.010000000000000005,200.0,51000,315.03619384765625,-81.83256530761719,6.437844276428223
51622,episode_end,-85.54990516088897,1000,0.010000000000000005,200.0,,,,
52000,train_step,,,0.010000000000000005,200.0,52000,30.08432388305664,-77.71833038330078,6.855652809143066
52622,episode_end,135.21997727237238,1000,0.010000000000000005,200.0,,,,
52966,episode_end,442.0700691444641,344,0.010000000000000005,200.0,,,,
53000,train_step,,,0.010000000000000005,200.0,53000,26.981185913085938,-76.02835083007812,6.460836887359619
53966,episode_end,187.2648601965924,1000,0.010000000000000005,200.0,,,,
54000,train_step,,,0.010000000000000005,200.0,54000,14.625443458557129,-80.94482421875,6.433584213256836
54966,episode_end,-12.777211218766183,1000,0.010000000000000005,200.0,,,,
55000,train_step,,,0.010000000000000005,200.0,55000,14.740974426269531,-78.10804748535156,6.604891300201416
55966,episode_end,0.6547508528233168,1000,0.010000000000000005,200.0,,,,
56000,train_step,,,0.010000000000000005,200.0,56000,355.4195251464844,-73.55122375488281,6.237265586853027
56966,episode_end,-7.089307773950521,1000,0.010000000000000005,200.0,,,,
57000,train_step,,,0.010000000000000005,200.0,57000,18.77737045288086,-81.15694427490234,6.497065544128418
57592,episode_end,421.1214770488486,626,0.010000000000000005,200.0,,,,
57751,episode_end,421.1276797551117,159,0.010000000000000005,200.0,,,,
58000,train_step,,,0.010000000000000005,200.0,58000,15.583782196044922,-75.03194427490234,6.558863639831543
58751,episode_end,1.3931431558634109,1000,0.010000000000000005,200.0,,,,
58894,episode_end,218.52608925882765,143,0.010000000000000005,200.0,,,,
59000,train_step,,,0.010000000000000005,200.0,59000,31.09317970275879,-77.55960083007812,6.724061012268066
59894,episode_end,167.26460180455567,1000,0.010000000000000005,200.0,,,,
60000,train_step,,,0.010000000000000005,200.0,60000,25.9427433013916,-84.28779602050781,6.7498250007629395
60894,episode_end,-35.237734154814596,1000,0.010000000000000005,200.0,,,,
61000,train_step,,,0.010000000000000005,200.0,61000,41.4522590637207,-81.4147720336914,7.110803604125977
61894,episode_end,131.3966452583454,1000,0.010000000000000005,200.0,,,,
62000,train_step,,,0.010000000000000005,200.0,62000,16.111366271972656,-80.11289978027344,6.339506149291992
62894,episode_end,181.7827764385961,1000,0.010000000000000005,200.0,,,,
63000,train_step,,,0.010000000000000005,200.0,63000,35.312198638916016,-76.24064636230469,6.383134841918945
63894,episode_end,187.93845766513107,1000,0.010000000000000005,200.0,,,,
64000,train_step,,,0.010000000000000005,200.0,64000,17.4906005859375,-78.56407165527344,7.234373569488525
64894,episode_end,-29.89589302843429,1000,0.010000000000000005,200.0,,,,
65000,train_step,,,0.010000000000000005,200.0,65000,27.28150177001953,-78.13505554199219,6.915338516235352
65894,episode_end,144.90744653213412,1000,0.010000000000000005,200.0,,,,
66000,train_step,,,0.010000000000000005,200.0,66000,267.4317321777344,-76.5978012084961,6.952540874481201
66894,episode_end,19.186283366042186,1000,0.010000000000000005,200.0,,,,
67000,train_step,,,0.010000000000000005,200.0,67000,17.917909622192383,-88.56367492675781,7.326289176940918
67205,episode_end,192.86890068187932,311,0.010000000000000005,200.0,,,,
68000,train_step,,,0.010000000000000005,200.0,68000,21.762531280517578,-77.75273132324219,6.902158737182617
68205,episode_end,-53.489086509052505,1000,0.010000000000000005,200.0,,,,
69000,train_step,,,0.010000000000000005,200.0,69000,15.531296730041504,-80.20918273925781,7.770055770874023
69205,episode_end,-57.259437354523016,1000,0.010000000000000005,200.0,,,,
70000,train_step,,,0.010000000000000005,200.0,70000,303.7464599609375,-83.76167297363281,7.737975597381592
70205,episode_end,161.10766565030215,1000,0.010000000000000005,200.0,,,,
70312,episode_end,218.67066708614578,107,0.010000000000000005,200.0,,,,
70716,episode_end,-41.61126864396057,404,0.010000000000000005,200.0,,,,
71000,train_step,,,0.010000000000000005,200.0,71000,18.321271896362305,-87.26255798339844,7.769156455993652
71716,episode_end,158.3565090912942,1000,0.010000000000000005,200.0,,,,
72000,train_step,,,0.010000000000000005,200.0,72000,13.206022262573242,-80.52359008789062,8.292261123657227
72716,episode_end,-37.13815321622109,1000,0.010000000000000005,200.0,,,,
73000,train_step,,,0.010000000000000005,200.0,73000,29.179588317871094,-82.52301025390625,6.683296203613281
73716,episode_end,-35.52838884541445,1000,0.010000000000000005,200.0,,,,
74000,train_step,,,0.010000000000000005,200.0,74000,354.85589599609375,-77.57394409179688,7.482753276824951
74716,episode_end,118.66400955453966,1000,0.010000000000000005,200.0,,,,
75000,train_step,,,0.010000000000000005,200.0,75000,444.74798583984375,-77.22514343261719,7.24688720703125
75716,episode_end,-18.662817036425036,1000,0.010000000000000005,200.0,,,,
76000,train_step,,,0.010000000000000005,200.0,76000,35.36847686767578,-79.0836181640625,7.006308555603027
76410,episode_end,-88.07311085064435,694,0.010000000000000005,200.0,,,,
76842,episode_end,226.11005953573738,432,0.010000000000000005,200.0,,,,
77000,train_step,,,0.010000000000000005,200.0,77000,120.8338623046875,-86.39118957519531,6.362216949462891
77842,episode_end,-46.996579622926234,1000,0.010000000000000005,200.0,,,,
78000,train_step,,,0.010000000000000005,200.0,78000,59.0142936706543,-80.61221313476562,7.61555290222168
78842,episode_end,152.61047280968128,1000,0.010000000000000005,200.0,,,,
79000,train_step,,,0.010000000000000005,200.0,79000,272.3288269042969,-77.52703857421875,6.390690326690674
79710,episode_end,152.582477838837,868,0.010000000000000005,200.0,,,,
80000,train_step,,,0.010000000000000005,200.0,80000,19.96332359313965,-81.2679672241211,6.677309036254883
80710,episode_end,155.1701871764075,1000,0.010000000000000005,200.0,,,,
81000,train_step,,,0.010000000000000005,200.0,81000,323.3691711425781,-79.35951232910156,7.051701545715332
81446,episode_end,-8.260035296875941,736,0.010000000000000005,200.0,,,,
82000,train_step,,,0.010000000000000005,200.0,82000,44.30500793457031,-84.06350708007812,7.05739164352417
82129,episode_end,248.26668608661285,683,0.010000000000000005,200.0,,,,
83000,train_step,,,0.010000000000000005,200.0,83000,17.87021827697754,-79.04725646972656,7.248354911804199
83129,episode_end,203.17040052160561,1000,0.010000000000000005,200.0,,,,
83609,episode_end,239.44231815102847,480,0.010000000000000005,200.0,,,,
84000,train_step,,,0.010000000000000005,200.0,84000,20.323524475097656,-75.99041748046875,7.092490196228027
84077,episode_end,441.62181744961066,468,0.010000000000000005,200.0,,,,
85000,train_step,,,0.010000000000000005,200.0,85000,17.428104400634766,-80.74235534667969,6.784898281097412
85077,episode_end,-42.56315847967496,1000,0.010000000000000005,200.0,,,,
85411,episode_end,-6.781461274143098,334,0.010000000000000005,200.0,,,,
86000,train_step,,,0.010000000000000005,200.0,86000,22.239791870117188,-91.63255310058594,6.845939636230469
86140,episode_end,336.33346541092345,729,0.010000000000000005,200.0,,,,
86635,episode_end,198.22318573316804,495,0.010000000000000005,200.0,,,,
86868,episode_end,229.66354147649938,233,0.010000000000000005,200.0,,,,
87000,train_step,,,0.010000000000000005,200.0,87000,16.932353973388672,-81.28669738769531,7.142117500305176
87836,episode_end,342.6871497561715,968,0.010000000000000005,200.0,,,,
88000,train_step,,,0.010000000000000005,200.0,88000,281.85076904296875,-80.1717529296875,6.948769569396973
88307,episode_end,192.91247930094448,471,0.010000000000000005,200.0,,,,
89000,train_step,,,0.010000000000000005,200.0,89000,20.22869110107422,-87.19297790527344,7.4363017082214355
89055,episode_end,97.97973828889252,748,0.010000000000000005,200.0,,,,
90000,train_step,,,0.010000000000000005,200.0,90000,13.07042121887207,-81.74241638183594,6.730715751647949
90055,episode_end,-59.800887714352356,1000,0.010000000000000005,200.0,,,,
91000,train_step,,,0.010000000000000005,200.0,91000,37.77649688720703,-86.37547302246094,6.748135089874268
91055,episode_end,180.16500521592553,1000,0.010000000000000005,200.0,,,,
92000,train_step,,,0.010000000000000005,200.0,92000,17.15582275390625,-85.09414672851562,7.013270378112793
92055,episode_end,115.72920347792272,1000,0.010000000000000005,200.0,,,,
92644,episode_end,-17.503592781571513,589,0.010000000000000005,200.0,,,,
92953,episode_end,269.36400830786533,309,0.010000000000000005,200.0,,,,
93000,train_step,,,0.010000000000000005,200.0,93000,301.30712890625,-86.16667175292969,6.2878828048706055
93953,episode_end,-6.365138106600063,1000,0.010000000000000005,200.0,,,,
94000,train_step,,,0.010000000000000005,200.0,94000,42.632450103759766,-80.18614959716797,7.030693054199219
94781,episode_end,328.24278391305734,828,0.010000000000000005,200.0,,,,
95000,train_step,,,0.010000000000000005,200.0,95000,40.210670471191406,-83.08927917480469,7.029213905334473
95781,episode_end,-50.7347110736964,1000,0.010000000000000005,200.0,,,,
96000,train_step,,,0.010000000000000005,200.0,96000,17.960302352905273,-81.68966674804688,6.915119171142578
96204,episode_end,-105.0288500387887,423,0.010000000000000005,200.0,,,,
97000,train_step,,,0.010000000000000005,200.0,97000,282.0286865234375,-79.1672592163086,6.794147491455078
97204,episode_end,7.284380638964494,1000,0.010000000000000005,200.0,,,,
98000,train_step,,,0.010000000000000005,200.0,98000,31.41892433166504,-75.12137603759766,6.446629524230957
98204,episode_end,225.9510502309567,1000,0.010000000000000005,200.0,,,,
99000,train_step,,,0.010000000000000005,200.0,99000,31.75570297241211,-73.86814880371094,6.665432453155518
99204,episode_end,-29.413910904782792,1000,0.010000000000000005,200.0,,,,
100000,train_step,,,0.010000000000000005,200.0,100000,15.399003028869629,-68.0283203125,6.297935485839844
100204,episode_end,182.17053607294284,1000,0.010000000000000005,200.0,,,,
101000,train_step,,,0.010000000000000005,200.0,100000,17.133838653564453,-72.1626205444336,7.661477565765381
101204,episode_end,-46.69574856786476,1000,0.010000000000000005,200.0,,,,
102000,train_step,,,0.010000000000000005,200.0,100000,15.352973937988281,-79.06201171875,6.241212844848633
102158,episode_end,98.39430710032912,954,0.010000000000000005,200.0,,,,
102531,episode_end,241.16048492970853,373,0.010000000000000005,200.0,,,,
102876,episode_end,421.3594108648737,345,0.010000000000000005,200.0,,,,
103000,train_step,,,0.010000000000000005,200.0,100000,14.766048431396484,-74.90038299560547,6.360112190246582
103036,episode_end,474.6421846340881,160,0.010000000000000005,200.0,,,,
104000,train_step,,,0.010000000000000005,200.0,100000,272.96160888671875,-64.59485626220703,6.734495162963867
104036,episode_end,-22.957190756928117,1000,0.010000000000000005,200.0,,,,
104759,episode_end,322.6377240013794,723,0.010000000000000005,200.0,,,,
105000,train_step,,,0.010000000000000005,200.0,100000,24.152238845825195,-77.17948913574219,6.1125264167785645
105197,episode_end,401.7171115693526,438,0.010000000000000005,200.0,,,,
105712,episode_end,366.85891231826866,515,0.010000000000000005,200.0,,,,
106000,train_step,,,0.010000000000000005,200.0,100000,12.992938041687012,-69.53314208984375,5.782315254211426
106712,episode_end,178.03738234551912,1000,0.010000000000000005,200.0,,,,
106798,episode_end,214.999261672812,86,0.010000000000000005,200.0,,,,
107000,train_step,,,0.010000000000000005,200.0,100000,35.401954650878906,-63.965301513671875,5.664572715759277
107590,episode_end,78.38670846615503,792,0.010000000000000005,200.0,,,,
108000,train_step,,,0.010000000000000005,200.0,100000,20.73969268798828,-70.3553466796875,6.088891983032227
108590,episode_end,-54.696408859979776,1000,0.010000000000000005,200.0,,,,
109000,train_step,,,0.010000000000000005,200.0,100000,18.808380126953125,-61.16483688354492,5.427020072937012
109007,episode_end,375.53124220423473,417,0.010000000000000005,200.0,,,,
110000,train_step,,,0.010000000000000005,200.0,100000,15.197430610656738,-65.04000854492188,5.420090198516846
110007,episode_end,-19.914587401003953,1000,0.010000000000000005,200.0,,,,
111000,train_step,,,0.010000000000000005,200.0,100000,11.514717102050781,-60.817832946777344,5.735820770263672
111007,episode_end,10.057044365025545,1000,0.010000000000000005,200.0,,,,
111729,episode_end,323.4260399484221,722,0.010000000000000005,200.0,,,,
111948,episode_end,-55.195609968328355,219,0.010000000000000005,200.0,,,,
112000,train_step,,,0.010000000000000005,200.0,100000,149.63027954101562,-56.358604431152344,5.784128189086914
112615,episode_end,187.57402578569406,667,0.010000000000000005,200.0,,,,
113000,train_step,,,0.010000000000000005,200.0,100000,12.021662712097168,-62.17567443847656,6.103968143463135
113499,episode_end,185.74990147739686,884,0.010000000000000005,200.0,,,,
113740,episode_end,444.8882301125748,241,0.010000000000000005,200.0,,,,
113908,episode_end,273.58247892897407,168,0.010000000000000005,200.0,,,,
114000,train_step,,,0.010000000000000005,200.0,100000,15.582626342773438,-65.02554321289062,5.494107246398926
114007,episode_end,-50.007237457667955,99,0.010000000000000005,200.0,,,,
114349,episode_end,245.64381504296324,342,0.010000000000000005,200.0,,,,
114948,episode_end,347.44030997753777,599,0.010000000000000005,200.0,,,,
115000,train_step,,,0.010000000000000005,200.0,100000,13.66755485534668,-60.5716667175293,5.589344024658203
115536,episode_end,353.58788529503664,588,0.010000000000000005,200.0,,,,
116000,train_step,,,0.010000000000000005,200.0,100000,15.852559089660645,-56.7862548828125,6.089175701141357
116399,episode_end,364.3220549098046,863,0.010000000000000005,200.0,,,,
117000,train_step,,,0.010000000000000005,200.0,100000,15.603219985961914,-62.992393493652344,5.935204982757568
117098,episode_end,222.3350713799736,699,0.010000000000000005,200.0,,,,
117917,episode_end,353.66622907459043,819,0.010000000000000005,200.0,,,,
118000,train_step,,,0.010000000000000005,200.0,100000,13.318328857421875,-59.58978271484375,5.486085891723633
118697,episode_end,389.8581686601863,780,0.010000000000000005,200.0,,,,
118801,episode_end,230.48039858885505,104,0.010000000000000005,200.0,,,,
119000,train_step,,,0.010000000000000005,200.0,100000,317.038330078125,-60.29180908203125,5.701372146606445
119049,episode_end,294.44391140183416,248,0.010000000000000005,200.0,,,,
119194,episode_end,197.54998579277634,145,0.010000000000000005,200.0,,,,
119910,episode_end,169.07481601058578,716,0.010000000000000005,200.0,,,,
120000,train_step,,,0.010000000000000005,200.0,100000,28.243640899658203,-61.40454864501953,5.360564708709717
120651,episode_end,167.37633522006684,741,0.010000000000000005,200.0,,,,
120836,episode_end,0.16209886056292078,185,0.010000000000000005,200.0,,,,
121000,train_step,,,0.010000000000000005,200.0,100000,8.859972953796387,-56.93956756591797,5.326487064361572
121219,episode_end,236.4520575501928,383,0.010000000000000005,200.0,,,,
121453,episode_end,244.07354635494383,234,0.010000000000000005,200.0,,,,
121719,episode_end,462.9552687283264,266,0.010000000000000005,200.0,,,,
122000,train_step,,,0.010000000000000005,200.0,100000,318.8025207519531,-59.919273376464844,5.135196208953857
122508,episode_end,366.07803946182287,789,0.010000000000000005,200.0,,,,
123000,train_step,,,0.010000000000000005,200.0,100000,7.485966682434082,-59.002540588378906,5.586065292358398
123459,episode_end,293.9210672611889,951,0.010000000000000005,200.0,,,,
123653,episode_end,227.82120659437322,194,0.010000000000000005,200.0,,,,
123842,episode_end,257.31615953611754,189,0.010000000000000005,200.0,,,,
124000,train_step,,,0.010000000000000005,200.0,100000,8.462552070617676,-55.240692138671875,5.30418586730957
124385,episode_end,380.5679449671239,543,0.010000000000000005,200.0,,,,
124632,episode_end,442.2398263689403,247,0.010000000000000005,200.0,,,,
124907,episode_end,450.28899626489385,275,0.010000000000000005,200.0,,,,
125000,train_step,,,0.010000000000000005,200.0,100000,16.802364349365234,-53.094444274902344,4.957941055297852
125193,episode_end,470.9854592558339,286,0.010000000000000005,200.0,,,,
126000,train_step,,,0.010000000000000005,200.0,100000,23.1619873046875,-59.12733459472656,5.284029006958008
126193,episode_end,-106.68669295917923,1000,0.010000000000000005,200.0,,,,
126423,episode_end,278.5368707849059,230,0.010000000000000005,200.0,,,,
126652,episode_end,-60.608053355945756,229,0.010000000000000005,200.0,,,,
127000,train_step,,,0.010000000000000005,200.0,100000,15.531661987304688,-57.31877899169922,5.328723907470703
127652,episode_end,-17.809471376018983,1000,0.010000000000000005,200.0,,,,
128000,train_step,,,0.010000000000000005,200.0,100000,30.760486602783203,-52.85898971557617,5.23272705078125
128652,episode_end,-80.97183923256071,1000,0.010000000000000005,200.0,,,,
129000,train_step,,,0.010000000000000005,200.0,100000,15.42868423461914,-55.145652770996094,5.41607666015625
129652,episode_end,-28.699316446855747,1000,0.010000000000000005,200.0,,,,
130000,train_step,,,0.010000000000000005,200.0,100000,247.36178588867188,-53.491065979003906,5.482796669006348
130652,episode_end,187.9856408312427,1000,0.010000000000000005,200.0,,,,
131000,train_step,,,0.010000000000000005,200.0,100000,12.375356674194336,-53.26311492919922,5.453612804412842
131652,episode_end,136.01365401420145,1000,0.010000000000000005,200.0,,,,
132000,train_step,,,0.010000000000000005,200.0,100000,242.679931640625,-54.69828796386719,5.867588996887207
132113,episode_end,223.1835417472676,461,0.010000000000000005,200.0,,,,
132616,episode_end,248.61981805136747,503,0.010000000000000005,200.0,,,,
133000,train_step,,,0.010000000000000005,200.0,100000,21.33721160888672,-50.855316162109375,5.584210395812988
133616,episode_end,112.04133956357032,1000,0.010000000000000005,200.0,,,,
134000,train_step,,,0.010000000000000005,200.0,100000,7.4815850257873535,-54.90079116821289,5.455765724182129
134616,episode_end,111.4744087759024,1000,0.010000000000000005,200.0,,,,
135000,train_step,,,0.010000000000000005,200.0,100000,516.923583984375,-57.68932342529297,6.245787143707275
135616,episode_end,110.55498510051119,1000,0.010000000000000005,200.0,,,,
136000,train_step,,,0.010000000000000005,200.0,100000,32.74761962890625,-58.135555267333984,5.538642883300781
136616,episode_end,-7.377086713124913,1000,0.010000000000000005,200.0,,,,
137000,train_step,,,0.010000000000000005,200.0,100000,21.828664779663086,-57.89480972290039,5.667939186096191
137616,episode_end,187.37153977753303,1000,0.010000000000000005,200.0,,,,
138000,train_step,,,0.010000000000000005,200.0,100000,14.138214111328125,-60.78607177734375,5.499166011810303
138616,episode_end,189.82180167918239,1000,0.010000000000000005,200.0,,,,
138828,episode_end,290.2734296032004,212,0.010000000000000005,200.0,,,,
139000,train_step,,,0.010000000000000005,200.0,100000,16.098548889160156,-58.52000427246094,5.7240095138549805
139828,episode_end,-8.913876980292589,1000,0.010000000000000005,200.0,,,,
140000,train_step,,,0.010000000000000005,200.0,100000,14.007469177246094,-57.923831939697266,5.369746208190918
140828,episode_end,-11.448514287794403,1000,0.010000000000000005,200.0,,,,
141000,train_step,,,0.010000000000000005,200.0,100000,10.512773513793945,-58.82686233520508,5.510282516479492
141019,episode_end,285.6931212754472,191,0.010000000000000005,200.0,,,,
142000,train_step,,,0.010000000000000005,200.0,100000,14.218419075012207,-54.78921890258789,5.253451824188232
142019,episode_end,196.79090049153095,1000,0.010000000000000005,200.0,,,,
142687,episode_end,135.72867223529377,668,0.010000000000000005,200.0,,,,
143000,train_step,,,0.010000000000000005,200.0,100000,12.624364852905273,-52.92932891845703,5.330545425415039
143687,episode_end,168.7870257575912,1000,0.010000000000000005,200.0,,,,
144000,train_step,,,0.010000000000000005,200.0,100000,13.750052452087402,-60.84342956542969,5.561423301696777
144225,episode_end,-49.91562346931414,538,0.010000000000000005,200.0,,,,
144441,episode_end,482.5586999758313,216,0.010000000000000005,200.0,,,,
145000,train_step,,,0.010000000000000005,200.0,100000,10.648794174194336,-60.02907943725586,5.160731792449951
145228,episode_end,155.5739991096063,787,0.010000000000000005,200.0,,,,
146000,train_step,,,0.010000000000000005,200.0,100000,12.058891296386719,-61.25144958496094,5.451319217681885
146228,episode_end,-147.55834269215478,1000,0.010000000000000005,200.0,,,,
146383,episode_end,-152.09138994756537,155,0.010000000000000005,200.0,,,,
147000,train_step,,,0.010000000000000005,200.0,100000,14.401565551757812,-55.5067024230957,5.4960222244262695
147383,episode_end,326.3127418876575,1000,0.010000000000000005,200.0,,,,
148000,train_step,,,0.010000000000000005,200.0,100000,16.4837646484375,-62.6472053527832,5.256830215454102
148383,episode_end,186.30213132492207,1000,0.010000000000000005,200.0,,,,
148729,episode_end,231.4950855257014,346,0.010000000000000005,200.0,,,,
149000,train_step,,,0.010000000000000005,200.0,100000,28.255718231201172,-59.27997589111328,5.260775566101074
149029,episode_end,413.0915603819662,300,0.010000000000000005,200.0,,,,
149392,episode_end,451.7047006870627,363,0.010000000000000005,200.0,,,,
149520,episode_end,212.91703543747047,128,0.010000000000000005,200.0,,,,
150000,train_step,,,0.010000000000000005,200.0,100000,9.707666397094727,-52.41728591918945,5.422054290771484
150520,episode_end,-67.04076452423051,1000,0.010000000000000005,200.0,,,,
150941,episode_end,475.01002497950077,421,0.010000000000000005,200.0,,,,
151000,train_step,,,0.010000000000000005,200.0,100000,14.274837493896484,-57.20855712890625,5.6724653244018555
151257,episode_end,436.8513738452227,316,0.010000000000000005,200.0,,,,
151538,episode_end,448.1543747825562,281,0.010000000000000005,200.0,,,,
152000,train_step,,,0.010000000000000005,200.0,100000,335.1204528808594,-57.019386291503906,6.395122528076172
152538,episode_end,166.17275455185944,1000,0.010000000000000005,200.0,,,,
152789,episode_end,475.9071929959417,251,0.010000000000000005,200.0,,,,
152993,episode_end,471.9967230757209,204,0.010000000000000005,200.0,,,,
153000,train_step,,,0.010000000000000005,200.0,100000,16.853734970092773,-59.94606018066406,5.510101318359375
153089,episode_end,29.53557241566162,96,0.010000000000000005,200.0,,,,
153438,episode_end,270.91450244256885,349,0.010000000000000005,200.0,,,,
154000,train_step,,,0.010000000000000005,200.0,100000,26.96780776977539,-62.93781280517578,6.070802211761475
154060,episode_end,448.78029900943403,622,0.010000000000000005,200.0,,,,
154395,episode_end,267.6167958620872,335,0.010000000000000005,200.0,,,,
154713,episode_end,273.5503370429817,318,0.010000000000000005,200.0,,,,
154939,episode_end,487.98040523621364,226,0.010000000000000005,200.0,,,,
155000,train_step,,,0.010000000000000005,200.0,100000,97.44448852539062,-62.25266647338867,5.73111629486084
155185,episode_end,486.524999535613,246,0.010000000000000005,200.0,,,,
155438,episode_end,439.0050747021848,253,0.010000000000000005,200.0,,,,
155638,episode_end,489.2375243934169,200,0.010000000000000005,200.0,,,,
155890,episode_end,460.6107644086033,252,0.010000000000000005,200.0,,,,
156000,train_step,,,0.010000000000000005,200.0,100000,29.300945281982422,-64.06531524658203,5.865296363830566
156124,episode_end,466.8915770424905,234,0.010000000000000005,200.0,,,,
156343,episode_end,464.46371603839333,219,0.010000000000000005,200.0,,,,
156711,episode_end,408.22058992860326,368,0.010000000000000005,200.0,,,,
157000,train_step,,,0.010000000000000005,200.0,100000,19.017349243164062,-65.34405517578125,6.012918472290039
157426,episode_end,337.14848874442885,715,0.010000000000000005,200.0,,,,
157677,episode_end,484.5768886009846,251,0.010000000000000005,200.0,,,,
158000,episode_end,235.36075299856063,323,0.010000000000000005,200.0,,,,
158000,train_step,,,0.010000000000000005,200.0,100000,27.081111907958984,-64.69346618652344,5.776636123657227
158511,episode_end,391.5949834435078,511,0.010000000000000005,200.0,,,,
158822,episode_end,505.109856331097,311,0.010000000000000005,200.0,,,,
159000,train_step,,,0.010000000000000005,200.0,100000,17.936885833740234,-68.18189239501953,5.667917251586914
159289,episode_end,444.35674256739503,467,0.010000000000000005,200.0,,,,
159645,episode_end,229.20491101314616,356,0.010000000000000005,200.0,,,,
160000,train_step,,,0.010000000000000005,200.0,100000,14.981733322143555,-69.41635131835938,5.335219860076904
160198,episode_end,464.98931531668745,553,0.010000000000000005,200.0,,,,
160608,episode_end,437.5988904998518,410,0.010000000000000005,200.0,,,,
160913,episode_end,-16.139796281131638,305,0.010000000000000005,200.0,,,,
161000,train_step,,,0.010000000000000005,200.0,100000,22.97247886657715,-65.63059997558594,5.151864528656006
161182,episode_end,455.61960758529426,269,0.010000000000000005,200.0,,,,
161504,episode_end,457.5260521315279,322,0.010000000000000005,200.0,,,,
161974,episode_end,421.6510606500378,470,0.010000000000000005,200.0,,,,
162000,train_step,,,0.010000000000000005,200.0,100000,18.538463592529297,-68.90519714355469,5.454495429992676
162534,episode_end,247.1243775666352,560,0.010000000000000005,200.0,,,,
162900,episode_end,452.48332051960756,366,0.010000000000000005,200.0,,,,
163000,train_step,,,0.010000000000000005,200.0,100000,16.655527114868164,-66.99785614013672,5.178269386291504
163197,episode_end,418.999204895156,297,0.010000000000000005,200.0,,,,
163573,episode_end,246.21833792541622,376,0.010000000000000005,200.0,,,,
163993,episode_end,267.4179185165983,420,0.010000000000000005,200.0,,,,
164000,train_step,,,0.010000000000000005,200.0,100000,36.63945770263672,-67.6077651977539,5.417311191558838
164358,episode_end,461.7769223007549,365,0.010000000000000005,200.0,,,,
164799,episode_end,258.2308017468498,441,0.010000000000000005,200.0,,,,
164974,episode_end,426.35000846060956,175,0.010000000000000005,200.0,,,,
165000,train_step,,,0.010000000000000005,200.0,100000,295.15911865234375,-63.3125,5.730259895324707
165572,episode_end,227.74134537905593,598,0.010000000000000005,200.0,,,,
166000,train_step,,,0.010000000000000005,200.0,100000,17.168331146240234,-75.896484375,5.714174270629883
166051,episode_end,421.7472216812215,479,0.010000000000000005,200.0,,,,
166423,episode_end,457.9585915346882,372,0.010000000000000005,200.0,,,,
166672,episode_end,456.037475848828,249,0.010000000000000005,200.0,,,,
166942,episode_end,434.52762935889467,270,0.010000000000000005,200.0,,,,
167000,train_step,,,0.010000000000000005,200.0,100000,17.634042739868164,-72.21554565429688,6.368404388427734
167214,episode_end,451.67737030106736,272,0.010000000000000005,200.0,,,,
167427,episode_end,440.4121377675769,213,0.010000000000000005,200.0,,,,
167834,episode_end,446.4103416094074,407,0.010000000000000005,200.0,,,,
168000,train_step,,,0.010000000000000005,200.0,100000,332.3743896484375,-75.3223648071289,5.734600067138672
168353,episode_end,375.81039524551875,519,0.010000000000000005,200.0,,,,
168906,episode_end,433.3349704697265,553,0.010000000000000005,200.0,,,,
169000,train_step,,,0.010000000000000005,200.0,100000,48.30367660522461,-68.63461303710938,5.685849189758301
169322,episode_end,413.5059954872519,416,0.010000000000000005,200.0,,,,
169862,episode_end,429.3573753860854,540,0.010000000000000005,200.0,,,,
170000,train_step,,,0.010000000000000005,200.0,100000,13.722740173339844,-77.16761016845703,6.02590799331665
170140,episode_end,-4.502513720229885,278,0.010000000000000005,200.0,,,,
170256,episode_end,225.81706823980835,116,0.010000000000000005,200.0,,,,
170456,episode_end,455.83694671968414,200,0.010000000000000005,200.0,,,,
170688,episode_end,458.55823557995234,232,0.010000000000000005,200.0,,,,
170966,episode_end,471.5494875391101,278,0.010000000000000005,200.0,,,,
171000,train_step,,,0.010000000000000005,200.0,100000,23.14103126525879,-74.64424133300781,6.233070373535156
171159,episode_end,446.3523979728066,193,0.010000000000000005,200.0,,,,
171459,episode_end,-20.749938432321798,300,0.010000000000000005,200.0,,,,
171890,episode_end,438.15842863195047,431,0.010000000000000005,200.0,,,,
172000,train_step,,,0.010000000000000005,200.0,100000,17.711475372314453,-71.301025390625,5.997576713562012
172701,episode_end,-176.85987825057055,811,0.010000000000000005,200.0,,,,
172945,episode_end,435.0642631449783,244,0.010000000000000005,200.0,,,,
173000,train_step,,,0.010000000000000005,200.0,100000,36.13408660888672,-74.2627944946289,5.678944110870361
173132,episode_end,39.48420687386832,187,0.010000000000000005,200.0,,,,
173379,episode_end,446.26650649434816,247,0.010000000000000005,200.0,,,,
173715,episode_end,456.3012059372462,336,0.010000000000000005,200.0,,,,
173951,episode_end,447.8564897941216,236,0.010000000000000005,200.0,,,,
174000,train_step,,,0.010000000000000005,200.0,100000,19.60972023010254,-68.41835021972656,5.198328018188477
174566,episode_end,322.9438862692139,615,0.010000000000000005,200.0,,,,
174822,episode_end,479.9424397055014,256,0.010000000000000005,200.0,,,,
175000,train_step,,,0.010000000000000005,200.0,100000,34.952789306640625,-75.18241882324219,5.772478103637695
175333,episode_end,267.531793137176,511,0.010000000000000005,200.0,,,,
175578,episode_end,470.24978614309146,245,0.010000000000000005,200.0,,,,
176000,train_step,,,0.010000000000000005,200.0,100000,17.288379669189453,-75.41708374023438,5.891241073608398
176063,episode_end,246.63217018484315,485,0.010000000000000005,200.0,,,,
176502,episode_end,481.64618736588113,439,0.010000000000000005,200.0,,,,
176798,episode_end,465.59254740095093,296,0.010000000000000005,200.0,,,,
177000,train_step,,,0.010000000000000005,200.0,100000,27.54983901977539,-84.97575378417969,5.982622146606445
177022,episode_end,467.75522973238685,224,0.010000000000000005,200.0,,,,
177488,episode_end,208.7394886482419,466,0.010000000000000005,200.0,,,,
177715,episode_end,457.1577861788981,227,0.010000000000000005,200.0,,,,
178000,train_step,,,0.010000000000000005,200.0,100000,297.15765380859375,-77.28173065185547,5.190571308135986
178120,episode_end,466.87303937475843,405,0.010000000000000005,200.0,,,,
178480,episode_end,257.1896661122164,360,0.010000000000000005,200.0,,,,
178769,episode_end,253.0197165553228,289,0.010000000000000005,200.0,,,,
179000,train_step,,,0.010000000000000005,200.0,100000,19.067367553710938,-75.05221557617188,5.800992012023926
179039,episode_end,445.67234286000246,270,0.010000000000000005,200.0,,,,
179380,episode_end,386.0527372250322,341,0.010000000000000005,200.0,,,,
179593,episode_end,487.2862471359883,213,0.010000000000000005,200.0,,,,
179833,episode_end,411.0212638509621,240,0.010000000000000005,200.0,,,,
180000,train_step,,,0.010000000000000005,200.0,100000,12.486806869506836,-75.1822509765625,5.8038225173950195
180423,episode_end,423.47901848465705,590,0.010000000000000005,200.0,,,,
180695,episode_end,483.0214032698081,272,0.010000000000000005,200.0,,,,
181000,train_step,,,0.010000000000000005,200.0,100000,15.659379959106445,-80.10791778564453,5.3219499588012695
181258,episode_end,411.88620403037766,563,0.010000000000000005,200.0,,,,
181463,episode_end,471.2041139610024,205,0.010000000000000005,200.0,,,,
181749,episode_end,439.5207598217972,286,0.010000000000000005,200.0,,,,
181996,episode_end,424.1173767564926,247,0.010000000000000005,200.0,,,,
182000,train_step,,,0.010000000000000005,200.0,100000,307.5491943359375,-81.88343811035156,5.554171085357666
182996,episode_end,125.7413001447248,1000,0.010000000000000005,200.0,,,,
183000,train_step,,,0.010000000000000005,200.0,100000,15.597089767456055,-80.14756774902344,5.532807350158691
183328,episode_end,426.80581772195575,332,0.010000000000000005,200.0,,,,
183637,episode_end,460.19987972413145,309,0.010000000000000005,200.0,,,,
183964,episode_end,471.8210731746125,327,0.010000000000000005,200.0,,,,
184000,train_step,,,0.010000000000000005,200.0,100000,21.951143264770508,-84.64849853515625,5.291709899902344
184449,episode_end,440.7193795308893,485,0.010000000000000005,200.0,,,,
184666,episode_end,463.212065817348,217,0.010000000000000005,200.0,,,,
185000,train_step,,,0.010000000000000005,200.0,100000,26.840282440185547,-82.75907897949219,5.667133808135986
185195,episode_end,470.046480552266,529,0.010000000000000005,200.0,,,,
185635,episode_end,435.13250256901813,440,0.010000000000000005,200.0,,,,
185746,episode_end,161.74693361464318,111,0.010000000000000005,200.0,,,,
186000,train_step,,,0.010000000000000005,200.0,100000,23.60184097290039,-88.29676818847656,5.538303375244141
186607,episode_end,294.8762893863492,861,0.010000000000000005,200.0,,,,
187000,train_step,,,0.010000000000000005,200.0,100000,299.62445068359375,-84.27609252929688,5.626748085021973
187132,episode_end,358.7000279078498,525,0.010000000000000005,200.0,,,,
187381,episode_end,430.4694246597212,249,0.010000000000000005,200.0,,,,
187658,episode_end,477.17965062112734,277,0.010000000000000005,200.0,,,,
187966,episode_end,294.1982043355673,308,0.010000000000000005,200.0,,,,
188000,train_step,,,0.010000000000000005,200.0,100000,40.047889709472656,-80.29293823242188,6.036859512329102
188212,episode_end,479.23698740865547,246,0.010000000000000005,200.0,,,,
188391,episode_end,494.91496053190326,179,0.010000000000000005,200.0,,,,
189000,train_step,,,0.010000000000000005,200.0,100000,30.18636703491211,-78.59078979492188,5.651263236999512
189102,episode_end,369.43448252742917,711,0.010000000000000005,200.0,,,,
189350,episode_end,463.1298067400703,248,0.010000000000000005,200.0,,,,
189571,episode_end,455.25436813111446,221,0.010000000000000005,200.0,,,,
189835,episode_end,486.2021648908604,264,0.010000000000000005,200.0,,,,
190000,train_step,,,0.010000000000000005,200.0,100000,15.289621353149414,-84.889404296875,5.80155086517334
190059,episode_end,445.03663588271525,224,0.010000000000000005,200.0,,,,
190380,episode_end,475.56670162859524,321,0.010000000000000005,200.0,,,,
190480,episode_end,197.24731991657,100,0.010000000000000005,200.0,,,,
191000,train_step,,,0.010000000000000005,200.0,100000,19.499530792236328,-86.75763702392578,5.623276233673096
191271,episode_end,328.8420882478932,791,0.010000000000000005,200.0,,,,
192000,train_step,,,0.010000000000000005,200.0,100000,30.21437644958496,-77.52035522460938,6.0019001960754395
192271,episode_end,247.04610929755927,1000,0.010000000000000005,200.0,,,,
193000,train_step,,,0.010000000000000005,200.0,100000,526.455810546875,-79.13873291015625,5.613942623138428
193271,episode_end,187.73446008745896,1000,0.010000000000000005,200.0,,,,
193490,episode_end,441.88707633852135,219,0.010000000000000005,200.0,,,,
193752,episode_end,436.8087380799677,262,0.010000000000000005,200.0,,,,
194000,train_step,,,0.010000000000000005,200.0,100000,20.415325164794922,-87.49952697753906,5.339868068695068
194090,episode_end,475.54384371605624,338,0.010000000000000005,200.0,,,,
194382,episode_end,458.66764259067713,292,0.010000000000000005,200.0,,,,
194691,episode_end,440.9756448014058,309,0.010000000000000005,200.0,,,,
195000,train_step,,,0.010000000000000005,200.0,100000,16.561752319335938,-74.21101379394531,5.7527971267700195
195033,episode_end,468.19924306714665,342,0.010000000000000005,200.0,,,,
195445,episode_end,220.6444894564036,412,0.010000000000000005,200.0,,,,
196000,train_step,,,0.010000000000000005,200.0,100000,127.19923400878906,-85.52130889892578,5.71157169342041
196128,episode_end,388.43338028291805,683,0.010000000000000005,200.0,,,,
196551,episode_end,443.98317959472365,423,0.010000000000000005,200.0,,,,
196972,episode_end,481.68196789434677,421,0.010000000000000005,200.0,,,,
197000,train_step,,,0.010000000000000005,200.0,100000,17.908655166625977,-87.35162353515625,5.726406574249268
197297,episode_end,462.6580064302221,325,0.010000000000000005,200.0,,,,
197500,episode_end,459.63694532498255,203,0.010000000000000005,200.0,,,,
197727,episode_end,303.67847757681056,227,0.010000000000000005,200.0,,,,
198000,train_step,,,0.010000000000000005,200.0,100000,34.52598571777344,-88.64691162109375,5.424485206604004
198145,episode_end,437.49106824874366,418,0.010000000000000005,200.0,,,,
198436,episode_end,278.6777458437797,291,0.010000000000000005,200.0,,,,
199000,train_step,,,0.010000000000000005,200.0,100000,38.2862548828125,-85.9012222290039,5.1132965087890625
199436,episode_end,-5.161206424869818,1000,0.010000000000000005,200.0,,,,
199712,episode_end,474.7144715748482,276,0.010000000000000005,200.0,,,,
199919,episode_end,473.9348155975529,207,0.010000000000000005,200.0,,,,
200000,train_step,,,0.010000000000000005,200.0,100000,41.729530334472656,-81.39794158935547,5.442245006561279
200098,episode_end,449.964249555174,179,0.010000000000000005,200.0,,,,
200486,episode_end,457.21457168684407,388,0.010000000000000005,200.0,,,,
201000,train_step,,,0.010000000000000005,200.0,100000,28.797039031982422,-87.84089660644531,5.291414737701416
201486,episode_end,168.15719472147498,1000,0.010000000000000005,200.0,,,,
201766,episode_end,435.2568752661748,280,0.010000000000000005,200.0,,,,
201979,episode_end,435.2399962170452,213,0.010000000000000005,200.0,,,,
202000,train_step,,,0.010000000000000005,200.0,100000,220.99234008789062,-84.68840789794922,5.161107540130615
202266,episode_end,416.72213908476755,287,0.010000000000000005,200.0,,,,
202441,episode_end,481.62030747057923,175,0.010000000000000005,200.0,,,,
202710,episode_end,477.83100896759083,269,0.010000000000000005,200.0,,,,
203000,train_step,,,0.010000000000000005,200.0,100000,195.35104370117188,-87.32376861572266,5.0760722160339355
203018,episode_end,286.8968974925442,308,0.010000000000000005,200.0,,,,
203280,episode_end,283.1806009787912,262,0.010000000000000005,200.0,,,,
203475,episode_end,466.87498383399713,195,0.010000000000000005,200.0,,,,
203702,episode_end,486.3893993262925,227,0.010000000000000005,200.0,,,,
203931,episode_end,448.509694615103,229,0.010000000000000005,200.0,,,,
204000,train_step,,,0.010000000000000005,200.0,100000,18.4919376373291,-92.54109191894531,5.467260360717773
204441,episode_end,456.154341155064,510,0.010000000000000005,200.0,,,,
204687,episode_end,444.25870966893586,246,0.010000000000000005,200.0,,,,
204949,episode_end,476.5367988946483,262,0.010000000000000005,200.0,,,,
205000,train_step,,,0.010000000000000005,200.0,100000,16.393539428710938,-87.62168884277344,5.13983154296875
205949,episode_end,187.900241741545,1000,0.010000000000000005,200.0,,,,
206000,train_step,,,0.010000000000000005,200.0,100000,23.435710906982422,-84.78792572021484,5.064512252807617
206199,episode_end,452.63966702010634,250,0.010000000000000005,200.0,,,,
206397,episode_end,427.98641769915076,198,0.010000000000000005,200.0,,,,
206753,episode_end,273.75685295791106,356,0.010000000000000005,200.0,,,,
206953,episode_end,438.3241133133934,200,0.010000000000000005,200.0,,,,
207000,train_step,,,0.010000000000000005,200.0,100000,24.083925247192383,-95.56666564941406,5.007114887237549
207234,episode_end,464.99154776426406,281,0.010000000000000005,200.0,,,,
207556,episode_end,475.37911536497995,322,0.010000000000000005,200.0,,,,
208000,train_step,,,0.010000000000000005,200.0,100000,625.93505859375,-90.24813842773438,5.20132303237915
208556,episode_end,36.49521692533506,1000,0.010000000000000005,200.0,,,,
208849,episode_end,438.1465601121501,293,0.010000000000000005,200.0,,,,
209000,train_step,,,0.010000000000000005,200.0,100000,61.20762634277344,-96.1387939453125,5.214487075805664
209022,episode_end,466.0580319348296,173,0.010000000000000005,200.0,,,,
209231,episode_end,466.3443816820977,209,0.010000000000000005,200.0,,,,
209435,episode_end,479.371576798249,204,0.010000000000000005,200.0,,,,
209659,episode_end,461.6952128154108,224,0.010000000000000005,200.0,,,,
209972,episode_end,465.6327387742927,313,0.010000000000000005,200.0,,,,
210000,train_step,,,0.010000000000000005,200.0,100000,228.512939453125,-96.60661315917969,5.616166591644287
210141,episode_end,479.2772273632116,169,0.010000000000000005,200.0,,,,
210406,episode_end,505.453565707308,265,0.010000000000000005,200.0,,,,
210692,episode_end,463.38028373074434,286,0.010000000000000005,200.0,,,,
210889,episode_end,481.80160997806206,197,0.010000000000000005,200.0,,,,
211000,train_step,,,0.010000000000000005,200.0,100000,24.8726806640625,-105.2208480834961,5.116568565368652
211260,episode_end,459.79344951260776,371,0.010000000000000005,200.0,,,,
211443,episode_end,461.06234015659686,183,0.010000000000000005,200.0,,,,
211615,episode_end,454.3736660090028,172,0.010000000000000005,200.0,,,,
211889,episode_end,469.3333504979847,274,0.010000000000000005,200.0,,,,
212000,train_step,,,0.010000000000000005,200.0,100000,196.44769287109375,-99.38990783691406,5.546900749206543
212230,episode_end,256.73959935324893,341,0.010000000000000005,200.0,,,,
212465,episode_end,471.74050192591005,235,0.010000000000000005,200.0,,,,
212648,episode_end,460.5360974133134,183,0.010000000000000005,200.0,,,,
212883,episode_end,480.1144557070087,235,0.010000000000000005,200.0,,,,
213000,train_step,,,0.010000000000000005,200.0,100000,29.13405990600586,-94.67282104492188,5.143381118774414
213078,episode_end,454.11277079464713,195,0.010000000000000005,200.0,,,,
213295,episode_end,459.8667226825408,217,0.010000000000000005,200.0,,,,
213540,episode_end,471.5654452892709,245,0.010000000000000005,200.0,,,,
213704,episode_end,498.88200926469455,164,0.010000000000000005,200.0,,,,
214000,train_step,,,0.010000000000000005,200.0,100000,160.25091552734375,-104.8414077758789,5.654054641723633
214071,episode_end,437.33372149088024,367,0.010000000000000005,200.0,,,,
214762,episode_end,389.4060690069048,691,0.010000000000000005,200.0,,,,
215000,train_step,,,0.010000000000000005,200.0,100000,369.6262512207031,-104.552490234375,5.1618332862854
215762,episode_end,186.03130438496035,1000,0.010000000000000005,200.0,,,,
216000,train_step,,,0.010000000000000005,200.0,100000,35.76266860961914,-95.90647888183594,5.6164751052856445
216542,episode_end,408.0294149164502,780,0.010000000000000005,200.0,,,,
216911,episode_end,460.1395797843679,369,0.010000000000000005,200.0,,,,
217000,train_step,,,0.010000000000000005,200.0,100000,473.8458557128906,-110.59141540527344,5.647046089172363
217627,episode_end,418.3546768032148,716,0.010000000000000005,200.0,,,,
217880,episode_end,450.9938390307675,253,0.010000000000000005,200.0,,,,
218000,train_step,,,0.010000000000000005,200.0,100000,21.52461051940918,-102.25862884521484,5.431408405303955
218346,episode_end,381.58718816358305,466,0.010000000000000005,200.0,,,,
218646,episode_end,471.5196254925905,300,0.010000000000000005,200.0,,,,
218912,episode_end,459.6906906046021,266,0.010000000000000005,200.0,,,,
219000,train_step,,,0.010000000000000005,200.0,100000,114.04934692382812,-102.62657928466797,5.892420291900635
219136,episode_end,452.6834178652538,224,0.010000000000000005,200.0,,,,
219322,episode_end,471.99187809650795,186,0.010000000000000005,200.0,,,,
219572,episode_end,503.6680570047876,250,0.010000000000000005,200.0,,,,
219793,episode_end,464.58134500559,221,0.010000000000000005,200.0,,,,
219997,episode_end,430.8109029433239,204,0.010000000000000005,200.0,,,,
220000,train_step,,,0.010000000000000005,200.0,100000,65.68811798095703,-111.08363342285156,5.984196662902832
220332,episode_end,481.625416924393,335,0.010000000000000005,200.0,,,,
220670,episode_end,465.29775469180134,338,0.010000000000000005,200.0,,,,
220929,episode_end,459.7125271077802,259,0.010000000000000005,200.0,,,,
221000,train_step,,,0.010000000000000005,200.0,100000,290.5324401855469,-108.78907012939453,5.758877754211426
221228,episode_end,438.76265008399116,299,0.010000000000000005,200.0,,,,
221497,episode_end,481.4553398617195,269,0.010000000000000005,200.0,,,,
221725,episode_end,470.60763523541357,228,0.010000000000000005,200.0,,,,
222000,train_step,,,0.010000000000000005,200.0,100000,206.398193359375,-108.5746841430664,5.520864009857178
222021,episode_end,463.4207026938879,296,0.010000000000000005,200.0,,,,
222251,episode_end,492.5162745639309,230,0.010000000000000005,200.0,,,,
222669,episode_end,407.9070507512318,418,0.010000000000000005,200.0,,,,
222917,episode_end,459.5211144856182,248,0.010000000000000005,200.0,,,,
223000,train_step,,,0.010000000000000005,200.0,100000,429.06024169921875,-110.46778869628906,5.639969825744629
223917,episode_end,207.10423874470783,1000,0.010000000000000005,200.0,,,,
224000,train_step,,,0.010000000000000005,200.0,100000,15.053264617919922,-109.14677429199219,5.711938858032227
224241,episode_end,472.59437487473457,324,0.010000000000000005,200.0,,,,
224498,episode_end,471.8693098598796,257,0.010000000000000005,200.0,,,,
224721,episode_end,478.31566343191923,223,0.010000000000000005,200.0,,,,
224923,episode_end,484.173559915366,202,0.010000000000000005,200.0,,,,
225000,train_step,,,0.010000000000000005,200.0,100000,79.65762329101562,-105.24668884277344,5.495334148406982
225077,episode_end,504.4742678178259,154,0.010000000000000005,200.0,,,,
225382,episode_end,496.1647366665534,305,0.010000000000000005,200.0,,,,
225546,episode_end,510.22893064676776,164,0.010000000000000005,200.0,,,,
225828,episode_end,439.6310401678971,282,0.010000000000000005,200.0,,,,
226000,train_step,,,0.010000000000000005,200.0,100000,53.7403564453125,-112.68995666503906,5.5046281814575195
226278,episode_end,436.91974527200284,450,0.010000000000000005,200.0,,,,
226543,episode_end,453.7609595789453,265,0.010000000000000005,200.0,,,,
226785,episode_end,469.15169786214346,242,0.010000000000000005,200.0,,,,
226968,episode_end,484.16690259229773,183,0.010000000000000005,200.0,,,,
227000,train_step,,,0.010000000000000005,200.0,100000,58.01375961303711,-96.91732025146484,5.609907150268555
227200,episode_end,499.3784092085433,232,0.010000000000000005,200.0,,,,
227302,episode_end,169.1304727762049,102,0.010000000000000005,200.0,,,,
227499,episode_end,457.3825178899793,197,0.010000000000000005,200.0,,,,
228000,train_step,,,0.010000000000000005,200.0,100000,285.93719482421875,-109.78971862792969,5.742899417877197
228499,episode_end,148.57973947591037,1000,0.010000000000000005,200.0,,,,
228928,episode_end,444.1796952329713,429,0.010000000000000005,200.0,,,,
229000,train_step,,,0.010000000000000005,200.0,100000,175.50198364257812,-109.29682922363281,5.464361667633057
229120,episode_end,465.58496032295164,192,0.010000000000000005,200.0,,,,
229663,episode_end,412.2230858985689,543,0.010000000000000005,200.0,,,,
229907,episode_end,481.7385340465778,244,0.010000000000000005,200.0,,,,
230000,train_step,,,0.010000000000000005,200.0,100000,330.85888671875,-106.65705871582031,5.443487644195557
230142,episode_end,493.76889948986553,235,0.010000000000000005,200.0,,,,
230292,episode_end,491.38125817825863,150,0.010000000000000005,200.0,,,,
230519,episode_end,475.4181943370713,227,0.010000000000000005,200.0,,,,
231000,train_step,,,0.010000000000000005,200.0,100000,34.50748825073242,-109.03706359863281,5.866954326629639
231131,episode_end,430.02176806974524,612,0.010000000000000005,200.0,,,,
231319,episode_end,469.14179789091764,188,0.010000000000000005,200.0,,,,
231584,episode_end,500.8205232789507,265,0.010000000000000005,200.0,,,,
231794,episode_end,480.28623781926945,210,0.010000000000000005,200.0,,,,
232000,train_step,,,0.010000000000000005,200.0,100000,303.64141845703125,-105.1884765625,5.990865707397461
232061,episode_end,478.79097200160953,267,0.010000000000000005,200.0,,,,
232274,episode_end,478.9084114168932,213,0.010000000000000005,200.0,,,,
232489,episode_end,490.79564537291463,215,0.010000000000000005,200.0,,,,
232666,episode_end,458.39681770741714,177,0.010000000000000005,200.0,,,,
233000,train_step,,,0.010000000000000005,200.0,100000,64.78755187988281,-118.95016479492188,5.788887023925781
233049,episode_end,446.36459018331163,383,0.010000000000000005,200.0,,,,
233248,episode_end,456.168428668299,199,0.010000000000000005,200.0,,,,
233503,episode_end,473.9247782289576,255,0.010000000000000005,200.0,,,,
233664,episode_end,469.18695316266053,161,0.010000000000000005,200.0,,,,
233903,episode_end,458.94364517559825,239,0.010000000000000005,200.0,,,,
234000,train_step,,,0.010000000000000005,200.0,100000,132.0272674560547,-112.70603942871094,5.9675703048706055
234142,episode_end,466.65736115624344,239,0.010000000000000005,200.0,,,,
234474,episode_end,407.7366373839398,332,0.010000000000000005,200.0,,,,
234697,episode_end,470.89677350548294,223,0.010000000000000005,200.0,,,,
234886,episode_end,478.64283685138145,189,0.010000000000000005,200.0,,,,
235000,train_step,,,0.010000000000000005,200.0,100000,223.70346069335938,-110.62796020507812,5.929742336273193
235354,episode_end,-28.30518371471966,468,0.010000000000000005,200.0,,,,
236000,train_step,,,0.010000000000000005,200.0,100000,658.44970703125,-110.763427734375,5.860292434692383
236253,episode_end,445.92065603116845,899,0.010000000000000005,200.0,,,,
236473,episode_end,493.84664193011804,220,0.010000000000000005,200.0,,,,
236708,episode_end,483.9525981754512,235,0.010000000000000005,200.0,,,,
236975,episode_end,475.03809695283695,267,0.010000000000000005,200.0,,,,
237000,train_step,,,0.010000000000000005,200.0,100000,84.56901550292969,-114.46783447265625,5.756509304046631
237207,episode_end,191.5426413842847,232,0.010000000000000005,200.0,,,,
237345,episode_end,476.6040212474844,138,0.010000000000000005,200.0,,,,
237574,episode_end,494.8199688327257,229,0.010000000000000005,200.0,,,,
237730,episode_end,460.2160532497003,156,0.010000000000000005,200.0,,,,
238000,train_step,,,0.010000000000000005,200.0,100000,240.5919189453125,-117.67790222167969,6.170825004577637
238072,episode_end,488.51434379482987,342,0.010000000000000005,200.0,,,,
238479,episode_end,404.66651198796103,407,0.010000000000000005,200.0,,,,
238630,episode_end,485.7669970056991,151,0.010000000000000005,200.0,,,,
238853,episode_end,496.03825918765807,223,0.010000000000000005,200.0,,,,
239000,train_step,,,0.010000000000000005,200.0,100000,37.17316436767578,-117.19009399414062,6.258846282958984
239077,episode_end,481.7215697794751,224,0.010000000000000005,200.0,,,,
239142,episode_end,-522.7727835824915,65,0.010000000000000005,200.0,,,,
239303,episode_end,446.93796610158864,161,0.010000000000000005,200.0,,,,
239544,episode_end,186.12280646741368,241,0.010000000000000005,200.0,,,,
239760,episode_end,466.08803993219965,216,0.010000000000000005,200.0,,,,
239943,episode_end,463.96407684096425,183,0.010000000000000005,200.0,,,,
240000,train_step,,,0.010000000000000005,200.0,100000,299.8040771484375,-120.17276000976562,6.345931053161621
240140,episode_end,476.4136006938692,197,0.010000000000000005,200.0,,,,
240534,episode_end,461.8616903151899,394,0.010000000000000005,200.0,,,,
240889,episode_end,260.5637685448693,355,0.010000000000000005,200.0,,,,
241000,train_step,,,0.010000000000000005,200.0,100000,232.09146118164062,-107.73865509033203,5.994043827056885
241078,episode_end,438.50027623472414,189,0.010000000000000005,200.0,,,,
241387,episode_end,451.24205884244077,309,0.010000000000000005,200.0,,,,
241625,episode_end,430.70077545172285,238,0.010000000000000005,200.0,,,,
241842,episode_end,508.4777764715588,217,0.010000000000000005,200.0,,,,
242000,train_step,,,0.010000000000000005,200.0,100000,123.10566711425781,-125.49689483642578,6.186631202697754
242058,episode_end,500.20238635876365,216,0.010000000000000005,200.0,,,,
242619,episode_end,437.7983422116896,561,0.010000000000000005,200.0,,,,
243000,train_step,,,0.010000000000000005,200.0,100000,471.2147216796875,-114.99079132080078,6.409967422485352
243118,episode_end,242.83759080875626,499,0.010000000000000005,200.0,,,,
243355,episode_end,389.9330941369574,237,0.010000000000000005,200.0,,,,
243593,episode_end,486.88084871718485,238,0.010000000000000005,200.0,,,,
243777,episode_end,477.7484411278623,184,0.010000000000000005,200.0,,,,
244000,train_step,,,0.010000000000000005,200.0,100000,357.04974365234375,-123.76203918457031,5.866127967834473
244002,episode_end,435.4137675783508,225,0.010000000000000005,200.0,,,,
245000,train_step,,,0.010000000000000005,200.0,100000,36.25255584716797,-116.44734191894531,6.054248809814453
245002,episode_end,141.77819085252673,1000,0.010000000000000005,200.0,,,,
245395,episode_end,456.38287742449575,393,0.010000000000000005,200.0,,,,
245541,episode_end,464.2174054051238,146,0.010000000000000005,200.0,,,,
246000,train_step,,,0.010000000000000005,200.0,100000,29.586299896240234,-120.4567642211914,6.095529556274414
246541,episode_end,207.2114780152422,1000,0.010000000000000005,200.0,,,,
247000,train_step,,,0.010000000000000005,200.0,100000,253.72390747070312,-117.29292297363281,6.744205474853516
247541,episode_end,152.55712734344823,1000,0.010000000000000005,200.0,,,,
247788,episode_end,446.3766871713105,247,0.010000000000000005,200.0,,,,
248000,train_step,,,0.010000000000000005,200.0,100000,46.193687438964844,-117.70518493652344,6.657963752746582
248622,episode_end,383.01507335835356,834,0.010000000000000005,200.0,,,,
249000,train_step,,,0.010000000000000005,200.0,100000,61.711082458496094,-125.79022216796875,6.479959487915039
249096,episode_end,446.14613912707284,474,0.010000000000000005,200.0,,,,
249312,episode_end,430.5241026129335,216,0.010000000000000005,200.0,,,,
249755,episode_end,447.86936850259036,443,0.010000000000000005,200.0,,,,
250000,train_step,,,0.010000000000000005,200.0,100000,55.16411590576172,-121.5615463256836,6.65930700302124
250755,episode_end,251.29810029599824,1000,0.010000000000000005,200.0,,,,
251000,train_step,,,0.010000000000000005,200.0,100000,31.370708465576172,-112.21968078613281,6.462433815002441
251531,episode_end,375.7989281042043,776,0.010000000000000005,200.0,,,,
251737,episode_end,467.65929053930074,206,0.010000000000000005,200.0,,,,
251949,episode_end,492.63742686940975,212,0.010000000000000005,200.0,,,,
252000,train_step,,,0.010000000000000005,200.0,100000,38.856658935546875,-121.4525375366211,6.291016578674316
252324,episode_end,469.38861900796667,375,0.010000000000000005,200.0,,,,
252535,episode_end,471.49988591248984,211,0.010000000000000005,200.0,,,,
252734,episode_end,458.8179782900566,199,0.010000000000000005,200.0,,,,
253000,train_step,,,0.010000000000000005,200.0,100000,34.75086975097656,-121.4390640258789,6.343000411987305
253075,episode_end,462.18576103814075,341,0.010000000000000005,200.0,,,,
253765,episode_end,348.98665938516854,690,0.010000000000000005,200.0,,,,
254000,train_step,,,0.010000000000000005,200.0,100000,34.69658279418945,-119.40786743164062,6.0859503746032715
254014,episode_end,504.6136689780413,249,0.010000000000000005,200.0,,,,
254451,episode_end,426.59981536076083,437,0.010000000000000005,200.0,,,,
254683,episode_end,476.8511163621058,232,0.010000000000000005,200.0,,,,
255000,train_step,,,0.010000000000000005,200.0,100000,61.67481231689453,-120.50810241699219,6.440307140350342
255683,episode_end,255.3479490551216,1000,0.010000000000000005,200.0,,,,
256000,train_step,,,0.010000000000000005,200.0,100000,116.9394760131836,-122.55003356933594,6.1465678215026855
256424,episode_end,383.637609342971,741,0.010000000000000005,200.0,,,,
256664,episode_end,493.6840278526909,240,0.010000000000000005,200.0,,,,
257000,train_step,,,0.010000000000000005,200.0,100000,56.542694091796875,-131.4019012451172,6.730205535888672
257022,episode_end,466.08229943535184,358,0.010000000000000005,200.0,,,,
257679,episode_end,394.5762802895873,657,0.010000000000000005,200.0,,,,
257892,episode_end,445.9623997089309,213,0.010000000000000005,200.0,,,,
258000,train_step,,,0.010000000000000005,200.0,100000,42.2338981628418,-123.76968383789062,6.80097770690918
258115,episode_end,450.19999314683383,223,0.010000000000000005,200.0,,,,
258677,episode_end,389.5584526813889,562,0.010000000000000005,200.0,,,,
259000,train_step,,,0.010000000000000005,200.0,100000,235.9408721923828,-128.31423950195312,6.220389366149902
259677,episode_end,73.65616387917346,1000,0.010000000000000005,200.0,,,,
260000,train_step,,,0.010000000000000005,200.0,100000,131.39134216308594,-127.07504272460938,6.340251922607422
260677,episode_end,77.17040255171541,1000,0.010000000000000005,200.0,,,,
261000,train_step,,,0.010000000000000005,200.0,100000,115.65767669677734,-131.301025390625,5.90969181060791
261677,episode_end,55.55531765554498,1000,0.010000000000000005,200.0,,,,
261929,episode_end,451.4750133915751,252,0.010000000000000005,200.0,,,,
262000,train_step,,,0.010000000000000005,200.0,100000,124.67768859863281,-123.92899322509766,5.980082035064697
262172,episode_end,425.22806322559035,243,0.010000000000000005,200.0,,,,
263000,train_step,,,0.010000000000000005,200.0,100000,30.84531593322754,-116.1904296875,6.357430458068848
263172,episode_end,135.52693513639306,1000,0.010000000000000005,200.0,,,,
264000,train_step,,,0.010000000000000005,200.0,100000,22.558046340942383,-124.12722778320312,6.184858322143555
264172,episode_end,113.98348804873267,1000,0.010000000000000005,200.0,,,,
264395,episode_end,454.0740059725999,223,0.010000000000000005,200.0,,,,
265000,train_step,,,0.010000000000000005,200.0,100000,128.47747802734375,-130.47210693359375,5.815908432006836
265395,episode_end,113.92763344556339,1000,0.010000000000000005,200.0,,,,
265622,episode_end,464.42442653190574,227,0.010000000000000005,200.0,,,,
265807,episode_end,491.64215129003543,185,0.010000000000000005,200.0,,,,
266000,train_step,,,0.010000000000000005,200.0,100000,16.044158935546875,-123.35785675048828,5.985518455505371
266008,episode_end,471.75143450632083,201,0.010000000000000005,200.0,,,,
266613,episode_end,364.9400285923806,605,0.010000000000000005,200.0,,,,
267000,train_step,,,0.010000000000000005,200.0,100000,57.47344207763672,-133.92495727539062,5.988378524780273
267204,episode_end,438.46669491410313,591,0.010000000000000005,200.0,,,,
267863,episode_end,372.1240169865411,659,0.010000000000000005,200.0,,,,
268000,train_step,,,0.010000000000000005,200.0,100000,494.1337890625,-121.00373077392578,5.476561069488525
268372,episode_end,415.08225893691406,509,0.010000000000000005,200.0,,,,
269000,train_step,,,0.010000000000000005,200.0,100000,422.630859375,-123.20479583740234,5.428732395172119
269372,episode_end,221.86474939098645,1000,0.010000000000000005,200.0,,,,
270000,train_step,,,0.010000000000000005,200.0,100000,44.49454879760742,-122.89934539794922,5.515101432800293
270372,episode_end,68.95660515270703,1000,0.010000000000000005,200.0,,,,
270804,episode_end,451.64139317685135,432,0.010000000000000005,200.0,,,,
271000,train_step,,,0.010000000000000005,200.0,100000,222.41830444335938,-127.37926483154297,5.622712135314941
271222,episode_end,203.41623838035338,418,0.010000000000000005,200.0,,,,
271567,episode_end,431.14538850040964,345,0.010000000000000005,200.0,,,,
271876,episode_end,299.3868265322666,309,0.010000000000000005,200.0,,,,
272000,train_step,,,0.010000000000000005,200.0,100000,116.63002014160156,-122.09416198730469,5.804354190826416
272876,episode_end,129.3237190958388,1000,0.010000000000000005,200.0,,,,
273000,train_step,,,0.010000000000000005,200.0,100000,412.67401123046875,-133.06503295898438,5.945981025695801
273429,episode_end,391.27955453605796,553,0.010000000000000005,200.0,,,,
273811,episode_end,408.99302394898456,382,0.010000000000000005,200.0,,,,
274000,train_step,,,0.010000000000000005,200.0,100000,128.76458740234375,-129.5489501953125,6.291603088378906
274025,episode_end,451.3292802948358,214,0.010000000000000005,200.0,,,,
274239,episode_end,496.0818305625141,214,0.010000000000000005,200.0,,,,
274484,episode_end,485.4163879274198,245,0.010000000000000005,200.0,,,,
274668,episode_end,477.5374215583192,184,0.010000000000000005,200.0,,,,
274817,episode_end,290.05923167623126,149,0.010000000000000005,200.0,,,,
275000,train_step,,,0.010000000000000005,200.0,100000,87.26576232910156,-123.5753402709961,6.044066429138184
275079,episode_end,469.76596043817216,262,0.010000000000000005,200.0,,,,
275323,episode_end,492.032442403281,244,0.010000000000000005,200.0,,,,
275491,episode_end,477.0208306640004,168,0.010000000000000005,200.0,,,,
275706,episode_end,460.41121484846593,215,0.010000000000000005,200.0,,,,
275939,episode_end,464.1665420960882,233,0.010000000000000005,200.0,,,,
276000,train_step,,,0.010000000000000005,200.0,100000,79.6173324584961,-122.51408386230469,5.933205604553223
276181,episode_end,463.0024364504113,242,0.010000000000000005,200.0,,,,
276416,episode_end,472.570277262379,235,0.010000000000000005,200.0,,,,
276629,episode_end,287.1040117928096,213,0.010000000000000005,200.0,,,,
276895,episode_end,492.8200653489098,266,0.010000000000000005,200.0,,,,
277000,train_step,,,0.010000000000000005,200.0,100000,919.4935302734375,-120.87908935546875,5.795449256896973
277116,episode_end,437.9998638739083,221,0.010000000000000005,200.0,,,,
277391,episode_end,490.2197712301055,275,0.010000000000000005,200.0,,,,
277678,episode_end,458.22796105590817,287,0.010000000000000005,200.0,,,,
277906,episode_end,460.6132646974042,228,0.010000000000000005,200.0,,,,
278000,train_step,,,0.010000000000000005,200.0,100000,60.35588455200195,-119.23448181152344,5.6620073318481445
278166,episode_end,497.95605797016174,260,0.010000000000000005,200.0,,,,
278396,episode_end,482.00774864807073,230,0.010000000000000005,200.0,,,,
278852,episode_end,466.3812754142714,456,0.010000000000000005,200.0,,,,
279000,train_step,,,0.010000000000000005,200.0,100000,15.6795072555542,-109.30809020996094,5.365579128265381
279102,episode_end,503.1475670085602,250,0.010000000000000005,200.0,,,,
279315,episode_end,478.67396465247157,213,0.010000000000000005,200.0,,,,
279595,episode_end,462.6941893164412,280,0.010000000000000005,200.0,,,,
280000,train_step,,,0.010000000000000005,200.0,100000,188.89041137695312,-121.44789123535156,5.2822489738464355
280036,episode_end,469.5541214624826,441,0.010000000000000005,200.0,,,,
280277,episode_end,427.4341698273165,241,0.010000000000000005,200.0,,,,
280488,episode_end,464.65743611804663,211,0.010000000000000005,200.0,,,,
280933,episode_end,456.52014764369534,445,0.010000000000000005,200.0,,,,
281000,train_step,,,0.010000000000000005,200.0,100000,147.05514526367188,-120.99712371826172,5.8649821281433105
281192,episode_end,454.386461357684,259,0.010000000000000005,200.0,,,,
281762,episode_end,442.873909986389,570,0.010000000000000005,200.0,,,,
282000,train_step,,,0.010000000000000005,200.0,100000,61.67422866821289,-118.0302734375,5.807477951049805
282127,episode_end,494.44515653387236,365,0.010000000000000005,200.0,,,,
282745,episode_end,421.74217686589145,618,0.010000000000000005,200.0,,,,
282993,episode_end,444.1613342556044,248,0.010000000000000005,200.0,,,,
283000,train_step,,,0.010000000000000005,200.0,100000,19.763504028320312,-109.20428466796875,5.485750198364258
283333,episode_end,428.68001548085334,340,0.010000000000000005,200.0,,,,
283809,episode_end,440.7635705801772,476,0.010000000000000005,200.0,,,,
284000,train_step,,,0.010000000000000005,200.0,100000,62.86247253417969,-119.5712661743164,5.2119855880737305
284150,episode_end,439.64367958974685,341,0.010000000000000005,200.0,,,,
284392,episode_end,443.50297728452097,242,0.010000000000000005,200.0,,,,
284865,episode_end,404.35816140599104,473,0.010000000000000005,200.0,,,,
285000,train_step,,,0.010000000000000005,200.0,100000,19.534669876098633,-110.7484130859375,5.1464128494262695
285092,episode_end,510.32678743310083,227,0.010000000000000005,200.0,,,,
285293,episode_end,455.6358996313993,201,0.010000000000000005,200.0,,,,
285561,episode_end,468.22689383882584,268,0.010000000000000005,200.0,,,,
285806,episode_end,441.2121477602964,245,0.010000000000000005,200.0,,,,
286000,train_step,,,0.010000000000000005,200.0,100000,21.672218322753906,-108.01959228515625,5.470616340637207
286018,episode_end,477.7692785779783,212,0.010000000000000005,200.0,,,,
286228,episode_end,441.5265608479637,210,0.010000000000000005,200.0,,,,
286440,episode_end,443.4936917186942,212,0.010000000000000005,200.0,,,,
286642,episode_end,442.1966914245628,202,0.010000000000000005,200.0,,,,
286818,episode_end,454.74597484853433,176,0.010000000000000005,200.0,,,,
287000,train_step,,,0.010000000000000005,200.0,100000,315.40582275390625,-123.91624450683594,5.27871036529541
287063,episode_end,472.77579256540895,245,0.010000000000000005,200.0,,,,
287242,episode_end,479.8165147718496,179,0.010000000000000005,200.0,,,,
287535,episode_end,449.28128263888084,293,0.010000000000000005,200.0,,,,
287787,episode_end,470.1789025962747,252,0.010000000000000005,200.0,,,,
288000,train_step,,,0.010000000000000005,200.0,100000,21.379507064819336,-119.73501586914062,5.489206314086914
288044,episode_end,432.860500693466,257,0.010000000000000005,200.0,,,,
288199,episode_end,498.2268929673841,155,0.010000000000000005,200.0,,,,
288420,episode_end,472.6759724264901,221,0.010000000000000005,200.0,,,,
288613,episode_end,487.0193216586743,193,0.010000000000000005,200.0,,,,
288822,episode_end,478.6042002185397,209,0.010000000000000005,200.0,,,,
289000,train_step,,,0.010000000000000005,200.0,100000,130.38519287109375,-119.37654876708984,5.03437614440918
289106,episode_end,479.61552682105594,284,0.010000000000000005,200.0,,,,
289416,episode_end,434.5105592194634,310,0.010000000000000005,200.0,,,,
289619,episode_end,458.3813312997153,203,0.010000000000000005,200.0,,,,
289793,episode_end,475.0671750063494,174,0.010000000000000005,200.0,,,,
289983,episode_end,482.3179316434059,190,0.010000000000000005,200.0,,,,
290000,train_step,,,0.010000000000000005,200.0,100000,105.3262939453125,-118.12576293945312,5.18272066116333
290137,episode_end,465.20455889852167,154,0.010000000000000005,200.0,,,,
290834,episode_end,422.63947524495717,697,0.010000000000000005,200.0,,,,
290999,episode_end,466.8003101963187,165,0.010000000000000005,200.0,,,,
291000,train_step,,,0.010000000000000005,200.0,100000,247.09512329101562,-118.1181640625,5.303911209106445
291203,episode_end,287.07239736758333,204,0.010000000000000005,200.0,,,,
291391,episode_end,470.0558703355661,188,0.010000000000000005,200.0,,,,
292000,train_step,,,0.010000000000000005,200.0,100000,178.5030517578125,-115.20812225341797,5.451033115386963
292391,episode_end,-57.864902795977045,1000,0.010000000000000005,200.0,,,,
292590,episode_end,501.3038061181038,199,0.010000000000000005,200.0,,,,
292854,episode_end,480.19667816021115,264,0.010000000000000005,200.0,,,,
293000,train_step,,,0.010000000000000005,200.0,100000,421.52850341796875,-123.33850860595703,5.090074062347412
293022,episode_end,465.9052213764831,168,0.010000000000000005,200.0,,,,
293299,episode_end,497.56559601174786,277,0.010000000000000005,200.0,,,,
293585,episode_end,467.46194276739044,286,0.010000000000000005,200.0,,,,
293861,episode_end,470.04257821658035,276,0.010000000000000005,200.0,,,,
294000,train_step,,,0.010000000000000005,200.0,100000,60.771202087402344,-117.56612396240234,5.499117851257324
294136,episode_end,467.0114552619154,275,0.010000000000000005,200.0,,,,
294330,episode_end,484.0776135554144,194,0.010000000000000005,200.0,,,,
294505,episode_end,490.28002344419144,175,0.010000000000000005,200.0,,,,
295000,train_step,,,0.010000000000000005,200.0,100000,51.76362609863281,-125.20784759521484,5.492010116577148
295425,episode_end,456.5490831849946,920,0.010000000000000005,200.0,,,,
295579,episode_end,477.7396742844295,154,0.010000000000000005,200.0,,,,
295792,episode_end,458.52998007037843,213,0.010000000000000005,200.0,,,,
295970,episode_end,474.7107754715957,178,0.010000000000000005,200.0,,,,
296000,train_step,,,0.010000000000000005,200.0,100000,37.68602752685547,-111.91613006591797,5.294771194458008
296164,episode_end,435.41900226486956,194,0.010000000000000005,200.0,,,,
296396,episode_end,479.13292453156134,232,0.010000000000000005,200.0,,,,
296600,episode_end,487.22953949049315,204,0.010000000000000005,200.0,,,,
296824,episode_end,466.78947380106837,224,0.010000000000000005,200.0,,,,
297000,train_step,,,0.010000000000000005,200.0,100000,340.03875732421875,-117.03445434570312,5.36138391494751
297051,episode_end,471.4912686546325,227,0.010000000000000005,200.0,,,,
297412,episode_end,453.7388712082225,361,0.010000000000000005,200.0,,,,
297654,episode_end,473.75032305271037,242,0.010000000000000005,200.0,,,,
298000,train_step,,,0.010000000000000005,200.0,100000,78.13113403320312,-125.14334106445312,5.290295124053955
298424,episode_end,419.19322324701835,770,0.010000000000000005,200.0,,,,
298607,episode_end,494.03475687524997,183,0.010000000000000005,200.0,,,,
298823,episode_end,290.013536965498,216,0.010000000000000005,200.0,,,,
298966,episode_end,453.9930377395422,143,0.010000000000000005,200.0,,,,
299000,train_step,,,0.010000000000000005,200.0,100000,57.485145568847656,-132.24302673339844,5.151113033294678
299167,episode_end,485.61781083435864,201,0.010000000000000005,200.0,,,,
299403,episode_end,485.33527602635525,236,0.010000000000000005,200.0,,,,
299587,episode_end,518.0516408591473,184,0.010000000000000005,200.0,,,,
299744,episode_end,487.12135262490085,157,0.010000000000000005,200.0,,,,
299940,episode_end,483.8885663966194,196,0.010000000000000005,200.0,,,,
300000,train_step,,,0.010000000000000005,200.0,100000,23.298311233520508,-117.42962646484375,5.085693359375
300154,episode_end,194.53617643921365,214,0.010000000000000005,-100.0,,,,
300378,episode_end,163.78672186003033,224,0.010000000000000005,-100.0,,,,
300596,episode_end,153.37374057999693,218,0.010000000000000005,-100.0,,,,
300767,episode_end,156.41828183324608,171,0.010000000000000005,-100.0,,,,
300963,episode_end,145.04196272500022,196,0.010000000000000005,-100.0,,,,
301000,train_step,,,0.010000000000000005,-100.0,100000,159.39743041992188,-123.53276062011719,5.194724082946777
301108,episode_end,156.9798161362524,145,0.010000000000000005,-100.0,,,,
301253,episode_end,166.858269012791,145,0.010000000000000005,-100.0,,,,
301445,episode_end,196.47760967737491,192,0.010000000000000005,-100.0,,,,
301641,episode_end,198.0314171886256,196,0.010000000000000005,-100.0,,,,
301802,episode_end,176.17655202685916,161,0.010000000000000005,-100.0,,,,
302000,train_step,,,0.010000000000000005,-100.0,100000,325.54205322265625,-128.13400268554688,5.30128288269043
302067,episode_end,289.37643642197526,265,0.010000000000000005,-100.0,,,,
302349,episode_end,167.538117205062,282,0.010000000000000005,-100.0,,,,
302429,episode_end,30.12919432797287,80,0.010000000000000005,-100.0,,,,
302629,episode_end,174.62955543303104,200,0.010000000000000005,-100.0,,,,
302860,episode_end,153.3888092860015,231,0.010000000000000005,-100.0,,,,
303000,train_step,,,0.010000000000000005,-100.0,100000,103.38487243652344,-117.62399291992188,5.596487045288086
303124,episode_end,108.74742503628225,264,0.010000000000000005,-100.0,,,,
303371,episode_end,174.06697044598823,247,0.010000000000000005,-100.0,,,,
303617,episode_end,193.7439939622677,246,0.010000000000000005,-100.0,,,,
303780,episode_end,162.38525279189307,163,0.010000000000000005,-100.0,,,,
304000,train_step,,,0.010000000000000005,-100.0,100000,187.3441162109375,-123.72138214111328,5.329314708709717
304315,episode_end,214.0397410302656,535,0.010000000000000005,-100.0,,,,
304492,episode_end,176.8616690243793,177,0.010000000000000005,-100.0,,,,
304672,episode_end,164.26448298228934,180,0.010000000000000005,-100.0,,,,
304897,episode_end,160.2621886332558,225,0.010000000000000005,-100.0,,,,
305000,train_step,,,0.010000000000000005,-100.0,100000,237.8668212890625,-122.61099243164062,5.280663967132568
305116,episode_end,148.2847969087893,219,0.010000000000000005,-100.0,,,,
305309,episode_end,172.54901665785806,193,0.010000000000000005,-100.0,,,,
305607,episode_end,-82.71691545763298,298,0.010000000000000005,-100.0,,,,
305800,episode_end,185.8576102096002,193,0.010000000000000005,-100.0,,,,
305978,episode_end,157.18469773259056,178,0.010000000000000005,-100.0,,,,
306000,train_step,,,0.010000000000000005,-100.0,100000,20.81711196899414,-114.7785415649414,5.1731061935424805
306202,episode_end,188.74642463446628,224,0.010000000000000005,-100.0,,,,
306381,episode_end,160.56295960329115,179,0.010000000000000005,-100.0,,,,
306657,episode_end,186.56107820836763,276,0.010000000000000005,-100.0,,,,
307000,train_step,,,0.010000000000000005,-100.0,100000,91.17010498046875,-117.367919921875,5.56762170791626
307150,episode_end,74.07389592738431,493,0.010000000000000005,-100.0,,,,
307455,episode_end,269.1706970822818,305,0.010000000000000005,-100.0,,,,
307629,episode_end,172.3658871038383,174,0.010000000000000005,-100.0,,,,
307887,episode_end,157.77079163572358,258,0.010000000000000005,-100.0,,,,
308000,train_step,,,0.010000000000000005,-100.0,100000,382.45855712890625,-111.69464874267578,5.293267726898193
308887,episode_end,-43.842555974365006,1000,0.010000000000000005,-100.0,,,,
309000,train_step,,,0.010000000000000005,-100.0,100000,264.94769287109375,-120.14143371582031,5.566864967346191
309062,episode_end,149.56302624431027,175,0.010000000000000005,-100.0,,,,
309324,episode_end,171.2967522944126,262,0.010000000000000005,-100.0,,,,
309541,episode_end,128.97625056485484,217,0.010000000000000005,-100.0,,,,
309733,episode_end,142.67488524624747,192,0.010000000000000005,-100.0,,,,
309950,episode_end,156.52663265839905,217,0.010000000000000005,-100.0,,,,
310000,train_step,,,0.010000000000000005,-100.0,100000,157.87527465820312,-120.04522705078125,5.895179748535156
310376,episode_end,144.38795756589454,426,0.010000000000000005,-100.0,,,,
310729,episode_end,278.7219799288355,353,0.010000000000000005,-100.0,,,,
310927,episode_end,181.1095838612777,198,0.010000000000000005,-100.0,,,,
311000,train_step,,,0.010000000000000005,-100.0,100000,397.24859619140625,-121.25370788574219,5.508513450622559
311171,episode_end,171.0409208465813,244,0.010000000000000005,-100.0,,,,
311510,episode_end,279.88144883456823,339,0.010000000000000005,-100.0,,,,
311853,episode_end,184.7253602269882,343,0.010000000000000005,-100.0,,,,
312000,train_step,,,0.010000000000000005,-100.0,100000,30.64847755432129,-117.85409545898438,5.300889015197754
312069,episode_end,174.3949484415939,216,0.010000000000000005,-100.0,,,,
312305,episode_end,185.9997779348218,236,0.010000000000000005,-100.0,,,,
312555,episode_end,170.90247565344345,250,0.010000000000000005,-100.0,,,,
312825,episode_end,195.6280578184669,270,0.010000000000000005,-100.0,,,,
313000,train_step,,,0.010000000000000005,-100.0,100000,32.07006072998047,-120.75489807128906,5.177780628204346
313825,episode_end,-31.281881650706744,1000,0.010000000000000005,-100.0,,,,
314000,train_step,,,0.010000000000000005,-100.0,100000,386.1064453125,-122.80059814453125,5.261839866638184
314015,episode_end,198.31363715071132,190,0.010000000000000005,-100.0,,,,
314199,episode_end,158.69943802372075,184,0.010000000000000005,-100.0,,,,
314415,episode_end,186.16245998825704,216,0.010000000000000005,-100.0,,,,
314615,episode_end,158.76347880112186,200,0.010000000000000005,-100.0,,,,
314904,episode_end,192.07808295576893,289,0.010000000000000005,-100.0,,,,
315000,train_step,,,0.010000000000000005,-100.0,100000,49.37147903442383,-115.96920776367188,4.87169885635376
315576,episode_end,135.20690628846972,672,0.010000000000000005,-100.0,,,,
315889,episode_end,180.42323714528277,313,0.010000000000000005,-100.0,,,,
316000,train_step,,,0.010000000000000005,-100.0,100000,64.97872924804688,-127.19342041015625,5.43764591217041
316130,episode_end,177.08107638504518,241,0.010000000000000005,-100.0,,,,
316437,episode_end,164.73886732439286,307,0.010000000000000005,-100.0,,,,
316686,episode_end,162.52810752343697,249,0.010000000000000005,-100.0,,,,
316930,episode_end,188.96615330533146,244,0.010000000000000005,-100.0,,,,
317000,train_step,,,0.010000000000000005,-100.0,100000,22.225576400756836,-121.29581451416016,5.261928558349609
317192,episode_end,194.3090783640601,262,0.010000000000000005,-100.0,,,,
318000,train_step,,,0.010000000000000005,-100.0,100000,27.600540161132812,-125.62112426757812,5.473188400268555
318192,episode_end,-58.73882580259175,1000,0.010000000000000005,-100.0,,,,
318456,episode_end,179.86117031915606,264,0.010000000000000005,-100.0,,,,
318664,episode_end,134.94271068957582,208,0.010000000000000005,-100.0,,,,
318969,episode_end,175.5971176370693,305,0.010000000000000005,-100.0,,,,
319000,train_step,,,0.010000000000000005,-100.0,100000,21.575166702270508,-125.42306518554688,5.205207824707031
319304,episode_end,131.05689166800678,335,0.010000000000000005,-100.0,,,,
319544,episode_end,167.55523817130796,240,0.010000000000000005,-100.0,,,,
319902,episode_end,164.24159292174969,358,0.010000000000000005,-100.0,,,,
320000,train_step,,,0.010000000000000005,-100.0,100000,24.444429397583008,-123.38252258300781,5.633786678314209
320085,episode_end,140.3894658598124,183,0.010000000000000005,-100.0,,,,
320311,episode_end,162.6669324120679,226,0.010000000000000005,-100.0,,,,
320533,episode_end,176.06676480129767,222,0.010000000000000005,-100.0,,,,
320698,episode_end,134.79076240524822,165,0.010000000000000005,-100.0,,,,
320847,episode_end,-132.7309503145697,149,0.010000000000000005,-100.0,,,,
321000,train_step,,,0.010000000000000005,-100.0,100000,57.60540771484375,-123.380615234375,5.688754081726074
321074,episode_end,190.36106270763452,227,0.010000000000000005,-100.0,,,,
321265,episode_end,215.4247655659223,191,0.010000000000000005,-100.0,,,,
321676,episode_end,171.270748277844,411,0.010000000000000005,-100.0,,,,
321913,episode_end,183.4869127589111,237,0.010000000000000005,-100.0,,,,
322000,train_step,,,0.010000000000000005,-100.0,100000,104.40959167480469,-121.23252868652344,5.443727970123291
322218,episode_end,186.15680643213437,305,0.010000000000000005,-100.0,,,,
322475,episode_end,186.37823729412997,257,0.010000000000000005,-100.0,,,,
322677,episode_end,167.59877107201152,202,0.010000000000000005,-100.0,,,,
322870,episode_end,181.25908498558593,193,0.010000000000000005,-100.0,,,,
323000,train_step,,,0.010000000000000005,-100.0,100000,83.38905334472656,-128.96246337890625,5.61932373046875
323102,episode_end,131.0466649831565,232,0.010000000000000005,-100.0,,,,
324000,train_step,,,0.010000000000000005,-100.0,100000,77.294921875,-121.72130584716797,5.339714050292969
324102,episode_end,-60.012351631163384,1000,0.010000000000000005,-100.0,,,,
324362,episode_end,177.3421622961133,260,0.010000000000000005,-100.0,,,,
325000,train_step,,,0.010000000000000005,-100.0,100000,27.3306884765625,-123.34540557861328,5.494715213775635
325232,episode_end,83.58589580396645,870,0.010000000000000005,-100.0,,,,
325516,episode_end,160.3629094710381,284,0.010000000000000005,-100.0,,,,
325816,episode_end,189.24552205851276,300,0.010000000000000005,-100.0,,,,
326000,train_step,,,0.010000000000000005,-100.0,100000,17.12889862060547,-114.77272033691406,5.742825508117676
326096,episode_end,178.29722446276597,280,0.010000000000000005,-100.0,,,,
326355,episode_end,177.69999191040654,259,0.010000000000000005,-100.0,,,,
326704,episode_end,177.0837495537824,349,0.010000000000000005,-100.0,,,,
326986,episode_end,170.7201037493682,282,0.010000000000000005,-100.0,,,,
327000,train_step,,,0.010000000000000005,-100.0,100000,29.31175994873047,-122.6973648071289,5.303205966949463
327223,episode_end,177.65105530899436,237,0.010000000000000005,-100.0,,,,
327447,episode_end,140.97011088570957,224,0.010000000000000005,-100.0,,,,
327706,episode_end,171.66596368804957,259,0.010000000000000005,-100.0,,,,
327940,episode_end,164.67827816524348,234,0.010000000000000005,-100.0,,,,
328000,train_step,,,0.010000000000000005,-100.0,100000,35.13724136352539,-119.38519287109375,5.967496395111084
328129,episode_end,184.58183398182348,189,0.010000000000000005,-100.0,,,,
328337,episode_end,155.56761782446432,208,0.010000000000000005,-100.0,,,,
328742,episode_end,127.16669120326443,405,0.010000000000000005,-100.0,,,,
329000,train_step,,,0.010000000000000005,-100.0,100000,464.59112548828125,-119.2379150390625,5.981128215789795
329084,episode_end,268.1428682053537,342,0.010000000000000005,-100.0,,,,
329415,episode_end,173.52927306769124,331,0.010000000000000005,-100.0,,,,
329620,episode_end,299.97643475048716,205,0.010000000000000005,-100.0,,,,
329902,episode_end,192.6698746872714,282,0.010000000000000005,-100.0,,,,
330000,train_step,,,0.010000000000000005,-100.0,100000,290.6964416503906,-121.99501037597656,5.348097801208496
330121,episode_end,167.0499755867229,219,0.010000000000000005,-100.0,,,,
330335,episode_end,154.98589527394,214,0.010000000000000005,-100.0,,,,
330563,episode_end,149.1860102452042,228,0.010000000000000005,-100.0,,,,
331000,train_step,,,0.010000000000000005,-100.0,100000,329.06524658203125,-121.89190673828125,5.965902805328369
331563,episode_end,152.9770117261383,1000,0.010000000000000005,-100.0,,,,
331834,episode_end,294.1355276967745,271,0.010000000000000005,-100.0,,,,
332000,train_step,,,0.010000000000000005,-100.0,100000,18.66750717163086,-120.14999389648438,5.775114059448242
332485,episode_end,117.72587524171212,651,0.010000000000000005,-100.0,,,,
332703,episode_end,157.46619180308693,218,0.010000000000000005,-100.0,,,,
333000,train_step,,,0.010000000000000005,-100.0,100000,371.3436279296875,-118.01486206054688,5.75538444519043
333118,episode_end,171.2619621163612,415,0.010000000000000005,-100.0,,,,
333307,episode_end,180.30268727147708,189,0.010000000000000005,-100.0,,,,
333592,episode_end,-202.69040259717943,285,0.010000000000000005,-100.0,,,,
333772,episode_end,149.86185653036918,180,0.010000000000000005,-100.0,,,,
334000,train_step,,,0.010000000000000005,-100.0,100000,43.82200622558594,-119.26028442382812,5.648962020874023
334120,episode_end,118.83935638016098,348,0.010000000000000005,-100.0,,,,
334297,episode_end,173.7311771364358,177,0.010000000000000005,-100.0,,,,
334697,episode_end,143.53029673868897,400,0.010000000000000005,-100.0,,,,
335000,train_step,,,0.010000000000000005,-100.0,100000,39.02873229980469,-114.89625549316406,5.752114295959473
335006,episode_end,187.3038498965901,309,0.010000000000000005,-100.0,,,,
335333,episode_end,195.83546720580742,327,0.010000000000000005,-100.0,,,,
335521,episode_end,161.56760662149432,188,0.010000000000000005,-100.0,,,,
335792,episode_end,170.37617364314016,271,0.010000000000000005,-100.0,,,,
335979,episode_end,153.91284488701024,187,0.010000000000000005,-100.0,,,,
336000,train_step,,,0.010000000000000005,-100.0,100000,14.241874694824219,-119.48501586914062,5.564975738525391
336288,episode_end,-295.77386351576513,309,0.010000000000000005,-100.0,,,,
336619,episode_end,170.254870108035,331,0.010000000000000005,-100.0,,,,
336791,episode_end,150.54619713393038,172,0.010000000000000005,-100.0,,,,
337000,train_step,,,0.010000000000000005,-100.0,100000,279.0811767578125,-123.79498291015625,5.713864326477051
337162,episode_end,164.72850530044548,371,0.010000000000000005,-100.0,,,,
337472,episode_end,159.99617705402693,310,0.010000000000000005,-100.0,,,,
337668,episode_end,179.78392280631786,196,0.010000000000000005,-100.0,,,,
338000,train_step,,,0.010000000000000005,-100.0,100000,32.04447937011719,-119.18213653564453,5.848714828491211
338045,episode_end,-102.81340752952408,377,0.010000000000000005,-100.0,,,,
338286,episode_end,196.64106733527206,241,0.010000000000000005,-100.0,,,,
338453,episode_end,150.57344660828238,167,0.010000000000000005,-100.0,,,,
338633,episode_end,177.33708234047663,180,0.010000000000000005,-100.0,,,,
339000,train_step,,,0.010000000000000005,-100.0,100000,104.13880920410156,-124.50244140625,5.204641819000244
339245,episode_end,103.75619617205139,612,0.010000000000000005,-100.0,,,,
339443,episode_end,169.09300863420364,198,0.010000000000000005,-100.0,,,,
339686,episode_end,165.5738950993059,243,0.010000000000000005,-100.0,,,,
340000,train_step,,,0.010000000000000005,-100.0,100000,325.863037109375,-118.35110473632812,5.038949966430664
340209,episode_end,146.94498803114692,523,0.010000000000000005,-100.0,,,,
340703,episode_end,164.99089762920286,494,0.010000000000000005,-100.0,,,,
340900,episode_end,153.33510941050721,197,0.010000000000000005,-100.0,,,,
341000,train_step,,,0.010000000000000005,-100.0,100000,211.35638427734375,-118.06605529785156,5.622432708740234
341065,episode_end,145.1974575397141,165,0.010000000000000005,-100.0,,,,
341321,episode_end,169.9987319424299,256,0.010000000000000005,-100.0,,,,
341529,episode_end,158.69723266022123,208,0.010000000000000005,-100.0,,,,
342000,train_step,,,0.010000000000000005,-100.0,100000,29.064014434814453,-112.72222137451172,5.592645645141602
342521,episode_end,42.82444227594032,992,0.010000000000000005,-100.0,,,,
342854,episode_end,170.8804291714943,333,0.010000000000000005,-100.0,,,,
343000,train_step,,,0.010000000000000005,-100.0,100000,168.34805297851562,-115.55072021484375,5.50559139251709
343212,episode_end,132.68141829128336,358,0.010000000000000005,-100.0,,,,
343418,episode_end,148.20129579873873,206,0.010000000000000005,-100.0,,,,
343638,episode_end,212.06854993501724,220,0.010000000000000005,-100.0,,,,
343794,episode_end,-40.02854716590179,156,0.010000000000000005,-100.0,,,,
344000,train_step,,,0.010000000000000005,-100.0,100000,242.92037963867188,-109.79939270019531,5.304562568664551
344342,episode_end,85.73589591570357,548,0.010000000000000005,-100.0,,,,
344563,episode_end,187.0254958415503,221,0.010000000000000005,-100.0,,,,
344744,episode_end,147.61600063891976,181,0.010000000000000005,-100.0,,,,
345000,train_step,,,0.010000000000000005,-100.0,100000,19.2451114654541,-116.32324981689453,5.461962699890137
345014,episode_end,162.3958858216903,270,0.010000000000000005,-100.0,,,,
345289,episode_end,148.5782678802825,275,0.010000000000000005,-100.0,,,,
345457,episode_end,145.39928533490115,168,0.010000000000000005,-100.0,,,,
345635,episode_end,152.89369631449176,178,0.010000000000000005,-100.0,,,,
345874,episode_end,182.46677982871813,239,0.010000000000000005,-100.0,,,,
346000,train_step,,,0.010000000000000005,-100.0,100000,84.69577026367188,-113.73855590820312,5.250948905944824
346195,episode_end,162.30470226329487,321,0.010000000000000005,-100.0,,,,
346396,episode_end,161.49221708510203,201,0.010000000000000005,-100.0,,,,
346636,episode_end,166.45516227929267,240,0.010000000000000005,-100.0,,,,
346968,episode_end,143.83785141687713,332,0.010000000000000005,-100.0,,,,
347000,train_step,,,0.010000000000000005,-100.0,100000,34.82448959350586,-120.35145568847656,5.539628505706787
347222,episode_end,189.763696724161,254,0.010000000000000005,-100.0,,,,
347571,episode_end,150.55939170307298,349,0.010000000000000005,-100.0,,,,
348000,train_step,,,0.010000000000000005,-100.0,100000,26.830657958984375,-112.73168182373047,5.550450325012207
348407,episode_end,90.363446829609,836,0.010000000000000005,-100.0,,,,
348781,episode_end,243.84033786680683,374,0.010000000000000005,-100.0,,,,
349000,train_step,,,0.010000000000000005,-100.0,100000,216.92898559570312,-111.17829895019531,5.55582332611084
349001,episode_end,171.54623713377697,220,0.010000000000000005,-100.0,,,,
349236,episode_end,176.4716426479169,235,0.010000000000000005,-100.0,,,,
349411,episode_end,284.168470492183,175,0.010000000000000005,-100.0,,,,
349565,episode_end,189.0145789432573,154,0.010000000000000005,-100.0,,,,
349766,episode_end,152.79145029392222,201,0.010000000000000005,-100.0,,,,
349966,episode_end,169.99310827158112,200,0.010000000000000005,-100.0,,,,
350000,train_step,,,0.010000000000000005,-100.0,100000,208.01849365234375,-114.35000610351562,5.162932395935059
350162,episode_end,166.61711586800962,196,0.010000000000000005,-100.0,,,,
350623,episode_end,150.41104005744396,461,0.010000000000000005,-100.0,,,,
351000,train_step,,,0.010000000000000005,-100.0,100000,39.964569091796875,-115.98751068115234,5.144398212432861
351623,episode_end,50.68194317306943,1000,0.010000000000000005,-100.0,,,,
352000,train_step,,,0.010000000000000005,-100.0,100000,158.58148193359375,-113.15991973876953,5.1887736320495605
352114,episode_end,157.80145036935903,491,0.010000000000000005,-100.0,,,,
352925,episode_end,231.44938002174055,811,0.010000000000000005,-100.0,,,,
353000,train_step,,,0.010000000000000005,-100.0,100000,550.78759765625,-112.62309265136719,5.634596824645996
353097,episode_end,152.20024274483256,172,0.010000000000000005,-100.0,,,,
353385,episode_end,180.4410266715843,288,0.010000000000000005,-100.0,,,,
353651,episode_end,141.81741525229714,266,0.010000000000000005,-100.0,,,,
353818,episode_end,187.7673006871916,167,0.010000000000000005,-100.0,,,,
353985,episode_end,185.05179855313406,167,0.010000000000000005,-100.0,,,,
354000,train_step,,,0.010000000000000005,-100.0,100000,207.79092407226562,-119.19097137451172,5.188467979431152
354229,episode_end,142.93318599801546,244,0.010000000000000005,-100.0,,,,
354432,episode_end,160.2448546944692,203,0.010000000000000005,-100.0,,,,
354715,episode_end,186.7308965052755,283,0.010000000000000005,-100.0,,,,
354918,episode_end,187.15435239395472,203,0.010000000000000005,-100.0,,,,
355000,train_step,,,0.010000000000000005,-100.0,100000,151.19769287109375,-116.48570251464844,5.6799726486206055
355101,episode_end,176.40516354639163,183,0.010000000000000005,-100.0,,,,
355295,episode_end,157.49273489009798,194,0.010000000000000005,-100.0,,,,
356000,train_step,,,0.010000000000000005,-100.0,100000,26.28582763671875,-114.37591552734375,6.080644607543945
356295,episode_end,-100.9107322731349,1000,0.010000000000000005,-100.0,,,,
356603,episode_end,-250.10165774971816,308,0.010000000000000005,-100.0,,,,
356953,episode_end,189.09008340077918,350,0.010000000000000005,-100.0,,,,
357000,train_step,,,0.010000000000000005,-100.0,100000,135.52703857421875,-109.06802368164062,5.765177249908447
357196,episode_end,190.05449755353465,243,0.010000000000000005,-100.0,,,,
357396,episode_end,189.47476559160384,200,0.010000000000000005,-100.0,,,,
357728,episode_end,151.55525321323353,332,0.010000000000000005,-100.0,,,,
358000,train_step,,,0.010000000000000005,-100.0,100000,229.14266967773438,-111.76791381835938,5.298411846160889
358112,episode_end,163.8885413351606,384,0.010000000000000005,-100.0,,,,
358370,episode_end,187.72980752471483,258,0.010000000000000005,-100.0,,,,
359000,train_step,,,0.010000000000000005,-100.0,100000,23.419015884399414,-117.6717300415039,6.029290676116943
359370,episode_end,-175.71027730887954,1000,0.010000000000000005,-100.0,,,,
360000,train_step,,,0.010000000000000005,-100.0,100000,295.78204345703125,-116.1121597290039,5.654755592346191
360212,episode_end,48.44949337332703,842,0.010000000000000005,-100.0,,,,
361000,train_step,,,0.010000000000000005,-100.0,100000,237.5688018798828,-111.72959899902344,5.239945411682129
361212,episode_end,-42.43613553811603,1000,0.010000000000000005,-100.0,,,,
361442,episode_end,148.7314351227144,230,0.010000000000000005,-100.0,,,,
361782,episode_end,128.11709105720195,340,0.010000000000000005,-100.0,,,,
362000,train_step,,,0.010000000000000005,-100.0,100000,684.6331787109375,-109.4631576538086,5.253177642822266
362150,episode_end,158.6783838293464,368,0.010000000000000005,-100.0,,,,
362405,episode_end,191.15662080691087,255,0.010000000000000005,-100.0,,,,
362788,episode_end,155.39665870096167,383,0.010000000000000005,-100.0,,,,
363000,train_step,,,0.010000000000000005,-100.0,100000,243.47671508789062,-105.47433471679688,5.5123090744018555
363172,episode_end,166.39069897025072,384,0.010000000000000005,-100.0,,,,
363517,episode_end,133.75438160233983,345,0.010000000000000005,-100.0,,,,
363834,episode_end,124.51284122535975,317,0.010000000000000005,-100.0,,,,
364000,train_step,,,0.010000000000000005,-100.0,100000,122.55564880371094,-110.4298324584961,5.470880508422852
364221,episode_end,183.85990883170982,387,0.010000000000000005,-100.0,,,,
364585,episode_end,141.79551924521593,364,0.010000000000000005,-100.0,,,,
364879,episode_end,138.86988325746293,294,0.010000000000000005,-100.0,,,,
365000,train_step,,,0.010000000000000005,-100.0,100000,401.18060302734375,-111.37744140625,5.188080787658691
365144,episode_end,147.458432425539,265,0.010000000000000005,-100.0,,,,
365446,episode_end,160.01011596714625,302,0.010000000000000005,-100.0,,,,
365796,episode_end,147.95207057787076,350,0.010000000000000005,-100.0,,,,
366000,train_step,,,0.010000000000000005,-100.0,100000,21.211105346679688,-112.88512420654297,5.582225799560547
366260,episode_end,120.05893302170641,464,0.010000000000000005,-100.0,,,,
366575,episode_end,153.25628062965745,315,0.010000000000000005,-100.0,,,,
366855,episode_end,154.9729231943898,280,0.010000000000000005,-100.0,,,,
367000,train_step,,,0.010000000000000005,-100.0,100000,274.12982177734375,-105.40556335449219,5.047712326049805
367224,episode_end,151.9573682691863,369,0.010000000000000005,-100.0,,,,
367466,episode_end,151.08568296738355,242,0.010000000000000005,-100.0,,,,
367637,episode_end,183.23605125320063,171,0.010000000000000005,-100.0,,,,
367927,episode_end,133.6754669783237,290,0.010000000000000005,-100.0,,,,
368000,train_step,,,0.010000000000000005,-100.0,100000,20.322181701660156,-113.67269897460938,5.103427886962891
368238,episode_end,142.4160182836179,311,0.010000000000000005,-100.0,,,,
368738,episode_end,138.04215091202497,500,0.010000000000000005,-100.0,,,,
369000,train_step,,,0.010000000000000005,-100.0,100000,22.41408920288086,-107.3281478881836,5.408635139465332
369008,episode_end,175.3501571279201,270,0.010000000000000005,-100.0,,,,
369253,episode_end,172.3187089141903,245,0.010000000000000005,-100.0,,,,
369518,episode_end,209.3320732032759,265,0.010000000000000005,-100.0,,,,
369744,episode_end,183.11911297260218,226,0.010000000000000005,-100.0,,,,
369944,episode_end,183.4473960123501,200,0.010000000000000005,-100.0,,,,
370000,train_step,,,0.010000000000000005,-100.0,100000,25.662853240966797,-110.48916625976562,5.152740478515625
370137,episode_end,313.1932404167264,193,0.010000000000000005,-100.0,,,,
370400,episode_end,170.11776144014107,263,0.010000000000000005,-100.0,,,,
370575,episode_end,196.77919351634372,175,0.010000000000000005,-100.0,,,,
370747,episode_end,164.58954654508443,172,0.010000000000000005,-100.0,,,,
371000,train_step,,,0.010000000000000005,-100.0,100000,97.54212951660156,-106.05142211914062,5.279390335083008
371014,episode_end,177.56375837931688,267,0.010000000000000005,-100.0,,,,
371294,episode_end,177.88068372117897,280,0.010000000000000005,-100.0,,,,
371573,episode_end,194.49707156753118,279,0.010000000000000005,-100.0,,,,
371750,episode_end,165.11590156435744,177,0.010000000000000005,-100.0,,,,
371919,episode_end,163.691342573077,169,0.010000000000000005,-100.0,,,,
372000,train_step,,,0.010000000000000005,-100.0,100000,26.169963836669922,-109.00436401367188,5.47332763671875
372175,episode_end,131.62486156195402,256,0.010000000000000005,-100.0,,,,
372405,episode_end,167.10364194080447,230,0.010000000000000005,-100.0,,,,
372574,episode_end,158.6923517685283,169,0.010000000000000005,-100.0,,,,
373000,train_step,,,0.010000000000000005,-100.0,100000,18.141759872436523,-109.1329574584961,5.261362075805664
373036,episode_end,149.43987453503308,462,0.010000000000000005,-100.0,,,,
373233,episode_end,155.66376457652376,197,0.010000000000000005,-100.0,,,,
373397,episode_end,183.10307836442354,164,0.010000000000000005,-100.0,,,,
374000,train_step,,,0.010000000000000005,-100.0,100000,293.79095458984375,-110.29534912109375,5.439383506774902
374048,episode_end,109.84744713940643,651,0.010000000000000005,-100.0,,,,
374184,episode_end,-191.6369663655995,136,0.010000000000000005,-100.0,,,,
374415,episode_end,169.9730355309177,231,0.010000000000000005,-100.0,,,,
374803,episode_end,135.97057029679746,388,0.010000000000000005,-100.0,,,,
375000,train_step,,,0.010000000000000005,-100.0,100000,170.74591064453125,-107.43059539794922,5.553617477416992
375063,episode_end,156.94306503127342,260,0.010000000000000005,-100.0,,,,
375502,episode_end,154.7024253586937,439,0.010000000000000005,-100.0,,,,
375803,episode_end,291.119803270461,301,0.010000000000000005,-100.0,,,,
376000,train_step,,,0.010000000000000005,-100.0,100000,30.104217529296875,-108.5439453125,5.199684143066406
376009,episode_end,174.29048071136015,206,0.010000000000000005,-100.0,,,,
376198,episode_end,168.38999813950608,189,0.010000000000000005,-100.0,,,,
376529,episode_end,117.24496017733703,331,0.010000000000000005,-100.0,,,,
376940,episode_end,149.85967935069345,411,0.010000000000000005,-100.0,,,,
377000,train_step,,,0.010000000000000005,-100.0,100000,274.2938232421875,-106.6177749633789,5.612563133239746
377133,episode_end,166.32893145968683,193,0.010000000000000005,-100.0,,,,
377318,episode_end,166.06328549036078,185,0.010000000000000005,-100.0,,,,
377527,episode_end,162.445929112783,209,0.010000000000000005,-100.0,,,,
377773,episode_end,174.87010841449546,246,0.010000000000000005,-100.0,,,,
377977,episode_end,171.20465055084776,204,0.010000000000000005,-100.0,,,,
378000,train_step,,,0.010000000000000005,-100.0,100000,26.705554962158203,-108.28584289550781,5.655332088470459
378204,episode_end,298.1495545143563,227,0.010000000000000005,-100.0,,,,
378572,episode_end,181.7212169297351,368,0.010000000000000005,-100.0,,,,
378998,episode_end,153.06442034828703,426,0.010000000000000005,-100.0,,,,
379000,train_step,,,0.010000000000000005,-100.0,100000,21.795101165771484,-104.44470977783203,5.623791217803955
379242,episode_end,147.1880775780415,244,0.010000000000000005,-100.0,,,,
379395,episode_end,-164.8757190903857,153,0.010000000000000005,-100.0,,,,
379609,episode_end,184.79980087310096,214,0.010000000000000005,-100.0,,,,
379806,episode_end,-210.25950208377634,197,0.010000000000000005,-100.0,,,,
380000,train_step,,,0.010000000000000005,-100.0,100000,25.594619750976562,-103.80224609375,5.341426849365234
380039,episode_end,170.83070667384936,233,0.010000000000000005,-100.0,,,,
380282,episode_end,169.2018096048879,243,0.010000000000000005,-100.0,,,,
380437,episode_end,274.59608994533755,155,0.010000000000000005,-100.0,,,,
381000,train_step,,,0.010000000000000005,-100.0,100000,77.20976257324219,-101.37750244140625,5.9943952560424805
381437,episode_end,29.709327667145654,1000,0.010000000000000005,-100.0,,,,
381629,episode_end,163.24695956436287,192,0.010000000000000005,-100.0,,,,
381721,episode_end,-58.09387547946921,92,0.010000000000000005,-100.0,,,,
382000,train_step,,,0.010000000000000005,-100.0,100000,28.098350524902344,-103.86145782470703,5.394190788269043
382075,episode_end,176.08403933689277,354,0.010000000000000005,-100.0,,,,
382253,episode_end,160.05373578008158,178,0.010000000000000005,-100.0,,,,
382357,episode_end,72.23249532391043,104,0.010000000000000005,-100.0,,,,
382713,episode_end,182.56933865473525,356,0.010000000000000005,-100.0,,,,
383000,train_step,,,0.010000000000000005,-100.0,100000,66.89503479003906,-101.46825408935547,5.731898307800293
383167,episode_end,160.42986861683707,454,0.010000000000000005,-100.0,,,,
383264,episode_end,52.794704843465865,97,0.010000000000000005,-100.0,,,,
383514,episode_end,192.7551675219666,250,0.010000000000000005,-100.0,,,,
383747,episode_end,189.6290551506333,233,0.010000000000000005,-100.0,,,,
383990,episode_end,-190.80026178022922,243,0.010000000000000005,-100.0,,,,
384000,train_step,,,0.010000000000000005,-100.0,100000,67.67874145507812,-97.26646423339844,5.385619163513184
384121,episode_end,-230.01550482803177,131,0.010000000000000005,-100.0,,,,
384291,episode_end,-151.92358186678842,170,0.010000000000000005,-100.0,,,,
384650,episode_end,166.67465199250074,359,0.010000000000000005,-100.0,,,,
384756,episode_end,-77.92373016985272,106,0.010000000000000005,-100.0,,,,
385000,train_step,,,0.010000000000000005,-100.0,100000,87.07337951660156,-99.69806671142578,5.1176862716674805
385032,episode_end,165.59151293285808,276,0.010000000000000005,-100.0,,,,
385401,episode_end,178.1287002578137,369,0.010000000000000005,-100.0,,,,
385713,episode_end,167.61505926599202,312,0.010000000000000005,-100.0,,,,
386000,train_step,,,0.010000000000000005,-100.0,100000,22.692161560058594,-102.48800659179688,5.139425754547119
386115,episode_end,104.85719552320207,402,0.010000000000000005,-100.0,,,,
386358,episode_end,177.46121600680843,243,0.010000000000000005,-100.0,,,,
386509,episode_end,164.99705617637693,151,0.010000000000000005,-100.0,,,,
386694,episode_end,182.2382977442859,185,0.010000000000000005,-100.0,,,,
387000,train_step,,,0.010000000000000005,-100.0,100000,117.08338165283203,-98.76229095458984,5.407052993774414
387212,episode_end,140.51395767295804,518,0.010000000000000005,-100.0,,,,
387439,episode_end,-457.49209016645244,227,0.010000000000000005,-100.0,,,,
387649,episode_end,-164.75072620356678,210,0.010000000000000005,-100.0,,,,
387968,episode_end,157.36382329381436,319,0.010000000000000005,-100.0,,,,
388000,train_step,,,0.010000000000000005,-100.0,100000,16.60015106201172,-98.07637023925781,5.458510398864746
388565,episode_end,157.5261977455802,597,0.010000000000000005,-100.0,,,,
388922,episode_end,162.38180642571345,357,0.010000000000000005,-100.0,,,,
389000,train_step,,,0.010000000000000005,-100.0,100000,79.07278442382812,-96.21018981933594,5.073902606964111
389276,episode_end,165.12193403776075,354,0.010000000000000005,-100.0,,,,
389708,episode_end,237.62174753808955,432,0.010000000000000005,-100.0,,,,
389919,episode_end,142.75448213966894,211,0.010000000000000005,-100.0,,,,
390000,train_step,,,0.010000000000000005,-100.0,100000,16.368022918701172,-97.8671875,5.192962646484375
390071,episode_end,301.1393156982706,152,0.010000000000000005,-100.0,,,,
390430,episode_end,141.47201432366225,359,0.010000000000000005,-100.0,,,,
390626,episode_end,286.05102589668263,196,0.010000000000000005,-100.0,,,,
390801,episode_end,279.24521629591817,175,0.010000000000000005,-100.0,,,,
391000,train_step,,,0.010000000000000005,-100.0,100000,64.00312042236328,-96.16527557373047,5.525115013122559
391148,episode_end,181.91898686625603,347,0.010000000000000005,-100.0,,,,
391343,episode_end,276.15577504577715,195,0.010000000000000005,-100.0,,,,
391613,episode_end,-142.51665078353207,270,0.010000000000000005,-100.0,,,,
391907,episode_end,161.36263029787116,294,0.010000000000000005,-100.0,,,,
392000,train_step,,,0.010000000000000005,-100.0,100000,55.412322998046875,-95.83965301513672,5.195619106292725
392190,episode_end,-142.55041666968003,283,0.010000000000000005,-100.0,,,,
392361,episode_end,312.9532298951518,171,0.010000000000000005,-100.0,,,,
392713,episode_end,-135.7806861407455,352,0.010000000000000005,-100.0,,,,
392918,episode_end,156.0149103906221,205,0.010000000000000005,-100.0,,,,
393000,train_step,,,0.010000000000000005,-100.0,100000,23.964920043945312,-93.00357818603516,5.900557518005371
393918,episode_end,-94.7283243286338,1000,0.010000000000000005,-100.0,,,,
394000,train_step,,,0.010000000000000005,-100.0,100000,74.23872375488281,-92.23535919189453,6.012881278991699
394444,episode_end,143.50768953157183,526,0.010000000000000005,-100.0,,,,
394622,episode_end,50.127477992931574,178,0.010000000000000005,-100.0,,,,
394903,episode_end,274.1274038391265,281,0.010000000000000005,-100.0,,,,
395000,train_step,,,0.010000000000000005,-100.0,100000,22.237321853637695,-89.52890014648438,5.794933319091797
395178,episode_end,-142.24766875003604,275,0.010000000000000005,-100.0,,,,
396000,train_step,,,0.010000000000000005,-100.0,100000,23.895339965820312,-91.33717346191406,5.59172248840332
396178,episode_end,-159.58713690480104,1000,0.010000000000000005,-100.0,,,,
396323,episode_end,178.19436888718633,145,0.010000000000000005,-100.0,,,,
396492,episode_end,319.0777228209518,169,0.010000000000000005,-100.0,,,,
397000,train_step,,,0.010000000000000005,-100.0,100000,173.56874084472656,-89.13015747070312,5.510861873626709
397492,episode_end,56.79814240031687,1000,0.010000000000000005,-100.0,,,,
397801,episode_end,258.55275860967004,309,0.010000000000000005,-100.0,,,,
398000,train_step,,,0.010000000000000005,-100.0,100000,35.62770080566406,-85.3536376953125,5.788785934448242
398163,episode_end,-204.19223238302504,362,0.010000000000000005,-100.0,,,,
398377,episode_end,254.7301384158446,214,0.010000000000000005,-100.0,,,,
399000,train_step,,,0.010000000000000005,-100.0,100000,58.86279296875,-88.04531860351562,5.8434953689575195
399181,episode_end,-259.1828121798957,804,0.010000000000000005,-100.0,,,,
400000,train_step,,,0.010000000000000005,-100.0,100000,21.398399353027344,-90.37666320800781,5.90588903427124
400181,episode_end,47.36471410476117,1000,0.010000000000000005,-100.0,,,,
400614,episode_end,214.7066099817838,433,0.010000000000000005,-100.0,,,,
400882,episode_end,226.12131497805765,268,0.010000000000000005,-100.0,,,,
401000,train_step,,,0.010000000000000005,-100.0,100000,60.88362121582031,-87.70867919921875,5.747049331665039
401195,episode_end,-198.97238583091405,313,0.010000000000000005,-100.0,,,,
402000,train_step,,,0.010000000000000005,-100.0,100000,62.596561431884766,-86.22320556640625,5.8122639656066895
402195,episode_end,1.9097738717417791,1000,0.010000000000000005,-100.0,,,,
403000,train_step,,,0.010000000000000005,-100.0,100000,86.34862518310547,-86.23318481445312,5.878994464874268
403195,episode_end,-83.26452573527042,1000,0.010000000000000005,-100.0,,,,
403638,episode_end,221.28485054616903,443,0.010000000000000005,-100.0,,,,
404000,train_step,,,0.010000000000000005,-100.0,100000,18.322511672973633,-86.85841369628906,5.8322529792785645
404638,episode_end,-51.44100097639224,1000,0.010000000000000005,-100.0,,,,
405000,train_step,,,0.010000000000000005,-100.0,100000,60.61132049560547,-85.68174743652344,6.4647369384765625
405638,episode_end,139.2795808672936,1000,0.010000000000000005,-100.0,,,,
406000,train_step,,,0.010000000000000005,-100.0,100000,103.49722290039062,-87.27627563476562,6.2565412521362305
406010,episode_end,-100.12173761628361,372,0.010000000000000005,-100.0,,,,
407000,train_step,,,0.010000000000000005,-100.0,100000,60.31843185424805,-87.30500793457031,6.692792892456055
407010,episode_end,-4.6367255359075905,1000,0.010000000000000005,-100.0,,,,
407392,episode_end,176.6876290437994,382,0.010000000000000005,-100.0,,,,
407829,episode_end,165.8824556565874,437,0.010000000000000005,-100.0,,,,
408000,train_step,,,0.010000000000000005,-100.0,100000,61.164268493652344,-87.406982421875,6.3545026779174805
408485,episode_end,174.3155696104646,656,0.010000000000000005,-100.0,,,,
409000,train_step,,,0.010000000000000005,-100.0,100000,58.43132019042969,-90.13955688476562,5.960472106933594
409485,episode_end,101.13459110945129,1000,0.010000000000000005,-100.0,,,,
409665,episode_end,155.85548504253964,180,0.010000000000000005,-100.0,,,,
409923,episode_end,161.39993897377593,258,0.010000000000000005,-100.0,,,,
410000,train_step,,,0.010000000000000005,-100.0,100000,58.63713836669922,-89.24915313720703,7.053738594055176
410194,episode_end,290.72429838569485,271,0.010000000000000005,-100.0,,,,
410391,episode_end,171.87630877694085,197,0.010000000000000005,-100.0,,,,
410619,episode_end,281.77427547170714,228,0.010000000000000005,-100.0,,,,
411000,train_step,,,0.010000000000000005,-100.0,100000,59.49106979370117,-85.30154418945312,6.3296403884887695
411029,episode_end,171.0221063327068,410,0.010000000000000005,-100.0,,,,
411423,episode_end,222.44611495795579,394,0.010000000000000005,-100.0,,,,
411677,episode_end,35.022291540748,254,0.010000000000000005,-100.0,,,,
412000,train_step,,,0.010000000000000005,-100.0,100000,66.85125732421875,-85.93330383300781,6.424325942993164
412261,episode_end,-110.247900343993,584,0.010000000000000005,-100.0,,,,
412842,episode_end,254.99438502227986,581,0.010000000000000005,-100.0,,,,
413000,train_step,,,0.010000000000000005,-100.0,100000,68.25631713867188,-84.62508392333984,6.639605522155762
413116,episode_end,158.10273573179808,274,0.010000000000000005,-100.0,,,,
413418,episode_end,-204.5862154647565,302,0.010000000000000005,-100.0,,,,
413676,episode_end,-283.1055550825133,258,0.010000000000000005,-100.0,,,,
414000,train_step,,,0.010000000000000005,-100.0,100000,69.8372573852539,-83.76437377929688,6.360469341278076
414008,episode_end,-245.58775070174678,332,0.010000000000000005,-100.0,,,,
414261,episode_end,296.9751716095874,253,0.010000000000000005,-100.0,,,,
414545,episode_end,-238.22727195568046,284,0.010000000000000005,-100.0,,,,
414885,episode_end,-231.24717474353506,340,0.010000000000000005,-100.0,,,,
415000,train_step,,,0.010000000000000005,-100.0,100000,72.87382507324219,-81.96910858154297,6.245534896850586
415199,episode_end,-180.3194827609962,314,0.010000000000000005,-100.0,,,,
415591,episode_end,-193.5589187447927,392,0.010000000000000005,-100.0,,,,
415853,episode_end,286.6150578318419,262,0.010000000000000005,-100.0,,,,
416000,train_step,,,0.010000000000000005,-100.0,100000,17.180805206298828,-80.97998046875,6.5228190422058105
416394,episode_end,152.15090875939836,541,0.010000000000000005,-100.0,,,,
416909,episode_end,171.50834206736425,515,0.010000000000000005,-100.0,,,,
417000,train_step,,,0.010000000000000005,-100.0,100000,50.607086181640625,-82.00868225097656,6.438999176025391
417360,episode_end,-128.09347238499103,451,0.010000000000000005,-100.0,,,,
418000,train_step,,,0.010000000000000005,-100.0,100000,55.57828140258789,-77.67071533203125,6.223023414611816
418339,episode_end,-169.21090426084578,979,0.010000000000000005,-100.0,,,,
418482,episode_end,-128.00657148678755,143,0.010000000000000005,-100.0,,,,
419000,train_step,,,0.010000000000000005,-100.0,100000,80.97494506835938,-75.78593444824219,6.724961280822754
419475,episode_end,162.59966456852035,993,0.010000000000000005,-100.0,,,,
419903,episode_end,171.7047613026877,428,0.010000000000000005,-100.0,,,,
420000,train_step,,,0.010000000000000005,-100.0,100000,21.474613189697266,-78.53876495361328,6.37054967880249
420457,episode_end,280.2028985862231,554,0.010000000000000005,-100.0,,,,
420779,episode_end,271.5182239359951,322,0.010000000000000005,-100.0,,,,
421000,train_step,,,0.010000000000000005,-100.0,100000,19.886911392211914,-77.25169372558594,6.193143844604492
421024,episode_end,266.7282211149045,245,0.010000000000000005,-100.0,,,,
422000,train_step,,,0.010000000000000005,-100.0,100000,13.646937370300293,-73.57981872558594,5.764527797698975
422024,episode_end,-32.43918307419388,1000,0.010000000000000005,-100.0,,,,
423000,train_step,,,0.010000000000000005,-100.0,100000,22.002246856689453,-76.84895324707031,6.279952049255371
423024,episode_end,-2.7118441203251535,1000,0.010000000000000005,-100.0,,,,
423284,episode_end,251.3311334134565,260,0.010000000000000005,-100.0,,,,
423770,episode_end,264.3372365243689,486,0.010000000000000005,-100.0,,,,
423965,episode_end,282.83161944189357,195,0.010000000000000005,-100.0,,,,
424000,train_step,,,0.010000000000000005,-100.0,100000,33.04471206665039,-76.00227355957031,6.013615608215332
424540,episode_end,206.35369453264582,575,0.010000000000000005,-100.0,,,,
424739,episode_end,292.9255813752135,199,0.010000000000000005,-100.0,,,,
425000,train_step,,,0.010000000000000005,-100.0,100000,127.64796447753906,-73.56270599365234,6.429866790771484
425586,episode_end,180.78912884073287,847,0.010000000000000005,-100.0,,,,
425771,episode_end,293.71220434647915,185,0.010000000000000005,-100.0,,,,
426000,train_step,,,0.010000000000000005,-100.0,100000,23.12734603881836,-73.21165466308594,5.756465435028076
426076,episode_end,285.6769173264846,305,0.010000000000000005,-100.0,,,,
426725,episode_end,182.86981324606577,649,0.010000000000000005,-100.0,,,,
427000,train_step,,,0.010000000000000005,-100.0,100000,125.2107925415039,-73.38520812988281,5.950108528137207
427366,episode_end,198.62155039954328,641,0.010000000000000005,-100.0,,,,
427957,episode_end,228.92995702433498,591,0.010000000000000005,-100.0,,,,
428000,train_step,,,0.010000000000000005,-100.0,100000,56.381500244140625,-71.9613037109375,6.230794429779053
428957,episode_end,4.812523509393255,1000,0.010000000000000005,-100.0,,,,
429000,train_step,,,0.010000000000000005,-100.0,100000,7.927666664123535,-73.0855484008789,5.984364032745361
429645,episode_end,271.69747324052094,688,0.010000000000000005,-100.0,,,,
429912,episode_end,266.5183009549448,267,0.010000000000000005,-100.0,,,,
430000,train_step,,,0.010000000000000005,-100.0,100000,34.25784683227539,-75.28913116455078,5.699151039123535
430091,episode_end,296.31671974300605,179,0.010000000000000005,-100.0,,,,
430686,episode_end,222.6611850562858,595,0.010000000000000005,-100.0,,,,
430980,episode_end,162.28938302232513,294,0.010000000000000005,-100.0,,,,
431000,train_step,,,0.010000000000000005,-100.0,100000,63.601463317871094,-74.15663146972656,5.7113237380981445
431200,episode_end,169.09522248585236,220,0.010000000000000005,-100.0,,,,
431458,episode_end,240.53216581231263,258,0.010000000000000005,-100.0,,,,
431965,episode_end,197.1259401128534,507,0.010000000000000005,-100.0,,,,
432000,train_step,,,0.010000000000000005,-100.0,100000,7.9930419921875,-71.25020599365234,5.894679546356201
432777,episode_end,72.12782637791588,812,0.010000000000000005,-100.0,,,,
433000,train_step,,,0.010000000000000005,-100.0,100000,46.30959701538086,-73.30245208740234,5.754584789276123
433124,episode_end,240.81850408627776,347,0.010000000000000005,-100.0,,,,
433404,episode_end,273.48887906734484,280,0.010000000000000005,-100.0,,,,
433671,episode_end,255.18785132947085,267,0.010000000000000005,-100.0,,,,
433855,episode_end,282.81450341247233,184,0.010000000000000005,-100.0,,,,
434000,train_step,,,0.010000000000000005,-100.0,100000,11.387178421020508,-73.98420715332031,5.398017883300781
434148,episode_end,288.2271640258742,293,0.010000000000000005,-100.0,,,,
434327,episode_end,157.97572412004615,179,0.010000000000000005,-100.0,,,,
435000,train_step,,,0.010000000000000005,-100.0,100000,110.70940399169922,-69.9267349243164,6.163241386413574
435131,episode_end,174.51727774722048,804,0.010000000000000005,-100.0,,,,
436000,train_step,,,0.010000000000000005,-100.0,100000,19.5107479095459,-71.99497985839844,5.36564826965332
436131,episode_end,-70.1642127421388,1000,0.010000000000000005,-100.0,,,,
436621,episode_end,212.86776148351674,490,0.010000000000000005,-100.0,,,,
436792,episode_end,142.41571019894485,171,0.010000000000000005,-100.0,,,,
436971,episode_end,272.20505774163007,179,0.010000000000000005,-100.0,,,,
437000,train_step,,,0.010000000000000005,-100.0,100000,15.989836692810059,-70.67398071289062,5.660099029541016
437971,episode_end,-54.78477654905507,1000,0.010000000000000005,-100.0,,,,
438000,train_step,,,0.010000000000000005,-100.0,100000,20.951250076293945,-71.4197769165039,5.3755693435668945
438253,episode_end,267.3270322768576,282,0.010000000000000005,-100.0,,,,
439000,train_step,,,0.010000000000000005,-100.0,100000,61.47588348388672,-73.11865997314453,5.238667964935303
439253,episode_end,-88.5978537702665,1000,0.010000000000000005,-100.0,,,,
439671,episode_end,226.91506261475894,418,0.010000000000000005,-100.0,,,,
439942,episode_end,255.79358622930167,271,0.010000000000000005,-100.0,,,,
440000,train_step,,,0.010000000000000005,-100.0,100000,7.768017768859863,-72.7102279663086,5.8382391929626465
440292,episode_end,158.20496595498201,350,0.010000000000000005,-100.0,,,,
440983,episode_end,177.80639007586888,691,0.010000000000000005,-100.0,,,,
441000,train_step,,,0.010000000000000005,-100.0,100000,38.37785339355469,-68.74385070800781,5.459564208984375
441660,episode_end,158.21127182437084,677,0.010000000000000005,-100.0,,,,
441890,episode_end,146.0949989296622,230,0.010000000000000005,-100.0,,,,
442000,train_step,,,0.010000000000000005,-100.0,100000,37.51426315307617,-67.3139419555664,5.826688766479492
442087,episode_end,262.7669668530133,197,0.010000000000000005,-100.0,,,,
442227,episode_end,-350.31719093706107,140,0.010000000000000005,-100.0,,,,
442470,episode_end,241.09187776528404,243,0.010000000000000005,-100.0,,,,
442734,episode_end,252.88218699012174,264,0.010000000000000005,-100.0,,,,
442976,episode_end,192.75450861557277,242,0.010000000000000005,-100.0,,,,
443000,train_step,,,0.010000000000000005,-100.0,100000,19.06712532043457,-70.92554473876953,5.638247489929199
443395,episode_end,214.16924930266907,419,0.010000000000000005,-100.0,,,,
443644,episode_end,254.3925130131849,249,0.010000000000000005,-100.0,,,,
443914,episode_end,245.21356435041872,270,0.010000000000000005,-100.0,,,,
444000,train_step,,,0.010000000000000005,-100.0,100000,55.420658111572266,-65.54305267333984,6.149886131286621
444169,episode_end,-328.465908283771,255,0.010000000000000005,-100.0,,,,
444547,episode_end,245.05932898998273,378,0.010000000000000005,-100.0,,,,
444740,episode_end,267.6446485535748,193,0.010000000000000005,-100.0,,,,
445000,train_step,,,0.010000000000000005,-100.0,100000,41.47118377685547,-70.45347595214844,5.810342311859131
445166,episode_end,222.07189726537663,426,0.010000000000000005,-100.0,,,,
445380,episode_end,282.3400157978523,214,0.010000000000000005,-100.0,,,,
445799,episode_end,200.52513654719576,419,0.010000000000000005,-100.0,,,,
446000,train_step,,,0.010000000000000005,-100.0,100000,85.19876861572266,-69.99285125732422,5.892998695373535
446130,episode_end,155.90824590853055,331,0.010000000000000005,-100.0,,,,
446367,episode_end,181.78238401010742,237,0.010000000000000005,-100.0,,,,
446890,episode_end,171.94809390790982,523,0.010000000000000005,-100.0,,,,
447000,train_step,,,0.010000000000000005,-100.0,100000,13.848550796508789,-67.2950439453125,6.118265151977539
447232,episode_end,172.8442590047412,342,0.010000000000000005,-100.0,,,,
447551,episode_end,166.45549929422145,319,0.010000000000000005,-100.0,,,,
447907,episode_end,160.4288635593532,356,0.010000000000000005,-100.0,,,,
448000,train_step,,,0.010000000000000005,-100.0,100000,43.06509017944336,-66.56155395507812,5.708981513977051
448539,episode_end,183.40544725314288,632,0.010000000000000005,-100.0,,,,
448808,episode_end,271.97165531561154,269,0.010000000000000005,-100.0,,,,
449000,train_step,,,0.010000000000000005,-100.0,100000,99.91502380371094,-67.52435302734375,6.201634407043457
449230,episode_end,119.81231896674436,422,0.010000000000000005,-100.0,,,,
449474,episode_end,268.032643199049,244,0.010000000000000005,-100.0,,,,
449637,episode_end,294.1515504460443,163,0.010000000000000005,-100.0,,,,
449950,episode_end,245.93199175426224,313,0.010000000000000005,-100.0,,,,
450000,train_step,,,0.010000000000000005,-100.0,100000,8.842389106750488,-71.42417907714844,5.923489570617676
450191,episode_end,274.66084689287914,241,0.010000000000000005,-100.0,,,,
450417,episode_end,287.2431025038074,226,0.010000000000000005,-100.0,,,,
450688,episode_end,264.9747945051033,271,0.010000000000000005,-100.0,,,,
451000,train_step,,,0.010000000000000005,-100.0,100000,14.635769844055176,-68.26224517822266,6.419651508331299
451169,episode_end,107.85942083569996,481,0.010000000000000005,-100.0,,,,
452000,train_step,,,0.010000000000000005,-100.0,100000,15.75229549407959,-69.44268798828125,6.306199073791504
452109,episode_end,112.38957043917567,940,0.010000000000000005,-100.0,,,,
453000,train_step,,,0.010000000000000005,-100.0,100000,12.748181343078613,-72.6274642944336,5.680685043334961
453109,episode_end,-41.53820162449473,1000,0.010000000000000005,-100.0,,,,
453412,episode_end,292.49414917132196,303,0.010000000000000005,-100.0,,,,
453605,episode_end,291.2244405792384,193,0.010000000000000005,-100.0,,,,
454000,train_step,,,0.010000000000000005,-100.0,100000,23.354446411132812,-71.63833618164062,6.546781063079834
454605,episode_end,-81.67925180866553,1000,0.010000000000000005,-100.0,,,,
455000,train_step,,,0.010000000000000005,-100.0,100000,35.83448028564453,-66.1397705078125,6.051336288452148
455041,episode_end,284.75326040950654,436,0.010000000000000005,-100.0,,,,
455886,episode_end,166.9544734464859,845,0.010000000000000005,-100.0,,,,
456000,train_step,,,0.010000000000000005,-100.0,100000,121.33255004882812,-72.06474304199219,5.372941493988037
456886,episode_end,-210.85554128984037,1000,0.010000000000000005,-100.0,,,,
457000,train_step,,,0.010000000000000005,-100.0,100000,55.23072814941406,-69.53932189941406,5.44202995300293
457886,episode_end,-114.84149813283211,1000,0.010000000000000005,-100.0,,,,
458000,train_step,,,0.010000000000000005,-100.0,100000,9.225133895874023,-70.80406188964844,5.83558988571167
458052,episode_end,290.8856958200282,166,0.010000000000000005,-100.0,,,,
459000,train_step,,,0.010000000000000005,-100.0,100000,58.79411315917969,-70.37974548339844,5.763232707977295
459052,episode_end,-88.8739972221421,1000,0.010000000000000005,-100.0,,,,
459236,episode_end,-137.18127909634146,184,0.010000000000000005,-100.0,,,,
459376,episode_end,21.66552921174312,140,0.010000000000000005,-100.0,,,,
459559,episode_end,288.8358964824315,183,0.010000000000000005,-100.0,,,,
459776,episode_end,287.3840016459104,217,0.010000000000000005,-100.0,,,,
459951,episode_end,253.00106436307226,175,0.010000000000000005,-100.0,,,,
460000,train_step,,,0.010000000000000005,-100.0,100000,13.294626235961914,-68.95036315917969,5.8125834465026855
460121,episode_end,296.26092474661965,170,0.010000000000000005,-100.0,,,,
461000,train_step,,,0.010000000000000005,-100.0,100000,35.602447509765625,-69.90296936035156,5.619928359985352
461121,episode_end,-84.02532164613037,1000,0.010000000000000005,-100.0,,,,
461369,episode_end,284.8233920896844,248,0.010000000000000005,-100.0,,,,
462000,train_step,,,0.010000000000000005,-100.0,100000,14.114611625671387,-72.04292297363281,5.5949387550354
462369,episode_end,-99.60657555017035,1000,0.010000000000000005,-100.0,,,,
462616,episode_end,282.22413887694086,247,0.010000000000000005,-100.0,,,,
463000,train_step,,,0.010000000000000005,-100.0,100000,11.908529281616211,-68.40032958984375,6.011571884155273
463616,episode_end,-80.0493127739335,1000,0.010000000000000005,-100.0,,,,
463815,episode_end,277.188452494726,199,0.010000000000000005,-100.0,,,,
464000,train_step,,,0.010000000000000005,-100.0,100000,45.22878646850586,-69.61033630371094,6.426608085632324
464154,episode_end,157.7791185102239,339,0.010000000000000005,-100.0,,,,
464603,episode_end,208.1360531062153,449,0.010000000000000005,-100.0,,,,
464758,episode_end,303.4920252062707,155,0.010000000000000005,-100.0,,,,
464916,episode_end,296.08433345155936,158,0.010000000000000005,-100.0,,,,
465000,train_step,,,0.010000000000000005,-100.0,100000,10.843826293945312,-69.04766082763672,5.273388862609863
465094,episode_end,286.55417177408594,178,0.010000000000000005,-100.0,,,,
465724,episode_end,157.45693937771756,630,0.010000000000000005,-100.0,,,,
465891,episode_end,279.345377487923,167,0.010000000000000005,-100.0,,,,
466000,train_step,,,0.010000000000000005,-100.0,100000,13.065140724182129,-74.40275573730469,5.978215217590332
466428,episode_end,146.7577317605407,537,0.010000000000000005,-100.0,,,,
467000,train_step,,,0.010000000000000005,-100.0,100000,19.570812225341797,-67.9517822265625,5.901825904846191
467010,episode_end,197.3843300315667,582,0.010000000000000005,-100.0,,,,
467185,episode_end,297.11328572226773,175,0.010000000000000005,-100.0,,,,
467468,episode_end,236.13768985011663,283,0.010000000000000005,-100.0,,,,
467955,episode_end,213.79587974498554,487,0.010000000000000005,-100.0,,,,
468000,train_step,,,0.010000000000000005,-100.0,100000,9.37446403503418,-69.14271545410156,5.929305076599121
468170,episode_end,270.0780692231105,215,0.010000000000000005,-100.0,,,,
468448,episode_end,305.1021449472436,278,0.010000000000000005,-100.0,,,,
469000,train_step,,,0.010000000000000005,-100.0,100000,10.347689628601074,-73.39353942871094,5.899004936218262
469138,episode_end,159.86968592213154,690,0.010000000000000005,-100.0,,,,
470000,train_step,,,0.010000000000000005,-100.0,100000,12.38458251953125,-73.45698547363281,5.589071273803711
470138,episode_end,161.30185277084215,1000,0.010000000000000005,-100.0,,,,
470359,episode_end,271.93688314387487,221,0.010000000000000005,-100.0,,,,
470759,episode_end,192.36431312870235,400,0.010000000000000005,-100.0,,,,
471000,train_step,,,0.010000000000000005,-100.0,100000,17.54724884033203,-74.70165252685547,6.107612609863281
471026,episode_end,285.3510538395674,267,0.010000000000000005,-100.0,,,,
471213,episode_end,294.0865885043702,187,0.010000000000000005,-100.0,,,,
471520,episode_end,271.9420635720473,307,0.010000000000000005,-100.0,,,,
472000,train_step,,,0.010000000000000005,-100.0,100000,12.468021392822266,-72.16516876220703,6.013310432434082
472520,episode_end,-4.809461359835779,1000,0.010000000000000005,-100.0,,,,
472799,episode_end,268.85266371494487,279,0.010000000000000005,-100.0,,,,
473000,train_step,,,0.010000000000000005,-100.0,100000,7.231895446777344,-70.94563293457031,5.674853324890137
473135,episode_end,287.85495962539636,336,0.010000000000000005,-100.0,,,,
473307,episode_end,261.52393260668754,172,0.010000000000000005,-100.0,,,,
473920,episode_end,162.51526452678922,613,0.010000000000000005,-100.0,,,,
474000,train_step,,,0.010000000000000005,-100.0,100000,51.32184600830078,-67.44577026367188,6.027291297912598
474459,episode_end,210.48545259664394,539,0.010000000000000005,-100.0,,,,
474713,episode_end,295.1531144583105,254,0.010000000000000005,-100.0,,,,
475000,train_step,,,0.010000000000000005,-100.0,100000,55.573974609375,-71.74659729003906,5.63358736038208
475681,episode_end,105.8018187920874,968,0.010000000000000005,-100.0,,,,
476000,train_step,,,0.010000000000000005,-100.0,100000,10.437389373779297,-74.50224304199219,5.743034362792969
476080,episode_end,228.33314217022684,399,0.010000000000000005,-100.0,,,,
477000,train_step,,,0.010000000000000005,-100.0,100000,13.524993896484375,-69.37721252441406,5.50288200378418
477080,episode_end,-118.2120111167223,1000,0.010000000000000005,-100.0,,,,
478000,train_step,,,0.010000000000000005,-100.0,100000,8.286258697509766,-69.67922973632812,5.716018199920654
478080,episode_end,-87.64713213163098,1000,0.010000000000000005,-100.0,,,,
479000,train_step,,,0.010000000000000005,-100.0,100000,12.856338500976562,-69.50886535644531,5.3289289474487305
479080,episode_end,-138.45737482128237,1000,0.010000000000000005,-100.0,,,,
479295,episode_end,305.338532488046,215,0.010000000000000005,-100.0,,,,
479570,episode_end,166.47923236706092,275,0.010000000000000005,-100.0,,,,
479753,episode_end,276.4558367953915,183,0.010000000000000005,-100.0,,,,
480000,train_step,,,0.010000000000000005,-100.0,100000,76.60533142089844,-69.2563247680664,5.579455375671387
480658,episode_end,118.17588173035406,905,0.010000000000000005,-100.0,,,,
481000,train_step,,,0.010000000000000005,-100.0,100000,9.695992469787598,-71.93534088134766,5.766347408294678
481658,episode_end,-115.81835654252451,1000,0.010000000000000005,-100.0,,,,
482000,train_step,,,0.010000000000000005,-100.0,100000,10.423481941223145,-69.76577758789062,5.769105911254883
482658,episode_end,-102.79901292075247,1000,0.010000000000000005,-100.0,,,,
483000,train_step,,,0.010000000000000005,-100.0,100000,9.34201431274414,-66.36620330810547,5.921866416931152
483658,episode_end,-93.58210929327895,1000,0.010000000000000005,-100.0,,,,
483913,episode_end,180.28385460745642,255,0.010000000000000005,-100.0,,,,
484000,train_step,,,0.010000000000000005,-100.0,100000,9.030620574951172,-70.68438720703125,5.662089824676514
484913,episode_end,-91.57843042201787,1000,0.010000000000000005,-100.0,,,,
485000,train_step,,,0.010000000000000005,-100.0,100000,9.673700332641602,-72.64201354980469,5.387104511260986
485111,episode_end,275.71105034505825,198,0.010000000000000005,-100.0,,,,
486000,train_step,,,0.010000000000000005,-100.0,100000,13.572421073913574,-71.16384887695312,5.315731048583984
486111,episode_end,-94.87834049952363,1000,0.010000000000000005,-100.0,,,,
486286,episode_end,286.6631395206653,175,0.010000000000000005,-100.0,,,,
486452,episode_end,269.0449678710618,166,0.010000000000000005,-100.0,,,,
486638,episode_end,316.7338619307758,186,0.010000000000000005,-100.0,,,,
487000,train_step,,,0.010000000000000005,-100.0,100000,16.093265533447266,-67.7578125,5.653878688812256
487638,episode_end,-88.90665815969689,1000,0.010000000000000005,-100.0,,,,
488000,train_step,,,0.010000000000000005,-100.0,100000,7.51585578918457,-67.45088958740234,5.788796424865723
488638,episode_end,-99.39679596399603,1000,0.010000000000000005,-100.0,,,,
489000,train_step,,,0.010000000000000005,-100.0,100000,17.390649795532227,-69.17764282226562,6.280932426452637
489638,episode_end,-85.6943373804335,1000,0.010000000000000005,-100.0,,,,
490000,train_step,,,0.010000000000000005,-100.0,100000,16.659034729003906,-67.6732406616211,5.986790657043457
490638,episode_end,-92.99076427184576,1000,0.010000000000000005,-100.0,,,,
491000,train_step,,,0.010000000000000005,-100.0,100000,8.697246551513672,-68.6663818359375,5.796217918395996
491638,episode_end,-118.1943502694668,1000,0.010000000000000005,-100.0,,,,
492000,train_step,,,0.010000000000000005,-100.0,100000,7.97299861907959,-69.68403625488281,6.142910957336426
492068,episode_end,309.24068732904016,430,0.010000000000000005,-100.0,,,,
492248,episode_end,299.62880004705096,180,0.010000000000000005,-100.0,,,,
492475,episode_end,290.41391668824474,227,0.010000000000000005,-100.0,,,,
492662,episode_end,301.3408454476475,187,0.010000000000000005,-100.0,,,,
492916,episode_end,245.5956163566429,254,0.010000000000000005,-100.0,,,,
493000,train_step,,,0.010000000000000005,-100.0,100000,8.854780197143555,-72.8260269165039,5.883009910583496
493079,episode_end,313.41993528462297,163,0.010000000000000005,-100.0,,,,
493276,episode_end,308.68593766206664,197,0.010000000000000005,-100.0,,,,
494000,train_step,,,0.010000000000000005,-100.0,100000,9.790067672729492,-72.25637817382812,5.869355201721191
494276,episode_end,-104.85439140484011,1000,0.010000000000000005,-100.0,,,,
494450,episode_end,280.43764684147675,174,0.010000000000000005,-100.0,,,,
495000,train_step,,,0.010000000000000005,-100.0,100000,8.405858039855957,-72.30909729003906,5.5423126220703125
495450,episode_end,-76.09692476007827,1000,0.010000000000000005,-100.0,,,,
496000,train_step,,,0.010000000000000005,-100.0,100000,7.215884208679199,-69.77875518798828,5.792514801025391
496025,episode_end,296.0067287730716,575,0.010000000000000005,-100.0,,,,
497000,train_step,,,0.010000000000000005,-100.0,100000,38.81156921386719,-70.25421905517578,6.01038932800293
497025,episode_end,-73.77770649017148,1000,0.010000000000000005,-100.0,,,,
497216,episode_end,289.07067584351125,191,0.010000000000000005,-100.0,,,,
497426,episode_end,303.1956849115524,210,0.010000000000000005,-100.0,,,,
497709,episode_end,153.09396225548954,283,0.010000000000000005,-100.0,,,,
498000,train_step,,,0.010000000000000005,-100.0,100000,46.814781188964844,-70.79364776611328,5.972030162811279
498709,episode_end,-63.73233236383662,1000,0.010000000000000005,-100.0,,,,
499000,train_step,,,0.010000000000000005,-100.0,100000,18.191152572631836,-68.79096984863281,5.834491729736328
499709,episode_end,-100.54506884424251,1000,0.010000000000000005,-100.0,,,,
499930,episode_end,281.96465823394806,221,0.010000000000000005,-100.0,,,,
500000,train_step,,,0.010000000000000005,-100.0,100000,20.936031341552734,-70.04644775390625,5.587977409362793
500222,episode_end,261.6815095074519,292,0.010000000000000005,-100.0,,,,
501000,train_step,,,0.010000000000000005,-100.0,100000,7.078997611999512,-66.62893676757812,5.0389084815979
501222,episode_end,-97.94815807196439,1000,0.010000000000000005,-100.0,,,,
501395,episode_end,320.1903890284489,173,0.010000000000000005,-100.0,,,,
501760,episode_end,245.97202665548122,365,0.010000000000000005,-100.0,,,,
502000,train_step,,,0.010000000000000005,-100.0,100000,5.878286361694336,-67.78195190429688,5.221286296844482
502066,episode_end,283.63964300305054,306,0.010000000000000005,-100.0,,,,
503000,train_step,,,0.010000000000000005,-100.0,100000,4.902608871459961,-63.56270217895508,5.115053653717041
503066,episode_end,-114.22027052758978,1000,0.010000000000000005,-100.0,,,,
503327,episode_end,285.6053756903614,261,0.010000000000000005,-100.0,,,,
504000,train_step,,,0.010000000000000005,-100.0,100000,6.8571038246154785,-64.36897277832031,5.7126264572143555
504327,episode_end,-100.94951364810213,1000,0.010000000000000005,-100.0,,,,
504645,episode_end,277.38536090972286,318,0.010000000000000005,-100.0,,,,
504842,episode_end,315.78618339223635,197,0.010000000000000005,-100.0,,,,
505000,train_step,,,0.010000000000000005,-100.0,100000,23.982189178466797,-62.50638961791992,5.107979774475098
505842,episode_end,-89.88235429059264,1000,0.010000000000000005,-100.0,,,,
506000,train_step,,,0.010000000000000005,-100.0,100000,45.401893615722656,-64.15319061279297,5.0746660232543945
506842,episode_end,-87.08009398940075,1000,0.010000000000000005,-100.0,,,,
507000,train_step,,,0.010000000000000005,-100.0,100000,8.156917572021484,-61.533203125,5.443004131317139
507035,episode_end,-11.957691869536106,193,0.010000000000000005,-100.0,,,,
507253,episode_end,315.97002059529495,218,0.010000000000000005,-100.0,,,,
507558,episode_end,252.06512405971716,305,0.010000000000000005,-100.0,,,,
507989,episode_end,-97.1330968638425,431,0.010000000000000005,-100.0,,,,
508000,train_step,,,0.010000000000000005,-100.0,100000,8.797385215759277,-61.40336990356445,4.747081756591797
508989,episode_end,-93.2485616155256,1000,0.010000000000000005,-100.0,,,,
509000,train_step,,,0.010000000000000005,-100.0,100000,14.560720443725586,-56.04969024658203,4.833850860595703
509153,episode_end,29.07593637077582,164,0.010000000000000005,-100.0,,,,
509579,episode_end,196.6168665647204,426,0.010000000000000005,-100.0,,,,
509771,episode_end,306.449533186237,192,0.010000000000000005,-100.0,,,,
510000,train_step,,,0.010000000000000005,-100.0,100000,7.462795257568359,-57.87508773803711,5.026182651519775
510160,episode_end,231.49134654448582,389,0.010000000000000005,-100.0,,,,
510472,episode_end,206.95583118254586,312,0.010000000000000005,-100.0,,,,
510641,episode_end,303.49176709927747,169,0.010000000000000005,-100.0,,,,
510875,episode_end,-676.0231230592577,234,0.010000000000000005,-100.0,,,,
511000,train_step,,,0.010000000000000005,-100.0,100000,13.542949676513672,-58.23210906982422,5.10315465927124
511072,episode_end,288.44052670467215,197,0.010000000000000005,-100.0,,,,
511260,episode_end,308.0576846668896,188,0.010000000000000005,-100.0,,,,
511466,episode_end,308.30107402658655,206,0.010000000000000005,-100.0,,,,
511663,episode_end,287.7713358091396,197,0.010000000000000005,-100.0,,,,
512000,train_step,,,0.010000000000000005,-100.0,100000,9.117923736572266,-60.258052825927734,4.991225719451904
512105,episode_end,-15.82488591815455,442,0.010000000000000005,-100.0,,,,
512334,episode_end,300.43700676810255,229,0.010000000000000005,-100.0,,,,
512651,episode_end,262.169708640213,317,0.010000000000000005,-100.0,,,,
512823,episode_end,308.80275810159924,172,0.010000000000000005,-100.0,,,,
513000,train_step,,,0.010000000000000005,-100.0,100000,30.572223663330078,-58.19880294799805,4.925689697265625
513034,episode_end,301.6646956059202,211,0.010000000000000005,-100.0,,,,
513237,episode_end,301.6966588174663,203,0.010000000000000005,-100.0,,,,
513439,episode_end,315.08635680190577,202,0.010000000000000005,-100.0,,,,
513678,episode_end,211.22725105718234,239,0.010000000000000005,-100.0,,,,
514000,train_step,,,0.010000000000000005,-100.0,100000,5.508486270904541,-58.23748779296875,5.098799705505371
514068,episode_end,236.84562250878122,390,0.010000000000000005,-100.0,,,,
514306,episode_end,244.58006464969645,238,0.010000000000000005,-100.0,,,,
514540,episode_end,242.03114249106883,234,0.010000000000000005,-100.0,,,,
515000,train_step,,,0.010000000000000005,-100.0,100000,20.14040756225586,-59.24909210205078,5.071439743041992
515195,episode_end,188.30056292881847,655,0.010000000000000005,-100.0,,,,
515755,episode_end,191.31020095587843,560,0.010000000000000005,-100.0,,,,
515997,episode_end,266.38940642219853,242,0.010000000000000005,-100.0,,,,
516000,train_step,,,0.010000000000000005,-100.0,100000,4.126627445220947,-53.900794982910156,4.69563102722168
516778,episode_end,291.05297059344537,781,0.010000000000000005,-100.0,,,,
516982,episode_end,305.6179976640649,204,0.010000000000000005,-100.0,,,,
517000,train_step,,,0.010000000000000005,-100.0,100000,18.296829223632812,-57.80433654785156,5.097940444946289
517186,episode_end,302.3833402146562,204,0.010000000000000005,-100.0,,,,
517772,episode_end,181.83223577717519,586,0.010000000000000005,-100.0,,,,
517951,episode_end,175.81117736440598,179,0.010000000000000005,-100.0,,,,
518000,train_step,,,0.010000000000000005,-100.0,100000,14.354616165161133,-56.814666748046875,4.8010969161987305
518128,episode_end,274.03938526026934,177,0.010000000000000005,-100.0,,,,
518455,episode_end,243.08523599238063,327,0.010000000000000005,-100.0,,,,
518663,episode_end,300.61362858558516,208,0.010000000000000005,-100.0,,,,
519000,train_step,,,0.010000000000000005,-100.0,100000,14.80156135559082,-59.57667922973633,4.467416763305664
519414,episode_end,252.3836078355335,751,0.010000000000000005,-100.0,,,,
519797,episode_end,-110.0909788810082,383,0.010000000000000005,-100.0,,,,
520000,train_step,,,0.010000000000000005,-100.0,100000,8.162308692932129,-52.170555114746094,4.651559829711914
520748,episode_end,232.4466118231556,951,0.010000000000000005,-100.0,,,,
521000,train_step,,,0.010000000000000005,-100.0,100000,6.378495216369629,-55.81962966918945,4.560301303863525
521009,episode_end,238.64175972923223,261,0.010000000000000005,-100.0,,,,
521550,episode_end,-128.8004606418933,541,0.010000000000000005,-100.0,,,,
521831,episode_end,249.909031558514,281,0.010000000000000005,-100.0,,,,
522000,train_step,,,0.010000000000000005,-100.0,100000,11.492902755737305,-54.14303970336914,5.042180061340332
522108,episode_end,160.7009860941197,277,0.010000000000000005,-100.0,,,,
522343,episode_end,143.09981799083386,235,0.010000000000000005,-100.0,,,,
522649,episode_end,274.41345249105086,306,0.010000000000000005,-100.0,,,,
523000,train_step,,,0.010000000000000005,-100.0,100000,14.687684059143066,-55.54365921020508,4.706589221954346
523556,episode_end,72.0390077208713,907,0.010000000000000005,-100.0,,,,
523735,episode_end,278.9416644900661,179,0.010000000000000005,-100.0,,,,
523996,episode_end,295.4092902359818,261,0.010000000000000005,-100.0,,,,
524000,train_step,,,0.010000000000000005,-100.0,100000,4.998254299163818,-52.73975372314453,4.8616156578063965
524801,episode_end,175.9826329361099,805,0.010000000000000005,-100.0,,,,
525000,train_step,,,0.010000000000000005,-100.0,100000,10.906009674072266,-53.4080924987793,4.952314376831055
525242,episode_end,230.81553691077465,441,0.010000000000000005,-100.0,,,,
525550,episode_end,-28.67088475048196,308,0.010000000000000005,-100.0,,,,
526000,train_step,,,0.010000000000000005,-100.0,100000,10.532102584838867,-49.19444274902344,4.819852828979492
526550,episode_end,-169.5784808097072,1000,0.010000000000000005,-100.0,,,,
527000,train_step,,,0.010000000000000005,-100.0,100000,6.068103790283203,-48.79954528808594,4.683139801025391
527550,episode_end,-160.26311948010496,1000,0.010000000000000005,-100.0,,,,
528000,train_step,,,0.010000000000000005,-100.0,100000,4.56193733215332,-51.37602233886719,4.761566162109375
528550,episode_end,-32.4529329617135,1000,0.010000000000000005,-100.0,,,,
529000,train_step,,,0.010000000000000005,-100.0,100000,13.640682220458984,-51.816383361816406,4.966316223144531
529550,episode_end,-91.88924936203773,1000,0.010000000000000005,-100.0,,,,
529730,episode_end,287.39614685359084,180,0.010000000000000005,-100.0,,,,
529885,episode_end,271.35697320051,155,0.010000000000000005,-100.0,,,,
530000,train_step,,,0.010000000000000005,-100.0,100000,7.288995742797852,-50.06359100341797,5.182825088500977
530282,episode_end,266.40249520700127,397,0.010000000000000005,-100.0,,,,
530552,episode_end,-169.45630039738757,270,0.010000000000000005,-100.0,,,,
530842,episode_end,-211.96792858048258,290,0.010000000000000005,-100.0,,,,
531000,train_step,,,0.010000000000000005,-100.0,100000,96.09337615966797,-49.56863784790039,5.058534622192383
531664,episode_end,79.94206643576237,822,0.010000000000000005,-100.0,,,,
531936,episode_end,287.68098894895957,272,0.010000000000000005,-100.0,,,,
532000,train_step,,,0.010000000000000005,-100.0,100000,9.974836349487305,-52.65679931640625,4.568118095397949
532182,episode_end,174.32892598186447,246,0.010000000000000005,-100.0,,,,
532429,episode_end,265.7353738272752,247,0.010000000000000005,-100.0,,,,
532738,episode_end,238.1502499922229,309,0.010000000000000005,-100.0,,,,
533000,train_step,,,0.010000000000000005,-100.0,100000,49.06745910644531,-49.26287078857422,4.825629234313965
533029,episode_end,251.04792946242304,291,0.010000000000000005,-100.0,,,,
533803,episode_end,222.6004469101468,774,0.010000000000000005,-100.0,,,,
534000,train_step,,,0.010000000000000005,-100.0,100000,6.399754524230957,-47.17798614501953,5.01010274887085
534025,episode_end,242.75914013358556,222,0.010000000000000005,-100.0,,,,
534272,episode_end,-125.16455273415075,247,0.010000000000000005,-100.0,,,,
534437,episode_end,302.6719284929428,165,0.010000000000000005,-100.0,,,,
534611,episode_end,309.1916988591046,174,0.010000000000000005,-100.0,,,,
534772,episode_end,314.9409101576497,161,0.010000000000000005,-100.0,,,,
534935,episode_end,316.1369811762915,163,0.010000000000000005,-100.0,,,,
535000,train_step,,,0.010000000000000005,-100.0,100000,5.576396942138672,-44.847572326660156,5.035660743713379
535119,episode_end,298.61841213051895,184,0.010000000000000005,-100.0,,,,
535446,episode_end,279.22547901785293,327,0.010000000000000005,-100.0,,,,
535564,episode_end,39.39415363165389,118,0.010000000000000005,-100.0,,,,
535794,episode_end,277.0784299626754,230,0.010000000000000005,-100.0,,,,
535994,episode_end,259.2567998948399,200,0.010000000000000005,-100.0,,,,
536000,train_step,,,0.010000000000000005,-100.0,100000,6.090520858764648,-50.968509674072266,5.386650562286377
536171,episode_end,297.82615540967004,177,0.010000000000000005,-100.0,,,,
536412,episode_end,301.5107038042946,241,0.010000000000000005,-100.0,,,,
536700,episode_end,295.04036707785883,288,0.010000000000000005,-100.0,,,,
536887,episode_end,297.17305360581383,187,0.010000000000000005,-100.0,,,,
537000,train_step,,,0.010000000000000005,-100.0,100000,7.265542030334473,-50.37841796875,5.349629878997803
537116,episode_end,295.40284854446,229,0.010000000000000005,-100.0,,,,
537502,episode_end,235.26329492547345,386,0.010000000000000005,-100.0,,,,
537680,episode_end,315.85522525489125,178,0.010000000000000005,-100.0,,,,
537916,episode_end,296.8624280275375,236,0.010000000000000005,-100.0,,,,
538000,train_step,,,0.010000000000000005,-100.0,100000,6.882546424865723,-43.685272216796875,4.988819599151611
538225,episode_end,154.03918537375216,309,0.010000000000000005,-100.0,,,,
538424,episode_end,288.10725072345986,199,0.010000000000000005,-100.0,,,,
538664,episode_end,299.17189584511436,240,0.010000000000000005,-100.0,,,,
538999,episode_end,306.8643386060896,335,0.010000000000000005,-100.0,,,,
539000,train_step,,,0.010000000000000005,-100.0,100000,10.53581714630127,-51.78192901611328,5.454118251800537
539194,episode_end,167.23996758770733,195,0.010000000000000005,-100.0,,,,
539407,episode_end,135.37940572751117,213,0.010000000000000005,-100.0,,,,
539576,episode_end,279.35306769093955,169,0.010000000000000005,-100.0,,,,
539692,episode_end,18.801141566731033,116,0.010000000000000005,-100.0,,,,
539985,episode_end,217.07372968097778,293,0.010000000000000005,-100.0,,,,
540000,train_step,,,0.010000000000000005,-100.0,100000,15.178604125976562,-50.70646286010742,5.506014823913574
540239,episode_end,278.9707908226013,254,0.010000000000000005,-100.0,,,,
540478,episode_end,241.70666760272726,239,0.010000000000000005,-100.0,,,,
540686,episode_end,147.78205488849437,208,0.010000000000000005,-100.0,,,,
541000,train_step,,,0.010000000000000005,-100.0,100000,8.317123413085938,-45.724609375,5.616912841796875
541175,episode_end,185.95234848507812,489,0.010000000000000005,-100.0,,,,
541422,episode_end,277.1729617244481,247,0.010000000000000005,-100.0,,,,
541573,episode_end,278.0872882178562,151,0.010000000000000005,-100.0,,,,
541767,episode_end,295.3405647293623,194,0.010000000000000005,-100.0,,,,
541950,episode_end,282.3229287657964,183,0.010000000000000005,-100.0,,,,
542000,train_step,,,0.010000000000000005,-100.0,100000,73.63430786132812,-49.765411376953125,5.347711563110352
542281,episode_end,216.57989626641478,331,0.010000000000000005,-100.0,,,,
542488,episode_end,251.04683297887686,207,0.010000000000000005,-100.0,,,,
542756,episode_end,260.8869436563159,268,0.010000000000000005,-100.0,,,,
543000,train_step,,,0.010000000000000005,-100.0,100000,5.568246841430664,-51.696380615234375,4.844351768493652
543033,episode_end,273.34369444055346,277,0.010000000000000005,-100.0,,,,
543240,episode_end,267.86949400462566,207,0.010000000000000005,-100.0,,,,
543477,episode_end,297.15183101127536,237,0.010000000000000005,-100.0,,,,
543679,episode_end,256.74912486692887,202,0.010000000000000005,-100.0,,,,
544000,train_step,,,0.010000000000000005,-100.0,100000,14.466652870178223,-49.85823059082031,5.28378963470459
544006,episode_end,263.65354256595884,327,0.010000000000000005,-100.0,,,,
544247,episode_end,289.99168403141573,241,0.010000000000000005,-100.0,,,,
544440,episode_end,288.85880751336157,193,0.010000000000000005,-100.0,,,,
544623,episode_end,257.7093320988398,183,0.010000000000000005,-100.0,,,,
544886,episode_end,266.0331133817827,263,0.010000000000000005,-100.0,,,,
545000,train_step,,,0.010000000000000005,-100.0,100000,6.6832380294799805,-52.40299606323242,5.611260414123535
545516,episode_end,198.2609763886931,630,0.010000000000000005,-100.0,,,,
545752,episode_end,173.63667714507653,236,0.010000000000000005,-100.0,,,,
545961,episode_end,272.5393184321033,209,0.010000000000000005,-100.0,,,,
546000,train_step,,,0.010000000000000005,-100.0,100000,9.713515281677246,-52.26850891113281,4.677227973937988
546192,episode_end,253.15827602989307,231,0.010000000000000005,-100.0,,,,
546443,episode_end,284.1698660256014,251,0.010000000000000005,-100.0,,,,
546673,episode_end,299.0653018692626,230,0.010000000000000005,-100.0,,,,
546827,episode_end,312.74900669222694,154,0.010000000000000005,-100.0,,,,
547000,train_step,,,0.010000000000000005,-100.0,100000,11.848965644836426,-53.187339782714844,4.753950119018555
547601,episode_end,183.62459027422287,774,0.010000000000000005,-100.0,,,,
547798,episode_end,159.4262269155559,197,0.010000000000000005,-100.0,,,,
548000,train_step,,,0.010000000000000005,-100.0,100000,5.828691005706787,-50.637088775634766,5.080595016479492
548061,episode_end,276.40859794294937,263,0.010000000000000005,-100.0,,,,
548215,episode_end,296.9174952963464,154,0.010000000000000005,-100.0,,,,
548460,episode_end,233.139703454514,245,0.010000000000000005,-100.0,,,,
548695,episode_end,261.5061603926745,235,0.010000000000000005,-100.0,,,,
548884,episode_end,314.92448174341007,189,0.010000000000000005,-100.0,,,,
549000,train_step,,,0.010000000000000005,-100.0,100000,70.23240661621094,-51.17819595336914,5.107272148132324
549115,episode_end,221.1921039570995,231,0.010000000000000005,-100.0,,,,
549288,episode_end,304.0281730167718,173,0.010000000000000005,-100.0,,,,
549490,episode_end,289.42670595161206,202,0.010000000000000005,-100.0,,,,
549640,episode_end,298.60446666584687,150,0.010000000000000005,-100.0,,,,
550000,train_step,,,0.010000000000000005,-100.0,100000,46.35036849975586,-51.993377685546875,4.9069623947143555
550555,episode_end,274.42718558384234,915,0.010000000000000005,-100.0,,,,
550712,episode_end,315.6265135064649,157,0.010000000000000005,-100.0,,,,
550925,episode_end,262.4691060199355,213,0.010000000000000005,-100.0,,,,
551000,train_step,,,0.010000000000000005,-100.0,100000,5.6307172775268555,-53.24877166748047,5.296486854553223
551138,episode_end,277.2530445922461,213,0.010000000000000005,-100.0,,,,
551300,episode_end,267.6387050709466,162,0.010000000000000005,-100.0,,,,
551481,episode_end,150.01850936106678,181,0.010000000000000005,-100.0,,,,
551709,episode_end,276.59414849622283,228,0.010000000000000005,-100.0,,,,
551883,episode_end,256.79959670741204,174,0.010000000000000005,-100.0,,,,
552000,train_step,,,0.010000000000000005,-100.0,100000,10.917631149291992,-56.91544723510742,4.958278656005859
552120,episode_end,261.3259007981177,237,0.010000000000000005,-100.0,,,,
552282,episode_end,290.0585589828879,162,0.010000000000000005,-100.0,,,,
552429,episode_end,314.7705586142988,147,0.010000000000000005,-100.0,,,,
552693,episode_end,268.73522562697303,264,0.010000000000000005,-100.0,,,,
552882,episode_end,275.5783977867622,189,0.010000000000000005,-100.0,,,,
553000,train_step,,,0.010000000000000005,-100.0,100000,11.615833282470703,-53.407711029052734,4.8257622718811035
553111,episode_end,174.5772729166747,229,0.010000000000000005,-100.0,,,,
553300,episode_end,290.99726272059615,189,0.010000000000000005,-100.0,,,,
553521,episode_end,271.1137712287982,221,0.010000000000000005,-100.0,,,,
553828,episode_end,233.96424017840525,307,0.010000000000000005,-100.0,,,,
554000,train_step,,,0.010000000000000005,-100.0,100000,14.376995086669922,-51.24139404296875,4.994492530822754
554237,episode_end,116.19416783915355,409,0.010000000000000005,-100.0,,,,
554486,episode_end,260.5413511725659,249,0.010000000000000005,-100.0,,,,
554711,episode_end,279.4502433497456,225,0.010000000000000005,-100.0,,,,
554925,episode_end,260.17193300898737,214,0.010000000000000005,-100.0,,,,
555000,train_step,,,0.010000000000000005,-100.0,100000,49.55743408203125,-55.24615478515625,4.735448837280273
555285,episode_end,172.08666031492703,360,0.010000000000000005,-100.0,,,,
555491,episode_end,161.27888931824145,206,0.010000000000000005,-100.0,,,,
555733,episode_end,255.98063687914546,242,0.010000000000000005,-100.0,,,,
555944,episode_end,280.1510275203956,211,0.010000000000000005,-100.0,,,,
556000,train_step,,,0.010000000000000005,-100.0,100000,18.113597869873047,-50.40968322753906,4.665721893310547
556107,episode_end,297.0806074261154,163,0.010000000000000005,-100.0,,,,
556658,episode_end,229.80249463831646,551,0.010000000000000005,-100.0,,,,
556856,episode_end,147.88174426053519,198,0.010000000000000005,-100.0,,,,
557000,train_step,,,0.010000000000000005,-100.0,100000,5.332481384277344,-55.92848205566406,4.380180835723877
557090,episode_end,291.3746262837034,234,0.010000000000000005,-100.0,,,,
557242,episode_end,269.1011187336002,152,0.010000000000000005,-100.0,,,,
557406,episode_end,278.43078135820616,164,0.010000000000000005,-100.0,,,,
557700,episode_end,92.69139928252906,294,0.010000000000000005,-100.0,,,,
557840,episode_end,301.6186050240349,140,0.010000000000000005,-100.0,,,,
558000,train_step,,,0.010000000000000005,-100.0,100000,87.04813385009766,-51.35707092285156,4.6537699699401855
558121,episode_end,244.90175625751957,281,0.010000000000000005,-100.0,,,,
558556,episode_end,249.8682262746449,435,0.010000000000000005,-100.0,,,,
558758,episode_end,286.0588932899451,202,0.010000000000000005,-100.0,,,,
558941,episode_end,293.7110393636068,183,0.010000000000000005,-100.0,,,,
559000,train_step,,,0.010000000000000005,-100.0,100000,4.911255359649658,-57.30548095703125,4.7790021896362305
559090,episode_end,177.45637587425918,149,0.010000000000000005,-100.0,,,,
559272,episode_end,159.61724781763297,182,0.010000000000000005,-100.0,,,,
559455,episode_end,279.03011940812394,183,0.010000000000000005,-100.0,,,,
559681,episode_end,291.19295036805477,226,0.010000000000000005,-100.0,,,,
560000,train_step,,,0.010000000000000005,-100.0,100000,6.241886615753174,-51.52956771850586,4.826205253601074
560359,episode_end,300.4476020753027,678,0.010000000000000005,-100.0,,,,
560762,episode_end,221.7026089377812,403,0.010000000000000005,-100.0,,,,
560918,episode_end,268.53925517439853,156,0.010000000000000005,-100.0,,,,
561000,train_step,,,0.010000000000000005,-100.0,100000,10.061437606811523,-54.1567268371582,4.942019462585449
561195,episode_end,230.43669342559534,277,0.010000000000000005,-100.0,,,,
561388,episode_end,271.64644090679394,193,0.010000000000000005,-100.0,,,,
561681,episode_end,242.25909546077642,293,0.010000000000000005,-100.0,,,,
561841,episode_end,285.2121751084909,160,0.010000000000000005,-100.0,,,,
562000,train_step,,,0.010000000000000005,-100.0,100000,10.082662582397461,-53.205135345458984,5.279895305633545
562368,episode_end,279.39461960641785,527,0.010000000000000005,-100.0,,,,
562560,episode_end,153.15701553338363,192,0.010000000000000005,-100.0,,,,
562851,episode_end,246.52734940474903,291,0.010000000000000005,-100.0,,,,
563000,train_step,,,0.010000000000000005,-100.0,100000,11.312698364257812,-58.97336959838867,4.761496067047119
563071,episode_end,294.25062176493554,220,0.010000000000000005,-100.0,,,,
563327,episode_end,268.7272308468657,256,0.010000000000000005,-100.0,,,,
563573,episode_end,224.30082478822413,246,0.010000000000000005,-100.0,,,,
563723,episode_end,307.17811821813035,150,0.010000000000000005,-100.0,,,,
563987,episode_end,269.04031840453433,264,0.010000000000000005,-100.0,,,,
564000,train_step,,,0.010000000000000005,-100.0,100000,5.918359756469727,-55.79119873046875,5.178136825561523
564152,episode_end,158.56000240439525,165,0.010000000000000005,-100.0,,,,
564682,episode_end,255.30196840321227,530,0.010000000000000005,-100.0,,,,
564915,episode_end,261.19878414356134,233,0.010000000000000005,-100.0,,,,
565000,train_step,,,0.010000000000000005,-100.0,100000,11.286348342895508,-58.67837905883789,5.420770645141602
565095,episode_end,283.2778356539529,180,0.010000000000000005,-100.0,,,,
565275,episode_end,297.3985854837907,180,0.010000000000000005,-100.0,,,,
565413,episode_end,151.72482792822765,138,0.010000000000000005,-100.0,,,,
565810,episode_end,248.56106439837262,397,0.010000000000000005,-100.0,,,,
565971,episode_end,170.65767219252177,161,0.010000000000000005,-100.0,,,,
566000,train_step,,,0.010000000000000005,-100.0,100000,9.910173416137695,-53.34083557128906,5.306012153625488
566112,episode_end,312.7443238522303,141,0.010000000000000005,-100.0,,,,
566303,episode_end,292.66530763276387,191,0.010000000000000005,-100.0,,,,
566509,episode_end,260.61622656699103,206,0.010000000000000005,-100.0,,,,
566789,episode_end,260.32553328490746,280,0.010000000000000005,-100.0,,,,
567000,train_step,,,0.010000000000000005,-100.0,100000,14.442159652709961,-56.55266571044922,4.967271327972412
567011,episode_end,280.0544319762012,222,0.010000000000000005,-100.0,,,,
567176,episode_end,264.69901381341094,165,0.010000000000000005,-100.0,,,,
567339,episode_end,308.7264270350127,163,0.010000000000000005,-100.0,,,,
567492,episode_end,280.52824396192557,153,0.010000000000000005,-100.0,,,,
567685,episode_end,252.54273573109023,193,0.010000000000000005,-100.0,,,,
567868,episode_end,249.21656739534612,183,0.010000000000000005,-100.0,,,,
568000,train_step,,,0.010000000000000005,-100.0,100000,5.024319648742676,-60.64567947387695,4.798354148864746
568056,episode_end,274.6653810155139,188,0.010000000000000005,-100.0,,,,
568294,episode_end,266.52149082563255,238,0.010000000000000005,-100.0,,,,
568778,episode_end,140.64276210227735,484,0.010000000000000005,-100.0,,,,
569000,train_step,,,0.010000000000000005,-100.0,100000,16.024173736572266,-57.0574951171875,5.20164155960083
569007,episode_end,288.0380557580094,229,0.010000000000000005,-100.0,,,,
569159,episode_end,167.3832172422723,152,0.010000000000000005,-100.0,,,,
569397,episode_end,283.0484045637777,238,0.010000000000000005,-100.0,,,,
569595,episode_end,274.0150040839832,198,0.010000000000000005,-100.0,,,,
569982,episode_end,259.0907312463778,387,0.010000000000000005,-100.0,,,,
570000,train_step,,,0.010000000000000005,-100.0,100000,5.051273345947266,-62.46257019042969,4.83955192565918
570138,episode_end,148.98654782397608,156,0.010000000000000005,-100.0,,,,
570310,episode_end,288.1253703893543,172,0.010000000000000005,-100.0,,,,
570543,episode_end,253.3375343481575,233,0.010000000000000005,-100.0,,,,
570778,episode_end,256.3402281497165,235,0.010000000000000005,-100.0,,,,
570941,episode_end,261.6333343468325,163,0.010000000000000005,-100.0,,,,
571000,train_step,,,0.010000000000000005,-100.0,100000,5.948305130004883,-60.77446746826172,4.883161544799805
571138,episode_end,280.38552204886906,197,0.010000000000000005,-100.0,,,,
571336,episode_end,146.99261386018384,198,0.010000000000000005,-100.0,,,,
571487,episode_end,287.8179162524642,151,0.010000000000000005,-100.0,,,,
571690,episode_end,264.1423107334298,203,0.010000000000000005,-100.0,,,,
571882,episode_end,269.9466464859844,192,0.010000000000000005,-100.0,,,,
572000,train_step,,,0.010000000000000005,-100.0,100000,5.609888076782227,-62.09221267700195,5.222319602966309
572016,episode_end,28.89923593215346,134,0.010000000000000005,-100.0,,,,
572303,episode_end,292.6761875050795,287,0.010000000000000005,-100.0,,,,
572555,episode_end,276.57081642219106,252,0.010000000000000005,-100.0,,,,
572810,episode_end,260.15390856385477,255,0.010000000000000005,-100.0,,,,
573000,train_step,,,0.010000000000000005,-100.0,100000,9.226922035217285,-58.61493682861328,4.879242420196533
573034,episode_end,134.43959610982557,224,0.010000000000000005,-100.0,,,,
573426,episode_end,288.4227128911717,392,0.010000000000000005,-100.0,,,,
573756,episode_end,278.6269493166763,330,0.010000000000000005,-100.0,,,,
573936,episode_end,301.16457457874435,180,0.010000000000000005,-100.0,,,,
574000,train_step,,,0.010000000000000005,-100.0,100000,4.142967224121094,-61.324737548828125,4.870728492736816
574146,episode_end,252.88442018673015,210,0.010000000000000005,-100.0,,,,
574312,episode_end,294.92910141350353,166,0.010000000000000005,-100.0,,,,
574518,episode_end,232.3553624594434,206,0.010000000000000005,-100.0,,,,
574672,episode_end,295.5968881547542,154,0.010000000000000005,-100.0,,,,
574843,episode_end,296.59496172216427,171,0.010000000000000005,-100.0,,,,
575000,train_step,,,0.010000000000000005,-100.0,100000,5.715296268463135,-62.30986785888672,5.067054271697998
575006,episode_end,291.34151331372664,163,0.010000000000000005,-100.0,,,,
575221,episode_end,291.7729894672274,215,0.010000000000000005,-100.0,,,,
575505,episode_end,202.66469376844915,284,0.010000000000000005,-100.0,,,,
575715,episode_end,297.331979867074,210,0.010000000000000005,-100.0,,,,
575874,episode_end,175.39472131151416,159,0.010000000000000005,-100.0,,,,
576000,train_step,,,0.010000000000000005,-100.0,100000,4.809593200683594,-64.52064514160156,4.813309669494629
576874,episode_end,163.15868974520308,1000,0.010000000000000005,-100.0,,,,
577000,train_step,,,0.010000000000000005,-100.0,100000,27.1441650390625,-64.0311279296875,5.1933465003967285
577070,episode_end,309.0489761657824,196,0.010000000000000005,-100.0,,,,
577366,episode_end,301.47222082237465,296,0.010000000000000005,-100.0,,,,
577563,episode_end,266.64199353301365,197,0.010000000000000005,-100.0,,,,
577774,episode_end,233.0298362450823,211,0.010000000000000005,-100.0,,,,
577985,episode_end,262.86763956162713,211,0.010000000000000005,-100.0,,,,
578000,train_step,,,0.010000000000000005,-100.0,100000,20.02151870727539,-64.30738067626953,5.558787822723389
578200,episode_end,233.77152677754245,215,0.010000000000000005,-100.0,,,,
578377,episode_end,293.8841252713188,177,0.010000000000000005,-100.0,,,,
578561,episode_end,269.6605013762705,184,0.010000000000000005,-100.0,,,,
578785,episode_end,131.84771728303664,224,0.010000000000000005,-100.0,,,,
579000,train_step,,,0.010000000000000005,-100.0,100000,13.902936935424805,-63.9234619140625,5.12337064743042
579106,episode_end,304.6694057322992,321,0.010000000000000005,-100.0,,,,
579391,episode_end,242.30533490243272,285,0.010000000000000005,-100.0,,,,
579523,episode_end,40.079327592509145,132,0.010000000000000005,-100.0,,,,
579685,episode_end,288.9805912757661,162,0.010000000000000005,-100.0,,,,
579848,episode_end,267.17058512214567,163,0.010000000000000005,-100.0,,,,
580000,train_step,,,0.010000000000000005,-100.0,100000,4.670673370361328,-61.905521392822266,5.056343078613281
580030,episode_end,282.4958255390602,182,0.010000000000000005,-100.0,,,,
580340,episode_end,304.33449624071636,310,0.010000000000000005,-100.0,,,,
580534,episode_end,280.3117583477292,194,0.010000000000000005,-100.0,,,,
580764,episode_end,238.3442124173297,230,0.010000000000000005,-100.0,,,,
580950,episode_end,273.1625119711863,186,0.010000000000000005,-100.0,,,,
581000,train_step,,,0.010000000000000005,-100.0,100000,10.053197860717773,-66.07792663574219,5.151494026184082
581141,episode_end,279.3731979711117,191,0.010000000000000005,-100.0,,,,
581313,episode_end,263.0905614086314,172,0.010000000000000005,-100.0,,,,
581472,episode_end,295.94232134965614,159,0.010000000000000005,-100.0,,,,
581649,episode_end,264.9750936007945,177,0.010000000000000005,-100.0,,,,
581947,episode_end,238.0717963090392,298,0.010000000000000005,-100.0,,,,
582000,train_step,,,0.010000000000000005,-100.0,100000,4.728423118591309,-68.76144409179688,5.143684387207031
582079,episode_end,286.89857725948974,132,0.010000000000000005,-100.0,,,,
582346,episode_end,237.85605432549283,267,0.010000000000000005,-100.0,,,,
582603,episode_end,121.65649021509125,257,0.010000000000000005,-100.0,,,,
582868,episode_end,133.8621961911437,265,0.010000000000000005,-100.0,,,,
583000,train_step,,,0.010000000000000005,-100.0,100000,6.597851753234863,-64.54007720947266,5.319422721862793
583076,episode_end,275.265238311234,208,0.010000000000000005,-100.0,,,,
583276,episode_end,309.00659658080247,200,0.010000000000000005,-100.0,,,,
583457,episode_end,289.53057392751253,181,0.010000000000000005,-100.0,,,,
583666,episode_end,290.70098489233226,209,0.010000000000000005,-100.0,,,,
583797,episode_end,52.51368942137418,131,0.010000000000000005,-100.0,,,,
584000,train_step,,,0.010000000000000005,-100.0,100000,87.88389587402344,-68.43589782714844,5.118006706237793
584062,episode_end,228.60828731951094,265,0.010000000000000005,-100.0,,,,
584452,episode_end,283.2321461041511,390,0.010000000000000005,-100.0,,,,
584662,episode_end,265.019172746391,210,0.010000000000000005,-100.0,,,,
584786,episode_end,7.43980163722415,124,0.010000000000000005,-100.0,,,,
585000,train_step,,,0.010000000000000005,-100.0,100000,9.163705825805664,-70.79443359375,5.620447158813477
585027,episode_end,227.8848264636323,241,0.010000000000000005,-100.0,,,,
585293,episode_end,289.82679291418737,266,0.010000000000000005,-100.0,,,,
585460,episode_end,268.99309216416293,167,0.010000000000000005,-100.0,,,,
585612,episode_end,273.69916631891783,152,0.010000000000000005,-100.0,,,,
585759,episode_end,-4.244457435417047,147,0.010000000000000005,-100.0,,,,
586000,train_step,,,0.010000000000000005,-100.0,100000,4.433053016662598,-70.08723449707031,5.177515029907227
586006,episode_end,252.8204414078495,247,0.010000000000000005,-100.0,,,,
586182,episode_end,294.94143291444345,176,0.010000000000000005,-100.0,,,,
586426,episode_end,241.47930884185917,244,0.010000000000000005,-100.0,,,,
586613,episode_end,259.8344232339459,187,0.010000000000000005,-100.0,,,,
586867,episode_end,248.79060496128807,254,0.010000000000000005,-100.0,,,,
587000,train_step,,,0.010000000000000005,-100.0,100000,9.491412162780762,-66.28986358642578,5.217746734619141
587114,episode_end,228.4676251876881,247,0.010000000000000005,-100.0,,,,
587313,episode_end,302.0730084905067,199,0.010000000000000005,-100.0,,,,
587461,episode_end,285.14943003854034,148,0.010000000000000005,-100.0,,,,
587667,episode_end,257.6159451390763,206,0.010000000000000005,-100.0,,,,
588000,train_step,,,0.010000000000000005,-100.0,100000,10.786367416381836,-71.13362121582031,4.968135833740234
588043,episode_end,231.45603627307995,376,0.010000000000000005,-100.0,,,,
588246,episode_end,283.8316237706797,203,0.010000000000000005,-100.0,,,,
588480,episode_end,229.5377375214537,234,0.010000000000000005,-100.0,,,,
588633,episode_end,287.5172666964404,153,0.010000000000000005,-100.0,,,,
588820,episode_end,290.8217124112921,187,0.010000000000000005,-100.0,,,,
589000,train_step,,,0.010000000000000005,-100.0,100000,4.810050964355469,-67.73884582519531,5.029891014099121
589046,episode_end,262.5446712202246,226,0.010000000000000005,-100.0,,,,
589336,episode_end,140.11571640157544,290,0.010000000000000005,-100.0,,,,
589635,episode_end,271.0493693563667,299,0.010000000000000005,-100.0,,,,
589952,episode_end,271.7525464831881,317,0.010000000000000005,-100.0,,,,
590000,train_step,,,0.010000000000000005,-100.0,100000,70.13407897949219,-71.51657104492188,5.9329657554626465
590152,episode_end,298.24436402157494,200,0.010000000000000005,-100.0,,,,
590773,episode_end,236.26160976770223,621,0.010000000000000005,-100.0,,,,
591000,train_step,,,0.010000000000000005,-100.0,100000,12.371623992919922,-69.64883422851562,5.125820636749268
591088,episode_end,223.4728486958269,315,0.010000000000000005,-100.0,,,,
591212,episode_end,-0.8328947515009872,124,0.010000000000000005,-100.0,,,,
591591,episode_end,216.14042531489991,379,0.010000000000000005,-100.0,,,,
591877,episode_end,152.41367080908407,286,0.010000000000000005,-100.0,,,,
592000,train_step,,,0.010000000000000005,-100.0,100000,119.68467712402344,-73.0560531616211,5.247190952301025
592101,episode_end,234.27837977736547,224,0.010000000000000005,-100.0,,,,
592329,episode_end,284.2904386523984,228,0.010000000000000005,-100.0,,,,
592511,episode_end,286.4790585778074,182,0.010000000000000005,-100.0,,,,
592781,episode_end,261.47231393814053,270,0.010000000000000005,-100.0,,,,
592954,episode_end,262.12402261922284,173,0.010000000000000005,-100.0,,,,
593000,train_step,,,0.010000000000000005,-100.0,100000,5.869504928588867,-67.4593505859375,4.864031791687012
593144,episode_end,290.0443500456552,190,0.010000000000000005,-100.0,,,,
593406,episode_end,257.73018737619566,262,0.010000000000000005,-100.0,,,,
593580,episode_end,304.6919575107505,174,0.010000000000000005,-100.0,,,,
593837,episode_end,276.55477494285043,257,0.010000000000000005,-100.0,,,,
594000,train_step,,,0.010000000000000005,-100.0,100000,74.24494934082031,-67.86344146728516,5.0595479011535645
594104,episode_end,236.7219364899918,267,0.010000000000000005,-100.0,,,,
594348,episode_end,146.10371764634903,244,0.010000000000000005,-100.0,,,,
594453,episode_end,39.58175718404809,105,0.010000000000000005,-100.0,,,,
594670,episode_end,279.1234531656456,217,0.010000000000000005,-100.0,,,,
595000,train_step,,,0.010000000000000005,-100.0,100000,12.787213325500488,-74.35980987548828,5.233770370483398
595082,episode_end,219.50502139130518,412,0.010000000000000005,-100.0,,,,
595766,episode_end,247.34100832505746,684,0.010000000000000005,-100.0,,,,
595981,episode_end,233.6107079482943,215,0.010000000000000005,-100.0,,,,
596000,train_step,,,0.010000000000000005,-100.0,100000,85.93778991699219,-73.48130798339844,5.044256210327148
596144,episode_end,285.2091186864094,163,0.010000000000000005,-100.0,,,,
596438,episode_end,254.35536476242996,294,0.010000000000000005,-100.0,,,,
596915,episode_end,154.1625366370901,477,0.010000000000000005,-100.0,,,,
597000,train_step,,,0.010000000000000005,-100.0,100000,5.803564071655273,-71.38223266601562,5.249364376068115
597117,episode_end,137.97532248690644,202,0.010000000000000005,-100.0,,,,
597416,episode_end,257.03050528959335,299,0.010000000000000005,-100.0,,,,
597517,episode_end,48.655047483493036,101,0.010000000000000005,-100.0,,,,
597734,episode_end,274.25935798749975,217,0.010000000000000005,-100.0,,,,
597886,episode_end,19.131248856977322,152,0.010000000000000005,-100.0,,,,
598000,train_step,,,0.010000000000000005,-100.0,100000,103.81121826171875,-75.87667846679688,5.10030460357666
598129,episode_end,224.77049886801723,243,0.010000000000000005,-100.0,,,,
598357,episode_end,266.9376763033877,228,0.010000000000000005,-100.0,,,,
598626,episode_end,292.0510172669483,269,0.010000000000000005,-100.0,,,,
598777,episode_end,272.5566093108266,151,0.010000000000000005,-100.0,,,,
599000,train_step,,,0.010000000000000005,-100.0,100000,10.690837860107422,-76.0487289428711,5.025175094604492
599045,episode_end,286.77208768584865,268,0.010000000000000005,-100.0,,,,
599248,episode_end,264.4864284337662,203,0.010000000000000005,-100.0,,,,
599581,episode_end,283.74656687245704,333,0.010000000000000005,-100.0,,,,
599851,episode_end,217.9931752921487,270,0.010000000000000005,-100.0,,,,
600000,train_step,,,0.010000000000000005,-100.0,100000,23.531484603881836,-73.14764404296875,4.871667861938477
