global_step,event,episode_return,episode_length,alpha,hover_reward_value,replay_size,critic_loss,actor_loss,logp,alpha_loss
197,episode_end,-64.66931298715913,197,0.2,200.0,,,,,
331,episode_end,-555.2481089572182,134,0.2,200.0,,,,,
406,episode_end,189.98736800553985,75,0.2,200.0,,,,,
485,episode_end,168.30791518051564,79,0.2,200.0,,,,,
631,episode_end,145.97351962208683,146,0.2,200.0,,,,,
720,episode_end,-161.2342834318732,89,0.2,200.0,,,,,
863,episode_end,-75.81700894902919,143,0.2,200.0,,,,,
949,episode_end,-147.7752201567027,86,0.2,200.0,,,,,
1000,train_step,,,0.2,200.0,1000,,,,
1044,episode_end,-223.1938084286894,95,0.2,200.0,,,,,
1164,episode_end,-144.60402005562128,120,0.2,200.0,,,,,
1258,episode_end,-339.19639933470427,94,0.2,200.0,,,,,
1349,episode_end,-239.49290151721118,91,0.2,200.0,,,,,
1448,episode_end,-297.0518786771555,99,0.2,200.0,,,,,
1546,episode_end,-327.2814694659219,98,0.2,200.0,,,,,
1608,episode_end,-176.7995799184576,62,0.2,200.0,,,,,
1697,episode_end,-213.44438478687016,89,0.2,200.0,,,,,
1770,episode_end,-105.04449199425865,73,0.2,200.0,,,,,
1886,episode_end,-334.0875908153444,116,0.2,200.0,,,,,
1975,episode_end,-351.80195861060685,89,0.2,200.0,,,,,
2000,train_step,,,0.2,200.0,2000,,,,
2096,episode_end,-137.70827520192287,121,0.2,200.0,,,,,
2205,episode_end,-343.6308966521162,109,0.2,200.0,,,,,
2302,episode_end,-132.69196379916224,97,0.2,200.0,,,,,
2401,episode_end,-308.14040292009327,99,0.2,200.0,,,,,
2488,episode_end,-297.1643919447704,87,0.2,200.0,,,,,
2691,episode_end,-103.61974069291885,203,0.2,200.0,,,,,
2786,episode_end,28.37090753836611,95,0.2,200.0,,,,,
2885,episode_end,-418.0262722408294,99,0.2,200.0,,,,,
3000,train_step,,,0.2,200.0,3000,,,,
3009,episode_end,-201.63166240051868,124,0.2,200.0,,,,,
3093,episode_end,139.15066607415025,84,0.2,200.0,,,,,
3186,episode_end,-257.1063440795584,93,0.2,200.0,,,,,
3299,episode_end,-375.86634199773096,113,0.2,200.0,,,,,
3447,episode_end,-276.1306526390532,148,0.2,200.0,,,,,
3579,episode_end,-258.86026814634226,132,0.2,200.0,,,,,
3689,episode_end,-243.02979358557286,110,0.2,200.0,,,,,
3770,episode_end,-199.7039441900153,81,0.2,200.0,,,,,
3898,episode_end,-297.83168470659916,128,0.2,200.0,,,,,
4000,train_step,,,0.2,200.0,4000,,,,
4004,episode_end,-363.4095814686413,106,0.2,200.0,,,,,
4103,episode_end,-285.73930138658085,99,0.2,200.0,,,,,
4190,episode_end,-329.91807918568026,87,0.2,200.0,,,,,
4345,episode_end,-128.34948680264412,155,0.2,200.0,,,,,
4453,episode_end,-183.71082225609595,108,0.2,200.0,,,,,
4525,episode_end,-78.90751157420958,72,0.2,200.0,,,,,
4630,episode_end,-154.216383237873,105,0.2,200.0,,,,,
4763,episode_end,-66.45950317904281,133,0.2,200.0,,,,,
4867,episode_end,-182.6190857666005,104,0.2,200.0,,,,,
4964,episode_end,-340.2720925658954,97,0.2,200.0,,,,,
5000,train_step,,,0.2,200.0,5000,,,,
5076,episode_end,-373.86647310117183,112,0.2,200.0,,,,,
5165,episode_end,-431.50704105764777,89,0.2,200.0,,,,,
5300,episode_end,-427.78485077360057,135,0.2,200.0,,,,,
5395,episode_end,-247.46543524807862,95,0.2,200.0,,,,,
5488,episode_end,54.60966426748803,93,0.2,200.0,,,,,
5622,episode_end,-148.61123234573654,134,0.2,200.0,,,,,
5704,episode_end,-435.5774249005696,82,0.2,200.0,,,,,
5804,episode_end,-63.22111822141525,100,0.2,200.0,,,,,
5890,episode_end,-161.68120870550752,86,0.2,200.0,,,,,
6000,train_step,,,0.2,200.0,6000,,,,
6052,episode_end,106.80343143923335,162,0.2,200.0,,,,,
6247,episode_end,-272.41365753009546,195,0.2,200.0,,,,,
6348,episode_end,-396.5350536751933,101,0.2,200.0,,,,,
6431,episode_end,-170.18201028414515,83,0.2,200.0,,,,,
6584,episode_end,-320.347086197422,153,0.2,200.0,,,,,
6675,episode_end,-269.7095012969136,91,0.2,200.0,,,,,
6802,episode_end,-209.41834182624768,127,0.2,200.0,,,,,
6924,episode_end,-374.289131121677,122,0.2,200.0,,,,,
6997,episode_end,-64.7411239924351,73,0.2,200.0,,,,,
7000,train_step,,,0.2,200.0,7000,,,,
7085,episode_end,152.72600924092865,88,0.2,200.0,,,,,
7171,episode_end,-325.7438250079942,86,0.2,200.0,,,,,
7256,episode_end,-57.1646797049602,85,0.2,200.0,,,,,
7398,episode_end,-112.3379883154578,142,0.2,200.0,,,,,
7486,episode_end,-228.03967323703185,88,0.2,200.0,,,,,
7567,episode_end,-268.30131439272856,81,0.2,200.0,,,,,
7697,episode_end,-218.2202305903368,130,0.2,200.0,,,,,
7778,episode_end,143.18628697041493,81,0.2,200.0,,,,,
7901,episode_end,-188.85973385781716,123,0.2,200.0,,,,,
7983,episode_end,-175.22609855734476,82,0.2,200.0,,,,,
8000,train_step,,,0.2,200.0,8000,,,,
8149,episode_end,-359.2145693681024,166,0.2,200.0,,,,,
8308,episode_end,-346.8315634231832,159,0.2,200.0,,,,,
8422,episode_end,-64.90414533586744,114,0.2,200.0,,,,,
8547,episode_end,-173.1250977247504,125,0.2,200.0,,,,,
8694,episode_end,-170.71891051684423,147,0.2,200.0,,,,,
8867,episode_end,-229.20693909887225,173,0.2,200.0,,,,,
8956,episode_end,-99.4853774360847,89,0.2,200.0,,,,,
9000,train_step,,,0.2,200.0,9000,,,,
9056,episode_end,-158.57485130182684,100,0.2,200.0,,,,,
9122,episode_end,-74.20951007809632,66,0.2,200.0,,,,,
9232,episode_end,-219.3915570900823,110,0.2,200.0,,,,,
9316,episode_end,-40.47922746697484,84,0.2,200.0,,,,,
9416,episode_end,72.73771249188982,100,0.2,200.0,,,,,
9505,episode_end,-387.9197108898359,89,0.2,200.0,,,,,
9648,episode_end,-151.15628514212295,143,0.2,200.0,,,,,
9743,episode_end,125.19329806187321,95,0.2,200.0,,,,,
9857,episode_end,-275.00552045804017,114,0.2,200.0,,,,,
9973,episode_end,-199.02919673582068,116,0.2,200.0,,,,,
10000,train_step,,,0.2,200.0,10000,11.980509757995605,-0.1585623025894165,-1.3137506246566772,-5.33327579498291
10096,episode_end,-200.37210851101162,123,0.19440732134778593,200.0,,,,,
10362,episode_end,-73.72142835904602,266,0.18203491613749143,200.0,,,,,
10526,episode_end,3.199573264665389,164,0.17497830935362074,200.0,,,,,
10665,episode_end,-18.97110579809828,139,0.1692619723823715,200.0,,,,,
10902,episode_end,-114.26154050844848,237,0.16049506183135262,200.0,,,,,
11000,train_step,,,0.15731126833977171,200.0,11000,759.5526123046875,5.334964752197266,0.7218353748321533,-2.364002227783203
11116,episode_end,169.08447497960344,214,0.153833055790831,200.0,,,,,
11287,episode_end,-57.0754600580868,171,0.14916292929586183,200.0,,,,,
11484,episode_end,209.01464563502475,197,0.14440260623895598,200.0,,,,,
12000,train_step,,,0.1343159581301412,200.0,12000,28.27749252319336,5.529726028442383,1.2985682487487793,-1.4081666469573975
12112,episode_end,142.39156689280762,628,0.13252682673835248,200.0,,,,,
12638,episode_end,-142.7359757858157,526,0.12536241668201342,200.0,,,,,
12933,episode_end,211.97921102954183,295,0.1231171705317401,200.0,,,,,
13000,train_step,,,0.12268756142756511,200.0,13000,304.47869873046875,1.0805407762527466,2.0890796184539795,0.18689924478530884
13193,episode_end,224.0916261031996,260,0.12127369354426948,200.0,,,,,
13472,episode_end,193.31081828288234,279,0.11945139535157323,200.0,,,,,
13728,episode_end,248.28541130925436,256,0.11847804477868924,200.0,,,,,
13925,episode_end,233.8879181993533,197,0.11652659200216686,200.0,,,,,
14000,train_step,,,0.11622723669712322,200.0,14000,11.293706893920898,3.0930962562561035,1.8468327522277832,-0.32964783906936646
14139,episode_end,197.26976451235691,214,0.11552413801535719,200.0,,,,,
14319,episode_end,27.165169751774428,180,0.11368126435345983,200.0,,,,,
14677,episode_end,224.58506172865185,358,0.11055736853797432,200.0,,,,,
15000,train_step,,,0.10802801241522422,200.0,15000,616.35107421875,-4.034923076629639,2.0973682403564453,0.21667970716953278
15004,episode_end,193.81013658448734,327,0.10804919706798205,200.0,,,,,
15272,episode_end,201.25128313797802,268,0.10730982687135153,200.0,,,,,
15389,episode_end,42.18732234176139,117,0.10785498455987762,200.0,,,,,
15589,episode_end,188.06808557746757,200,0.10853189759992246,200.0,,,,,
15755,episode_end,32.18852903501474,166,0.10944445561691911,200.0,,,,,
15984,episode_end,14.863647195768294,229,0.1058907944582607,200.0,,,,,
16000,train_step,,,0.10562059790586421,200.0,16000,28.53166961669922,-1.3177706003189087,1.8648431301116943,-0.30381956696510315
16159,episode_end,229.19106601057746,175,0.10558205367658366,200.0,,,,,
16579,episode_end,-51.39960774593208,420,0.10626953729317211,200.0,,,,,
17000,train_step,,,0.10805991557462574,200.0,17000,317.2911071777344,-9.02491569519043,2.3496804237365723,0.7780636548995972
17579,episode_end,172.07334715393748,1000,0.10816558465021833,200.0,,,,,
17702,episode_end,-19.751104287843347,123,0.1085176795464454,200.0,,,,,
17855,episode_end,-32.72631427037402,153,0.11272182033104317,200.0,,,,,
17986,episode_end,62.0690002219273,131,0.11754573786176593,200.0,,,,,
18000,train_step,,,0.11771452919536467,200.0,18000,330.4771423339844,-8.700331687927246,2.2103915214538574,0.4501309096813202
18121,episode_end,-29.08573530655012,135,0.12096771529243713,200.0,,,,,
19000,train_step,,,0.1581993517042365,200.0,19000,48.98726272583008,-8.110892295837402,2.4242286682128906,0.782234787940979
19121,episode_end,141.36037003017782,1000,0.16353578582193595,200.0,,,,,
19309,episode_end,231.84867509602094,188,0.16833477663532173,200.0,,,,,
19661,episode_end,-307.54844725781265,352,0.17677158134057616,200.0,,,,,
20000,train_step,,,0.1800931691136259,200.0,20000,57.64463806152344,-4.166740894317627,2.0146045684814453,0.025036465376615524
20189,episode_end,-174.86647365453484,528,0.1806583106439209,200.0,,,,,
21000,train_step,,,0.18904449915826885,200.0,21000,572.3341064453125,-10.667768478393555,2.227992057800293,0.3797828257083893
21189,episode_end,-62.33889148194635,1000,0.1913083989703529,200.0,,,,,
22000,train_step,,,0.179554623320118,200.0,22000,286.31622314453125,-4.438343048095703,2.046535015106201,0.0799136832356453
22189,episode_end,100.02607397795053,1000,0.1771315250548399,200.0,,,,,
22796,episode_end,-154.15275834346966,607,0.18286371520539124,200.0,,,,,
23000,train_step,,,0.18400495287966748,200.0,23000,22.165653228759766,-12.376043319702148,2.1493687629699707,0.25285032391548157
23327,episode_end,128.6486837777271,531,0.18874962565369346,200.0,,,,,
24000,train_step,,,0.19473684732226718,200.0,24000,17.304288864135742,-14.765931129455566,1.9206268787384033,-0.1298626959323883
24078,episode_end,-147.2181645812549,751,0.19532854905528974,200.0,,,,,
24480,episode_end,-149.60261792069414,402,0.19680288323419798,200.0,,,,,
25000,train_step,,,0.19517261845607858,200.0,25000,39.21067428588867,-10.435768127441406,1.8154487609863281,-0.30153292417526245
25174,episode_end,-244.65311509178198,694,0.1928563930311176,200.0,,,,,
25696,episode_end,-249.8049313664298,522,0.1881101238756936,200.0,,,,,
25834,episode_end,70.170770982757,138,0.18910973356261032,200.0,,,,,
26000,train_step,,,0.18976067605774094,200.0,26000,617.1168823242188,-12.1702880859375,1.6392168998718262,-0.5996184945106506
26834,episode_end,148.8529726727237,1000,0.18481778867571672,200.0,,,,,
27000,train_step,,,0.18554297356356997,200.0,27000,616.8868408203125,-9.951343536376953,1.9720885753631592,-0.04701588302850723
27429,episode_end,77.65805675261032,595,0.1805156182193282,200.0,,,,,
27553,episode_end,17.344825352089785,124,0.1788673197966873,200.0,,,,,
28000,train_step,,,0.17908783120812458,200.0,28000,32.29646301269531,-9.030271530151367,1.8070873022079468,-0.3317863643169403
28553,episode_end,208.41249327057068,1000,0.17349324589914247,200.0,,,,,
28911,episode_end,-290.7518950776008,358,0.17435917836883366,200.0,,,,,
29000,train_step,,,0.17462599557496533,200.0,29000,22.303699493408203,-8.294439315795898,1.8343241214752197,-0.28912240266799927
29219,episode_end,-23.069265407249645,308,0.17129128351283684,200.0,,,,,
29701,episode_end,-166.9457601551193,482,0.1676714025281071,200.0,,,,,
29832,episode_end,25.866910098646343,131,0.16915144099948276,200.0,,,,,
30000,train_step,,,0.16989430716446038,200.0,30000,28.257640838623047,-21.828304290771484,1.9368922710418701,-0.11186335980892181
30679,episode_end,-41.276028751081434,847,0.17172350398137187,200.0,,,,,
30819,episode_end,205.8523661534394,140,0.1737419746011199,200.0,,,,,
30947,episode_end,187.78291568118607,128,0.17321455281160836,200.0,,,,,
31000,train_step,,,0.17349777494855528,200.0,31000,28.604022979736328,-15.162610054016113,2.1375975608825684,0.2410145401954651
31947,episode_end,249.9890609475587,1000,0.17598910765891337,200.0,,,,,
32000,train_step,,,0.17458942659451518,200.0,32000,289.31060791015625,-21.510581970214844,1.9080047607421875,-0.16056111454963684
32082,episode_end,147.5737256051111,135,0.17542120020363686,200.0,,,,,
32207,episode_end,251.21652791023672,125,0.17956591705678293,200.0,,,,,
32311,episode_end,229.22369048376817,104,0.1829948912690527,200.0,,,,,
33000,train_step,,,0.18433090377625894,200.0,33000,62.072967529296875,-21.107994079589844,1.8264293670654297,-0.2935118079185486
33311,episode_end,146.17413395408633,1000,0.17974834466888046,200.0,,,,,
33428,episode_end,173.04157630063014,117,0.18034414068702445,200.0,,,,,
33519,episode_end,232.19022117533814,91,0.18074182195986743,200.0,,,,,
33662,episode_end,130.74993819682507,143,0.18301789437977525,200.0,,,,,
33794,episode_end,144.35534388904264,132,0.1845325180121583,200.0,,,,,
33907,episode_end,215.24076304653386,113,0.18694905935918218,200.0,,,,,
34000,train_step,,,0.1869352708367272,200.0,34000,29.074806213378906,-11.827211380004883,1.9852467775344849,-0.024740952998399734
34907,episode_end,143.71169237901304,1000,0.18302292157177455,200.0,,,,,
35000,train_step,,,0.18140949253916833,200.0,35000,18.717761993408203,-10.803445816040039,1.9429917335510254,-0.09731308370828629
35046,episode_end,120.91394604149721,139,0.1820041034400957,200.0,,,,,
35156,episode_end,122.08452517961891,110,0.1820203765469605,200.0,,,,,
35304,episode_end,179.08454102093663,148,0.18109509743934118,200.0,,,,,
35375,episode_end,216.0462931022514,71,0.18205549916295502,200.0,,,,,
35513,episode_end,133.98714078006614,138,0.1829758196870087,200.0,,,,,
35656,episode_end,-49.682299506934136,143,0.1812603735826463,200.0,,,,,
35751,episode_end,186.18281980946915,95,0.18143109310288896,200.0,,,,,
35903,episode_end,-78.64605284488526,152,0.18186165217738492,200.0,,,,,
36000,train_step,,,0.18028432988801651,200.0,36000,30.766311645507812,-15.540299415588379,1.9536031484603882,-0.07948796451091766
36056,episode_end,-148.2675173495772,153,0.17919647351312532,200.0,,,,,
36174,episode_end,182.1861020410467,118,0.17844615990119614,200.0,,,,,
36617,episode_end,127.66995608891173,443,0.18035036160126047,200.0,,,,,
36690,episode_end,215.53517267601006,73,0.1815351653601182,200.0,,,,,
36822,episode_end,149.50766794408827,132,0.18015752535342114,200.0,,,,,
36896,episode_end,208.68016267658396,74,0.17908757588328914,200.0,,,,,
36962,episode_end,227.83415291631798,66,0.1784626027739304,200.0,,,,,
37000,train_step,,,0.17820247832081523,200.0,37000,27.269886016845703,-19.79002571105957,2.134037971496582,0.23119331896305084
37075,episode_end,217.16675359369407,113,0.17869413321231056,200.0,,,,,
37170,episode_end,201.664849237795,95,0.17921143585779123,200.0,,,,,
37292,episode_end,155.64013991159985,122,0.17945236693384795,200.0,,,,,
37412,episode_end,171.61877443833538,120,0.1781754216533942,200.0,,,,,
37499,episode_end,191.65162680356457,87,0.17641636075657574,200.0,,,,,
37715,episode_end,-24.169383184594466,216,0.1728651772135926,200.0,,,,,
37818,episode_end,193.80870440796372,103,0.17236222150324695,200.0,,,,,
37931,episode_end,206.7281619381867,113,0.17277989610821057,200.0,,,,,
38000,train_step,,,0.17271450241090122,200.0,38000,163.06890869140625,-29.545299530029297,1.9543070793151855,-0.08024206757545471
38056,episode_end,167.6628065145997,125,0.17292484439712538,200.0,,,,,
38172,episode_end,-31.157145272984337,116,0.17183313082078458,200.0,,,,,
38238,episode_end,201.9361360749009,66,0.1693504666098756,200.0,,,,,
39000,train_step,,,0.1671451328669363,200.0,39000,24.70050048828125,-25.652576446533203,2.129991054534912,0.23253990709781647
39238,episode_end,206.62794427840015,1000,0.166517939520881,200.0,,,,,
39406,episode_end,238.32753761419013,168,0.16551838268180769,200.0,,,,,
39556,episode_end,204.04075380609675,150,0.1647490043231362,200.0,,,,,
40000,train_step,,,0.15991079792405496,200.0,40000,40.907745361328125,-21.835132598876953,2.152646541595459,0.27982214093208313
40339,episode_end,146.3025202289507,783,0.16132080002574178,200.0,,,,,
40421,episode_end,137.25066363599666,82,0.16099750275168925,200.0,,,,,
40559,episode_end,176.894092152145,138,0.15798872881881884,200.0,,,,,
40696,episode_end,222.70680896923227,137,0.15842337772782367,200.0,,,,,
40780,episode_end,235.32694016732944,84,0.15822887346203104,200.0,,,,,
40877,episode_end,88.50921149869475,97,0.1586671735125779,200.0,,,,,
41000,train_step,,,0.15921092797589015,200.0,41000,26.274154663085938,-31.61093521118164,1.9219098091125488,-0.1434926837682724
41877,episode_end,200.77238725466293,1000,0.15676637579118366,200.0,,,,,
42000,train_step,,,0.15709976539546616,200.0,42000,49.866249084472656,-44.68008041381836,2.0080623626708984,0.014922551810741425
42038,episode_end,109.531793612233,161,0.15651690003037538,200.0,,,,,
42334,episode_end,0.5960791277727964,296,0.1577346969530356,200.0,,,,,
42440,episode_end,172.68833696852914,106,0.1554412767928028,200.0,,,,,
42653,episode_end,251.6696886131066,213,0.1557251752623579,200.0,,,,,
42906,episode_end,11.640135222222995,253,0.1559071995088874,200.0,,,,,
43000,train_step,,,0.15539589630750036,200.0,43000,236.46542358398438,-23.52588653564453,1.8641029596328735,-0.25301042199134827
43906,episode_end,188.07496886861588,1000,0.14705564302515398,200.0,,,,,
44000,train_step,,,0.14656072210719975,200.0,44000,40.57611846923828,-36.22255325317383,2.212524652481079,0.4081146717071533
44031,episode_end,151.97973341844266,125,0.14667311113732906,200.0,,,,,
44116,episode_end,223.13294852341386,85,0.14733362805773184,200.0,,,,,
44375,episode_end,135.20163492389645,259,0.15081716755321234,200.0,,,,,
45000,train_step,,,0.15316270592662615,200.0,45000,53.13365173339844,-26.701988220214844,1.9855647087097168,-0.027083992958068848
45375,episode_end,182.73352534445843,1000,0.15166950865570436,200.0,,,,,
46000,train_step,,,0.1455774437365675,200.0,46000,212.405029296875,-38.69377136230469,2.305161237716675,0.5880601406097412
46357,episode_end,-13.809716340570205,982,0.14553683460790873,200.0,,,,,
46633,episode_end,189.4932628608547,276,0.14740321283697805,200.0,,,,,
46743,episode_end,153.63984168250425,110,0.14810315626505222,200.0,,,,,
46858,episode_end,200.85446518107221,115,0.14799216351444391,200.0,,,,,
47000,train_step,,,0.14977246478786563,200.0,47000,38.67994689941406,-28.890899658203125,2.150411367416382,0.2855767607688904
47858,episode_end,172.05083403096225,1000,0.14953776861346466,200.0,,,,,
48000,train_step,,,0.1511944292767998,200.0,48000,30.845895767211914,-26.932903289794922,2.016078472137451,0.030375029891729355
48858,episode_end,171.81542345432533,1000,0.15254284860867975,200.0,,,,,
49000,train_step,,,0.1509402105053636,200.0,49000,31.413057327270508,-33.779361724853516,2.246276378631592,0.46567705273628235
49858,episode_end,153.43956551041754,1000,0.1497320371478332,200.0,,,,,
50000,train_step,,,0.15101412131206376,200.0,50000,252.6861114501953,-26.289209365844727,1.9232361316680908,-0.14511308073997498
50858,episode_end,240.12974455264268,1000,0.15239795401591372,200.0,,,,,
51000,train_step,,,0.1531016948518537,200.0,51000,45.93597412109375,-28.39832878112793,2.1699564456939697,0.3189493417739868
51082,episode_end,180.05237204694197,224,0.15421936478436768,200.0,,,,,
51270,episode_end,216.02552556636294,188,0.1523491027418706,200.0,,,,,
52000,train_step,,,0.15383720310277346,200.0,52000,149.78321838378906,-33.07194137573242,2.066953420639038,0.12532733380794525
52270,episode_end,75.62378494410876,1000,0.15424867504317405,200.0,,,,,
52548,episode_end,159.82801509595714,278,0.15325353547505324,200.0,,,,,
53000,train_step,,,0.1498068830510437,200.0,53000,27.56376075744629,-24.367639541625977,2.0474345684051514,0.0900500938296318
53205,episode_end,-269.9269341886948,657,0.15359288326407092,200.0,,,,,
53845,episode_end,81.95505922915765,640,0.15316723264328264,200.0,,,,,
54000,train_step,,,0.15313084424768963,200.0,54000,153.50839233398438,-30.777645111083984,1.8412318229675293,-0.29792267084121704
54604,episode_end,-515.7955274638914,759,0.15500391528014576,200.0,,,,,
54732,episode_end,179.39443626711858,128,0.15480151295150996,200.0,,,,,
55000,train_step,,,0.15140841751119896,200.0,55000,161.63931274414062,-29.633968353271484,1.9137723445892334,-0.16277848184108734
55732,episode_end,166.80773713389294,1000,0.15195843013810165,200.0,,,,,
56000,train_step,,,0.1535367055689106,200.0,56000,22.76711082458496,-29.677648544311523,1.8244822025299072,-0.32888805866241455
56732,episode_end,245.3716394685196,1000,0.14991950955069486,200.0,,,,,
56851,episode_end,243.72587470783225,119,0.14829331009375785,200.0,,,,,
57000,train_step,,,0.14881342210679382,200.0,57000,33.52288055419922,-28.944988250732422,2.004176139831543,0.007956061512231827
57479,episode_end,122.10165162078528,628,0.14773896194674022,200.0,,,,,
57619,episode_end,218.80640758470412,140,0.1490574324540925,200.0,,,,,
57712,episode_end,-35.04132639695557,93,0.14869409915463877,200.0,,,,,
57856,episode_end,99.25942666996818,144,0.14821569042008648,200.0,,,,,
57961,episode_end,-368.92215875169387,105,0.14699588406711545,200.0,,,,,
58000,train_step,,,0.14633724097924086,200.0,58000,192.39501953125,-22.728519439697266,1.8340343236923218,-0.31895965337753296
58189,episode_end,30.632352004104064,228,0.1463239501039208,200.0,,,,,
58286,episode_end,-161.16620812172283,97,0.14740389471797596,200.0,,,,,
58608,episode_end,-263.34651276760496,322,0.14711068495833213,200.0,,,,,
58769,episode_end,180.4394221632964,161,0.14688167910128555,200.0,,,,,
59000,train_step,,,0.14692219562157594,200.0,59000,65.08869934082031,-33.545021057128906,2.106323003768921,0.20391172170639038
59280,episode_end,-279.45214623454683,511,0.14719281426251446,200.0,,,,,
59387,episode_end,187.28642510589833,107,0.14613097871448552,200.0,,,,,
60000,train_step,,,0.1461265551151764,200.0,60000,38.54829406738281,-39.09502410888672,2.1226296424865723,0.23585163056850433
60387,episode_end,99.97970948907567,1000,0.14920444249706746,200.0,,,,,
61000,train_step,,,0.1512428756858897,200.0,61000,151.26104736328125,-39.63981628417969,2.008474826812744,0.016007743775844574
61387,episode_end,84.90520492147834,1000,0.15632161059557712,200.0,,,,,
62000,train_step,,,0.15516840764509654,200.0,62000,43.721900939941406,-31.94363021850586,1.8731497526168823,-0.23635296523571014
62387,episode_end,63.266677185948375,1000,0.15750037805506623,200.0,,,,,
62501,episode_end,219.55997509753513,114,0.15584200255439565,200.0,,,,,
63000,train_step,,,0.1601138150026399,200.0,63000,336.8318786621094,-42.694969177246094,2.0775585174560547,0.14207686483860016
63501,episode_end,92.21823204653461,1000,0.1582278440168703,200.0,,,,,
63996,episode_end,-66.68545545801999,495,0.1563860302447214,200.0,,,,,
64000,train_step,,,0.15630675036197816,200.0,64000,192.148681640625,-37.81904220581055,1.8714654445648193,-0.23855191469192505
64229,episode_end,119.01174970799653,233,0.15777007471342885,200.0,,,,,
64375,episode_end,269.6052460190054,146,0.15808998394526197,200.0,,,,,
64606,episode_end,164.8579323238476,231,0.15911397252581216,200.0,,,,,
64768,episode_end,234.42502915923427,162,0.1598307689034761,200.0,,,,,
65000,train_step,,,0.1608895900901207,200.0,65000,51.324581146240234,-33.140846252441406,2.1845028400421143,0.3370935916900635
65001,episode_end,110.2340677918057,233,0.16091329310413818,200.0,,,,,
65346,episode_end,228.69122127732362,345,0.15995871754973076,200.0,,,,,
66000,train_step,,,0.15714630803841656,200.0,66000,248.95919799804688,-42.13744354248047,1.9990087747573853,-0.001834288239479065
66346,episode_end,8.753217524157035,1000,0.15797685198330833,200.0,,,,,
67000,train_step,,,0.15577800650114915,200.0,67000,35.25375747680664,-39.457149505615234,1.9246776103973389,-0.14004871249198914
67346,episode_end,31.84949894954659,1000,0.15630623160976242,200.0,,,,,
68000,train_step,,,0.15810690677667874,200.0,68000,159.58364868164062,-45.49945068359375,2.1910910606384277,0.35246431827545166
68346,episode_end,109.0723084800198,1000,0.1660505539751706,200.0,,,,,
68997,episode_end,141.6233413036857,651,0.16183926140436494,200.0,,,,,
69000,train_step,,,0.16189506941767196,200.0,69000,500.3125,-46.01866912841797,2.0149614810943604,0.02724207192659378
69325,episode_end,127.47295810243688,328,0.1599872310498374,200.0,,,,,
70000,train_step,,,0.16342652450323392,200.0,70000,29.679031372070312,-33.39113235473633,1.9385814666748047,-0.11125324666500092
70325,episode_end,113.4562853920716,1000,0.16455168511795776,200.0,,,,,
71000,train_step,,,0.16864088497458196,200.0,71000,187.93304443359375,-46.000205993652344,2.255075454711914,0.45403021574020386
71325,episode_end,100.74496972789997,1000,0.17122501555964495,200.0,,,,,
72000,train_step,,,0.1744262273415011,200.0,72000,54.063255310058594,-33.940513610839844,1.9306905269622803,-0.12103193998336792
72325,episode_end,125.0094854960771,1000,0.17221742049777986,200.0,,,,,
73000,train_step,,,0.17113305375453408,200.0,73000,456.20440673828125,-51.79512023925781,1.927665114402771,-0.1276935338973999
73325,episode_end,-44.295359244312124,1000,0.16760305862324715,200.0,,,,,
74000,train_step,,,0.17344188934783855,200.0,74000,22.38311004638672,-43.36557388305664,1.9708448648452759,-0.05107708275318146
74325,episode_end,86.5705090831641,1000,0.17240121925915974,200.0,,,,,
75000,train_step,,,0.16778594046029752,200.0,75000,157.87905883789062,-45.10966491699219,1.7698328495025635,-0.41086363792419434
75046,episode_end,164.74357800596664,721,0.16682168335502745,200.0,,,,,
75130,episode_end,238.28758213824545,84,0.16571391578644323,200.0,,,,,
76000,train_step,,,0.1705563161750774,200.0,76000,102.87715148925781,-50.05195236206055,1.6725573539733887,-0.5791444778442383
76130,episode_end,-60.940827545311016,1000,0.1735200350223877,200.0,,,,,
77000,train_step,,,0.20308727517303488,200.0,77000,33.01972961425781,-39.72174072265625,2.0796518325805664,0.1269744634628296
77130,episode_end,148.91458110115875,1000,0.20208574723586353,200.0,,,,,
78000,train_step,,,0.19085855213503342,200.0,78000,164.07211303710938,-44.716026306152344,1.8852710723876953,-0.1900167465209961
78130,episode_end,126.42013435279208,1000,0.18997345942924024,200.0,,,,,
79000,train_step,,,0.1890197853619848,200.0,79000,418.66143798828125,-50.37623596191406,2.117769718170166,0.19619272649288177
79130,episode_end,58.012318339696165,1000,0.18867158618692512,200.0,,,,,
80000,train_step,,,0.19348837026776974,200.0,80000,117.51689147949219,-48.180381774902344,1.9239040613174438,-0.12499044835567474
80130,episode_end,99.92234283007639,1000,0.19283271955700063,200.0,,,,,
81000,train_step,,,0.1869609971005976,200.0,81000,20.349185943603516,-43.71900939941406,2.156618118286133,0.2626262307167053
81130,episode_end,43.38728579012509,1000,0.18623697270824213,200.0,,,,,
82000,train_step,,,0.1861121708309035,200.0,82000,40.705833435058594,-50.495277404785156,1.7597554922103882,-0.4039483964443207
82130,episode_end,44.36852771741821,1000,0.18725119865883486,200.0,,,,,
83000,train_step,,,0.1826965912820544,200.0,83000,62.566017150878906,-45.78696823120117,1.9348440170288086,-0.11076042056083679
83130,episode_end,82.0679656909693,1000,0.18101207409375178,200.0,,,,,
84000,train_step,,,0.17604504363972281,200.0,84000,98.67552185058594,-43.43500518798828,1.7049400806427002,-0.5125236511230469
84130,episode_end,104.30403172864769,1000,0.1724771146082107,200.0,,,,,
85000,train_step,,,0.16481691258733797,200.0,85000,79.50128173828125,-44.597965240478516,2.3041164875030518,0.5482975244522095
85130,episode_end,55.31632085840894,1000,0.1663550920707257,200.0,,,,,
86000,train_step,,,0.1710257823058523,200.0,86000,26.45404815673828,-58.80915832519531,2.0663440227508545,0.1171598732471466
86130,episode_end,46.3946520785791,1000,0.17462734309432917,200.0,,,,,
87000,train_step,,,0.17384580611306952,200.0,87000,40.58375549316406,-46.743621826171875,1.941575527191162,-0.10221867263317108
87130,episode_end,121.86484132561745,1000,0.17289007905100945,200.0,,,,,
88000,train_step,,,0.16642122124644193,200.0,88000,72.55320739746094,-57.68902587890625,1.90641188621521,-0.16782546043395996
88130,episode_end,88.63545445567318,1000,0.16513712875747247,200.0,,,,,
89000,train_step,,,0.1708592751208326,200.0,89000,23.226316452026367,-54.61565017700195,2.1442246437072754,0.2548326849937439
89130,episode_end,132.1757371213624,1000,0.17055591693086844,200.0,,,,,
90000,train_step,,,0.16311917481473687,200.0,90000,161.57305908203125,-54.623382568359375,1.9617689847946167,-0.06932333111763
90130,episode_end,115.97490023109147,1000,0.16430817688776045,200.0,,,,,
91000,train_step,,,0.16418103981971055,200.0,91000,42.45863723754883,-56.780799865722656,1.7832591533660889,-0.39160409569740295
91130,episode_end,98.61246595129099,1000,0.1637144317122587,200.0,,,,,
91216,episode_end,222.36495861587093,86,0.1631303812756777,200.0,,,,,
91332,episode_end,194.01811692057493,116,0.16313072996742395,200.0,,,,,
91447,episode_end,216.15651295424567,115,0.1641085984070053,200.0,,,,,
92000,train_step,,,0.16233206494251132,200.0,92000,27.911312103271484,-49.840858459472656,1.9412035942077637,-0.10689814388751984
92447,episode_end,84.33031457960423,1000,0.16507384933248745,200.0,,,,,
93000,train_step,,,0.1629357971927836,200.0,93000,28.348228454589844,-54.15016174316406,2.102203369140625,0.1854376494884491
93447,episode_end,131.48938911717397,1000,0.16636080281312268,200.0,,,,,
94000,train_step,,,0.16164931922832834,200.0,94000,39.746917724609375,-49.771156311035156,2.144148349761963,0.262685090303421
94447,episode_end,108.87500842507137,1000,0.16207322937890042,200.0,,,,,
95000,train_step,,,0.16249590708463746,200.0,95000,20.37810516357422,-54.69419860839844,1.882487416267395,-0.21353234350681305
95447,episode_end,108.89543940176739,1000,0.16126905300067867,200.0,,,,,
95565,episode_end,212.28968006189706,118,0.16072400218299276,200.0,,,,,
96000,train_step,,,0.15843755968912368,200.0,96000,25.29534149169922,-47.734954833984375,2.139613389968872,0.2572229504585266
96565,episode_end,142.29199491228178,1000,0.15447463945454867,200.0,,,,,
97000,train_step,,,0.15533063950192405,200.0,97000,25.90790557861328,-60.8853874206543,1.9688318967819214,-0.05804113298654556
97565,episode_end,111.1039062903412,1000,0.15531437244073934,200.0,,,,,
98000,train_step,,,0.15354623188768654,200.0,98000,352.93560791015625,-50.896766662597656,1.9601032733917236,-0.07475648075342178
98565,episode_end,97.49941033229477,1000,0.15766228140034733,200.0,,,,,
98695,episode_end,239.6257932555328,130,0.1573698287173141,200.0,,,,,
98866,episode_end,214.8258234479099,171,0.15912627666415938,200.0,,,,,
99000,train_step,,,0.15976389635485816,200.0,99000,108.31254577636719,-56.96406555175781,1.946580171585083,-0.09797506034374237
99866,episode_end,121.03461880146021,1000,0.159127884721444,200.0,,,,,
100000,train_step,,,0.15961721503899756,200.0,100000,327.0245056152344,-45.21361541748047,2.0381951332092285,0.07008744031190872
100866,episode_end,29.112721037645873,1000,0.15557263190932022,200.0,,,,,
101000,train_step,,,0.15643255122216748,200.0,100000,20.585205078125,-50.67428970336914,1.78853440284729,-0.39229631423950195
101038,episode_end,205.92394685069718,172,0.1554123561922094,200.0,,,,,
101209,episode_end,14.596464214994924,171,0.1518997631594265,200.0,,,,,
102000,train_step,,,0.15362921709985586,200.0,100000,25.318851470947266,-53.60643768310547,1.9874392747879028,-0.02352885901927948
102209,episode_end,119.02942775133883,1000,0.15009547175554558,200.0,,,,,
103000,train_step,,,0.14942103249166422,200.0,100000,31.522212982177734,-48.985565185546875,2.1757521629333496,0.3341027796268463
103209,episode_end,78.62117647650179,1000,0.15121509829497914,200.0,,,,,
103368,episode_end,152.15737290149355,159,0.1507062974939842,200.0,,,,,
104000,train_step,,,0.14626133737251523,200.0,100000,19.81007194519043,-46.26927185058594,1.967745065689087,-0.062005698680877686
104368,episode_end,85.7306124274887,1000,0.1438199919139008,200.0,,,,,
105000,train_step,,,0.14105014149117237,200.0,100000,223.55050659179688,-53.79280090332031,1.817732572555542,-0.3569960296154022
105368,episode_end,201.66746293773258,1000,0.13896322972036426,200.0,,,,,
106000,train_step,,,0.13546256258072017,200.0,100000,14.804035186767578,-49.60990905761719,1.8050671815872192,-0.3896823525428772
106368,episode_end,184.24185560100938,1000,0.1341451351822553,200.0,,,,,
107000,train_step,,,0.13074188048490862,200.0,100000,21.49970054626465,-50.5319709777832,1.9791481494903564,-0.042423784732818604
107368,episode_end,209.15814787365863,1000,0.1330878575475649,200.0,,,,,
107465,episode_end,215.81392865084274,97,0.13356601905422275,200.0,,,,,
108000,train_step,,,0.13323743710665772,200.0,100000,150.04800415039062,-54.91009521484375,1.7966388463974,-0.4098993241786957
108465,episode_end,234.0022604535544,1000,0.13130144844114675,200.0,,,,,
109000,train_step,,,0.12209084298433465,200.0,100000,22.792156219482422,-52.5050163269043,1.9236153364181519,-0.1606363207101822
109465,episode_end,217.57373935724974,1000,0.12185060495704882,200.0,,,,,
110000,train_step,,,0.12198737047821452,200.0,100000,18.344329833984375,-47.954925537109375,1.8946561813354492,-0.22162649035453796
110465,episode_end,159.06406929451148,1000,0.12412425236958274,200.0,,,,,
111000,train_step,,,0.12150131111838663,200.0,100000,56.73857116699219,-49.81505584716797,1.8915398120880127,-0.22861561179161072
111465,episode_end,191.5338498611246,1000,0.11649663571064073,200.0,,,,,
112000,train_step,,,0.11492117445493757,200.0,100000,52.28507995605469,-51.040470123291016,2.047912836074829,0.10365985333919525
112465,episode_end,219.49196684653467,1000,0.11204195279263811,200.0,,,,,
113000,train_step,,,0.11433799292518747,200.0,100000,178.07369995117188,-49.18900680541992,1.9265556335449219,-0.15927118062973022
113465,episode_end,141.87647575662885,1000,0.11220577427460604,200.0,,,,,
114000,train_step,,,0.11192997818599836,200.0,100000,50.19220733642578,-49.94457244873047,2.37298583984375,0.8167946338653564
114465,episode_end,141.82778264134396,1000,0.1104484024738509,200.0,,,,,
115000,train_step,,,0.11121984974035298,200.0,100000,415.0294494628906,-38.8828125,1.772378921508789,-0.4999120533466339
115465,episode_end,123.99646212663507,1000,0.1118340878354828,200.0,,,,,
115996,episode_end,66.25975370463462,531,0.11182172733619362,200.0,,,,,
116000,train_step,,,0.1117671969594374,200.0,100000,49.8046875,-52.897621154785156,1.8687353134155273,-0.2876451313495636
116996,episode_end,210.64627142156934,1000,0.11153406090966227,200.0,,,,,
117000,train_step,,,0.11146656328119392,200.0,100000,78.62977600097656,-51.662498474121094,2.052567481994629,0.11533516645431519
117996,episode_end,143.37991447865585,1000,0.1098325223891516,200.0,,,,,
118000,train_step,,,0.10988542348529362,200.0,100000,17.323875427246094,-53.31647872924805,2.1151771545410156,0.2543478310108185
118996,episode_end,124.10086587461188,1000,0.10806887494723326,200.0,,,,,
119000,train_step,,,0.10808365958455989,200.0,100000,32.342803955078125,-46.613250732421875,1.9720169305801392,-0.062257930636405945
119996,episode_end,116.08739429146001,1000,0.10516834400870947,200.0,,,,,
120000,train_step,,,0.10518521925681465,200.0,100000,30.38250732421875,-44.95027160644531,2.023390769958496,0.05267675220966339
120996,episode_end,190.40739963231923,1000,0.10521018598779983,200.0,,,,,
121000,train_step,,,0.10525508398852512,200.0,100000,20.572147369384766,-46.57918930053711,1.9792649745941162,-0.046682119369506836
121996,episode_end,159.55267143999163,1000,0.10125867429243655,200.0,,,,,
122000,train_step,,,0.10111482415209903,200.0,100000,23.275882720947266,-39.68585968017578,1.8945105075836182,-0.2417290210723877
122996,episode_end,158.54471067045432,1000,0.10346033204902112,200.0,,,,,
123000,train_step,,,0.10342541783023936,200.0,100000,124.1233901977539,-51.32135772705078,1.9873934984207153,-0.028603099286556244
123996,episode_end,122.17651488132141,1000,0.10811850675067217,200.0,,,,,
124000,train_step,,,0.10810263469589727,200.0,100000,12.623306274414062,-43.463134765625,1.797672986984253,-0.45011159777641296
124996,episode_end,49.94916524173301,1000,0.10929637519773357,200.0,,,,,
125000,train_step,,,0.10926182055763681,200.0,100000,20.654361724853516,-42.541500091552734,1.9576351642608643,-0.09379610419273376
125996,episode_end,20.061756407624646,1000,0.10897280761131257,200.0,,,,,
126000,train_step,,,0.10902542562102709,200.0,100000,117.42796325683594,-43.56422424316406,2.2344470024108887,0.5195757150650024
126996,episode_end,119.9189628711598,1000,0.10975754202480872,200.0,,,,,
127000,train_step,,,0.10971463623973045,200.0,100000,21.33707046508789,-48.21540069580078,1.886441946029663,-0.25094905495643616
127996,episode_end,219.19848263731842,1000,0.11079287364447217,200.0,,,,,
128000,train_step,,,0.11085536103899955,200.0,100000,13.748050689697266,-42.439151763916016,2.063292980194092,0.13921479880809784
128996,episode_end,42.17914405212096,1000,0.11130297312324614,200.0,,,,,
129000,train_step,,,0.11126255843432449,200.0,100000,97.49752807617188,-50.81227111816406,1.9268327951431274,-0.1606651097536087
129996,episode_end,127.30696579558597,1000,0.10634002139133672,200.0,,,,,
130000,train_step,,,0.1063739076148713,200.0,100000,25.089797973632812,-55.48043441772461,2.1808934211730957,0.4053448438644409
130996,episode_end,132.74531361905952,1000,0.09832888343811126,200.0,,,,,
131000,train_step,,,0.09837090054752018,200.0,100000,14.146186828613281,-48.07939147949219,2.084064245223999,0.19494584202766418
131996,episode_end,101.60483880058301,1000,0.10171559209381126,200.0,,,,,
132000,train_step,,,0.10165757914041394,200.0,100000,283.3162841796875,-43.25891876220703,1.8987252712249756,-0.2315288782119751
132996,episode_end,141.55495860520793,1000,0.10226805022315935,200.0,,,,,
133000,train_step,,,0.10223809809295274,200.0,100000,230.99847412109375,-48.33236312866211,1.7285008430480957,-0.6191403269767761
133996,episode_end,133.29213165486308,1000,0.09555698925913353,200.0,,,,,
134000,train_step,,,0.09565150088041542,200.0,100000,21.75896453857422,-44.18199920654297,1.9270179271697998,-0.1712922304868698
134996,episode_end,174.46390162607707,1000,0.09639915909125632,200.0,,,,,
135000,train_step,,,0.09642754053566496,200.0,100000,16.668498992919922,-49.93659210205078,1.9762240648269653,-0.05561074614524841
135996,episode_end,167.97746851001213,1000,0.09493396798897084,200.0,,,,,
136000,train_step,,,0.09496273250760215,200.0,100000,11.759194374084473,-51.30829620361328,1.8876614570617676,-0.2644752562046051
136996,episode_end,194.82137419587664,1000,0.09965097246346051,200.0,,,,,
137000,train_step,,,0.09966170972064295,200.0,100000,19.196178436279297,-50.413909912109375,2.027371406555176,0.06311798095703125
137996,episode_end,79.90104683923164,1000,0.09980808082639543,200.0,,,,,
138000,train_step,,,0.09989168352141564,200.0,100000,12.582558631896973,-42.03007507324219,2.1509878635406494,0.347826212644577
138996,episode_end,124.95868069328542,1000,0.09475339009115594,200.0,,,,,
139000,train_step,,,0.09466821401347245,200.0,100000,546.1505126953125,-46.67616653442383,1.5951796770095825,-0.9543141722679138
139996,episode_end,75.18185462153411,1000,0.0918825927364574,200.0,,,,,
140000,train_step,,,0.09196080072535555,200.0,100000,292.191162109375,-54.233184814453125,2.0073800086975098,0.017611950635910034
140996,episode_end,182.05465829176876,1000,0.09289955323511569,200.0,,,,,
141000,train_step,,,0.09283302530279258,200.0,100000,12.252260208129883,-46.391170501708984,2.0295231342315674,0.07017499953508377
141996,episode_end,223.9457122991101,1000,0.093001252017244,200.0,,,,,
142000,train_step,,,0.09303944259983052,200.0,100000,15.445696830749512,-51.152809143066406,2.0369272232055664,0.08769233524799347
142996,episode_end,214.46259927899754,1000,0.09234276819800871,200.0,,,,,
143000,train_step,,,0.09234222111456364,200.0,100000,22.972896575927734,-50.804683685302734,2.1694602966308594,0.40369731187820435
143996,episode_end,133.4095109695601,1000,0.09342889383609498,200.0,,,,,
144000,train_step,,,0.09342550924848018,200.0,100000,23.80951499938965,-48.87236022949219,2.087765693664551,0.20805609226226807
144996,episode_end,94.26951797370343,1000,0.09183508281931899,200.0,,,,,
145000,train_step,,,0.09187777410439492,200.0,100000,26.32244873046875,-50.30260467529297,1.8415181636810303,-0.3783431351184845
145106,episode_end,186.1807011923263,110,0.0903634507976347,200.0,,,,,
146000,train_step,,,0.09021366460364103,200.0,100000,150.7696533203125,-52.2982292175293,1.937288761138916,-0.15085668861865997
146106,episode_end,182.75350589087,1000,0.09064771725877095,200.0,,,,,
146237,episode_end,222.062077804282,131,0.08951186218708405,200.0,,,,,
147000,train_step,,,0.08729136442483751,200.0,100000,96.51312255859375,-47.610836029052734,2.0793099403381348,0.1933978646993637
147237,episode_end,217.11678853378442,1000,0.08674760457007011,200.0,,,,,
148000,train_step,,,0.08478774698461093,200.0,100000,173.77037048339844,-50.42633056640625,2.1093103885650635,0.2697349786758423
148237,episode_end,208.08741383621245,1000,0.08654538892134274,200.0,,,,,
149000,train_step,,,0.08590561892043247,200.0,100000,16.036895751953125,-47.0545654296875,2.0559589862823486,0.13735145330429077
149237,episode_end,122.46134892923027,1000,0.08780462349234197,200.0,,,,,
150000,train_step,,,0.08783940446343635,200.0,100000,14.803321838378906,-50.29432678222656,1.923058271408081,-0.18714073300361633
150237,episode_end,216.50114194375428,1000,0.08714700164026865,200.0,,,,,
151000,train_step,,,0.08573188650992826,200.0,100000,90.87999725341797,-49.639854431152344,1.8099596500396729,-0.46683990955352783
151237,episode_end,239.62023339699124,1000,0.08570826551967411,200.0,,,,,
152000,train_step,,,0.08212997808938592,200.0,100000,37.289756774902344,-50.74668884277344,2.0125808715820312,0.031445495784282684
152237,episode_end,200.45680746502052,1000,0.08034815003602705,200.0,,,,,
153000,train_step,,,0.08179238826916699,200.0,100000,41.07661819458008,-49.29658126831055,1.8654799461364746,-0.33678075671195984
153237,episode_end,70.55918491231746,1000,0.08025929681125397,200.0,,,,,
154000,train_step,,,0.07571426584458352,200.0,100000,14.44554615020752,-52.7223014831543,1.8645994663238525,-0.3494400978088379
154237,episode_end,229.21680129235895,1000,0.07569206089565722,200.0,,,,,
154321,episode_end,201.6157037578174,84,0.07521679679253086,200.0,,,,,
155000,train_step,,,0.07423012209219208,200.0,100000,13.229515075683594,-46.750030517578125,1.9739375114440918,-0.06777778267860413
155321,episode_end,144.86368960557823,1000,0.0718248812001526,200.0,,,,,
156000,train_step,,,0.07091771393881614,200.0,100000,31.22455596923828,-57.13555908203125,2.391730308532715,1.0366108417510986
156321,episode_end,211.65497939761264,1000,0.07145814485077458,200.0,,,,,
157000,train_step,,,0.07072893623315524,200.0,100000,159.2923126220703,-46.956424713134766,2.1323814392089844,0.3506651520729065
157321,episode_end,146.26664352718794,1000,0.06939154760489444,200.0,,,,,
158000,train_step,,,0.06487423772555727,200.0,100000,13.51867961883545,-50.68886184692383,2.2059264183044434,0.5632712841033936
158321,episode_end,85.64453731569063,1000,0.06414332885761227,200.0,,,,,
159000,train_step,,,0.06543542994696723,200.0,100000,71.78643035888672,-47.65421676635742,2.0008625984191895,0.0023523718118667603
159321,episode_end,174.14309074569366,1000,0.06566764374725065,200.0,,,,,
160000,train_step,,,0.06794378345078919,200.0,100000,20.963645935058594,-49.82756423950195,1.9967342615127563,-0.008781880140304565
160321,episode_end,188.49218683002368,1000,0.06733473467917517,200.0,,,,,
160511,episode_end,1.118537445758733,190,0.06618632703497308,200.0,,,,,
161000,train_step,,,0.06522524153424107,200.0,100000,314.41815185546875,-47.351661682128906,2.0912227630615234,0.24902960658073425
161253,episode_end,378.855294270071,742,0.06457351482445367,200.0,,,,,
161426,episode_end,-76.39475528317202,173,0.06436021157285392,200.0,,,,,
162000,train_step,,,0.06577857812816677,200.0,100000,12.587691307067871,-47.557884216308594,1.9087426662445068,-0.2483534812927246
162426,episode_end,136.97426065887205,1000,0.06445014456050402,200.0,,,,,
163000,train_step,,,0.06742651210268767,200.0,100000,11.629602432250977,-46.80554962158203,2.1718084812164307,0.46331900358200073
163192,episode_end,363.41776684306967,766,0.06752088404030387,200.0,,,,,
164000,train_step,,,0.06966391827252959,200.0,100000,41.56023025512695,-40.89186096191406,1.8772220611572266,-0.32708942890167236
164192,episode_end,213.9828606713164,1000,0.06919562715023247,200.0,,,,,
165000,train_step,,,0.0692348958657976,200.0,100000,32.82416534423828,-42.02021789550781,2.011270046234131,0.03009358048439026
165192,episode_end,204.21937096283628,1000,0.0689142288861863,200.0,,,,,
166000,train_step,,,0.070346551483021,200.0,100000,13.631463050842285,-41.081695556640625,2.111830234527588,0.2968333959579468
166192,episode_end,199.36034681250257,1000,0.07090744335512335,200.0,,,,,
167000,train_step,,,0.07029125299967777,200.0,100000,14.267346382141113,-49.49726104736328,1.9583067893981934,-0.11069989949464798
167192,episode_end,121.06207895629326,1000,0.07193592211126824,200.0,,,,,
167306,episode_end,82.92127536206394,114,0.07418121620848885,200.0,,,,,
167682,episode_end,-86.08234876462691,376,0.07148324568379456,200.0,,,,,
168000,train_step,,,0.07145656415509695,200.0,100000,10.456000328063965,-42.51475143432617,2.2218737602233887,0.5854503512382507
168682,episode_end,211.17732070780002,1000,0.07182309242391698,200.0,,,,,
169000,train_step,,,0.07166274429676207,200.0,100000,503.8011169433594,-41.74374771118164,1.930987000465393,-0.1819031834602356
169682,episode_end,102.86610194663942,1000,0.07189894741264549,200.0,,,,,
170000,train_step,,,0.0718248885467252,200.0,100000,12.596553802490234,-39.945640563964844,2.217367172241211,0.5724415183067322
170682,episode_end,122.46082410232862,1000,0.07043888047390916,200.0,,,,,
171000,train_step,,,0.07120313817358201,200.0,100000,336.5694885253906,-39.05498123168945,1.717658281326294,-0.7460084557533264
171682,episode_end,131.96947791425458,1000,0.06780300245277433,200.0,,,,,
172000,train_step,,,0.06813530722665363,200.0,100000,150.07757568359375,-44.522544860839844,2.009636878967285,0.02588709443807602
172682,episode_end,154.83210730264412,1000,0.06784603307916802,200.0,,,,,
172828,episode_end,273.9226583604538,146,0.06734732903439979,200.0,,,,,
173000,train_step,,,0.06674511749758787,200.0,100000,167.48617553710938,-43.212257385253906,1.8992582559585571,-0.2726951837539673
173122,episode_end,414.9590886012718,294,0.06513537026773342,200.0,,,,,
173517,episode_end,415.9083775575796,395,0.0655481763904739,200.0,,,,,
174000,train_step,,,0.06696882498076119,200.0,100000,66.08013916015625,-46.849063873291016,2.1564207077026367,0.4228878319263458
174517,episode_end,133.4827382566331,1000,0.06818475508476715,200.0,,,,,
175000,train_step,,,0.06986681224061096,200.0,100000,18.673934936523438,-42.79573059082031,2.134795665740967,0.3587131202220917
175517,episode_end,148.8499711481068,1000,0.06752135856125432,200.0,,,,,
176000,train_step,,,0.06772427725454605,200.0,100000,12.932669639587402,-44.84429931640625,1.9014251232147217,-0.265394002199173
176517,episode_end,208.018965473781,1000,0.06649880084854766,200.0,,,,,
176610,episode_end,-603.9961491452659,93,0.06575520770716935,200.0,,,,,
177000,train_step,,,0.06765075165235501,200.0,100000,39.186119079589844,-41.34503173828125,2.110565662384033,0.2977971136569977
177610,episode_end,275.8643890508408,1000,0.06552850785894818,200.0,,,,,
177752,episode_end,153.25848756394353,142,0.06599417691094597,200.0,,,,,
178000,train_step,,,0.0644499934729577,200.0,100000,34.602535247802734,-42.46400451660156,1.9025897979736328,-0.2670854926109314
178752,episode_end,242.8952076393011,1000,0.06826334375073327,200.0,,,,,
179000,train_step,,,0.06719499002646213,200.0,100000,15.052301406860352,-36.19889831542969,1.932856559753418,-0.18129807710647583
179752,episode_end,130.59874129626115,1000,0.0693942221894027,200.0,,,,,
179826,episode_end,205.23029801522438,74,0.06889027703836119,200.0,,,,,
180000,train_step,,,0.06755464896265471,200.0,100000,27.520048141479492,-47.88213348388672,1.7625617980957031,-0.6398526430130005
180826,episode_end,12.801768324351947,1000,0.06912218905147975,200.0,,,,,
181000,train_step,,,0.0698966804748761,200.0,100000,163.60757446289062,-46.21704864501953,2.0660831928253174,0.17583000659942627
181481,episode_end,-342.13022611822373,655,0.07139843009908473,200.0,,,,,
181643,episode_end,135.65775053400827,162,0.07093709593912324,200.0,,,,,
182000,train_step,,,0.07052437243812618,200.0,100000,90.61808013916016,-42.921531677246094,1.8830289840698242,-0.3101832866668701
182643,episode_end,234.5518126598051,1000,0.06970449419255703,200.0,,,,,
183000,train_step,,,0.07206936581192487,200.0,100000,161.03659057617188,-39.88690948486328,1.7947916984558105,-0.5397238731384277
183643,episode_end,214.92567022275568,1000,0.07397263793667444,200.0,,,,,
184000,train_step,,,0.0748932827313981,200.0,100000,14.44566535949707,-42.0335578918457,2.065277099609375,0.16917845606803894
184141,episode_end,-8.473793275533154,498,0.0759569513038416,200.0,,,,,
185000,train_step,,,0.08310935710845198,200.0,100000,31.322254180908203,-46.165489196777344,2.2403292655944824,0.5978425741195679
185141,episode_end,236.12178827896562,1000,0.08304898818069238,200.0,,,,,
186000,train_step,,,0.083189550329366,200.0,100000,33.00426483154297,-40.17266082763672,2.0364675521850586,0.09068100154399872
186141,episode_end,235.7567443868301,1000,0.0822581701058502,200.0,,,,,
187000,train_step,,,0.0941911554558155,200.0,100000,13.656652450561523,-38.8308219909668,1.819056510925293,-0.4274660646915436
187141,episode_end,244.57927001431568,1000,0.09680815819532021,200.0,,,,,
187368,episode_end,-1302.1022093349857,227,0.09717660857691843,200.0,,,,,
188000,train_step,,,0.10128760807387167,200.0,100000,17.27936553955078,-44.865501403808594,2.137498140335083,0.314842164516449
188368,episode_end,273.57158740912377,1000,0.10239601576585547,200.0,,,,,
188444,episode_end,143.50330216311815,76,0.10237657446143468,200.0,,,,,
189000,train_step,,,0.11497767714657083,200.0,100000,14.59355354309082,-45.91279220581055,2.307131290435791,0.664330244064331
189370,episode_end,385.8037175844117,926,0.12003769470642471,200.0,,,,,
189624,episode_end,-209.2223693895024,254,0.12063650173143257,200.0,,,,,
190000,train_step,,,0.11937766823667854,200.0,100000,15.478401184082031,-40.65226364135742,1.7358529567718506,-0.5614346861839294
190323,episode_end,397.36973359948513,699,0.11873370876339316,200.0,,,,,
191000,train_step,,,0.11930436089465984,200.0,100000,15.282731056213379,-49.9130859375,2.0519189834594727,0.11038419604301453
191323,episode_end,192.15680988162913,1000,0.12051168958991462,200.0,,,,,
191914,episode_end,415.5007302875275,591,0.12093763770986678,200.0,,,,,
192000,train_step,,,0.12184813886366076,200.0,100000,22.21553611755371,-50.70501708984375,2.3662846088409424,0.7710217237472534
192914,episode_end,225.21506867330095,1000,0.11990327414022808,200.0,,,,,
193000,train_step,,,0.11946430507636437,200.0,100000,327.046875,-55.9071159362793,1.962180733680725,-0.08035585284233093
193914,episode_end,161.4740257492129,1000,0.11004576874078834,200.0,,,,,
194000,train_step,,,0.10919635287093851,200.0,100000,71.71531677246094,-55.00808334350586,1.8237372636795044,-0.39035293459892273
194696,episode_end,373.47540899077245,782,0.10828419711090087,200.0,,,,,
195000,train_step,,,0.10804102480465444,200.0,100000,24.9138240814209,-54.89140319824219,1.9520506858825684,-0.10669897496700287
195572,episode_end,-369.70348604597734,876,0.10376623756522137,200.0,,,,,
195720,episode_end,225.5566791085298,148,0.10321183339557144,200.0,,,,,
196000,train_step,,,0.10195229508382096,200.0,100000,14.230775833129883,-53.15168380737305,2.1385278701782227,0.31629419326782227
196720,episode_end,-8.06438300231324,1000,0.10380866761394286,200.0,,,,,
196863,episode_end,200.15964106146345,143,0.10341571800499798,200.0,,,,,
196989,episode_end,39.45354609579951,126,0.10250229730371227,200.0,,,,,
197000,train_step,,,0.10260290890099065,200.0,100000,23.219959259033203,-60.02123260498047,1.9795771837234497,-0.046500466763973236
197989,episode_end,212.89215217856113,1000,0.10304979131264642,200.0,,,,,
198000,train_step,,,0.1030971846164484,200.0,100000,87.02195739746094,-52.26038360595703,2.153287649154663,0.34828224778175354
198989,episode_end,128.50918767600191,1000,0.10946708040710137,200.0,,,,,
199000,train_step,,,0.10949219905910626,200.0,100000,43.91853332519531,-58.58131408691406,2.085538864135742,0.18920378386974335
199989,episode_end,141.841975516205,1000,0.11293172755033148,200.0,,,,,
200000,train_step,,,0.11289439908309407,200.0,100000,43.930416107177734,-59.88406753540039,1.728662371635437,-0.5918693542480469
200989,episode_end,101.78628123507144,1000,0.10817077354257754,200.0,,,,,
201000,train_step,,,0.1082599989379046,200.0,100000,62.77001190185547,-59.758602142333984,2.13596248626709,0.3022739589214325
201989,episode_end,134.36692058774523,1000,0.10493749759398181,200.0,,,,,
202000,train_step,,,0.1048831398966392,200.0,100000,71.46664428710938,-55.1115837097168,1.848271369934082,-0.3421339988708496
202989,episode_end,124.05954284319331,1000,0.097827081105079,200.0,,,,,
203000,train_step,,,0.09778257480475652,200.0,100000,16.45798110961914,-56.85700225830078,2.029649257659912,0.0689348578453064
203135,episode_end,236.5370832603641,146,0.09583624501465826,200.0,,,,,
204000,train_step,,,0.09455869399306326,200.0,100000,11.954740524291992,-52.316226959228516,1.967555284500122,-0.0765218585729599
204135,episode_end,159.13356461937684,1000,0.09647566076541253,200.0,,,,,
204231,episode_end,208.60019151257865,96,0.09728174589795359,200.0,,,,,
205000,train_step,,,0.09784100436176937,200.0,100000,16.006254196166992,-54.58866500854492,2.1161742210388184,0.270036906003952
205231,episode_end,95.01608198843607,1000,0.09636615317758211,200.0,,,,,
206000,train_step,,,0.09831593388641201,200.0,100000,54.85627365112305,-53.392112731933594,2.2745556831359863,0.6368510723114014
206231,episode_end,126.04369174727154,1000,0.10000760321869376,200.0,,,,,
207000,train_step,,,0.09813639826675533,200.0,100000,105.1826171875,-58.53083801269531,2.042079448699951,0.09768309444189072
207231,episode_end,158.19085364117794,1000,0.0972720219366359,200.0,,,,,
208000,train_step,,,0.09570289523914617,200.0,100000,15.438015937805176,-61.315391540527344,1.9884257316589355,-0.02715882658958435
208231,episode_end,108.4663686660617,1000,0.09319576082724315,200.0,,,,,
209000,train_step,,,0.09143782598532245,200.0,100000,21.43873405456543,-57.8001708984375,2.242095470428467,0.5791159272193909
209231,episode_end,163.7248147324632,1000,0.09268704367770836,200.0,,,,,
210000,train_step,,,0.0902116818503985,200.0,100000,11.544169425964355,-57.3347282409668,2.009495973587036,0.022843658924102783
210231,episode_end,145.2446123153342,1000,0.0892306874297637,200.0,,,,,
211000,train_step,,,0.08795721385371745,200.0,100000,10.97205924987793,-58.018280029296875,1.9267855882644653,-0.1779772788286209
211231,episode_end,168.50695480573953,1000,0.08681785024701154,200.0,,,,,
212000,train_step,,,0.08300252101798139,200.0,100000,11.021684646606445,-53.53240966796875,2.0034663677215576,0.008627526462078094
212231,episode_end,191.6986264481045,1000,0.0799442264247119,200.0,,,,,
213000,train_step,,,0.07737595149322406,200.0,100000,10.905158996582031,-53.864871978759766,2.064701795578003,0.16557690501213074
213231,episode_end,147.6923594346328,1000,0.0774422708291583,200.0,,,,,
214000,train_step,,,0.0838641185520337,200.0,100000,10.981719970703125,-45.70645523071289,1.8587713241577148,-0.35004353523254395
214231,episode_end,147.00784790168558,1000,0.08523493499484457,200.0,,,,,
215000,train_step,,,0.08098906543896874,200.0,100000,31.565296173095703,-51.24116897583008,1.9130048751831055,-0.21865710616111755
215231,episode_end,186.66395543839923,1000,0.07848059178335552,200.0,,,,,
216000,train_step,,,0.07608302872160379,200.0,100000,10.743661880493164,-59.15979766845703,1.9608086347579956,-0.10095426440238953
216231,episode_end,155.13357772313248,1000,0.07490785759667512,200.0,,,,,
217000,train_step,,,0.07574839340659865,200.0,100000,8.061201095581055,-45.32124328613281,1.864823341369629,-0.34880155324935913
217231,episode_end,134.85502579771355,1000,0.07399915825141976,200.0,,,,,
218000,train_step,,,0.06988800149094954,200.0,100000,20.944561004638672,-51.135826110839844,2.1685352325439453,0.4484485983848572
218231,episode_end,208.5969679483652,1000,0.07142953934705377,200.0,,,,,
219000,train_step,,,0.0707642706414257,200.0,100000,19.708866119384766,-52.298213958740234,2.071744203567505,0.1900075376033783
219231,episode_end,159.7956434862986,1000,0.07353292732609093,200.0,,,,,
220000,train_step,,,0.06960497410684055,200.0,100000,12.057708740234375,-50.30855178833008,1.8149468898773193,-0.4931514263153076
220231,episode_end,136.2564988551632,1000,0.07045527585896279,200.0,,,,,
221000,train_step,,,0.07341018210923073,200.0,100000,10.162824630737305,-54.18959045410156,1.9492322206497192,-0.1325896829366684
221231,episode_end,258.70147432898426,1000,0.07351032824448989,200.0,,,,,
222000,train_step,,,0.07244169657604471,200.0,100000,9.512048721313477,-50.094696044921875,2.3930623531341553,1.03177809715271
222231,episode_end,229.28385738943453,1000,0.07075175506722015,200.0,,,,,
223000,train_step,,,0.07051554790257422,200.0,100000,180.64430236816406,-51.7664909362793,1.917670726776123,-0.21833090484142303
223231,episode_end,210.0695006407074,1000,0.07223822433986313,200.0,,,,,
224000,train_step,,,0.06956415492455846,200.0,100000,120.48329162597656,-54.96246337890625,1.952836275100708,-0.12571565806865692
224231,episode_end,210.09982969831086,1000,0.06836552407691329,200.0,,,,,
225000,train_step,,,0.06850954628458425,200.0,100000,11.90753173828125,-42.76571273803711,2.2044389247894287,0.5480567216873169
225231,episode_end,256.2819152892488,1000,0.06794743247833757,200.0,,,,,
225804,episode_end,402.13618232953957,573,0.0681036810165388,200.0,,,,,
226000,train_step,,,0.07041975112864457,200.0,100000,11.137462615966797,-44.394554138183594,1.9697024822235107,-0.0803881585597992
226804,episode_end,192.6652073660065,1000,0.06664230737294219,200.0,,,,,
227000,train_step,,,0.06654058823281568,200.0,100000,9.4710054397583,-45.99827575683594,1.7050505876541138,-0.7992963790893555
227051,episode_end,410.2023929658307,247,0.06630810662759276,200.0,,,,,
227400,episode_end,453.2468238854911,349,0.06689036102113223,200.0,,,,,
228000,train_step,,,0.0697641211570135,200.0,100000,33.606719970703125,-48.07469177246094,1.862597107887268,-0.36585354804992676
228400,episode_end,276.20240264571777,1000,0.07073607384672541,200.0,,,,,
228585,episode_end,469.3511709008364,185,0.07125677010227925,200.0,,,,,
228928,episode_end,466.49389668983304,343,0.07171508513804485,200.0,,,,,
229000,train_step,,,0.07201824671078581,200.0,100000,29.45955467224121,-46.64703369140625,1.914604902267456,-0.2246602177619934
229928,episode_end,142.8019922933244,1000,0.07210900560502152,200.0,,,,,
230000,train_step,,,0.07223665587945519,200.0,100000,51.73440170288086,-46.60253143310547,1.985400915145874,-0.038363128900527954
230928,episode_end,261.69542372958074,1000,0.07829354917659624,200.0,,,,,
231000,train_step,,,0.07748675088914746,200.0,100000,337.80859375,-39.65273666381836,1.8687325716018677,-0.3357362151145935
231061,episode_end,160.89171622315087,133,0.07689607334594624,200.0,,,,,
231308,episode_end,473.0533667216485,247,0.075945506522779,200.0,,,,,
232000,train_step,,,0.07789742848389601,200.0,100000,34.73350524902344,-48.055320739746094,2.0696253776550293,0.17770904302597046
232308,episode_end,161.29169659084954,1000,0.08146434400130467,200.0,,,,,
233000,train_step,,,0.08225026022508634,200.0,100000,100.79779052734375,-48.471214294433594,2.3781192302703857,0.9445375204086304
233308,episode_end,207.90975725588459,1000,0.08274265913576374,200.0,,,,,
233408,episode_end,212.74050277580136,100,0.08342595082448725,200.0,,,,,
233516,episode_end,203.0261688454459,108,0.0845586022006564,200.0,,,,,
234000,train_step,,,0.08908874649932055,200.0,100000,14.332951545715332,-42.974449157714844,1.775460124015808,-0.5429649353027344
234516,episode_end,278.9560859350172,1000,0.08746027652102657,200.0,,,,,
234657,episode_end,197.47203299012148,141,0.0875652083797776,200.0,,,,,
234770,episode_end,145.24486966431598,113,0.08750949352774344,200.0,,,,,
235000,train_step,,,0.08936741467883572,200.0,100000,10.153592109680176,-36.80999755859375,1.7823827266693115,-0.5255454182624817
235243,episode_end,-44.112136352837446,473,0.08881425306164879,200.0,,,,,
235375,episode_end,223.54668086847312,132,0.08752400448066505,200.0,,,,,
236000,train_step,,,0.08620892405415946,200.0,100000,36.26868438720703,-50.112911224365234,2.228428363800049,0.5598741173744202
236372,episode_end,302.84598176541647,997,0.0862796802462076,200.0,,,,,
236470,episode_end,196.8056059155577,98,0.08664833562592528,200.0,,,,,
237000,train_step,,,0.0820070378066514,200.0,100000,12.506444931030273,-48.83251190185547,2.2676498889923096,0.6693791151046753
237262,episode_end,408.94895738848004,792,0.0808165086322127,200.0,,,,,
237860,episode_end,451.3582366802278,598,0.08056090998269518,200.0,,,,,
238000,train_step,,,0.08006207679804674,200.0,100000,10.415087699890137,-42.89637756347656,1.7532941102981567,-0.6229206919670105
238354,episode_end,421.65048932759044,494,0.0820118832775063,200.0,,,,,
238804,episode_end,462.2076023331469,450,0.08580132286627222,200.0,,,,,
239000,train_step,,,0.08651909381688652,200.0,100000,159.001953125,-47.3580322265625,2.0107526779174805,0.02631620317697525
239057,episode_end,466.07880723141176,253,0.08673627358235259,200.0,,,,,
239315,episode_end,237.69574498761625,258,0.08579961109467077,200.0,,,,,
239835,episode_end,398.0818142477897,520,0.08555952491629353,200.0,,,,,
240000,train_step,,,0.08429221148537014,200.0,100000,14.093029975891113,-50.72166442871094,1.9855114221572876,-0.035837069153785706
240132,episode_end,481.28142639451335,297,0.08361263678772995,200.0,,,,,
240515,episode_end,10.880640851463568,383,0.08413629350945404,200.0,,,,,
241000,train_step,,,0.08622031268193209,200.0,100000,26.146024703979492,-43.496849060058594,1.9687498807907104,-0.0765894204378128
241442,episode_end,342.28788330920264,927,0.09060007527718913,200.0,,,,,
241993,episode_end,232.23281641744438,551,0.09658315242936899,200.0,,,,,
242000,train_step,,,0.09658545993648386,200.0,100000,29.001373291015625,-50.799259185791016,2.1953344345092773,0.4565606117248535
242403,episode_end,404.2837075908423,410,0.0934017821838563,200.0,,,,,
242893,episode_end,88.47415770365532,490,0.09592267435525918,200.0,,,,,
243000,train_step,,,0.09644829544793251,200.0,100000,51.827171325683594,-56.11028289794922,1.9714722633361816,-0.06671898812055588
243704,episode_end,-170.60518222654161,811,0.09780791483577962,200.0,,,,,
244000,train_step,,,0.09638099712605733,200.0,100000,18.858919143676758,-50.41606521606445,1.6995823383331299,-0.7028108835220337
244704,episode_end,214.67662583632796,1000,0.09837732328572715,200.0,,,,,
244879,episode_end,203.1051893356771,175,0.09808349081873809,200.0,,,,,
245000,train_step,,,0.09755158625392336,200.0,100000,18.386028289794922,-54.221153259277344,1.8166627883911133,-0.42669442296028137
245140,episode_end,375.7166392844065,261,0.0993406607648628,200.0,,,,,
245353,episode_end,424.00429419176123,213,0.10305904716035094,200.0,,,,,
245586,episode_end,481.00371304327007,233,0.1028737952986255,200.0,,,,,
245863,episode_end,264.2416577227929,277,0.1023021295685846,200.0,,,,,
246000,train_step,,,0.10224240302405586,200.0,100000,95.33830261230469,-49.14371871948242,1.9021055698394775,-0.2232392430305481
246334,episode_end,261.4575196585564,471,0.10051552336337291,200.0,,,,,
246688,episode_end,457.38717614155655,354,0.10229615422194856,200.0,,,,,
246854,episode_end,186.406021974042,166,0.10444275256737125,200.0,,,,,
247000,train_step,,,0.10371558443129807,200.0,100000,14.569536209106445,-59.92549133300781,2.1630301475524902,0.369443416595459
247402,episode_end,416.6106612135425,548,0.10054228215433886,200.0,,,,,
247973,episode_end,436.65635317669995,571,0.10178474198010112,200.0,,,,,
248000,train_step,,,0.10229695194231886,200.0,100000,16.770952224731445,-51.9860725402832,2.1957340240478516,0.44624945521354675
248327,episode_end,471.170543542061,354,0.10081845916800522,200.0,,,,,
248638,episode_end,389.70937927280687,311,0.10057325671169419,200.0,,,,,
248952,episode_end,490.03194593677233,314,0.09913301146336825,200.0,,,,,
249000,train_step,,,0.098825039636576,200.0,100000,15.32219123840332,-53.89118194580078,1.833902359008789,-0.3844170868396759
249221,episode_end,441.7866868454116,269,0.09771712692835167,200.0,,,,,
249487,episode_end,428.5354065564821,266,0.09759158282099764,200.0,,,,,
249803,episode_end,446.15699184113515,316,0.09835976603735508,200.0,,,,,
249945,episode_end,175.14802055672527,142,0.09766370539642846,200.0,,,,,
250000,train_step,,,0.09759772685945574,200.0,100000,78.06529998779297,-52.9346923828125,2.0003206729888916,0.0007459186017513275
250408,episode_end,445.9424099498082,463,0.10129263253432247,200.0,,,,,
251000,train_step,,,0.1004453447924532,200.0,100000,28.116817474365234,-55.709388732910156,2.1880526542663574,0.4321712255477905
251408,episode_end,211.23246718276908,1000,0.09890473037251415,200.0,,,,,
252000,train_step,,,0.1033097516858954,200.0,100000,65.04869842529297,-59.54716491699219,2.0354015827178955,0.08036231994628906
252001,episode_end,411.66414376905703,593,0.10331163664498098,200.0,,,,,
252421,episode_end,441.7370986188545,420,0.10016621606579595,200.0,,,,,
253000,train_step,,,0.09916425280291369,200.0,100000,20.590681076049805,-62.09477996826172,2.005855083465576,0.013530850410461426
253421,episode_end,194.5887208980988,1000,0.0981627661482164,200.0,,,,,
254000,train_step,,,0.10302159393675861,200.0,100000,18.90390396118164,-60.663597106933594,2.009535551071167,0.021672725677490234
254105,episode_end,431.71167660814086,684,0.10337926309024756,200.0,,,,,
254579,episode_end,455.987184683779,474,0.10175031849817173,200.0,,,,,
255000,train_step,,,0.10165841200746649,200.0,100000,24.87628173828125,-56.795555114746094,1.8582231998443604,-0.324121356010437
255063,episode_end,452.8400759844044,484,0.10134103751066562,200.0,,,,,
256000,train_step,,,0.10401059786703705,200.0,100000,326.3829345703125,-54.19015884399414,1.7510180473327637,-0.5635116696357727
256063,episode_end,161.91094298560378,1000,0.10400427183638197,200.0,,,,,
256831,episode_end,347.32061848101233,768,0.09582687693743791,200.0,,,,,
257000,train_step,,,0.09384195044404761,200.0,100000,52.32337188720703,-56.747459411621094,1.9992902278900146,-0.0016794800758361816
257025,episode_end,482.81192785696027,194,0.09359806954138554,200.0,,,,,
257388,episode_end,442.00756250029025,363,0.0916276108329862,200.0,,,,,
257694,episode_end,301.8563260972983,306,0.09201654408434622,200.0,,,,,
258000,train_step,,,0.09061367420326422,200.0,100000,50.811065673828125,-54.418548583984375,2.0191593170166016,0.04600480943918228
258279,episode_end,419.49102335307583,585,0.09199049558232997,200.0,,,,,
259000,train_step,,,0.10066256482392291,200.0,100000,98.60562133789062,-56.44856643676758,2.118713140487671,0.27256304025650024
259279,episode_end,141.8709575917363,1000,0.1003983911957243,200.0,,,,,
260000,train_step,,,0.09710279904641306,200.0,100000,32.818756103515625,-60.01802062988281,1.9814658164978027,-0.04322144389152527
260279,episode_end,139.4097976417865,1000,0.09626577478210303,200.0,,,,,
260570,episode_end,427.842253335802,291,0.0959901879461026,200.0,,,,,
260914,episode_end,466.6925711327459,344,0.09626522106718453,200.0,,,,,
261000,train_step,,,0.09747168712585888,200.0,100000,27.2844181060791,-60.25989532470703,2.05606746673584,0.13053587079048157
261673,episode_end,385.404263359846,759,0.09622513560685221,200.0,,,,,
261897,episode_end,286.18758552257464,224,0.0938990030406556,200.0,,,,,
262000,train_step,,,0.0915752363547685,200.0,100000,16.11115837097168,-61.26152420043945,1.9449162483215332,-0.13168293237686157
262218,episode_end,403.3358152403437,321,0.09237517805911485,200.0,,,,,
262597,episode_end,404.50714299538424,379,0.09275385172375733,200.0,,,,,
263000,train_step,,,0.09641141341585585,200.0,100000,120.849853515625,-66.68826293945312,2.000044822692871,0.00010481849312782288
263123,episode_end,448.740341571078,526,0.09636796704525175,200.0,,,,,
263459,episode_end,440.94414727634324,336,0.09736208731459293,200.0,,,,,
263710,episode_end,479.6211501585776,251,0.09941524838874087,200.0,,,,,
263964,episode_end,489.57646558610935,254,0.1013625140037603,200.0,,,,,
264000,train_step,,,0.10135396567616953,200.0,100000,31.463457107543945,-57.50019073486328,1.7134101390838623,-0.6560434103012085
264326,episode_end,477.10617925426357,362,0.09951177197658603,200.0,,,,,
264530,episode_end,487.98126162599686,204,0.10002541872775722,200.0,,,,,
265000,train_step,,,0.10280422092549542,200.0,100000,18.855728149414062,-65.75411987304688,1.8904974460601807,-0.249110609292984
265530,episode_end,160.51931556192196,1000,0.09953452479154201,200.0,,,,,
265882,episode_end,456.1339724979316,352,0.10051880939453471,200.0,,,,,
266000,train_step,,,0.10047724182835528,200.0,100000,31.912925720214844,-62.750396728515625,2.0979511737823486,0.22507478296756744
266235,episode_end,445.3283790474873,353,0.09807946157109587,200.0,,,,,
266879,episode_end,398.71764858498767,644,0.09541237268327611,200.0,,,,,
267000,train_step,,,0.09604539092506373,200.0,100000,26.052133560180664,-58.909751892089844,2.0346341133117676,0.08114564418792725
267142,episode_end,261.98022748971187,263,0.09543388199537872,200.0,,,,,
268000,train_step,,,0.09341528282113352,200.0,100000,31.30016326904297,-66.08665466308594,1.98539400100708,-0.03462632745504379
268142,episode_end,76.32785492662364,1000,0.09494288155147132,200.0,,,,,
268641,episode_end,441.0337654462419,499,0.09589538251889455,200.0,,,,,
269000,train_step,,,0.09915779808511209,200.0,100000,24.35816192626953,-62.47846603393555,2.3018691539764404,0.6976324319839478
269426,episode_end,293.5192758700085,785,0.09874533707162794,200.0,,,,,
269761,episode_end,237.0708514524924,335,0.10184165488220567,200.0,,,,,
270000,train_step,,,0.09856241432389144,200.0,100000,16.26859474182129,-66.64665985107422,1.9323986768722534,-0.15663665533065796
270761,episode_end,86.65730176210717,1000,0.09573298237190404,200.0,,,,,
271000,train_step,,,0.09638652864691162,200.0,100000,21.80158805847168,-59.79271697998047,2.0244719982147217,0.057249635457992554
271112,episode_end,423.7666084434546,351,0.09686971389974265,200.0,,,,,
271855,episode_end,92.7055168117696,743,0.1009732644843348,200.0,,,,,
272000,train_step,,,0.10013504332349622,200.0,100000,243.67308044433594,-68.27474212646484,2.1884326934814453,0.4336280822753906
272855,episode_end,119.59109436989831,1000,0.09587968627244801,200.0,,,,,
273000,train_step,,,0.09362092068498629,200.0,100000,28.796554565429688,-71.80491638183594,1.8252310752868652,-0.4139402210712433
273030,episode_end,261.71378700194805,175,0.09276536530062032,200.0,,,,,
273348,episode_end,459.20543975844737,318,0.09004622962256423,200.0,,,,,
274000,train_step,,,0.09460349944376452,200.0,100000,160.62252807617188,-60.56474304199219,1.7161520719528198,-0.6693305969238281
274348,episode_end,382.95097454539564,1000,0.09615821436741953,200.0,,,,,
274642,episode_end,470.0613613064221,294,0.09743152894050425,200.0,,,,,
275000,train_step,,,0.10098578031747679,200.0,100000,14.270336151123047,-65.83299255371094,1.8643687963485718,-0.3109720051288605
275642,episode_end,296.8533276127001,1000,0.10352973229232239,200.0,,,,,
276000,train_step,,,0.10629723110406526,200.0,100000,87.21735382080078,-67.07859802246094,1.754715919494629,-0.549808144569397
276020,episode_end,428.18744472008797,378,0.1062064194461457,200.0,,,,,
276203,episode_end,445.11257310599746,183,0.1054450299290238,200.0,,,,,
276378,episode_end,280.2467275276209,175,0.10498704752835476,200.0,,,,,
276608,episode_end,469.516818636055,230,0.10001629789241968,200.0,,,,,
276862,episode_end,458.0593311136189,254,0.1002536619782117,200.0,,,,,
277000,train_step,,,0.09923288373770764,200.0,100000,426.1899108886719,-62.161048889160156,1.8015947341918945,-0.4583730399608612
277040,episode_end,439.7649892840338,178,0.10028619285884051,200.0,,,,,
277534,episode_end,401.32691668521625,494,0.09856836939880464,200.0,,,,,
278000,train_step,,,0.10538115563391373,200.0,100000,30.274402618408203,-67.63457489013672,1.9890652894973755,-0.02460472285747528
278255,episode_end,372.7773275700787,721,0.10796584737683342,200.0,,,,,
279000,train_step,,,0.1029013108387907,200.0,100000,16.519771575927734,-69.7640609741211,1.7527884244918823,-0.5621554851531982
279001,episode_end,376.6422380445077,746,0.1028735614337272,200.0,,,,,
279415,episode_end,459.04170126494677,414,0.1002940132520326,200.0,,,,,
279601,episode_end,220.83073639289,186,0.10153988426157275,200.0,,,,,
279775,episode_end,481.14994762095773,174,0.10058556171252701,200.0,,,,,
280000,train_step,,,0.09781745105727088,200.0,100000,126.57293701171875,-70.37577819824219,2.1037423610687256,0.24116501212120056
280031,episode_end,489.8537267583987,256,0.09740135012832304,200.0,,,,,
280454,episode_end,452.2526834003627,423,0.10114296733808517,200.0,,,,,
280658,episode_end,487.5958778233195,204,0.10359804121254963,200.0,,,,,
280854,episode_end,304.95298197274826,196,0.10397928761470525,200.0,,,,,
281000,train_step,,,0.10399112247576986,200.0,100000,164.7371368408203,-73.89054870605469,2.3680267333984375,0.8330092430114746
281057,episode_end,394.20093827243426,203,0.10371562149180312,200.0,,,,,
281220,episode_end,459.4713909178354,163,0.1038606428227022,200.0,,,,,
281538,episode_end,425.7214348925341,318,0.10066764054195326,200.0,,,,,
281778,episode_end,470.5459643797093,240,0.09911925322612786,200.0,,,,,
281990,episode_end,472.01746996190786,212,0.09755814719969348,200.0,,,,,
282000,train_step,,,0.0973708196182206,200.0,100000,26.2760009765625,-78.2780990600586,2.151486873626709,0.3528476357460022
282111,episode_end,197.6735081086755,121,0.09561141958698524,200.0,,,,,
282297,episode_end,489.3472297772291,186,0.09487732298324754,200.0,,,,,
282505,episode_end,478.40066925484274,208,0.09629786414908804,200.0,,,,,
283000,train_step,,,0.09636959573093551,200.0,100000,14.14638900756836,-63.07621765136719,1.6250758171081543,-0.8771593570709229
283505,episode_end,346.97870435173223,1000,0.09476747513288802,200.0,,,,,
283748,episode_end,436.6877322497637,243,0.09476339023851377,200.0,,,,,
283967,episode_end,461.3963875445913,219,0.09635032453061763,200.0,,,,,
284000,train_step,,,0.09667861405315849,200.0,100000,20.567554473876953,-68.67559814453125,1.7802773714065552,-0.5133517980575562
284565,episode_end,427.89334686053735,598,0.09964470176784578,200.0,,,,,
284831,episode_end,456.67225850848905,266,0.09992141548855273,200.0,,,,,
285000,train_step,,,0.1006480954868409,200.0,100000,13.299297332763672,-70.63835906982422,2.020120859146118,0.04620014876127243
285068,episode_end,276.2551075145899,237,0.1015084484501095,200.0,,,,,
285296,episode_end,490.43641450034727,228,0.10379473798935583,200.0,,,,,
286000,train_step,,,0.11540844758042457,200.0,100000,98.41160583496094,-71.68939971923828,1.8020429611206055,-0.4274442791938782
286296,episode_end,198.73666277570078,1000,0.11220253799221333,200.0,,,,,
286862,episode_end,364.7595774797895,566,0.11497184035659357,200.0,,,,,
287000,train_step,,,0.11547726307109721,200.0,100000,192.67221069335938,-65.28949737548828,1.6758663654327393,-0.6997015476226807
287096,episode_end,274.6806267096705,234,0.11608208763469227,200.0,,,,,
287848,episode_end,401.27830899690866,752,0.11337018370323614,200.0,,,,,
288000,train_step,,,0.11100689838803246,200.0,100000,97.15327453613281,-69.58040618896484,2.0875935554504395,0.1925448477268219
288095,episode_end,499.03927923130726,247,0.11078531414504944,200.0,,,,,
288763,episode_end,414.0038717028955,668,0.10946010084491946,200.0,,,,,
289000,train_step,,,0.11030672372738778,200.0,100000,15.715299606323242,-71.79258728027344,2.135636329650879,0.29900941252708435
289038,episode_end,472.778087713229,275,0.11147697790696456,200.0,,,,,
289262,episode_end,478.25244821566554,224,0.11347933172527824,200.0,,,,,
289794,episode_end,444.9682421961446,532,0.11348747542971849,200.0,,,,,
289969,episode_end,484.6906434246264,175,0.1112788263694462,200.0,,,,,
290000,train_step,,,0.11176667776318587,200.0,100000,13.65532112121582,-68.80338287353516,2.098706007003784,0.2162984013557434
290357,episode_end,-114.77919284979176,388,0.1125919663080994,200.0,,,,,
290609,episode_end,482.678291699886,252,0.1117945891095813,200.0,,,,,
290872,episode_end,507.49703277267963,263,0.11193909026923182,200.0,,,,,
291000,train_step,,,0.11263490427968563,200.0,100000,15.906139373779297,-80.1749267578125,2.104248046875,0.22763675451278687
291116,episode_end,290.8356793074032,244,0.11297699214437562,200.0,,,,,
291589,episode_end,389.2114782195448,473,0.11312588827888342,200.0,,,,,
291781,episode_end,262.46165596303064,192,0.1143902320583123,200.0,,,,,
291986,episode_end,478.0130457775291,205,0.11676207162410691,200.0,,,,,
292000,train_step,,,0.11665161974726848,200.0,100000,26.076387405395508,-82.56903076171875,2.2962806224823,0.6365777254104614
292237,episode_end,503.8285309918193,251,0.11535510469439637,200.0,,,,,
292404,episode_end,462.3510008732364,167,0.11403455835238491,200.0,,,,,
292597,episode_end,466.2930826851651,193,0.11318912100851947,200.0,,,,,
292854,episode_end,500.4656460890075,257,0.11083581894869396,200.0,,,,,
293000,train_step,,,0.11214082077367121,200.0,100000,31.311050415039062,-75.74732971191406,1.9941679239273071,-0.012760400772094727
293083,episode_end,260.88517069629904,229,0.11084284635998624,200.0,,,,,
293279,episode_end,502.5947430207265,196,0.11361505244201839,200.0,,,,,
293497,episode_end,503.1544137562597,218,0.11588264681032759,200.0,,,,,
293878,episode_end,483.8687219821305,381,0.12204911114368261,200.0,,,,,
294000,train_step,,,0.12103895686800853,200.0,100000,22.329689025878906,-76.96339416503906,2.142918109893799,0.3017919063568115
294093,episode_end,488.1807958079495,215,0.11906238130450335,200.0,,,,,
294268,episode_end,463.7253344880733,175,0.11802597627656117,200.0,,,,,
294485,episode_end,497.2971829124048,217,0.12156268120620872,200.0,,,,,
294688,episode_end,485.07581781582047,203,0.12041125786494418,200.0,,,,,
294882,episode_end,507.1689733795847,194,0.11913208510189058,200.0,,,,,
295000,train_step,,,0.1185281258985683,200.0,100000,60.23933410644531,-74.79325866699219,1.93081796169281,-0.1475379467010498
295112,episode_end,452.70642909356985,230,0.1198625121253671,200.0,,,,,
295307,episode_end,470.00450787878253,195,0.12403602653727795,200.0,,,,,
295481,episode_end,469.1460558839427,174,0.12322001643755913,200.0,,,,,
295756,episode_end,489.0204172216422,275,0.1228162275049973,200.0,,,,,
295917,episode_end,442.7345887265513,161,0.1202179202395329,200.0,,,,,
296000,train_step,,,0.1202213078213313,200.0,100000,25.890148162841797,-75.20999908447266,1.9912519454956055,-0.018532246351242065
296134,episode_end,474.1901623948387,217,0.12403486522472607,200.0,,,,,
296348,episode_end,472.7972673375311,214,0.12291686773968438,200.0,,,,,
296560,episode_end,484.02277514205554,212,0.12095909720681168,200.0,,,,,
296787,episode_end,499.1723835178871,227,0.12117974387374987,200.0,,,,,
297000,train_step,,,0.12496683229523413,200.0,100000,39.803199768066406,-80.94601440429688,2.25454044342041,0.5293692946434021
297005,episode_end,487.7557933016112,218,0.12510747183204068,200.0,,,,,
297240,episode_end,480.72949363400977,235,0.13010738819384732,200.0,,,,,
297411,episode_end,467.95911228300906,171,0.12959883141378384,200.0,,,,,
297686,episode_end,514.7261587498175,275,0.13157028872958926,200.0,,,,,
297906,episode_end,490.00271093124826,220,0.1307295509919814,200.0,,,,,
298000,train_step,,,0.13159446336774225,200.0,100000,23.90608024597168,-85.21682739257812,1.8907606601715088,-0.2215406447649002
298104,episode_end,266.7977460888055,198,0.12901456824871385,200.0,,,,,
298319,episode_end,473.1999117556626,215,0.12671671076790586,200.0,,,,,
298624,episode_end,478.60412599109435,305,0.12853602245519202,200.0,,,,,
298770,episode_end,491.1135609792705,146,0.13051842196086327,200.0,,,,,
299000,train_step,,,0.1294456560783704,200.0,100000,13.473344802856445,-73.50731658935547,1.9658021926879883,-0.06991739571094513
299239,episode_end,467.45834431552345,469,0.12767111349618138,200.0,,,,,
299405,episode_end,454.26829190884825,166,0.12819219207260607,200.0,,,,,
299630,episode_end,499.77459887075537,225,0.12869215997276093,200.0,,,,,
299872,episode_end,489.7364674011245,242,0.13386561358767984,200.0,,,,,
300000,train_step,,,0.1334657354743526,200.0,100000,21.17222023010254,-76.96936798095703,2.0215556621551514,0.043411433696746826
300145,episode_end,459.1678879489278,273,0.1324432308825836,-100.0,,,,,
300371,episode_end,196.62430110536417,226,0.13383305897042516,-100.0,,,,,
300557,episode_end,165.10883348498663,186,0.13091866295214255,-100.0,,,,,
300806,episode_end,155.29484653485784,249,0.12876105092193724,-100.0,,,,,
301000,train_step,,,0.12699962180782154,-100.0,100000,21.08419418334961,-84.22758483886719,2.083641290664673,0.17259971797466278
301056,episode_end,194.89707650588016,250,0.1274963948783851,-100.0,,,,,
301309,episode_end,199.30228593176892,253,0.12927070064671284,-100.0,,,,,
301457,episode_end,-24.97089137250758,148,0.12916240920363023,-100.0,,,,,
301846,episode_end,136.89438603091406,389,0.12935287833302492,-100.0,,,,,
302000,train_step,,,0.12893878666029482,-100.0,100000,41.14889907836914,-85.42088317871094,1.8290834426879883,-0.3501085042953491
302056,episode_end,144.4700500290125,210,0.12778266287468512,-100.0,,,,,
302410,episode_end,182.8098051797178,354,0.13093729362693593,-100.0,,,,,
302668,episode_end,164.22991524170797,258,0.1294838101215492,-100.0,,,,,
302902,episode_end,171.49469028598136,234,0.13040403287670677,-100.0,,,,,
303000,train_step,,,0.13155743024529645,-100.0,100000,18.19784927368164,-82.67564392089844,1.967612862586975,-0.06569133698940277
303129,episode_end,143.92809530813935,227,0.13069582329165746,-100.0,,,,,
303491,episode_end,175.85184585844186,362,0.13350345482971032,-100.0,,,,,
303782,episode_end,235.12030316367967,291,0.12895478641082272,-100.0,,,,,
304000,train_step,,,0.1295484157382564,-100.0,100000,197.73822021484375,-85.11854553222656,2.418386220932007,0.8550562858581543
304424,episode_end,121.35363805413398,642,0.12708504689018224,-100.0,,,,,
304845,episode_end,171.29710165987555,421,0.1299568976517427,-100.0,,,,,
305000,train_step,,,0.12899255407854668,-100.0,100000,84.98662567138672,-87.51424407958984,1.9657001495361328,-0.07024603337049484
305087,episode_end,154.119718828396,242,0.1288273033773207,-100.0,,,,,
306000,train_step,,,0.12555404590316613,-100.0,100000,55.40530776977539,-88.07105255126953,2.0447745323181152,0.09290827810764313
306087,episode_end,-35.621826330879905,1000,0.12488108335022394,-100.0,,,,,
307000,train_step,,,0.12489623604625909,-100.0,100000,159.87985229492188,-81.24821472167969,1.9714906215667725,-0.05930725485086441
307031,episode_end,97.68667427965086,944,0.12488111318536955,-100.0,,,,,
307701,episode_end,123.69553852908217,670,0.11839469506321451,-100.0,,,,,
307851,episode_end,171.73510706995268,150,0.11754609012919821,-100.0,,,,,
308000,train_step,,,0.11801839442677244,-100.0,100000,23.87712860107422,-87.76181030273438,2.03756046295166,0.08026348054409027
308851,episode_end,-54.24188264053742,1000,0.12211815996417974,-100.0,,,,,
309000,train_step,,,0.12314086925392999,-100.0,100000,92.80328369140625,-80.14080047607422,1.977332592010498,-0.047475263476371765
309626,episode_end,147.71550473467545,775,0.11807460119088474,-100.0,,,,,
309886,episode_end,183.70524715175077,260,0.11655371525069345,-100.0,,,,,
310000,train_step,,,0.11757060800161735,-100.0,100000,28.073183059692383,-87.95616149902344,1.9987914562225342,-0.0025870800018310547
310048,episode_end,140.47268249751596,162,0.11836828753064606,-100.0,,,,,
310261,episode_end,176.40595821731497,213,0.11970521834612922,-100.0,,,,,
310443,episode_end,153.97341819851562,182,0.11739715772345848,-100.0,,,,,
310679,episode_end,196.14835073840075,236,0.11736581462889853,-100.0,,,,,
310841,episode_end,181.7628916344927,162,0.11786907345034042,-100.0,,,,,
311000,train_step,,,0.11713360567196435,-100.0,100000,49.44886016845703,-96.23377227783203,1.8924955129623413,-0.23053686320781708
311132,episode_end,151.33645749853764,291,0.11734571412434636,-100.0,,,,,
311263,episode_end,178.6747959954992,131,0.11882360168401558,-100.0,,,,,
311357,episode_end,-111.5013438504158,94,0.12061661639302536,-100.0,,,,,
311571,episode_end,152.29303210708866,214,0.11935507962323151,-100.0,,,,,
311895,episode_end,177.18188414674415,324,0.12282341236315981,-100.0,,,,,
312000,train_step,,,0.12307258780750302,-100.0,100000,20.580829620361328,-88.55874633789062,1.8681423664093018,-0.2762393057346344
312055,episode_end,149.88658141028597,160,0.1228066675778034,-100.0,,,,,
312254,episode_end,185.40517644697258,199,0.12209969010354998,-100.0,,,,,
312497,episode_end,166.78631677735362,243,0.12228998741479878,-100.0,,,,,
312910,episode_end,109.77159479050916,413,0.12457982693699801,-100.0,,,,,
313000,train_step,,,0.12236148169553222,-100.0,100000,25.789169311523438,-87.14887237548828,1.9421429634094238,-0.12154442071914673
313123,episode_end,167.80226196551857,213,0.12099007275116361,-100.0,,,,,
313347,episode_end,170.28973901336076,224,0.1218683470650184,-100.0,,,,,
313582,episode_end,162.4059653784273,235,0.11790912149123312,-100.0,,,,,
313998,episode_end,160.17724847909184,416,0.11781478423079174,-100.0,,,,,
314000,train_step,,,0.11785782470599,-100.0,100000,28.183475494384766,-84.43706512451172,2.1145691871643066,0.24498042464256287
314266,episode_end,192.5161885788285,268,0.11690366361305049,-100.0,,,,,
314506,episode_end,170.14025272548133,240,0.11792779872843633,-100.0,,,,,
314774,episode_end,189.75748984457235,268,0.11739559342708233,-100.0,,,,,
315000,train_step,,,0.1159339520928267,-100.0,100000,42.7454833984375,-81.23670196533203,1.8987926244735718,-0.21807509660720825
315004,episode_end,122.20497962749087,230,0.11599585380510592,-100.0,,,,,
315202,episode_end,170.48970972493038,198,0.11766097949675781,-100.0,,,,,
316000,train_step,,,0.11139331641043126,-100.0,100000,70.94957733154297,-79.276123046875,1.8914648294448853,-0.23820075392723083
316202,episode_end,-111.52861753096828,1000,0.10927491338675327,-100.0,,,,,
316392,episode_end,179.5858629240392,190,0.1100043864445015,-100.0,,,,,
316636,episode_end,167.01778642373802,244,0.10684320608349329,-100.0,,,,,
316898,episode_end,171.9040925779543,262,0.10567004316530543,-100.0,,,,,
317000,train_step,,,0.1090379941769417,-100.0,100000,158.70315551757812,-86.85370635986328,2.171024799346924,0.37900102138519287
317398,episode_end,140.94448329651598,500,0.113464534719147,-100.0,,,,,
317640,episode_end,169.40302267512385,242,0.10908754647018602,-100.0,,,,,
317843,episode_end,179.4900329177599,203,0.10857945433814108,-100.0,,,,,
318000,train_step,,,0.10870064699615856,-100.0,100000,22.103511810302734,-87.54067993164062,2.0407233238220215,0.0903715044260025
318052,episode_end,185.3488353655282,209,0.10921066171182262,-100.0,,,,,
318129,episode_end,-59.21837985236681,77,0.11001994324994901,-100.0,,,,,
318307,episode_end,165.2569811578801,178,0.11232046857016194,-100.0,,,,,
318795,episode_end,135.53835536830064,488,0.1136969692252026,-100.0,,,,,
319000,train_step,,,0.11072073255574905,-100.0,100000,60.68989944458008,-76.53280639648438,1.9591912031173706,-0.0898098573088646
319021,episode_end,193.18452286317986,226,0.11054051395137048,-100.0,,,,,
319229,episode_end,214.25145618094433,208,0.10750607176428967,-100.0,,,,,
319427,episode_end,194.6560421309818,198,0.10616331873197436,-100.0,,,,,
319687,episode_end,177.81549834028903,260,0.10573031993612508,-100.0,,,,,
319904,episode_end,216.24300306936968,217,0.10338061830477095,-100.0,,,,,
320000,train_step,,,0.1036788188980929,-100.0,100000,23.476228713989258,-82.08686828613281,2.178121566772461,0.4037052392959595
320088,episode_end,154.54210592861614,184,0.10434276741456315,-100.0,,,,,
320303,episode_end,205.99696756806077,215,0.10494703512773904,-100.0,,,,,
320505,episode_end,179.74910545542105,202,0.1026816439305419,-100.0,,,,,
320703,episode_end,188.00172906987774,198,0.10131375896194772,-100.0,,,,,
320923,episode_end,133.18921105790474,220,0.10090924487501662,-100.0,,,,,
321000,train_step,,,0.10087097783490122,-100.0,100000,364.23272705078125,-92.8123779296875,1.811269998550415,-0.4329301416873932
321120,episode_end,197.0708259278162,197,0.10000808030801554,-100.0,,,,,
321304,episode_end,160.16196683810102,184,0.09984449831332469,-100.0,,,,,
321461,episode_end,179.88476541251487,157,0.10065217816648334,-100.0,,,,,
321853,episode_end,280.9061893652449,392,0.09821355996312771,-100.0,,,,,
322000,train_step,,,0.09915119053924633,-100.0,100000,227.03164672851562,-84.01150512695312,2.042968273162842,0.09930406510829926
322085,episode_end,148.68947966424147,232,0.10042340751829504,-100.0,,,,,
322297,episode_end,184.6701881712379,212,0.10091372854515207,-100.0,,,,,
322413,episode_end,-60.489529738562716,116,0.10200835534354966,-100.0,,,,,
322633,episode_end,165.94083386256355,220,0.10344054898874039,-100.0,,,,,
322766,episode_end,-67.2247402409762,133,0.10557224016926789,-100.0,,,,,
323000,train_step,,,0.10588884683267653,-100.0,100000,142.08206176757812,-87.35182189941406,1.868720293045044,-0.2947709560394287
323766,episode_end,-52.25807890150162,1000,0.10755069155874693,-100.0,,,,,
323969,episode_end,179.79061548414717,203,0.105836540031248,-100.0,,,,,
324000,train_step,,,0.1059918968058566,-100.0,100000,434.2385559082031,-82.15977478027344,2.271334171295166,0.608980655670166
324226,episode_end,260.4193483052776,257,0.10789180740199328,-100.0,,,,,
324471,episode_end,196.9720749198142,245,0.10931933438288426,-100.0,,,,,
325000,train_step,,,0.11083068381308016,-100.0,100000,48.12787628173828,-84.31851959228516,2.1949453353881836,0.4288313388824463
325019,episode_end,183.24530048218153,548,0.11100471006896621,-100.0,,,,,
325836,episode_end,180.29399869893098,817,0.11669370753744725,-100.0,,,,,
325999,episode_end,177.537770564207,163,0.11820296482220922,-100.0,,,,,
326000,train_step,,,0.11819818849089718,-100.0,100000,56.51103973388672,-87.3076400756836,2.1252102851867676,0.2673729360103607
326255,episode_end,172.13713979871844,256,0.11701320059990868,-100.0,,,,,
326468,episode_end,203.02186122684535,213,0.11779197862545582,-100.0,,,,,
326673,episode_end,175.97355576494638,205,0.11455714525110254,-100.0,,,,,
326873,episode_end,220.4923169890322,200,0.11243873325225624,-100.0,,,,,
327000,train_step,,,0.11166603733165073,-100.0,100000,49.91991424560547,-84.70286560058594,1.9808540344238281,-0.04197248816490173
327873,episode_end,-31.638170695961573,1000,0.1100693380724922,-100.0,,,,,
328000,train_step,,,0.11002238384133316,-100.0,100000,47.49757766723633,-89.4869384765625,2.0160224437713623,0.03536266088485718
328873,episode_end,-6.541992487115949,1000,0.11336344287501424,-100.0,,,,,
329000,train_step,,,0.11491179401145865,-100.0,100000,26.59850311279297,-85.00682067871094,1.8014202117919922,-0.42964547872543335
329114,episode_end,-149.55033191835028,241,0.11228224916226488,-100.0,,,,,
330000,train_step,,,0.11286795324827455,-100.0,100000,256.0246276855469,-79.12210083007812,1.4982337951660156,-1.094621181488037
330114,episode_end,-75.61255146655546,1000,0.11343281698360129,-100.0,,,,,
330307,episode_end,137.20142997748215,193,0.11383358294742271,-100.0,,,,,
330494,episode_end,176.97882972372005,187,0.11513053625880593,-100.0,,,,,
331000,train_step,,,0.10984596269464465,-100.0,100000,316.68084716796875,-80.34683990478516,2.0060524940490723,0.01336807943880558
331169,episode_end,219.70371459642763,675,0.11192327410534754,-100.0,,,,,
331452,episode_end,132.94038984611092,283,0.1111528952871901,-100.0,,,,,
331705,episode_end,146.55060111388153,253,0.11146768644466244,-100.0,,,,,
331976,episode_end,172.1960277472735,271,0.11253414871511216,-100.0,,,,,
332000,train_step,,,0.1122189113785849,-100.0,100000,170.5830078125,-82.45755004882812,1.998127818107605,-0.0040949247777462006
332101,episode_end,-48.68550448130972,125,0.1124166300945634,-100.0,,,,,
332565,episode_end,173.59835619114037,464,0.11336968845300234,-100.0,,,,,
332800,episode_end,188.3864155285346,235,0.11582703533510268,-100.0,,,,,
332999,episode_end,175.1102096577913,199,0.11816226908804087,-100.0,,,,,
333000,train_step,,,0.11816948726755648,-100.0,100000,33.36688232421875,-88.67326354980469,1.8715955018997192,-0.2742250859737396
333214,episode_end,155.13927508887804,215,0.11654667894934172,-100.0,,,,,
333654,episode_end,110.91347917601044,440,0.11588459817978701,-100.0,,,,,
334000,train_step,,,0.11835371209545116,-100.0,100000,23.20063591003418,-80.55064392089844,1.9041661024093628,-0.20451705157756805
334654,episode_end,21.34252881737055,1000,0.12149537481967529,-100.0,,,,,
334881,episode_end,186.67952989688646,227,0.12285051767590677,-100.0,,,,,
335000,train_step,,,0.12200755359298264,-100.0,100000,30.8134765625,-84.8260269165039,2.16567325592041,0.348522424697876
335221,episode_end,138.38478038355964,340,0.1203503661065088,-100.0,,,,,
335580,episode_end,165.52495978702802,359,0.11789128552269042,-100.0,,,,,
335750,episode_end,151.94417045797016,170,0.11538975832353061,-100.0,,,,,
335939,episode_end,165.54748941706072,189,0.11196186299184646,-100.0,,,,,
336000,train_step,,,0.11127343389582926,-100.0,100000,21.20305633544922,-78.86080932617188,1.9259612560272217,-0.1625714898109436
336939,episode_end,53.60017717526969,1000,0.1091966820957905,-100.0,,,,,
337000,train_step,,,0.10848945964644847,-100.0,100000,18.9774112701416,-85.60528564453125,1.9203909635543823,-0.17681977152824402
337142,episode_end,199.06105149007328,203,0.10882583246559785,-100.0,,,,,
337722,episode_end,174.20455936596022,580,0.10796796110905414,-100.0,,,,,
337890,episode_end,142.6877799035896,168,0.1064364226445467,-100.0,,,,,
338000,train_step,,,0.10688675629683056,-100.0,100000,34.43397521972656,-79.04813385009766,1.8503248691558838,-0.3346715569496155
338038,episode_end,-51.12967744260204,148,0.10702669930713367,-100.0,,,,,
338278,episode_end,187.65608445572988,240,0.10828375761029274,-100.0,,,,,
338511,episode_end,174.0378560022316,233,0.11112680671721861,-100.0,,,,,
338697,episode_end,167.66748000428208,186,0.11257205803644546,-100.0,,,,,
338848,episode_end,-60.6906777982484,151,0.11257951785356177,-100.0,,,,,
338939,episode_end,-43.30518644269488,91,0.1126072161386798,-100.0,,,,,
339000,train_step,,,0.11266011788707742,-100.0,100000,76.74751281738281,-72.36395263671875,2.0458524227142334,0.10011333227157593
339129,episode_end,165.4136254975811,190,0.11177677130294214,-100.0,,,,,
339248,episode_end,-100.99188153397127,119,0.11074141463364823,-100.0,,,,,
339448,episode_end,288.97243328039076,200,0.10858084951087832,-100.0,,,,,
340000,train_step,,,0.1100857593445375,-100.0,100000,226.7393798828125,-81.44467163085938,1.6685101985931396,-0.7314307689666748
340066,episode_end,108.66325721968488,618,0.1102984312398505,-100.0,,,,,
340206,episode_end,-57.637072674709664,140,0.10841848841985145,-100.0,,,,,
340320,episode_end,-106.01220341497908,114,0.10705964365066901,-100.0,,,,,
340464,episode_end,-64.70437948989016,144,0.10606333666181257,-100.0,,,,,
340663,episode_end,202.34575810612915,199,0.10653591288879417,-100.0,,,,,
340860,episode_end,176.51044399853367,197,0.10532363566980947,-100.0,,,,,
341000,train_step,,,0.10343125574524485,-100.0,100000,26.960464477539062,-82.73696899414062,1.7815215587615967,-0.49569422006607056
341072,episode_end,154.00942600974602,212,0.10331682131586069,-100.0,,,,,
341205,episode_end,196.1376823720183,133,0.1038488912809463,-100.0,,,,,
342000,train_step,,,0.1068016451688803,-100.0,100000,28.215925216674805,-82.20744323730469,1.978135108947754,-0.04890701174736023
342205,episode_end,193.5313134000159,1000,0.10674950365258053,-100.0,,,,,
342421,episode_end,203.93020383506624,216,0.10618493904982503,-100.0,,,,,
342637,episode_end,188.3769693489354,216,0.10705055884054121,-100.0,,,,,
342839,episode_end,163.8563619645263,202,0.10797459304216636,-100.0,,,,,
342942,episode_end,-82.82388862552843,103,0.10803480785525997,-100.0,,,,,
343000,train_step,,,0.10852711346913271,-100.0,100000,497.515625,-77.28533172607422,2.3082990646362305,0.6846570372581482
343210,episode_end,183.61761653102883,268,0.10996780911531796,-100.0,,,,,
343429,episode_end,174.01017920649696,219,0.11159890978174153,-100.0,,,,,
343593,episode_end,150.18288372783485,164,0.11066868768664762,-100.0,,,,,
343848,episode_end,196.7519952594833,255,0.1113702224045829,-100.0,,,,,
344000,train_step,,,0.1103868464382307,-100.0,100000,331.1103515625,-72.38673400878906,1.7496415376663208,-0.5517312288284302
344003,episode_end,144.23504862857067,155,0.11030423250024891,-100.0,,,,,
344359,episode_end,157.87061855114985,356,0.10648528325789303,-100.0,,,,,
344598,episode_end,189.15721567548985,239,0.10633483781339326,-100.0,,,,,
345000,train_step,,,0.1073855205195971,-100.0,100000,129.29949951171875,-75.91336059570312,1.9982818365097046,-0.0038337484002113342
345124,episode_end,-391.04758707192536,526,0.10948784456743899,-100.0,,,,,
345281,episode_end,151.65528522630632,157,0.11272918045017946,-100.0,,,,,
345507,episode_end,137.8886085805268,226,0.11644362918503096,-100.0,,,,,
345749,episode_end,199.05584707225685,242,0.11548792446427089,-100.0,,,,,
346000,train_step,,,0.1162983334647713,-100.0,100000,26.912120819091797,-81.32527923583984,2.108917236328125,0.23434580862522125
346007,episode_end,196.01757089191625,258,0.11626256415739081,-100.0,,,,,
346225,episode_end,194.9487943546452,218,0.11604976960072859,-100.0,,,,,
346473,episode_end,179.5416087858399,248,0.11720613565849759,-100.0,,,,,
346623,episode_end,159.79133667574465,150,0.11712682990597069,-100.0,,,,,
346859,episode_end,179.44245169651265,236,0.11849400838549219,-100.0,,,,,
347000,train_step,,,0.11640917380447935,-100.0,100000,151.06396484375,-75.54230499267578,1.7900824546813965,-0.4514579772949219
347070,episode_end,149.00219212067313,211,0.11723320060330655,-100.0,,,,,
347339,episode_end,178.4652837212114,269,0.11722209878432056,-100.0,,,,,
347619,episode_end,151.3281825864599,280,0.11698142128602584,-100.0,,,,,
347883,episode_end,147.69940562596537,264,0.11687966632941732,-100.0,,,,,
348000,train_step,,,0.11802603767839343,-100.0,100000,196.46902465820312,-75.4991683959961,2.045241117477417,0.09667356312274933
348072,episode_end,187.10256330459987,189,0.11758338977427452,-100.0,,,,,
348354,episode_end,205.5648769473988,282,0.11940340378396494,-100.0,,,,,
348592,episode_end,135.09875463703943,238,0.12002586425003417,-100.0,,,,,
348923,episode_end,132.9413629151662,331,0.11883858213120668,-100.0,,,,,
349000,train_step,,,0.11932052524299674,-100.0,100000,19.69263458251953,-69.22913360595703,1.989365577697754,-0.02260810136795044
349147,episode_end,202.8648913673348,224,0.11911621679432353,-100.0,,,,,
349386,episode_end,180.8020814046335,239,0.11927697904381149,-100.0,,,,,
349625,episode_end,152.56454485179262,239,0.12138209798959246,-100.0,,,,,
349874,episode_end,285.4355337882487,249,0.12164039590405448,-100.0,,,,,
350000,train_step,,,0.12037339964168625,-100.0,100000,196.07464599609375,-76.27876281738281,1.8687191009521484,-0.2779421806335449
350138,episode_end,213.61095255112957,264,0.12074455004945173,-100.0,,,,,
350325,episode_end,151.96274902182984,187,0.12051054595421826,-100.0,,,,,
350544,episode_end,189.56364154867813,219,0.11896011728127212,-100.0,,,,,
350767,episode_end,196.58436508657013,223,0.11993490624279424,-100.0,,,,,
350953,episode_end,163.26873887961966,186,0.11834942686344123,-100.0,,,,,
351000,train_step,,,0.11828537952109895,-100.0,100000,360.9520263671875,-71.67361450195312,2.1713428497314453,0.3657582700252533
351191,episode_end,205.1633286806736,238,0.11907349815798003,-100.0,,,,,
351254,episode_end,7.548582065203462,63,0.11995562699662597,-100.0,,,,,
351575,episode_end,309.4614492893958,321,0.12091376408440072,-100.0,,,,,
351805,episode_end,207.43047337115343,230,0.12020300114622567,-100.0,,,,,
351955,episode_end,285.1654162230993,150,0.11834138615722352,-100.0,,,,,
352000,train_step,,,0.11798972382992015,-100.0,100000,26.467632293701172,-78.34706115722656,2.0757031440734863,0.161789670586586
352209,episode_end,193.51063653018795,254,0.11793583281356332,-100.0,,,,,
352388,episode_end,305.9583833407878,179,0.11859145197699286,-100.0,,,,,
352469,episode_end,-80.50054454421237,81,0.11880806630324643,-100.0,,,,,
352696,episode_end,170.76148837297046,227,0.11927794169222396,-100.0,,,,,
352903,episode_end,156.20713122910428,207,0.11865230886682848,-100.0,,,,,
353000,train_step,,,0.1191906372441681,-100.0,100000,39.04405975341797,-70.49037170410156,1.9421532154083252,-0.12304197251796722
353165,episode_end,157.60052000509384,262,0.1194580993022523,-100.0,,,,,
353400,episode_end,153.1576104720458,235,0.12053455933342593,-100.0,,,,,
353560,episode_end,301.44629266729095,160,0.11982078878307348,-100.0,,,,,
354000,train_step,,,0.11664232949484588,-100.0,100000,13.394487380981445,-76.94499206542969,1.9614031314849854,-0.08293091505765915
354560,episode_end,-121.69462558366857,1000,0.11874240830199172,-100.0,,,,,
354737,episode_end,173.70194568124936,177,0.11663782023801823,-100.0,,,,,
354975,episode_end,207.20997871723492,238,0.11456180657100819,-100.0,,,,,
355000,train_step,,,0.11418236546456452,-100.0,100000,84.91647338867188,-73.80973052978516,2.027517318725586,0.059711311012506485
355043,episode_end,35.32221107242242,68,0.1137325653482486,-100.0,,,,,
355265,episode_end,205.1248161628962,222,0.11501739429424249,-100.0,,,,,
355469,episode_end,191.69776434708373,204,0.11505615066377081,-100.0,,,,,
355635,episode_end,180.02185775326734,166,0.1178667213596031,-100.0,,,,,
355883,episode_end,166.15983861947058,248,0.11586253952430532,-100.0,,,,,
356000,train_step,,,0.11557633441447064,-100.0,100000,121.81468200683594,-73.64224243164062,2.1208114624023438,0.2606901526451111
356093,episode_end,143.24917058359011,210,0.11663222601060576,-100.0,,,,,
356240,episode_end,192.8782345214816,147,0.1163925144487618,-100.0,,,,,
356455,episode_end,161.94309702149104,215,0.11672948465322106,-100.0,,,,,
356666,episode_end,155.6584501231339,211,0.12007110714822844,-100.0,,,,,
356838,episode_end,142.35564968438064,172,0.11823318146661047,-100.0,,,,,
357000,train_step,,,0.1187531763585385,-100.0,100000,90.13197326660156,-75.01649475097656,1.9671037197113037,-0.07009226083755493
357047,episode_end,191.5308810335012,209,0.11883728311947508,-100.0,,,,,
357355,episode_end,156.50484670868548,308,0.12196016285675364,-100.0,,,,,
357528,episode_end,295.2398506819305,173,0.12168165913569823,-100.0,,,,,
357693,episode_end,194.53138878889393,165,0.12012096637764705,-100.0,,,,,
357855,episode_end,172.9610819008623,162,0.11729924792556959,-100.0,,,,,
358000,train_step,,,0.11846498888741695,-100.0,100000,222.62925720214844,-75.70388793945312,2.075185775756836,0.16038164496421814
358047,episode_end,162.82213529084655,192,0.11870138094473108,-100.0,,,,,
358227,episode_end,187.6713537489744,180,0.1224836013032857,-100.0,,,,,
358466,episode_end,172.34714777300664,239,0.1225477701454894,-100.0,,,,,
358677,episode_end,183.45480654068177,211,0.12525629488278744,-100.0,,,,,
358892,episode_end,214.56849092995907,215,0.12679759905750473,-100.0,,,,,
359000,train_step,,,0.12519662634767328,-100.0,100000,246.22579956054688,-77.37776184082031,2.0580077171325684,0.1205325797200203
359113,episode_end,204.35760914774198,221,0.1253577597076698,-100.0,,,,,
359329,episode_end,205.59114477427292,216,0.12243441734259186,-100.0,,,,,
359557,episode_end,205.5104890088794,228,0.11915938545688004,-100.0,,,,,
359807,episode_end,156.00615477508038,250,0.11941183800120311,-100.0,,,,,
359970,episode_end,160.30882937299037,163,0.12036234700755563,-100.0,,,,,
360000,train_step,,,0.12125235423114333,-100.0,100000,22.102657318115234,-77.14511108398438,1.9343897104263306,-0.13842999935150146
360139,episode_end,166.50160131473888,169,0.12307628632669186,-100.0,,,,,
360336,episode_end,181.1201511512236,197,0.12491558404709975,-100.0,,,,,
360572,episode_end,160.31964518667507,236,0.12380008410313227,-100.0,,,,,
360765,episode_end,145.85451395334525,193,0.119338695145731,-100.0,,,,,
360962,episode_end,174.901173560958,197,0.11732151977369933,-100.0,,,,,
361000,train_step,,,0.11725675631200091,-100.0,100000,105.53804016113281,-71.6786117553711,1.9120479822158813,-0.18851539492607117
361170,episode_end,209.72864739428618,208,0.11620430812448061,-100.0,,,,,
361403,episode_end,172.31116507263295,233,0.1180502272049331,-100.0,,,,,
361627,episode_end,183.93950014194326,224,0.11999220959317933,-100.0,,,,,
361821,episode_end,183.34914470213175,194,0.1204308296214003,-100.0,,,,,
362000,train_step,,,0.12061823017143003,-100.0,100000,74.75872039794922,-76.6948471069336,2.068171501159668,0.14419081807136536
362019,episode_end,147.79317061924755,198,0.12064890834531014,-100.0,,,,,
362205,episode_end,157.65868512034024,186,0.1190634473025803,-100.0,,,,,
362411,episode_end,203.55119953580646,206,0.11843673713617059,-100.0,,,,,
362642,episode_end,188.7573699218828,231,0.11664910314484532,-100.0,,,,,
362815,episode_end,190.8830445705417,173,0.11654524935701144,-100.0,,,,,
362975,episode_end,175.50268557634809,160,0.11283772487558208,-100.0,,,,,
363000,train_step,,,0.1128274214500947,-100.0,100000,93.3702392578125,-77.52578735351562,1.9537432193756104,-0.10092747956514359
363316,episode_end,172.73452357294235,341,0.115993489598905,-100.0,,,,,
363507,episode_end,153.94584967112596,191,0.11907208429231228,-100.0,,,,,
363733,episode_end,204.40438608651,226,0.11924191504794379,-100.0,,,,,
363951,episode_end,179.68442093340977,218,0.11754660664589031,-100.0,,,,,
364000,train_step,,,0.1171595826638743,-100.0,100000,97.92677307128906,-76.05387878417969,1.8678836822509766,-0.2832861542701721
364161,episode_end,169.83892556815246,210,0.11638719166153455,-100.0,,,,,
364314,episode_end,168.78636148015212,153,0.11720927582246703,-100.0,,,,,
364489,episode_end,143.10797146548194,175,0.11560477927674495,-100.0,,,,,
364707,episode_end,200.7932055770646,218,0.11562724861655711,-100.0,,,,,
364927,episode_end,156.6547596766127,220,0.11429291493543746,-100.0,,,,,
365000,train_step,,,0.1147907278419104,-100.0,100000,115.88079071044922,-70.23353576660156,1.8903923034667969,-0.2372618019580841
365218,episode_end,160.86207436301095,291,0.11471040371252392,-100.0,,,,,
365384,episode_end,137.98805121131534,166,0.11345482320543449,-100.0,,,,,
365573,episode_end,175.86319288724007,189,0.11418180179188246,-100.0,,,,,
365784,episode_end,196.44989744655726,211,0.11430193294537053,-100.0,,,,,
366000,train_step,,,0.11481671047269687,-100.0,100000,77.53004455566406,-74.07088470458984,1.8711702823638916,-0.27884140610694885
366006,episode_end,163.78145953085402,222,0.11484841174109695,-100.0,,,,,
366170,episode_end,168.76673643457937,164,0.11536911813015391,-100.0,,,,,
366651,episode_end,120.64235445896782,481,0.11922370184700384,-100.0,,,,,
366908,episode_end,182.5933222963192,257,0.11719008543020423,-100.0,,,,,
367000,train_step,,,0.1169006286838795,-100.0,100000,28.900148391723633,-72.87376403808594,2.1715688705444336,0.36826038360595703
367076,episode_end,182.16574189388757,168,0.11768996223474276,-100.0,,,,,
367273,episode_end,170.8733681123981,197,0.11778964767886156,-100.0,,,,,
367528,episode_end,169.2616353489371,255,0.1176570367761512,-100.0,,,,,
367758,episode_end,197.92091791826797,230,0.11957453132410231,-100.0,,,,,
367916,episode_end,310.8447431900829,158,0.12187319200410958,-100.0,,,,,
368000,train_step,,,0.12352944949537714,-100.0,100000,30.35651969909668,-67.55859375,2.100067138671875,0.20926837623119354
368078,episode_end,147.93877839938352,162,0.1246575421322226,-100.0,,,,,
368271,episode_end,179.42532729630756,193,0.1281456001999075,-100.0,,,,,
368425,episode_end,-35.54623713379337,154,0.12980538645261694,-100.0,,,,,
368615,episode_end,174.82227170376643,190,0.13008384931078842,-100.0,,,,,
368796,episode_end,154.19236812025122,181,0.1317599783671339,-100.0,,,,,
369000,train_step,,,0.13170044810604462,-100.0,100000,36.051597595214844,-72.78172302246094,2.1437947750091553,0.29150450229644775
369037,episode_end,172.5305519873203,241,0.13179546209599238,-100.0,,,,,
369446,episode_end,152.8295032181323,409,0.130125655513138,-100.0,,,,,
369612,episode_end,-263.66922597845667,166,0.12977663285184016,-100.0,,,,,
369777,episode_end,166.31552679199206,165,0.12896950425901788,-100.0,,,,,
370000,train_step,,,0.12810359964004484,-100.0,100000,219.4227294921875,-79.1502685546875,1.7996649742126465,-0.41167163848876953
370309,episode_end,135.78544417020586,532,0.12694784169182544,-100.0,,,,,
370785,episode_end,168.80208976031014,476,0.11857351369371377,-100.0,,,,,
371000,train_step,,,0.1175458590954099,-100.0,100000,241.15310668945312,-72.49664306640625,2.1816790103912354,0.38896170258522034
371749,episode_end,149.11122511168017,964,0.11006488452303836,-100.0,,,,,
371988,episode_end,206.62828024011634,239,0.11078899163288616,-100.0,,,,,
372000,train_step,,,0.11061833207833144,-100.0,100000,105.97776794433594,-74.79792785644531,2.015885829925537,0.03497505187988281
372214,episode_end,208.93895150310573,226,0.111955341525548,-100.0,,,,,
373000,train_step,,,0.11881131499341156,-100.0,100000,214.88858032226562,-74.10691833496094,2.2219953536987305,0.4728984236717224
373100,episode_end,140.81217773020956,886,0.11958992616811634,-100.0,,,,,
373787,episode_end,195.0670990062845,687,0.11982273059531161,-100.0,,,,,
374000,train_step,,,0.11991758424783888,-100.0,100000,660.5341796875,-74.17997741699219,1.9963173866271973,-0.007810421288013458
374521,episode_end,156.5780677170244,734,0.1190808094276318,-100.0,,,,,
374736,episode_end,168.7993774902116,215,0.11600472694799863,-100.0,,,,,
375000,train_step,,,0.11484239602550342,-100.0,100000,124.78387451171875,-76.1063232421875,2.048452854156494,0.10486175119876862
375008,episode_end,181.80780078257956,272,0.11496653493957709,-100.0,,,,,
375214,episode_end,189.9659527556273,206,0.11618898945034244,-100.0,,,,,
375647,episode_end,130.59799837748085,433,0.11714426853200606,-100.0,,,,,
376000,train_step,,,0.12039275670537337,-100.0,100000,289.8121337890625,-73.88032531738281,1.7640268802642822,-0.49955427646636963
376222,episode_end,169.88629150285874,575,0.12311250005379838,-100.0,,,,,
376468,episode_end,155.52482874133915,246,0.12458820848958148,-100.0,,,,,
376736,episode_end,199.86179593005195,268,0.1265726149781176,-100.0,,,,,
376826,episode_end,-436.8821794454414,90,0.12605743409386966,-100.0,,,,,
377000,train_step,,,0.1258961668652486,-100.0,100000,53.99211120605469,-72.56317138671875,2.159738063812256,0.3310245871543884
377045,episode_end,186.47887635245388,219,0.1269539194866172,-100.0,,,,,
377222,episode_end,167.65339553414364,177,0.1260884104283159,-100.0,,,,,
377461,episode_end,164.32050405061324,239,0.12301020508062292,-100.0,,,,,
377684,episode_end,173.45382097078223,223,0.1189737200932557,-100.0,,,,,
377887,episode_end,191.81352650898435,203,0.1169460547154525,-100.0,,,,,
378000,train_step,,,0.11716455444857225,-100.0,100000,49.76024627685547,-73.12629699707031,2.0405027866363525,0.08684520423412323
378103,episode_end,185.8152822581311,216,0.11759144862992303,-100.0,,,,,
378333,episode_end,202.94448993435444,230,0.11892388005421257,-100.0,,,,,
378563,episode_end,194.28745225188675,230,0.11389295896223514,-100.0,,,,,
378737,episode_end,157.4121142314276,174,0.1134201167658002,-100.0,,,,,
378929,episode_end,191.08807123123728,192,0.112256603618331,-100.0,,,,,
379000,train_step,,,0.11102155877796069,-100.0,100000,89.0528564453125,-74.63716125488281,1.8048253059387207,-0.4290001094341278
379088,episode_end,-20.023785607729977,159,0.11125927974184345,-100.0,,,,,
379265,episode_end,162.48859098665366,177,0.11074993093815011,-100.0,,,,,
379485,episode_end,203.8763677643079,220,0.1111619450894933,-100.0,,,,,
379688,episode_end,199.49102666062694,203,0.11119388527393033,-100.0,,,,,
379903,episode_end,180.26472510450316,215,0.11014730372302345,-100.0,,,,,
380000,train_step,,,0.11038739729854832,-100.0,100000,72.7471923828125,-71.84103393554688,1.9324121475219727,-0.1489475965499878
380487,episode_end,202.79241366036928,584,0.11217905693126201,-100.0,,,,,
380639,episode_end,155.19487444198904,152,0.11344928820805451,-100.0,,,,,
380831,episode_end,163.43654968037993,192,0.11354978340714315,-100.0,,,,,
381000,train_step,,,0.11032120042218965,-100.0,100000,89.79610443115234,-73.8241195678711,1.9299060106277466,-0.15451255440711975
381057,episode_end,192.96786710084137,226,0.10925355294510576,-100.0,,,,,
382000,train_step,,,0.10925303716426435,-100.0,100000,116.3578109741211,-72.72647094726562,2.1746273040771484,0.3866405487060547
382057,episode_end,35.052646249286155,1000,0.10935088186409256,-100.0,,,,,
382224,episode_end,269.5392395042818,167,0.10993321584752637,-100.0,,,,,
382451,episode_end,186.4864757394285,227,0.11316546043353344,-100.0,,,,,
382567,episode_end,-40.457593525189644,116,0.11243135059235194,-100.0,,,,,
382731,episode_end,145.44122138031457,164,0.11307231865958692,-100.0,,,,,
382886,episode_end,310.38661063855744,155,0.11659982897850663,-100.0,,,,,
383000,train_step,,,0.11771623900064002,-100.0,100000,79.95807647705078,-71.05110931396484,2.0567140579223633,0.12133871018886566
383262,episode_end,182.5502797081421,376,0.11560343572582589,-100.0,,,,,
383409,episode_end,148.93941292770162,147,0.11528808995295876,-100.0,,,,,
383619,episode_end,198.46228538032926,210,0.1145444447257285,-100.0,,,,,
383781,episode_end,157.44129003749958,162,0.11435106095453101,-100.0,,,,,
383973,episode_end,182.926831062238,192,0.11670238239208103,-100.0,,,,,
384000,train_step,,,0.11657794112661907,-100.0,100000,103.83477783203125,-69.65814971923828,2.1846821308135986,0.3969178795814514
384165,episode_end,154.67324975435,192,0.11741231985365046,-100.0,,,,,
384523,episode_end,147.59667482410262,358,0.11516447721791359,-100.0,,,,,
384741,episode_end,202.0531182549503,218,0.11300581381220313,-100.0,,,,,
384949,episode_end,184.28986300351403,208,0.11110765629023554,-100.0,,,,,
385000,train_step,,,0.1102275735849452,-100.0,100000,86.39241027832031,-71.19564819335938,1.7134957313537598,-0.6318018436431885
385274,episode_end,176.1248148293395,325,0.1081668831459101,-100.0,,,,,
385583,episode_end,127.5218681580537,309,0.10982509904883393,-100.0,,,,,
386000,train_step,,,0.11202676687850785,-100.0,100000,110.72333526611328,-70.58389282226562,1.8559978008270264,-0.3152233064174652
386417,episode_end,-202.6957775118695,834,0.11169223757191438,-100.0,,,,,
386595,episode_end,149.4862738328903,178,0.10871226233566299,-100.0,,,,,
386807,episode_end,188.06194171155494,212,0.10735667465185149,-100.0,,,,,
386995,episode_end,201.1672203436625,188,0.10825537171776688,-100.0,,,,,
387000,train_step,,,0.10817919775226792,-100.0,100000,65.41928100585938,-68.29771423339844,2.0331597328186035,0.07374580949544907
387198,episode_end,167.5351115651404,203,0.10938585071089202,-100.0,,,,,
387395,episode_end,304.2938336972708,197,0.10790530925834597,-100.0,,,,,
387580,episode_end,135.78391751830696,185,0.1065931487330055,-100.0,,,,,
387755,episode_end,160.95700968201575,175,0.10403758398566891,-100.0,,,,,
387926,episode_end,269.3253778150611,171,0.10340757069020555,-100.0,,,,,
388000,train_step,,,0.10442393340659342,-100.0,100000,73.37567138671875,-67.2432861328125,2.3072590827941895,0.6941893100738525
388107,episode_end,263.10985163068233,181,0.10640984382185366,-100.0,,,,,
388184,episode_end,43.51175521117449,77,0.10653329694129528,-100.0,,,,,
388581,episode_end,126.50130459248264,397,0.10863950247952689,-100.0,,,,,
388791,episode_end,174.67780185926594,210,0.10617563724475179,-100.0,,,,,
389000,train_step,,,0.10697286791130885,-100.0,100000,44.037750244140625,-67.98652648925781,1.890617847442627,-0.2444887012243271
389079,episode_end,170.4374198580615,288,0.10726326155353635,-100.0,,,,,
389282,episode_end,280.5462811698749,203,0.10856076422689794,-100.0,,,,,
389505,episode_end,200.80073088238882,223,0.10878995460856317,-100.0,,,,,
389934,episode_end,148.37811048898624,429,0.10714958591332462,-100.0,,,,,
390000,train_step,,,0.10713778617898531,-100.0,100000,36.2189826965332,-68.20986938476562,1.9017785787582397,-0.2193910777568817
390148,episode_end,202.36320004053925,214,0.10668590346646203,-100.0,,,,,
390372,episode_end,191.4093119631453,224,0.10628375976690389,-100.0,,,,,
390613,episode_end,186.42008389723622,241,0.1081835638910768,-100.0,,,,,
390811,episode_end,153.61400789225098,198,0.10891171100079984,-100.0,,,,,
391000,train_step,,,0.10869154999280269,-100.0,100000,80.31581115722656,-70.97859191894531,1.9801698923110962,-0.04400784522294998
391031,episode_end,212.99489047536787,220,0.10893148118237142,-100.0,,,,,
391279,episode_end,282.85619923442846,248,0.10759865371568796,-100.0,,,,,
391441,episode_end,165.03906136889782,162,0.10672299247397442,-100.0,,,,,
391654,episode_end,262.94179877135787,213,0.10461435883753009,-100.0,,,,,
391889,episode_end,277.3597666074394,235,0.10111257508908543,-100.0,,,,,
392000,train_step,,,0.0998442822931178,-100.0,100000,106.35482788085938,-65.91229248046875,1.9016139507293701,-0.22669538855552673
392168,episode_end,162.75317235514456,279,0.09651030131652641,-100.0,,,,,
392628,episode_end,131.4965124715184,460,0.0987565928594077,-100.0,,,,,
392979,episode_end,266.3991450139198,351,0.09994287866790437,-100.0,,,,,
393000,train_step,,,0.0998451713665282,-100.0,100000,84.2734375,-68.83174133300781,1.8045637607574463,-0.4503113031387329
393245,episode_end,177.35786504234446,266,0.09917205078856382,-100.0,,,,,
393430,episode_end,274.217413273347,185,0.09990474829039887,-100.0,,,,,
393603,episode_end,167.3165251529649,173,0.09948530399227554,-100.0,,,,,
393936,episode_end,124.98155061810539,333,0.10256515770769545,-100.0,,,,,
394000,train_step,,,0.10185196111867847,-100.0,100000,83.80217742919922,-68.15101623535156,1.7891616821289062,-0.48160451650619507
394145,episode_end,285.34664267381686,209,0.10121082174388729,-100.0,,,,,
394318,episode_end,164.6527544751077,173,0.10239353177813745,-100.0,,,,,
394534,episode_end,193.3221342661961,216,0.10066278379644704,-100.0,,,,,
395000,train_step,,,0.10605566347825596,-100.0,100000,24.628089904785156,-69.96227264404297,2.0830633640289307,0.18637678027153015
395534,episode_end,-26.411929697279017,1000,0.11630243508530796,-100.0,,,,,
395714,episode_end,184.9273790706568,180,0.12022397453462032,-100.0,,,,,
395943,episode_end,143.10568847579594,229,0.1252024894094233,-100.0,,,,,
396000,train_step,,,0.12742871134594172,-100.0,100000,126.63702392578125,-65.6363525390625,1.7164756059646606,-0.5841165781021118
396943,episode_end,161.30146507248756,1000,0.1297725731013699,-100.0,,,,,
397000,train_step,,,0.13093378944866302,-100.0,100000,24.378822326660156,-67.78620910644531,1.9370087385177612,-0.12806518375873566
397419,episode_end,299.21418365015273,476,0.12881913241559842,-100.0,,,,,
397646,episode_end,320.2287574516689,227,0.12657648697959825,-100.0,,,,,
397923,episode_end,267.734801886176,277,0.1240612290796568,-100.0,,,,,
398000,train_step,,,0.12292250645562003,-100.0,100000,104.8131103515625,-68.31088256835938,1.8868935108184814,-0.23709413409233093
398061,episode_end,290.832332940083,138,0.12095349239617935,-100.0,,,,,
398555,episode_end,226.17817615443,494,0.11103954485168717,-100.0,,,,,
398703,episode_end,181.86009303868659,148,0.1089308456149684,-100.0,,,,,
398858,episode_end,275.59800239356593,155,0.1096404573882539,-100.0,,,,,
399000,episode_end,279.9153873376808,142,0.10575414327954326,-100.0,,,,,
399000,train_step,,,0.10575414327954326,-100.0,100000,16.898639678955078,-69.76661682128906,1.5991902351379395,-0.900474488735199
399199,episode_end,308.2486464536503,199,0.10241765844592367,-100.0,,,,,
399344,episode_end,160.0220118869542,145,0.10078169243274322,-100.0,,,,,
400000,train_step,,,0.09480193770625428,-100.0,100000,24.63205337524414,-66.56196594238281,1.8940033912658691,-0.24972431361675262
400344,episode_end,152.8501883938557,1000,0.09242846142708164,-100.0,,,,,
400587,episode_end,183.5612180968102,243,0.09118946539415097,-100.0,,,,,
400770,episode_end,162.85336029187417,183,0.09061200476165424,-100.0,,,,,
401000,train_step,,,0.09199427079003829,-100.0,100000,40.40447998046875,-63.41984176635742,2.125187397003174,0.29870131611824036
401194,episode_end,209.9839710177215,424,0.09405533249213319,-100.0,,,,,
401406,episode_end,168.50917704959772,212,0.0937118122156124,-100.0,,,,,
401581,episode_end,176.08676889130777,175,0.09180805835945925,-100.0,,,,,
401761,episode_end,260.32411216429807,180,0.09092234293677408,-100.0,,,,,
401957,episode_end,159.3960819189961,196,0.09015521428545838,-100.0,,,,,
402000,train_step,,,0.09035605380645075,-100.0,100000,80.29447937011719,-65.35673522949219,2.0520293712615967,0.125078484416008
402236,episode_end,128.53624704522218,279,0.09226169097544508,-100.0,,,,,
402701,episode_end,208.68723325740945,465,0.09556284705410975,-100.0,,,,,
402938,episode_end,180.17176425563554,237,0.09576599768163861,-100.0,,,,,
403000,train_step,,,0.09611164131782943,-100.0,100000,88.19181823730469,-61.84254455566406,1.9560587406158447,-0.10292114317417145
403938,episode_end,103.38392576959319,1000,0.103940522383419,-100.0,,,,,
404000,train_step,,,0.1050194114100352,-100.0,100000,31.79255485534668,-66.09698486328125,1.9205353260040283,-0.17908231914043427
404297,episode_end,307.1812163214993,359,0.10351201965596091,-100.0,,,,,
404465,episode_end,151.3800711779048,168,0.10214579910677982,-100.0,,,,,
404715,episode_end,284.81176425936474,250,0.104013209042483,-100.0,,,,,
404909,episode_end,161.18725279125843,194,0.10316821282950243,-100.0,,,,,
405000,train_step,,,0.10304211825698815,-100.0,100000,61.99586486816406,-60.34153747558594,1.961949110031128,-0.08647510409355164
405182,episode_end,174.94602334232033,273,0.10159455482325282,-100.0,,,,,
405426,episode_end,170.09155520935974,244,0.10491974780759789,-100.0,,,,,
405586,episode_end,268.47669356940133,160,0.10433056778072448,-100.0,,,,,
405798,episode_end,-94.67121584757002,212,0.1068794696227091,-100.0,,,,,
406000,train_step,,,0.10878736174306468,-100.0,100000,31.859813690185547,-62.5198974609375,1.9461474418640137,-0.11946387588977814
406072,episode_end,152.938712431545,274,0.10904087205400106,-100.0,,,,,
406230,episode_end,181.93001952203326,158,0.11109777130839711,-100.0,,,,,
406491,episode_end,312.5564960436624,261,0.11075923006351515,-100.0,,,,,
406802,episode_end,267.8263186969458,311,0.11086854393800655,-100.0,,,,,
407000,train_step,,,0.11175113591510669,-100.0,100000,64.10154724121094,-64.0022964477539,2.0104639530181885,0.022931694984436035
407111,episode_end,292.2189870831919,309,0.11357399740610981,-100.0,,,,,
407427,episode_end,189.33569072420545,316,0.11532191118982116,-100.0,,,,,
407699,episode_end,299.7105849674389,272,0.1141915558513471,-100.0,,,,,
407870,episode_end,179.50846429974757,171,0.11561034678611527,-100.0,,,,,
408000,train_step,,,0.11706572533604599,-100.0,100000,122.7938232421875,-67.63782501220703,2.01585054397583,0.03399951756000519
408186,episode_end,280.50573477439275,316,0.11684907866435289,-100.0,,,,,
408347,episode_end,170.05672459266654,161,0.11737015867431248,-100.0,,,,,
408590,episode_end,200.90311252799904,243,0.11738672422517625,-100.0,,,,,
408783,episode_end,301.4136301171942,193,0.11734226603562022,-100.0,,,,,
409000,train_step,,,0.11884040756281297,-100.0,100000,96.75161743164062,-62.617366790771484,1.904170036315918,-0.2041153460741043
409361,episode_end,285.8825024374729,578,0.12075491377976068,-100.0,,,,,
409503,episode_end,262.7467094477875,142,0.11880605743523315,-100.0,,,,,
409704,episode_end,178.65538887657664,201,0.12028640428155014,-100.0,,,,,
410000,train_step,,,0.12010464990855091,-100.0,100000,44.266807556152344,-63.07170104980469,1.7553114891052246,-0.5185906887054443
410089,episode_end,186.99498366537566,385,0.11890961319098832,-100.0,,,,,
410346,episode_end,210.70039421260634,257,0.12060880826465849,-100.0,,,,,
410512,episode_end,181.71866521208847,166,0.12136408087524264,-100.0,,,,,
410645,episode_end,29.592717033670027,133,0.12271379679962842,-100.0,,,,,
410819,episode_end,153.49765915041428,174,0.12399258781865455,-100.0,,,,,
411000,train_step,,,0.12461896002291808,-100.0,100000,16.64537811279297,-64.49205017089844,2.0314536094665527,0.06550216674804688
411024,episode_end,207.18173994584197,205,0.12434476028430126,-100.0,,,,,
411269,episode_end,190.2332171665455,245,0.11902646709703142,-100.0,,,,,
411441,episode_end,157.74011941296428,172,0.11783297107873561,-100.0,,,,,
411671,episode_end,180.36699771757367,230,0.11644109906171188,-100.0,,,,,
411863,episode_end,152.96851376528156,192,0.1171068542522059,-100.0,,,,,
412000,train_step,,,0.11714112611698639,-100.0,100000,44.559234619140625,-62.88977813720703,2.115536689758301,0.24775424599647522
412107,episode_end,175.27945189424918,244,0.11746602435231272,-100.0,,,,,
412287,episode_end,158.703858404948,180,0.11451362064095703,-100.0,,,,,
412469,episode_end,168.86937618137236,182,0.11422359778764231,-100.0,,,,,
412628,episode_end,284.6644227478918,159,0.11461890799745648,-100.0,,,,,
412861,episode_end,195.97240400989838,233,0.11536104513172622,-100.0,,,,,
413000,train_step,,,0.11334285383847677,-100.0,100000,72.456298828125,-64.15301513671875,1.9991565942764282,-0.0018363408744335175
413107,episode_end,156.3403122952266,246,0.11248853591206087,-100.0,,,,,
413320,episode_end,131.55316151494682,213,0.11127843166671662,-100.0,,,,,
413515,episode_end,293.7754728977693,195,0.11271321138193363,-100.0,,,,,
413691,episode_end,171.5932693253663,176,0.11344071586169843,-100.0,,,,,
413889,episode_end,164.77892295162343,198,0.11243883729473891,-100.0,,,,,
414000,train_step,,,0.1118306469756559,-100.0,100000,107.38902282714844,-62.43949508666992,2.2042527198791504,0.4474702775478363
414104,episode_end,182.88839905488203,215,0.11387701094323037,-100.0,,,,,
414329,episode_end,197.77974940402805,225,0.1126446236563456,-100.0,,,,,
414563,episode_end,194.70043922844968,234,0.11034840631676412,-100.0,,,,,
414668,episode_end,27.48700839354717,105,0.1097599150656167,-100.0,,,,,
414860,episode_end,172.91110075187333,192,0.11093950646789867,-100.0,,,,,
415000,train_step,,,0.11116745165293053,-100.0,100000,137.59371948242188,-61.983184814453125,2.145226240158081,0.3190212845802307
415080,episode_end,158.06885522113424,220,0.11155245540065166,-100.0,,,,,
415195,episode_end,19.08848166371955,115,0.11211268630513889,-100.0,,,,,
415397,episode_end,162.51017798993988,202,0.11237295701570749,-100.0,,,,,
415662,episode_end,207.55162886141898,265,0.11288987865024917,-100.0,,,,,
415860,episode_end,157.52905844447656,198,0.10927139245402037,-100.0,,,,,
416000,train_step,,,0.11010472457897465,-100.0,100000,12.927013397216797,-62.893333435058594,2.096484661102295,0.2128763198852539
416025,episode_end,282.8976925602982,165,0.10982601574161703,-100.0,,,,,
416287,episode_end,202.74996492843593,262,0.10893380887274823,-100.0,,,,,
416495,episode_end,156.01034783224424,208,0.11091795301041085,-100.0,,,,,
416735,episode_end,175.299367836288,240,0.11025030122246525,-100.0,,,,,
416880,episode_end,282.1996663616777,145,0.1103783299010249,-100.0,,,,,
417000,train_step,,,0.10910759932222897,-100.0,100000,85.4128646850586,-61.62633514404297,1.8749494552612305,-0.27703946828842163
417108,episode_end,270.9879983663134,228,0.10789159384875355,-100.0,,,,,
417244,episode_end,297.06836099478556,136,0.10673226897518082,-100.0,,,,,
417425,episode_end,156.05942845160814,181,0.10624814606550469,-100.0,,,,,
417635,episode_end,166.86850035654498,210,0.10568699863834004,-100.0,,,,,
417832,episode_end,174.98287410328714,197,0.10625743831664926,-100.0,,,,,
418000,train_step,,,0.1054413882253647,-100.0,100000,161.32565307617188,-61.561519622802734,2.1424455642700195,0.32044532895088196
418010,episode_end,154.4057696722485,178,0.10545487033926654,-100.0,,,,,
418301,episode_end,124.38019082907708,291,0.10468455212651216,-100.0,,,,,
418501,episode_end,158.98412975327807,200,0.10435841574520291,-100.0,,,,,
418739,episode_end,150.52239701227742,238,0.1035994899509702,-100.0,,,,,
419000,train_step,,,0.10379419948927325,-100.0,100000,88.63151550292969,-60.55195617675781,1.766671895980835,-0.5285685062408447
419130,episode_end,158.80729582749947,391,0.10400356658648086,-100.0,,,,,
420000,train_step,,,0.10466553925545465,-100.0,100000,28.02629852294922,-56.92402648925781,2.0895142555236816,0.20203202962875366
420127,episode_end,1.2838268079704847,997,0.1055050751110206,-100.0,,,,,
420495,episode_end,261.5495411320843,368,0.10403986945988375,-100.0,,,,,
420767,episode_end,133.1235328276791,272,0.1026931849893889,-100.0,,,,,
420926,episode_end,266.6535643409874,159,0.10398165281151425,-100.0,,,,,
421000,train_step,,,0.1043116312257961,-100.0,100000,76.69235229492188,-62.358516693115234,2.0334274768829346,0.07555825263261795
421002,episode_end,53.857714357668556,76,0.10433335264300103,-100.0,,,,,
421278,episode_end,176.24111160220534,276,0.1056670796828813,-100.0,,,,,
421517,episode_end,306.5873624063275,239,0.10599676527458654,-100.0,,,,,
421767,episode_end,162.4794299220275,250,0.10535708011402832,-100.0,,,,,
421995,episode_end,175.64017858784655,228,0.104371290941949,-100.0,,,,,
422000,train_step,,,0.10444811727705172,-100.0,100000,136.97720336914062,-58.837249755859375,2.034550189971924,0.07805117964744568
422200,episode_end,154.0583600972369,205,0.1052394087643053,-100.0,,,,,
422465,episode_end,195.80571239682092,265,0.10544039660146849,-100.0,,,,,
422698,episode_end,147.61477818678944,233,0.10468605258586548,-100.0,,,,,
422862,episode_end,273.2452854123518,164,0.10385783550031825,-100.0,,,,,
423000,train_step,,,0.10330200771482013,-100.0,100000,12.221822738647461,-61.33057403564453,1.9646025896072388,-0.08035564422607422
423029,episode_end,305.1598636291742,167,0.10311010331229456,-100.0,,,,,
423221,episode_end,296.4211767077169,192,0.10135558407098942,-100.0,,,,,
423524,episode_end,280.08220420832396,303,0.09986525753842629,-100.0,,,,,
423670,episode_end,291.608621869646,146,0.10065469335015721,-100.0,,,,,
424000,train_step,,,0.10352003038075293,-100.0,100000,28.001663208007812,-61.736289978027344,2.0361123085021973,0.08190231025218964
424670,episode_end,175.4470594179035,1000,0.10677384548859288,-100.0,,,,,
424880,episode_end,182.6664135100835,210,0.10379401971159306,-100.0,,,,,
425000,train_step,,,0.10237386297254587,-100.0,100000,77.02494812011719,-62.33937454223633,1.8978166580200195,-0.23288829624652863
425101,episode_end,169.13332306253892,221,0.10347999289093844,-100.0,,,,,
425271,episode_end,295.667211121654,170,0.1041827989351265,-100.0,,,,,
425485,episode_end,197.43186489586543,214,0.10237924605491601,-100.0,,,,,
426000,episode_end,264.3566105218149,515,0.10223599451418447,-100.0,,,,,
426000,train_step,,,0.10223599451418447,-100.0,100000,59.39031219482422,-60.21443176269531,2.081272602081299,0.18533967435359955
426175,episode_end,152.69303843458331,175,0.10229007099861263,-100.0,,,,,
426384,episode_end,274.46262299220973,209,0.10140764719196677,-100.0,,,,,
426528,episode_end,288.9126134488909,144,0.10205823058019375,-100.0,,,,,
426714,episode_end,165.75529727860697,186,0.10033682267457275,-100.0,,,,,
427000,train_step,,,0.1022947192101886,-100.0,100000,79.68374633789062,-59.466278076171875,1.9738208055496216,-0.05968591570854187
427120,episode_end,130.4748900352029,406,0.10214311155337112,-100.0,,,,,
427317,episode_end,260.89958940250835,197,0.10190099296205789,-100.0,,,,,
427565,episode_end,197.78217859104547,248,0.09971945736412892,-100.0,,,,,
428000,train_step,,,0.09677853226545662,-100.0,100000,74.0022201538086,-57.912662506103516,1.9755128622055054,-0.057185471057891846
428011,episode_end,289.0186827157785,446,0.09673605961214203,-100.0,,,,,
428192,episode_end,298.07770617391884,181,0.09642249239017785,-100.0,,,,,
428344,episode_end,152.5831513134506,152,0.09797349957745105,-100.0,,,,,
428557,episode_end,171.48519620453442,213,0.09974513750334418,-100.0,,,,,
428736,episode_end,173.6265928007906,179,0.10081910485589676,-100.0,,,,,
428965,episode_end,174.46492074816823,229,0.10202672931424309,-100.0,,,,,
429000,train_step,,,0.10220029500203397,-100.0,100000,133.05865478515625,-59.83378601074219,2.1021652221679688,0.2330206036567688
429051,episode_end,27.788342239476776,86,0.10176510221543035,-100.0,,,,,
429283,episode_end,280.011785872062,232,0.10287537148482519,-100.0,,,,,
429424,episode_end,166.02198363328745,141,0.10356135713951979,-100.0,,,,,
430000,train_step,,,0.10188620267233531,-100.0,100000,123.66712951660156,-60.2156982421875,1.987900733947754,-0.027633432298898697
430424,episode_end,162.77416235304844,1000,0.09894525261705421,-100.0,,,,,
430589,episode_end,175.30324716736973,165,0.09780234493688329,-100.0,,,,,
430761,episode_end,244.86724912426695,172,0.09829575737967705,-100.0,,,,,
430981,episode_end,139.58980763066916,220,0.09630378070812187,-100.0,,,,,
431000,train_step,,,0.09635501223847755,-100.0,100000,122.24966430664062,-55.04327392578125,1.9698987007141113,-0.07042831182479858
431211,episode_end,189.87328720002475,230,0.09506633379026448,-100.0,,,,,
431433,episode_end,193.47932662713586,222,0.09478047352190114,-100.0,,,,,
431578,episode_end,174.80176611447473,145,0.09447283862004502,-100.0,,,,,
432000,train_step,,,0.09466756957929003,-100.0,100000,29.505998611450195,-59.17490768432617,2.027381420135498,0.06454892456531525
432121,episode_end,167.3361899219519,543,0.09672496534346657,-100.0,,,,,
432431,episode_end,254.98309803587156,310,0.0974591309515319,-100.0,,,,,
432581,episode_end,307.4734436821476,150,0.09810682254701406,-100.0,,,,,
432859,episode_end,143.42409455615456,278,0.09819343383573657,-100.0,,,,,
433000,train_step,,,0.09738296535509691,-100.0,100000,32.69257354736328,-58.21101760864258,1.9348455667495728,-0.15175136923789978
433259,episode_end,219.48081761961458,400,0.09712191257172897,-100.0,,,,,
433497,episode_end,300.43663785228875,238,0.0970621130925545,-100.0,,,,,
433724,episode_end,300.1559537827233,227,0.09888736004856612,-100.0,,,,,
434000,train_step,,,0.09462279063256628,-100.0,100000,73.86524200439453,-57.92167663574219,2.1044156551361084,0.24619711935520172
434093,episode_end,229.7822427644977,369,0.0953748496986384,-100.0,,,,,
434293,episode_end,184.59128556344126,200,0.0945882605323157,-100.0,,,,,
434546,episode_end,125.29131786306321,253,0.09461787390443249,-100.0,,,,,
434764,episode_end,171.14778164754026,218,0.09373989791163082,-100.0,,,,,
434966,episode_end,158.7185018860942,202,0.09357021947846109,-100.0,,,,,
435000,train_step,,,0.0944121901794201,-100.0,100000,64.87794494628906,-56.92082214355469,1.999022126197815,-0.002307996153831482
435134,episode_end,152.3338441895044,168,0.09516517365705815,-100.0,,,,,
435349,episode_end,198.6500337536145,215,0.09704716654602696,-100.0,,,,,
435596,episode_end,181.19717060392864,247,0.09776251564094408,-100.0,,,,,
435791,episode_end,146.17304921806584,195,0.09898917675774235,-100.0,,,,,
435961,episode_end,188.61838171600937,170,0.09987281529982947,-100.0,,,,,
436000,train_step,,,0.09991258171154016,-100.0,100000,11.615788459777832,-58.330772399902344,2.049454689025879,0.11391668021678925
436171,episode_end,168.1702199192336,210,0.09929476015642516,-100.0,,,,,
436323,episode_end,291.6533604167521,152,0.0988940342792266,-100.0,,,,,
436561,episode_end,299.16483497454567,238,0.09844032599492025,-100.0,,,,,
436726,episode_end,265.47320735119604,165,0.09875518230939097,-100.0,,,,,
436906,episode_end,298.70388444598717,180,0.09608776063178993,-100.0,,,,,
437000,train_step,,,0.0950415367418615,-100.0,100000,20.917369842529297,-63.731021881103516,2.273195266723633,0.6429490447044373
437053,episode_end,270.85439300931614,147,0.09404036002322388,-100.0,,,,,
437309,episode_end,266.357302336211,256,0.09229709828284674,-100.0,,,,,
437456,episode_end,312.42581622758973,147,0.09189683139242218,-100.0,,,,,
437621,episode_end,314.32510052983554,165,0.09233862523679959,-100.0,,,,,
437853,episode_end,189.97318778670214,232,0.09094760256608252,-100.0,,,,,
438000,train_step,,,0.09085187282998333,-100.0,100000,83.26539611816406,-56.02384948730469,2.0941734313964844,0.22587700188159943
438085,episode_end,189.01194003867687,232,0.09145680772803111,-100.0,,,,,
438238,episode_end,299.192913715137,153,0.09136714890602826,-100.0,,,,,
438439,episode_end,174.71398904509857,201,0.09413185498280773,-100.0,,,,,
438635,episode_end,262.9392929550579,196,0.09568155548858147,-100.0,,,,,
438858,episode_end,200.6995722607815,223,0.09521307404078781,-100.0,,,,,
439000,train_step,,,0.09371512687538616,-100.0,100000,64.71109771728516,-57.80480194091797,2.1435508728027344,0.33985596895217896
439031,episode_end,173.4112429381807,173,0.09370389982622417,-100.0,,,,,
439223,episode_end,287.9679895849435,192,0.09366483630234233,-100.0,,,,,
439495,episode_end,257.34136404763973,272,0.09385725644855047,-100.0,,,,,
439656,episode_end,274.42941853439095,161,0.09254426158291117,-100.0,,,,,
440000,episode_end,176.86311060279178,344,0.09257239916352457,-100.0,,,,,
440000,train_step,,,0.09257239916352457,-100.0,100000,100.31165313720703,-62.69295120239258,2.1705808639526367,0.40594199299812317
440246,episode_end,128.9451284819066,246,0.09248504066408465,-100.0,,,,,
440677,episode_end,123.40180443952133,431,0.0914978825044744,-100.0,,,,,
440984,episode_end,180.60287281504367,307,0.09300582532366693,-100.0,,,,,
441000,train_step,,,0.09310595140426252,-100.0,100000,158.33984375,-59.730960845947266,1.9727684259414673,-0.06464827060699463
441196,episode_end,187.8937901580312,212,0.09184607194609098,-100.0,,,,,
441367,episode_end,173.47597432903768,171,0.09232933121261537,-100.0,,,,,
441561,episode_end,164.05957291180854,194,0.09104139991313086,-100.0,,,,,
441655,episode_end,-385.91089884540776,94,0.09079498890063824,-100.0,,,,,
441987,episode_end,237.29200208282336,332,0.0881969935532263,-100.0,,,,,
442000,train_step,,,0.08828335279395905,-100.0,100000,23.260757446289062,-55.959808349609375,1.8798435926437378,-0.2916441261768341
442158,episode_end,274.845965609363,171,0.08924492096556785,-100.0,,,,,
442304,episode_end,181.37189922682393,146,0.08920141383887083,-100.0,,,,,
442484,episode_end,157.03767424631394,180,0.0899088610909374,-100.0,,,,,
442682,episode_end,180.60643356742125,198,0.09238199856224011,-100.0,,,,,
443000,train_step,,,0.09653159488485429,-100.0,100000,49.079078674316406,-57.25739288330078,1.914595603942871,-0.19966591894626617
443425,episode_end,259.9504655209548,743,0.09314830561638286,-100.0,,,,,
443593,episode_end,298.2535624847342,168,0.08999673416621493,-100.0,,,,,
443774,episode_end,152.15484115456596,181,0.08811195912811032,-100.0,,,,,
443891,episode_end,70.0622654412602,117,0.08675370567874925,-100.0,,,,,
444000,train_step,,,0.08652471161723804,-100.0,100000,56.73309326171875,-55.62358856201172,1.9304125308990479,-0.17030289769172668
444100,episode_end,170.98580088144348,209,0.0870073253090855,-100.0,,,,,
444283,episode_end,266.6894125418055,183,0.08687227207520962,-100.0,,,,,
444478,episode_end,273.51320669161277,195,0.08802538305292612,-100.0,,,,,
444578,episode_end,-441.43953585153344,100,0.0876425585434217,-100.0,,,,,
444759,episode_end,152.27481746588012,181,0.0880574031262624,-100.0,,,,,
444951,episode_end,137.49481881986162,192,0.08731027535382134,-100.0,,,,,
445000,train_step,,,0.08704733750944048,-100.0,100000,29.612369537353516,-57.806190490722656,1.9181418418884277,-0.19984091818332672
445126,episode_end,273.8181961494176,175,0.08737986118678312,-100.0,,,,,
445408,episode_end,289.3458784907598,282,0.08630006924433263,-100.0,,,,,
445773,episode_end,239.47652650393712,365,0.08740027188453017,-100.0,,,,,
446000,train_step,,,0.08663902335001879,-100.0,100000,18.76195526123047,-61.442169189453125,1.9823271036148071,-0.04322811961174011
446187,episode_end,-191.8396385109766,414,0.08658016258577284,-100.0,,,,,
446431,episode_end,151.1219392196825,244,0.08680047723452658,-100.0,,,,,
446891,episode_end,201.73834879959867,460,0.0874051620455387,-100.0,,,,,
447000,train_step,,,0.08969118393163517,-100.0,100000,106.74860382080078,-56.33552551269531,1.9416100978851318,-0.14080050587654114
447080,episode_end,172.94901067556822,189,0.09022950454856225,-100.0,,,,,
447313,episode_end,300.08662967114833,233,0.08986690018368577,-100.0,,,,,
447473,episode_end,163.79271279840955,160,0.08991210089723248,-100.0,,,,,
448000,train_step,,,0.08772253045885446,-100.0,100000,100.56771850585938,-57.76606369018555,1.906998634338379,-0.2263260781764984
448107,episode_end,70.93301101275387,634,0.08803502864743691,-100.0,,,,,
448321,episode_end,294.26656918725007,214,0.08877996164604064,-100.0,,,,,
448552,episode_end,316.872099310719,231,0.08890540490038737,-100.0,,,,,
448757,episode_end,149.70926903368974,205,0.09065350815060091,-100.0,,,,,
449000,train_step,,,0.08866948039899437,-100.0,100000,95.88243865966797,-59.910179138183594,1.988959789276123,-0.0267484188079834
449187,episode_end,231.00358931477345,430,0.0895343061474658,-100.0,,,,,
449530,episode_end,291.812874945346,343,0.08963688527365556,-100.0,,,,,
449680,episode_end,191.94961450071997,150,0.08833433493038059,-100.0,,,,,
449830,episode_end,280.69906437843065,150,0.088501454958594,-100.0,,,,,
450000,train_step,,,0.08669648232695026,-100.0,100000,11.306503295898438,-61.018638610839844,1.8780238628387451,-0.298273503780365
450045,episode_end,294.89406430914556,215,0.08638156399083023,-100.0,,,,,
450231,episode_end,271.68143489601647,186,0.08547412865907329,-100.0,,,,,
450512,episode_end,164.62981529400304,281,0.08534028533545601,-100.0,,,,,
450854,episode_end,112.84218550168308,342,0.08849823216789732,-100.0,,,,,
451000,train_step,,,0.08832376615915642,-100.0,100000,51.015506744384766,-57.93584442138672,1.956960916519165,-0.10444460809230804
451119,episode_end,242.0994319616001,265,0.08790485023833391,-100.0,,,,,
451279,episode_end,263.1757504503321,160,0.08754266726233802,-100.0,,,,,
451442,episode_end,312.0316184362308,163,0.08725804449987785,-100.0,,,,,
451978,episode_end,196.31795035274308,536,0.0870402470241171,-100.0,,,,,
452000,train_step,,,0.08670463354029222,-100.0,100000,82.14407348632812,-60.16082000732422,1.8275341987609863,-0.42172178626060486
452161,episode_end,294.175542501618,183,0.08595441789463532,-100.0,,,,,
452344,episode_end,163.69452206298308,183,0.08610680731502549,-100.0,,,,,
452964,episode_end,162.20292103656715,620,0.08878670638224495,-100.0,,,,,
453000,train_step,,,0.08835225085302825,-100.0,100000,20.139156341552734,-60.519683837890625,2.0887396335601807,0.21531976759433746
453098,episode_end,-607.7285029421726,134,0.0881634974136566,-100.0,,,,,
453293,episode_end,269.79781634324013,195,0.0876867758512778,-100.0,,,,,
453416,episode_end,-133.20053995327373,123,0.0885853770858904,-100.0,,,,,
453662,episode_end,263.1442579862579,246,0.09142400884132525,-100.0,,,,,
453859,episode_end,286.46708115050393,197,0.09259726854341757,-100.0,,,,,
454000,train_step,,,0.09180093551456671,-100.0,100000,60.11289596557617,-62.37128448486328,2.171804189682007,0.41029131412506104
454048,episode_end,187.51958527751046,189,0.09223886674815551,-100.0,,,,,
454256,episode_end,300.883540192244,208,0.09016636578670716,-100.0,,,,,
454445,episode_end,184.63107941605588,189,0.09068863038867948,-100.0,,,,,
454627,episode_end,266.9275146303871,182,0.09236629690564299,-100.0,,,,,
454951,episode_end,237.0024504459557,324,0.09207087698067846,-100.0,,,,,
455000,train_step,,,0.091890328638217,-100.0,100000,24.518943786621094,-59.75157928466797,1.7091195583343506,-0.6943782567977905
455155,episode_end,284.65264689847663,204,0.09116351267543785,-100.0,,,,,
455348,episode_end,154.8274748889744,193,0.09057608319274386,-100.0,,,,,
455507,episode_end,252.34105526601573,159,0.0914177363895549,-100.0,,,,,
455734,episode_end,281.7736053000473,227,0.08976099317608767,-100.0,,,,,
456000,train_step,,,0.08772194114683322,-100.0,100000,273.4617919921875,-58.9169921875,2.04659366607666,0.11338943988084793
456057,episode_end,283.86381912837214,323,0.08798435259611571,-100.0,,,,,
456221,episode_end,274.63322726932677,164,0.08812330354720543,-100.0,,,,,
456403,episode_end,291.6273043234547,182,0.08817847171334463,-100.0,,,,,
456565,episode_end,258.17857676072265,162,0.0870015535582914,-100.0,,,,,
456710,episode_end,194.49569983276922,145,0.08681399752379569,-100.0,,,,,
457000,train_step,,,0.08919420116977332,-100.0,100000,113.031982421875,-60.509246826171875,2.151473045349121,0.3661015033721924
457175,episode_end,270.9797809482924,465,0.0883312667002696,-100.0,,,,,
457369,episode_end,310.448029046917,194,0.08793900449143198,-100.0,,,,,
457499,episode_end,188.73869728850104,130,0.08786360325320527,-100.0,,,,,
457827,episode_end,262.55622976713676,328,0.08835199916472812,-100.0,,,,,
458000,train_step,,,0.08864637824087523,-100.0,100000,112.56265258789062,-60.17893981933594,1.8183257579803467,-0.4402146637439728
458371,episode_end,224.7221087319968,544,0.08955342145267652,-100.0,,,,,
458567,episode_end,303.2011901546832,196,0.0905909766965187,-100.0,,,,,
458735,episode_end,260.3061573733777,168,0.09146728886533581,-100.0,,,,,
458920,episode_end,199.72867380622,185,0.08939048010726773,-100.0,,,,,
459000,train_step,,,0.08870630366899816,-100.0,100000,132.06988525390625,-61.88874053955078,2.0901899337768555,0.2184784859418869
459091,episode_end,144.2983615468318,171,0.08892884194105663,-100.0,,,,,
459287,episode_end,163.42899171872355,196,0.09097064990540468,-100.0,,,,,
459426,episode_end,185.2657150846737,139,0.09186081177218118,-100.0,,,,,
459600,episode_end,141.19186665435285,174,0.09119041576730656,-100.0,,,,,
459793,episode_end,187.17139923204164,193,0.09206746340370328,-100.0,,,,,
459957,episode_end,267.2279266557442,164,0.09121356889216214,-100.0,,,,,
460000,train_step,,,0.09160312657416053,-100.0,100000,20.32896614074707,-60.05149459838867,2.22196626663208,0.5305637121200562
460143,episode_end,287.1753728181599,186,0.09285590888971083,-100.0,,,,,
460725,episode_end,274.37329746936234,582,0.09351420599575283,-100.0,,,,,
460883,episode_end,267.45832436787043,158,0.09510222224482176,-100.0,,,,,
461000,train_step,,,0.09632061099617659,-100.0,100000,82.2799072265625,-60.38429641723633,2.0806121826171875,0.18863864243030548
461035,episode_end,258.7714023791524,152,0.09642651655943689,-100.0,,,,,
461234,episode_end,184.76988626164206,199,0.09598882382972072,-100.0,,,,,
461414,episode_end,282.47101019857826,180,0.09473568661236365,-100.0,,,,,
461602,episode_end,152.31383279316805,188,0.09617271736958749,-100.0,,,,,
461746,episode_end,190.4999835551222,144,0.09616096995052179,-100.0,,,,,
461939,episode_end,285.02665159161216,193,0.09616742253117866,-100.0,,,,,
462000,train_step,,,0.09647465130096589,-100.0,100000,93.42916107177734,-61.14879608154297,2.062636375427246,0.14647357165813446
462456,episode_end,274.4746352927385,517,0.09670388538425569,-100.0,,,,,
462620,episode_end,-503.6232256780541,164,0.09551942603958488,-100.0,,,,,
462829,episode_end,181.88270857777195,209,0.09653671136969008,-100.0,,,,,
462975,episode_end,-395.50977882410365,146,0.09706924404167865,-100.0,,,,,
463000,train_step,,,0.09712332479643081,-100.0,100000,20.384883880615234,-62.83256530761719,1.8326194286346436,-0.3902933597564697
463164,episode_end,283.47836125229264,189,0.09629132857644353,-100.0,,,,,
463374,episode_end,187.50633303964378,210,0.0942339128622332,-100.0,,,,,
463560,episode_end,164.36220234860656,186,0.09456854812025205,-100.0,,,,,
463741,episode_end,259.2677305364857,181,0.09464409258494381,-100.0,,,,,
463930,episode_end,273.9003784854899,189,0.09619971552658584,-100.0,,,,,
464000,train_step,,,0.09642381775382221,-100.0,100000,84.91506958007812,-64.24232482910156,1.8504531383514404,-0.34979066252708435
464104,episode_end,319.98847545069134,174,0.09680207630264567,-100.0,,,,,
464347,episode_end,199.8861472973829,243,0.09628748203072385,-100.0,,,,,
464535,episode_end,291.3765288998431,188,0.09456641881566917,-100.0,,,,,
464825,episode_end,275.04907626095985,290,0.09280873478719741,-100.0,,,,,
464985,episode_end,271.9618055833329,160,0.09304155089965999,-100.0,,,,,
465000,train_step,,,0.0932512190254172,-100.0,100000,25.462303161621094,-64.76055145263672,2.312286376953125,0.7408866882324219
465147,episode_end,285.9469601158157,162,0.09436203151220147,-100.0,,,,,
465274,episode_end,-201.18369271772414,127,0.09402858652169113,-100.0,,,,,
465427,episode_end,277.79370475951043,153,0.09309001444773375,-100.0,,,,,
465614,episode_end,168.90968237423684,187,0.09292721809323866,-100.0,,,,,
465799,episode_end,172.2349218019089,185,0.09358386407261682,-100.0,,,,,
465970,episode_end,259.44676431114243,171,0.09390600811340831,-100.0,,,,,
466000,train_step,,,0.09366056770005927,-100.0,100000,36.39280700683594,-62.530242919921875,1.8068324327468872,-0.45743560791015625
466185,episode_end,180.1115881539469,215,0.0935326030642119,-100.0,,,,,
466382,episode_end,177.01128360244047,197,0.0937006137935484,-100.0,,,,,
466579,episode_end,162.752559504083,197,0.09340913195278891,-100.0,,,,,
466752,episode_end,-157.87015498250892,173,0.09320142185637766,-100.0,,,,,
466933,episode_end,166.81644189346798,181,0.09186893177513719,-100.0,,,,,
467000,train_step,,,0.09226520429058951,-100.0,100000,19.73828887939453,-63.66230392456055,2.0386874675750732,0.09219580143690109
467115,episode_end,187.0251578600031,182,0.09285418265376227,-100.0,,,,,
467262,episode_end,167.9751511903395,147,0.09422027382337432,-100.0,,,,,
467446,episode_end,-274.0571114722721,184,0.09550705823826607,-100.0,,,,,
467680,episode_end,-307.88402946288625,234,0.09526107497468594,-100.0,,,,,
467888,episode_end,-185.75768394574084,208,0.09605078627133956,-100.0,,,,,
468000,train_step,,,0.09599127544876256,-100.0,100000,29.177085876464844,-64.31912231445312,1.9113614559173584,-0.20772439241409302
468081,episode_end,180.53837887264558,193,0.09668083149447812,-100.0,,,,,
468276,episode_end,184.09676930452736,195,0.09627634050966224,-100.0,,,,,
468564,episode_end,190.91460211531296,288,0.09679839222713778,-100.0,,,,,
468760,episode_end,164.33715570844768,196,0.09747997533039239,-100.0,,,,,
468977,episode_end,188.62539285994788,217,0.0956792241102846,-100.0,,,,,
469000,train_step,,,0.0957876332142787,-100.0,100000,285.7370910644531,-67.91128540039062,1.9368207454681396,-0.14819490909576416
469199,episode_end,234.80888357935183,222,0.09478491606247497,-100.0,,,,,
469478,episode_end,190.38423860691688,279,0.09479816388575528,-100.0,,,,,
469674,episode_end,159.4103102124216,196,0.09527037160894239,-100.0,,,,,
469888,episode_end,218.5544136343641,214,0.09549233718953203,-100.0,,,,,
470000,train_step,,,0.09427967394048847,-100.0,100000,54.69874954223633,-65.9621353149414,2.093881607055664,0.22170038521289825
470117,episode_end,171.78789536125421,229,0.09504984952454415,-100.0,,,,,
470323,episode_end,154.8685638942336,206,0.09402120080643321,-100.0,,,,,
470496,episode_end,277.3909265768293,173,0.09413418077414895,-100.0,,,,,
470664,episode_end,261.1564088512688,168,0.09520460286725663,-100.0,,,,,
470931,episode_end,194.53771868110522,267,0.09667213101150744,-100.0,,,,,
471000,train_step,,,0.09602244641591576,-100.0,100000,37.20240783691406,-65.59310913085938,2.0030226707458496,0.007083006203174591
471095,episode_end,259.4426095224935,164,0.09501487343920924,-100.0,,,,,
471433,episode_end,312.7359138074147,338,0.09539522351885808,-100.0,,,,,
472000,train_step,,,0.09247438162693365,-100.0,100000,20.0819091796875,-65.92048645019531,1.9333878755569458,-0.1585918366909027
472055,episode_end,251.3826260993133,622,0.0923895641865099,-100.0,,,,,
472241,episode_end,281.3874726337335,186,0.09245251930169496,-100.0,,,,,
472393,episode_end,267.69951347887877,152,0.09265104015737645,-100.0,,,,,
472583,episode_end,278.19812369562806,190,0.0934000827008741,-100.0,,,,,
472728,episode_end,20.223101917878793,145,0.09330557518847098,-100.0,,,,,
472938,episode_end,162.602085296695,210,0.09228117238956694,-100.0,,,,,
473000,train_step,,,0.09186198575650348,-100.0,100000,21.961898803710938,-62.13859558105469,1.8297700881958008,-0.40641865134239197
473218,episode_end,195.77914319902655,280,0.09243278081447302,-100.0,,,,,
473494,episode_end,203.13471957431994,276,0.09206131460016678,-100.0,,,,,
473686,episode_end,292.5050791129331,192,0.09132258454871414,-100.0,,,,,
474000,train_step,,,0.09208159942716092,-100.0,100000,32.59970474243164,-63.038753509521484,1.997833251953125,-0.005167774856090546
474024,episode_end,273.05091430709456,338,0.09212056207028903,-100.0,,,,,
474272,episode_end,304.80514245459034,248,0.09340126644088079,-100.0,,,,,
474634,episode_end,271.7908402158896,362,0.09185209849122924,-100.0,,,,,
474858,episode_end,189.18600006944374,224,0.09167175642127602,-100.0,,,,,
475000,train_step,,,0.0918880601075153,-100.0,100000,67.97671508789062,-65.56669616699219,1.8241674900054932,-0.4197445511817932
475065,episode_end,175.26638546784562,207,0.09178683844267244,-100.0,,,,,
475314,episode_end,273.9311846972396,249,0.08999164007120639,-100.0,,,,,
475517,episode_end,158.35759990948782,203,0.08898016339641392,-100.0,,,,,
475667,episode_end,290.4439146719325,150,0.08932266170486017,-100.0,,,,,
475906,episode_end,253.44721549819064,239,0.09184512866288685,-100.0,,,,,
476000,train_step,,,0.09211547089735753,-100.0,100000,28.046695709228516,-63.80070114135742,2.1126136779785156,0.2685512602329254
476071,episode_end,251.46384421272927,165,0.0913096505950951,-100.0,,,,,
476398,episode_end,129.86664232445182,327,0.08967681922329258,-100.0,,,,,
476626,episode_end,182.8450456624798,228,0.08962392716083581,-100.0,,,,,
476842,episode_end,243.3997021890493,216,0.08934298780431613,-100.0,,,,,
477000,train_step,,,0.09017855270411458,-100.0,100000,123.67820739746094,-66.34400939941406,1.9566811323165894,-0.10422362387180328
477043,episode_end,270.9540576609569,201,0.0904461561432984,-100.0,,,,,
477227,episode_end,269.3041584856344,184,0.09262971364043751,-100.0,,,,,
478000,train_step,,,0.09292581772557428,-100.0,100000,99.0396728515625,-65.4505386352539,1.9928240776062012,-0.017049536108970642
478227,episode_end,83.78467555247106,1000,0.09252032262709822,-100.0,,,,,
479000,train_step,,,0.08907203146612033,-100.0,100000,13.518579483032227,-65.36343383789062,2.3150601387023926,0.7619132995605469
479204,episode_end,65.08011843191308,977,0.0907300481690266,-100.0,,,,,
479544,episode_end,176.17413875041362,340,0.09353487498848082,-100.0,,,,,
479941,episode_end,199.5832134341773,397,0.09417931770425012,-100.0,,,,,
480000,train_step,,,0.09369011504162722,-100.0,100000,12.033586502075195,-65.07234191894531,2.0778398513793945,0.18430650234222412
480306,episode_end,268.39267936839167,365,0.09104470400676501,-100.0,,,,,
480546,episode_end,265.57478199951834,240,0.09112152152439026,-100.0,,,,,
480971,episode_end,157.79601689539356,425,0.09344349194296676,-100.0,,,,,
481000,train_step,,,0.09358432898153213,-100.0,100000,17.556468963623047,-64.27197265625,1.9086543321609497,-0.2163882553577423
481395,episode_end,255.26051193722634,424,0.09104510891402087,-100.0,,,,,
481534,episode_end,177.25928917435107,139,0.08918313832093766,-100.0,,,,,
482000,train_step,,,0.09055553914837842,-100.0,100000,68.76738739013672,-67.19865417480469,2.0091214179992676,0.021907910704612732
482047,episode_end,222.55437169943133,513,0.09058302094184069,-100.0,,,,,
482276,episode_end,142.10698711010718,229,0.08981063246095616,-100.0,,,,,
482454,episode_end,280.5593492545372,178,0.08871155751410767,-100.0,,,,,
482559,episode_end,41.61718602345374,105,0.08878009416105236,-100.0,,,,,
483000,train_step,,,0.09232759196178764,-100.0,100000,31.70555305480957,-64.76051330566406,2.109951972961426,0.26195085048675537
483559,episode_end,-163.89920845878154,1000,0.09225509332109756,-100.0,,,,,
483774,episode_end,286.12893331937636,215,0.09311370184880144,-100.0,,,,,
484000,train_step,,,0.09307005127947532,-100.0,100000,209.33901977539062,-66.29419708251953,1.9003907442092896,-0.23651227355003357
484029,episode_end,283.41476343158007,255,0.09310773927682812,-100.0,,,,,
484172,episode_end,-163.42198085203188,143,0.09380402409344958,-100.0,,,,,
484985,episode_end,150.82319087570406,813,0.09350942338717723,-100.0,,,,,
485000,train_step,,,0.0933633659260127,-100.0,100000,157.69235229492188,-64.64176177978516,1.763453483581543,-0.5609123706817627
485128,episode_end,282.15136409692093,143,0.09480998276071818,-100.0,,,,,
485701,episode_end,-202.15507881191854,573,0.09680182671528378,-100.0,,,,,
486000,train_step,,,0.0950656807675824,-100.0,100000,20.593055725097656,-67.68280029296875,2.188021183013916,0.44244933128356934
486310,episode_end,216.34974278134516,609,0.09619479855540722,-100.0,,,,,
486494,episode_end,292.19626126856696,184,0.09511005996181497,-100.0,,,,,
487000,train_step,,,0.08996427940845365,-100.0,100000,25.686410903930664,-67.2880859375,1.8959189653396606,-0.2506626546382904
487034,episode_end,210.2294796285932,540,0.09002104695959272,-100.0,,,,,
487200,episode_end,279.98369836194945,166,0.08949860398185835,-100.0,,,,,
488000,train_step,,,0.08793135099908171,-100.0,100000,46.47578048706055,-63.43649673461914,2.115048408508301,0.27970510721206665
488200,episode_end,-9.513681954097892,1000,0.08729730451015953,-100.0,,,,,
488393,episode_end,280.0277939158674,193,0.08758934611333485,-100.0,,,,,
488570,episode_end,-130.83445950181604,177,0.08783571469707219,-100.0,,,,,
488774,episode_end,288.55730606993177,204,0.08836627591677498,-100.0,,,,,
488956,episode_end,236.79575030955422,182,0.08889129907886961,-100.0,,,,,
489000,train_step,,,0.08917247286700102,-100.0,100000,67.31629180908203,-65.66546630859375,2.193131923675537,0.466835081577301
489191,episode_end,146.63112261450595,235,0.08940527668171201,-100.0,,,,,
490000,train_step,,,0.09048071431439524,-100.0,100000,29.782489776611328,-62.515384674072266,1.888386607170105,-0.2681645154953003
490191,episode_end,-65.16857557693916,1000,0.09091551849561783,-100.0,,,,,
490378,episode_end,237.21412406742556,187,0.09045321797103142,-100.0,,,,,
491000,train_step,,,0.08810977297153796,-100.0,100000,22.214664459228516,-64.15794372558594,1.9641393423080444,-0.08711165189743042
491194,episode_end,185.02251701883603,816,0.08691400883657596,-100.0,,,,,
491336,episode_end,262.3522372840407,142,0.08654593601279484,-100.0,,,,,
491498,episode_end,253.53140753753766,162,0.08637229870426735,-100.0,,,,,
491678,episode_end,271.42104159064274,180,0.08704460300544932,-100.0,,,,,
491808,episode_end,-188.15876770595372,130,0.08659068457616097,-100.0,,,,,
492000,train_step,,,0.08675152767314966,-100.0,100000,9.213179588317871,-64.50022888183594,2.030604600906372,0.07481925189495087
492781,episode_end,262.36181509849035,973,0.08898735452994534,-100.0,,,,,
493000,train_step,,,0.08812490607903233,-100.0,100000,13.404997825622559,-66.11322021484375,1.7623522281646729,-0.5772465467453003
493204,episode_end,269.64244208194043,423,0.08802615061793276,-100.0,,,,,
493476,episode_end,276.73987062805503,272,0.08879009604641656,-100.0,,,,,
494000,train_step,,,0.0872062506629121,-100.0,100000,14.854125022888184,-64.80110168457031,1.9611467123031616,-0.0947817713022232
494279,episode_end,164.31020032375028,803,0.08516832266448318,-100.0,,,,,
494478,episode_end,164.83743433590837,199,0.08599058751184527,-100.0,,,,,
494735,episode_end,222.0674153718981,257,0.08684421472306066,-100.0,,,,,
494946,episode_end,182.0433196173393,211,0.08512655627451976,-100.0,,,,,
495000,train_step,,,0.08482999782373092,-100.0,100000,42.687538146972656,-68.76123046875,2.1064164638519287,0.26254069805145264
495060,episode_end,-134.70062191747564,114,0.08473372819991196,-100.0,,,,,
495344,episode_end,264.7304859374878,284,0.08563836422242366,-100.0,,,,,
495532,episode_end,281.11817335622914,188,0.08658504278691964,-100.0,,,,,
495807,episode_end,279.3035825116344,275,0.0843310081373069,-100.0,,,,,
496000,train_step,,,0.08349095124698944,-100.0,100000,45.385887145996094,-67.79024505615234,1.9548043012619019,-0.11222165822982788
496102,episode_end,275.1418496035694,295,0.0834876172221704,-100.0,,,,,
496301,episode_end,250.68764634486854,199,0.08380839498783568,-100.0,,,,,
496454,episode_end,308.69390247124124,153,0.08288085947205862,-100.0,,,,,
496643,episode_end,281.2403011155511,189,0.08363045774246118,-100.0,,,,,
496824,episode_end,276.02906414229335,181,0.08517047337730896,-100.0,,,,,
497000,train_step,,,0.08651458142019397,-100.0,100000,46.40577697753906,-67.81571960449219,1.997771978378296,-0.005453139543533325
497181,episode_end,-70.8300438203087,357,0.08682711608385639,-100.0,,,,,
497338,episode_end,270.8218633577777,157,0.08725191256302811,-100.0,,,,,
497503,episode_end,277.1707752971306,165,0.08591490605690273,-100.0,,,,,
497653,episode_end,304.73443490328884,150,0.0857643617202354,-100.0,,,,,
498000,train_step,,,0.08476008457182753,-100.0,100000,157.547607421875,-67.32267761230469,2.059022903442383,0.14566467702388763
498489,episode_end,232.50820663367858,836,0.08341393741437013,-100.0,,,,,
498733,episode_end,-84.1961846356558,244,0.0846491681742684,-100.0,,,,,
498927,episode_end,270.2601593883933,194,0.0857270162651627,-100.0,,,,,
499000,train_step,,,0.08703646013517377,-100.0,100000,11.563491821289062,-65.57747650146484,2.027556896209717,0.06727802008390427
499114,episode_end,257.1894486887229,187,0.08743545389196272,-100.0,,,,,
499275,episode_end,258.7061477677495,161,0.08856559083916725,-100.0,,,,,
499453,episode_end,-153.88262893996801,178,0.08833006173369037,-100.0,,,,,
499667,episode_end,262.2373883423085,214,0.08772125221522052,-100.0,,,,,
500000,train_step,,,0.08576106809672204,-100.0,100000,17.885412216186523,-62.46251678466797,1.8359075784683228,-0.4030420780181885
500270,episode_end,249.31488398295275,603,0.08481839126854689,-100.0,,,,,
500417,episode_end,280.3441402428286,147,0.08478321015836322,-100.0,,,,,
500596,episode_end,280.3306219182855,179,0.08526279488478614,-100.0,,,,,
501000,train_step,,,0.08756076368744845,-100.0,100000,81.34748840332031,-65.80835723876953,2.0750598907470703,0.1828022301197052
501016,episode_end,253.64435430456274,420,0.08758190285338724,-100.0,,,,,
501712,episode_end,259.94488768715007,696,0.08961151980208173,-100.0,,,,,
501958,episode_end,147.90912606230302,246,0.09038252480174251,-100.0,,,,,
502000,train_step,,,0.09027544681686461,-100.0,100000,48.13970947265625,-63.046897888183594,2.2436022758483887,0.5858368873596191
502238,episode_end,286.883355777661,280,0.0888047741741514,-100.0,,,,,
502442,episode_end,231.5355426845718,204,0.08629723887315133,-100.0,,,,,
502616,episode_end,293.4149967763414,174,0.08407214711561027,-100.0,,,,,
502809,episode_end,236.95074455253533,193,0.08332989997987633,-100.0,,,,,
503000,train_step,,,0.08349479156286392,-100.0,100000,35.92529296875,-66.50663757324219,1.8927607536315918,-0.2662717401981354
503048,episode_end,-192.32648700279427,239,0.08367672067766199,-100.0,,,,,
503213,episode_end,262.47422746333916,165,0.08448372119715387,-100.0,,,,,
503444,episode_end,277.56686205755625,231,0.08485115639881669,-100.0,,,,,
504000,train_step,,,0.07887483696540348,-100.0,100000,17.65762710571289,-63.04283905029297,1.993132472038269,-0.017442762851715088
504012,episode_end,195.63496384982727,568,0.07886193354393647,-100.0,,,,,
504209,episode_end,277.2809956856861,197,0.07923998235586581,-100.0,,,,,
504506,episode_end,-150.05729537351993,297,0.08028945504836238,-100.0,,,,,
504794,episode_end,247.20521478100832,288,0.08062407152276518,-100.0,,,,,
505000,train_step,,,0.08260378088733811,-100.0,100000,48.415008544921875,-61.93500900268555,2.0853331089019775,0.21279537677764893
505090,episode_end,277.11128615644924,296,0.08293936088761218,-100.0,,,,,
505251,episode_end,256.3924034362174,161,0.08295277479537887,-100.0,,,,,
505498,episode_end,281.3458708940934,247,0.08182602930893773,-100.0,,,,,
505647,episode_end,295.67900057628856,149,0.07973123968955773,-100.0,,,,,
505819,episode_end,299.36722099674324,172,0.08049056062096505,-100.0,,,,,
506000,train_step,,,0.08064800452573345,-100.0,100000,12.475347518920898,-62.52860641479492,2.095454216003418,0.24032141268253326
506017,episode_end,288.1772736770888,198,0.08045712986255267,-100.0,,,,,
506192,episode_end,270.1465552776589,175,0.08093725561766828,-100.0,,,,,
506415,episode_end,247.92493093129977,223,0.08213471226417565,-100.0,,,,,
506700,episode_end,213.74070227304983,285,0.0854352809755672,-100.0,,,,,
506867,episode_end,272.5806103240702,167,0.08568270432794688,-100.0,,,,,
507000,train_step,,,0.08550624365009729,-100.0,100000,9.57430648803711,-66.76927185058594,1.9674898386001587,-0.07994768023490906
507040,episode_end,257.55152176895564,173,0.0855218880375788,-100.0,,,,,
507482,episode_end,262.4342686996481,442,0.08651132290533864,-100.0,,,,,
507658,episode_end,246.45145414185413,176,0.0870438121806537,-100.0,,,,,
507856,episode_end,289.3234256785644,198,0.0862376755958926,-100.0,,,,,
508000,train_step,,,0.0859419406376678,-100.0,100000,9.662721633911133,-65.28599548339844,2.0657594203948975,0.161378875374794
508072,episode_end,299.1811916875931,216,0.08579582690759723,-100.0,,,,,
508367,episode_end,165.8283081866175,295,0.08469689318922845,-100.0,,,,,
508517,episode_end,296.05117734418457,150,0.08317075756045081,-100.0,,,,,
508678,episode_end,301.6050768776563,161,0.08300651881953171,-100.0,,,,,
508900,episode_end,249.50933017054626,222,0.08470806944162865,-100.0,,,,,
509000,train_step,,,0.0856075432690317,-100.0,100000,6.148972988128662,-66.65972900390625,2.051685333251953,0.12704157829284668
509074,episode_end,271.0659178076919,174,0.08534042260670478,-100.0,,,,,
509279,episode_end,272.5647941102038,205,0.0850138307826754,-100.0,,,,,
509539,episode_end,262.6197359405606,260,0.08484312969951607,-100.0,,,,,
509703,episode_end,250.10809769753678,164,0.0833813995618628,-100.0,,,,,
509910,episode_end,288.39668974165136,207,0.08333166304410884,-100.0,,,,,
510000,train_step,,,0.08311492590683786,-100.0,100000,20.313743591308594,-65.55181884765625,2.1001734733581543,0.24918502569198608
510132,episode_end,276.7918216031871,222,0.0843886505335193,-100.0,,,,,
510346,episode_end,257.1390241611433,214,0.08767557920154835,-100.0,,,,,
510694,episode_end,-48.64996127084128,348,0.08885582179655442,-100.0,,,,,
511000,train_step,,,0.09201450723033204,-100.0,100000,51.97268295288086,-63.311378479003906,1.9174656867980957,-0.19691085815429688
511174,episode_end,260.6559675949379,480,0.09328228368730397,-100.0,,,,,
511561,episode_end,-93.49491725268268,387,0.09109975397989765,-100.0,,,,,
511758,episode_end,302.3109984619498,197,0.09149232238952637,-100.0,,,,,
511981,episode_end,283.062163172771,223,0.08953581152164217,-100.0,,,,,
512000,train_step,,,0.08942430842127927,-100.0,100000,13.46623420715332,-66.99990844726562,1.8939661979675293,-0.25600406527519226
512154,episode_end,287.60880817915177,173,0.09054493984035301,-100.0,,,,,
512332,episode_end,282.7917550158884,178,0.09092163239281957,-100.0,,,,,
512509,episode_end,258.92743467486406,177,0.09132252503614112,-100.0,,,,,
512685,episode_end,168.13484058763686,176,0.08916757382696269,-100.0,,,,,
512855,episode_end,269.9117503406469,170,0.08873034590526506,-100.0,,,,,
513000,train_step,,,0.08914239218905823,-100.0,100000,46.43251037597656,-63.91276550292969,1.9908225536346436,-0.022186443209648132
513021,episode_end,159.98726825778317,166,0.08897138091338136,-100.0,,,,,
513161,episode_end,285.23619830530436,140,0.09041165113314013,-100.0,,,,,
513366,episode_end,269.86876554587445,205,0.09110564542072849,-100.0,,,,,
513562,episode_end,293.1041667477758,196,0.09117556991362304,-100.0,,,,,
513716,episode_end,150.07032152658542,154,0.09199210836698113,-100.0,,,,,
514000,train_step,,,0.0895980432397111,-100.0,100000,56.367340087890625,-68.6727294921875,2.096489429473877,0.23277278244495392
514716,episode_end,-95.07179084250814,1000,0.08757618810946032,-100.0,,,,,
514882,episode_end,282.46256710778255,166,0.08622671508832944,-100.0,,,,,
515000,train_step,,,0.08590457091990386,-100.0,100000,68.84298706054688,-64.72782897949219,1.8376500606536865,-0.3984910249710083
515084,episode_end,286.5811034531629,202,0.08607104040678808,-100.0,,,,,
515273,episode_end,298.98308190367726,189,0.08739172088757129,-100.0,,,,,
515484,episode_end,276.070166873704,211,0.08868821120650272,-100.0,,,,,
515674,episode_end,290.4652217118097,190,0.08933127297270244,-100.0,,,,,
515820,episode_end,279.9225506412081,146,0.08900931640770243,-100.0,,,,,
516000,train_step,,,0.08852625160844259,-100.0,100000,52.66741943359375,-68.71565246582031,1.8294813632965088,-0.4134148359298706
516025,episode_end,281.13729623785423,205,0.08832247301900147,-100.0,,,,,
516710,episode_end,288.35952918729436,685,0.08218347537662406,-100.0,,,,,
516889,episode_end,284.28351030761735,179,0.08339305996908329,-100.0,,,,,
517000,train_step,,,0.08289511649866653,-100.0,100000,32.49668884277344,-65.16488647460938,2.0204849243164062,0.0510111078619957
517098,episode_end,274.9719117033353,209,0.08323125797970854,-100.0,,,,,
517268,episode_end,178.55410858344874,170,0.08297667133941135,-100.0,,,,,
517423,episode_end,173.40447595206592,155,0.0826200868299146,-100.0,,,,,
517587,episode_end,300.1291472707937,164,0.08294580923282732,-100.0,,,,,
518000,train_step,,,0.08139939022172835,-100.0,100000,40.874290466308594,-66.35354614257812,2.1370437145233154,0.3437584936618805
518310,episode_end,278.45139876508074,723,0.08254049369543147,-100.0,,,,,
518498,episode_end,296.0349732138245,188,0.08344763189100876,-100.0,,,,,
518644,episode_end,266.37899796774764,146,0.08429049942511682,-100.0,,,,,
518794,episode_end,301.66958532678655,150,0.08524416481045873,-100.0,,,,,
518992,episode_end,288.3063839209666,198,0.08562481722168018,-100.0,,,,,
519000,train_step,,,0.085656572448685,-100.0,100000,8.168889045715332,-69.26152801513672,2.104607582092285,0.2570640444755554
519167,episode_end,168.1789972723204,175,0.08355070016022824,-100.0,,,,,
519305,episode_end,286.9131680769242,138,0.08243665393809413,-100.0,,,,,
519472,episode_end,294.6978844807762,167,0.08032724393698867,-100.0,,,,,
519817,episode_end,306.49560384902657,345,0.0839604105741673,-100.0,,,,,
520000,train_step,,,0.08586318662835551,-100.0,100000,38.194602966308594,-68.95990753173828,1.845703125,-0.3787989318370819
520012,episode_end,295.97647476576924,195,0.0857684689498924,-100.0,,,,,
520181,episode_end,277.08071669909907,169,0.08479183476812815,-100.0,,,,,
520362,episode_end,266.5884223069439,181,0.08426895510040837,-100.0,,,,,
520538,episode_end,175.55996432441958,176,0.08442678315825726,-100.0,,,,,
520699,episode_end,180.80778516116857,161,0.08365087380523821,-100.0,,,,,
520867,episode_end,162.85550166076186,168,0.08351984219812801,-100.0,,,,,
521000,train_step,,,0.08301135920315376,-100.0,100000,31.407697677612305,-63.95746612548828,2.0282654762268066,0.07034613192081451
521104,episode_end,286.82593504903423,237,0.08231208019365961,-100.0,,,,,
521249,episode_end,154.43268434300455,145,0.08201658950164661,-100.0,,,,,
521400,episode_end,172.6391367562772,151,0.08233903318862514,-100.0,,,,,
521568,episode_end,155.28006551496935,168,0.08311209654685028,-100.0,,,,,
521768,episode_end,163.34556406472728,200,0.08440735909945858,-100.0,,,,,
521960,episode_end,273.65785948751073,192,0.0835757291178007,-100.0,,,,,
522000,train_step,,,0.08314118927951594,-100.0,100000,30.738924026489258,-62.46822738647461,1.911817193031311,-0.2193296253681183
522128,episode_end,155.56474721455845,168,0.08345462362084131,-100.0,,,,,
522304,episode_end,161.62166534919683,176,0.08214239592759201,-100.0,,,,,
522482,episode_end,290.1138777089798,178,0.08189131959619063,-100.0,,,,,
522651,episode_end,175.39934727629506,169,0.08235937001784653,-100.0,,,,,
522805,episode_end,326.20823953530214,154,0.08249994477714483,-100.0,,,,,
522987,episode_end,300.51570926896574,182,0.08240387358471438,-100.0,,,,,
523000,train_step,,,0.08230542352130411,-100.0,100000,43.60146713256836,-71.91543579101562,2.087266206741333,0.21793153882026672
523175,episode_end,321.9925156857006,188,0.08093504993848623,-100.0,,,,,
523344,episode_end,270.19042998696034,169,0.07961478571838837,-100.0,,,,,
523558,episode_end,268.64977442438186,214,0.08020652651180345,-100.0,,,,,
523732,episode_end,286.7666782136854,174,0.08022292044445671,-100.0,,,,,
523882,episode_end,260.6760720775658,150,0.0805774867830513,-100.0,,,,,
524000,train_step,,,0.08039043728491288,-100.0,100000,10.111248016357422,-69.14398956298828,1.930501937866211,-0.17519471049308777
524038,episode_end,263.628630555595,156,0.08075333398630616,-100.0,,,,,
524211,episode_end,267.1368180090217,173,0.0813258657118702,-100.0,,,,,
524371,episode_end,253.50992250579827,160,0.08118968829744354,-100.0,,,,,
524550,episode_end,147.57209944948053,179,0.07958442418670522,-100.0,,,,,
524725,episode_end,149.09017879847028,175,0.07936851144276424,-100.0,,,,,
524910,episode_end,158.78595064821133,185,0.0800006773902738,-100.0,,,,,
525000,train_step,,,0.08049208069774702,-100.0,100000,10.762553215026855,-69.67866516113281,2.0232794284820557,0.058654628694057465
525080,episode_end,275.4483858251457,170,0.08062409973891854,-100.0,,,,,
525253,episode_end,318.59025357526866,173,0.08120427743769698,-100.0,,,,,
525454,episode_end,249.5770950305884,201,0.08142307560835377,-100.0,,,,,
525634,episode_end,149.04101582432497,180,0.08144868920611711,-100.0,,,,,
525783,episode_end,318.85550693959647,149,0.07950639825306241,-100.0,,,,,
525937,episode_end,245.14413517656877,154,0.0800081837649039,-100.0,,,,,
526000,train_step,,,0.07963092651589623,-100.0,100000,31.282203674316406,-68.5276870727539,2.017732858657837,0.04487043619155884
526114,episode_end,274.1033313583455,177,0.07995080705937696,-100.0,,,,,
526279,episode_end,181.65827442654617,165,0.08116258144214586,-100.0,,,,,
526478,episode_end,173.79606188731827,199,0.08061338828626981,-100.0,,,,,
526648,episode_end,306.9276583452007,170,0.0815448606077084,-100.0,,,,,
526815,episode_end,287.79136168243963,167,0.08093030121021268,-100.0,,,,,
526988,episode_end,266.10571794990335,173,0.08069587539468993,-100.0,,,,,
527000,train_step,,,0.08074396821907524,-100.0,100000,17.971298217773438,-69.39227294921875,1.9161840677261353,-0.21092042326927185
527150,episode_end,146.68547460070846,162,0.08102980554929372,-100.0,,,,,
527380,episode_end,296.9330181014187,230,0.07854310958575657,-100.0,,,,,
527556,episode_end,286.12025176321583,176,0.07895716966639324,-100.0,,,,,
527736,episode_end,308.1541626229289,180,0.07928818480194627,-100.0,,,,,
527901,episode_end,273.0845011742231,165,0.0791754144090132,-100.0,,,,,
528000,train_step,,,0.07882798602808423,-100.0,100000,26.11553955078125,-72.05632019042969,2.2524373531341553,0.6413142085075378
528087,episode_end,179.4459326437661,186,0.07892449035984116,-100.0,,,,,
528230,episode_end,278.55005134120364,143,0.07874765898851273,-100.0,,,,,
528436,episode_end,295.7187282741728,206,0.07801771147817653,-100.0,,,,,
528646,episode_end,285.41322564535534,210,0.07662795547266099,-100.0,,,,,
528866,episode_end,255.38039330188693,220,0.0766257081357086,-100.0,,,,,
529000,train_step,,,0.07747234613720186,-100.0,100000,14.54545783996582,-69.12079620361328,1.9332647323608398,-0.17069751024246216
529031,episode_end,157.648705775566,165,0.07767917205155829,-100.0,,,,,
529189,episode_end,259.657797368405,158,0.07901788130695996,-100.0,,,,,
529450,episode_end,217.59140459552492,261,0.08001170852743,-100.0,,,,,
529614,episode_end,283.64645464854794,164,0.07808853113083285,-100.0,,,,,
529791,episode_end,279.5114413766471,177,0.0762431432074511,-100.0,,,,,
530000,train_step,,,0.07736796984964968,-100.0,100000,18.197494506835938,-65.40917205810547,2.1605546474456787,0.4108887016773224
530380,episode_end,225.36429119989378,589,0.07667624618284916,-100.0,,,,,
530560,episode_end,282.2974884359911,180,0.07751350835634767,-100.0,,,,,
530733,episode_end,285.86927965101114,173,0.07723926742701187,-100.0,,,,,
530894,episode_end,295.6454105130598,161,0.07715780399109544,-100.0,,,,,
531000,train_step,,,0.07737153134644177,-100.0,100000,5.662142753601074,-67.61665344238281,2.2395589351654053,0.6130639314651489
531068,episode_end,299.0577278905598,174,0.07753537773295313,-100.0,,,,,
531152,episode_end,62.86812408422895,84,0.07707244975913573,-100.0,,,,,
531332,episode_end,260.8881288374922,180,0.07837599331359466,-100.0,,,,,
531521,episode_end,311.6300347160232,189,0.07935129758963988,-100.0,,,,,
531712,episode_end,259.69689205207305,191,0.07824407351183817,-100.0,,,,,
531997,episode_end,276.40380047663473,285,0.07817571886356878,-100.0,,,,,
532000,train_step,,,0.0782197454167642,-100.0,100000,54.96007537841797,-66.86377716064453,2.0511088371276855,0.1302369385957718
532172,episode_end,172.33019193661505,175,0.07833316486902336,-100.0,,,,,
532346,episode_end,281.59407564883713,174,0.0770950521055989,-100.0,,,,,
532513,episode_end,303.2374506459878,167,0.07882456774292104,-100.0,,,,,
532719,episode_end,315.5141738800955,206,0.07744546539850197,-100.0,,,,,
532886,episode_end,302.40812521562975,167,0.07742870872058065,-100.0,,,,,
533000,train_step,,,0.07768196956307455,-100.0,100000,13.297168731689453,-65.61868286132812,2.105851173400879,0.2704634368419647
533063,episode_end,286.1813300295711,177,0.07790926888506404,-100.0,,,,,
533238,episode_end,249.4952465470906,175,0.07879324449079513,-100.0,,,,,
533424,episode_end,242.0618451870861,186,0.07976582501447685,-100.0,,,,,
533584,episode_end,249.93352401896283,160,0.07994270821550009,-100.0,,,,,
533732,episode_end,268.1118710781862,148,0.07856865089461637,-100.0,,,,,
533884,episode_end,306.722692909839,152,0.07715504399795085,-100.0,,,,,
534000,train_step,,,0.07817619588761447,-100.0,100000,22.289108276367188,-71.38401794433594,2.0174508094787598,0.04447854310274124
534048,episode_end,288.9539861516755,164,0.0784546953580332,-100.0,,,,,
534204,episode_end,311.6831656553329,156,0.07846445759219875,-100.0,,,,,
534379,episode_end,304.70722168672853,175,0.0796639659496603,-100.0,,,,,
534543,episode_end,281.0858574520288,164,0.08075704266054184,-100.0,,,,,
534750,episode_end,274.8312527007529,207,0.08029494656529133,-100.0,,,,,
534896,episode_end,289.4834224379797,146,0.08045030868483226,-100.0,,,,,
535000,train_step,,,0.08104608584228865,-100.0,100000,9.116748809814453,-69.0986328125,2.1555638313293457,0.3908906877040863
535082,episode_end,303.5233092214397,186,0.08039411381460655,-100.0,,,,,
535298,episode_end,302.44793708265775,216,0.07911046998966972,-100.0,,,,,
535464,episode_end,260.5744153372435,166,0.07924130837107557,-100.0,,,,,
535680,episode_end,244.87618603677288,216,0.07900123368665403,-100.0,,,,,
535885,episode_end,244.97027290939843,205,0.07877012585278671,-100.0,,,,,
536000,train_step,,,0.08037553428632564,-100.0,100000,45.568687438964844,-69.56134033203125,1.841644525527954,-0.39922165870666504
536084,episode_end,247.5799888030385,199,0.08087549802888629,-100.0,,,,,
536167,episode_end,40.38017667866126,83,0.08079701817415468,-100.0,,,,,
536415,episode_end,295.06482358930606,248,0.08053928497250537,-100.0,,,,,
536577,episode_end,313.14543747222694,162,0.08317043130915903,-100.0,,,,,
537000,train_step,,,0.09040767682105794,-100.0,100000,14.41035270690918,-68.1034164428711,1.9616124629974365,-0.09226131439208984
537216,episode_end,250.22898640967063,639,0.09067536507592239,-100.0,,,,,
537327,episode_end,17.874947635025734,111,0.08924731329148301,-100.0,,,,,
537425,episode_end,55.12492771589103,98,0.0884109225442095,-100.0,,,,,
537597,episode_end,256.788493477666,172,0.08797417313648462,-100.0,,,,,
538000,train_step,,,0.08518730510632715,-100.0,100000,5.1785736083984375,-70.49087524414062,2.097870349884033,0.24104517698287964
538002,episode_end,269.96329206948667,405,0.08515622033673198,-100.0,,,,,
538218,episode_end,275.3121257465109,216,0.08353369105496274,-100.0,,,,,
538393,episode_end,240.22664485766074,175,0.08214262302815477,-100.0,,,,,
538597,episode_end,232.60238515868062,204,0.08119558637360284,-100.0,,,,,
538743,episode_end,304.40744041794346,146,0.08077453308008153,-100.0,,,,,
538884,episode_end,280.6516561165297,141,0.07973802088419539,-100.0,,,,,
539000,train_step,,,0.08080532992388838,-100.0,100000,14.04378890991211,-68.21456909179688,1.945019245147705,-0.13831570744514465
539031,episode_end,300.69845747479053,147,0.08059598358272725,-100.0,,,,,
539207,episode_end,285.6528044907525,176,0.07969464295736645,-100.0,,,,,
539405,episode_end,260.913098509346,198,0.08014702711359009,-100.0,,,,,
539566,episode_end,272.8937573377118,161,0.08112833639045905,-100.0,,,,,
539743,episode_end,289.71415702166036,177,0.08248663206322492,-100.0,,,,,
539908,episode_end,282.66395914648893,165,0.08216508549756826,-100.0,,,,,
540000,train_step,,,0.08141458498026682,-100.0,100000,14.231281280517578,-69.25752258300781,1.9463034868240356,-0.1346815973520279
540100,episode_end,237.29445866610894,192,0.0805965198039334,-100.0,,,,,
540246,episode_end,299.116841638243,146,0.07979002275844206,-100.0,,,,,
540446,episode_end,264.54576382377553,200,0.07973103518975092,-100.0,,,,,
540651,episode_end,303.27053746357785,205,0.07912926641364014,-100.0,,,,,
540811,episode_end,248.0496080366635,160,0.07800811703651594,-100.0,,,,,
540997,episode_end,248.6520368268292,186,0.07800874022340347,-100.0,,,,,
541000,train_step,,,0.07802214673500821,-100.0,100000,31.618244171142578,-65.90968322753906,1.9591037034988403,-0.1043168231844902
541178,episode_end,254.15889863795886,181,0.07626009317131603,-100.0,,,,,
541427,episode_end,296.0852466210544,249,0.07677618486235462,-100.0,,,,,
541836,episode_end,308.68728116966355,409,0.07654338566924238,-100.0,,,,,
542000,train_step,,,0.07538627691226106,-100.0,100000,7.291900634765625,-68.10902404785156,2.046706199645996,0.12074176967144012
542031,episode_end,297.898589968813,195,0.07532122899925779,-100.0,,,,,
542173,episode_end,317.187564865842,142,0.07525213649858233,-100.0,,,,,
542378,episode_end,241.9774817818555,205,0.07493201560818391,-100.0,,,,,
542558,episode_end,251.83759069440777,180,0.07658531986343253,-100.0,,,,,
542779,episode_end,298.773335294914,221,0.07561110355762579,-100.0,,,,,
542998,episode_end,243.52227633308266,219,0.07407292201262966,-100.0,,,,,
543000,train_step,,,0.07405246535447707,-100.0,100000,16.54123878479004,-67.69612884521484,1.9634819030761719,-0.09505580365657806
543223,episode_end,280.93915048794815,225,0.07462495477646193,-100.0,,,,,
543381,episode_end,256.9426155508211,158,0.07491919903228651,-100.0,,,,,
543550,episode_end,274.8372184178024,169,0.07568135956231567,-100.0,,,,,
543755,episode_end,153.27914868832949,205,0.07457532148332988,-100.0,,,,,
543910,episode_end,256.0422127771369,155,0.07436266371106195,-100.0,,,,,
544000,train_step,,,0.07455542156811881,-100.0,100000,58.90639877319336,-69.2542724609375,1.8510266542434692,-0.3867664039134979
544099,episode_end,266.6270063079737,189,0.07470218649811014,-100.0,,,,,
544262,episode_end,259.58289673296974,163,0.07587523463550228,-100.0,,,,,
544386,episode_end,25.878654597564363,124,0.07636816291528245,-100.0,,,,,
544585,episode_end,261.3428425045571,199,0.07703190533970995,-100.0,,,,,
544785,episode_end,263.9376138246399,200,0.07746210019886922,-100.0,,,,,
545000,train_step,,,0.07668941173529209,-100.0,100000,78.32415771484375,-65.65342712402344,2.132554054260254,0.34039783477783203
545160,episode_end,276.337809456234,375,0.07542625884259588,-100.0,,,,,
545607,episode_end,283.27602874270406,447,0.0732942109803005,-100.0,,,,,
545844,episode_end,282.4344855040929,237,0.07339457896534049,-100.0,,,,,
546000,episode_end,269.4729429263125,156,0.07307416394705901,-100.0,,,,,
546000,train_step,,,0.07307416394705901,-100.0,100000,24.492271423339844,-68.79981994628906,1.8567324876785278,-0.37482792139053345
546179,episode_end,266.76392366170865,179,0.07372677486716928,-100.0,,,,,
546352,episode_end,312.9952923715738,173,0.07326840674689578,-100.0,,,,,
546634,episode_end,282.5400699619872,282,0.07505932775944721,-100.0,,,,,
547000,train_step,,,0.07673760799606394,-100.0,100000,44.069801330566406,-66.17539978027344,2.0137712955474854,0.035355985164642334
547042,episode_end,256.5624540680325,408,0.07704237747688093,-100.0,,,,,
547275,episode_end,211.8557477890657,233,0.07722726195617809,-100.0,,,,,
547427,episode_end,278.2508375773183,152,0.07722178704853197,-100.0,,,,,
547645,episode_end,269.72916890696547,218,0.07550337360556876,-100.0,,,,,
547850,episode_end,289.14325019908773,205,0.07465892053694706,-100.0,,,,,
548000,train_step,,,0.07432605113051273,-100.0,100000,5.123785972595215,-72.15570068359375,1.9175727367401123,-0.21425305306911469
548189,episode_end,273.9329264923633,339,0.0749103548328321,-100.0,,,,,
548661,episode_end,267.4594916630339,472,0.07610486233133673,-100.0,,,,,
548830,episode_end,280.17969258255107,169,0.07478760364156997,-100.0,,,,,
549000,train_step,,,0.0747246096500836,-100.0,100000,9.008369445800781,-70.72496032714844,2.026545763015747,0.06885822117328644
549203,episode_end,234.30019541785677,373,0.07655116900294005,-100.0,,,,,
549359,episode_end,259.96158210042756,156,0.0792373386974311,-100.0,,,,,
549554,episode_end,303.53512635751304,195,0.07997793699985474,-100.0,,,,,
549761,episode_end,253.80273935216485,207,0.07731988844726347,-100.0,,,,,
549912,episode_end,277.56949007806344,151,0.07678619389956726,-100.0,,,,,
550000,train_step,,,0.07682776860384435,-100.0,100000,30.373577117919922,-69.50128173828125,2.1511449813842773,0.3878669738769531
550893,episode_end,259.1405952899016,981,0.08343318577359296,-100.0,,,,,
551000,train_step,,,0.08294602270659293,-100.0,100000,9.808573722839355,-71.57536315917969,2.1130781173706055,0.2815156579017639
551120,episode_end,263.0890128033425,227,0.0835462695023028,-100.0,,,,,
551326,episode_end,274.60115582139906,206,0.08318344162500801,-100.0,,,,,
551607,episode_end,266.4538601113186,281,0.08138768338320329,-100.0,,,,,
551825,episode_end,245.63339498403653,218,0.07874067445960864,-100.0,,,,,
552000,train_step,,,0.07756658033066546,-100.0,100000,17.921403884887695,-66.72077941894531,1.9695606231689453,-0.07782195508480072
552153,episode_end,277.05106529216584,328,0.07751058366710994,-100.0,,,,,
552478,episode_end,275.10079192678984,325,0.07651359065135473,-100.0,,,,,
553000,train_step,,,0.07788649505216803,-100.0,100000,91.71450805664062,-72.21524047851562,2.0484464168548584,0.12365957349538803
553478,episode_end,149.22443427998468,1000,0.07919482777742559,-100.0,,,,,
553642,episode_end,170.50317826605027,164,0.0771938279378629,-100.0,,,,,
553802,episode_end,293.05754083445447,160,0.07564284800520968,-100.0,,,,,
553982,episode_end,291.3109133710243,180,0.07673302955580742,-100.0,,,,,
554000,train_step,,,0.07664505745982675,-100.0,100000,6.73175048828125,-73.2252197265625,1.9799652099609375,-0.05146099627017975
554170,episode_end,316.0338560753095,188,0.07634335308763814,-100.0,,,,,
554386,episode_end,306.8723873409824,216,0.07706142391933117,-100.0,,,,,
554612,episode_end,309.1673947739871,226,0.07579821599753649,-100.0,,,,,
554786,episode_end,228.30566209474594,174,0.07571731860698802,-100.0,,,,,
555000,train_step,,,0.07665250563902284,-100.0,100000,22.782562255859375,-75.09333038330078,1.915205955505371,-0.217791348695755
555486,episode_end,-370.97884765319253,700,0.07675178519590235,-100.0,,,,,
555667,episode_end,279.4675202348394,181,0.07731775677648667,-100.0,,,,,
555888,episode_end,-322.6353889031928,221,0.07684440889625954,-100.0,,,,,
556000,train_step,,,0.07715058146442179,-100.0,100000,90.57823181152344,-74.30823516845703,2.333189010620117,0.8536286354064941
556113,episode_end,230.50790360620897,225,0.07753178164950839,-100.0,,,,,
556306,episode_end,279.54191618987505,193,0.07790871488016252,-100.0,,,,,
556482,episode_end,242.44289419413082,176,0.07761364563657577,-100.0,,,,,
556664,episode_end,242.18292669799902,182,0.07642000262605819,-100.0,,,,,
556868,episode_end,323.35752339942877,204,0.07661055233899224,-100.0,,,,,
557000,train_step,,,0.07714591223293774,-100.0,100000,23.050594329833984,-74.09117126464844,2.049569606781006,0.12699991464614868
557079,episode_end,275.91847130665906,211,0.07702840911199471,-100.0,,,,,
557502,episode_end,135.81916386559942,423,0.07548331430309209,-100.0,,,,,
557776,episode_end,260.0480164788779,274,0.07394346027687315,-100.0,,,,,
557979,episode_end,291.95122677867505,203,0.07376318740283651,-100.0,,,,,
558000,train_step,,,0.0739099578882892,-100.0,100000,13.331180572509766,-73.9610366821289,1.9250335693359375,-0.19528041779994965
558150,episode_end,290.51265841841763,171,0.07417805925706873,-100.0,,,,,
558334,episode_end,292.8331942457962,184,0.07546979151143737,-100.0,,,,,
558574,episode_end,298.5851759296077,240,0.07366729639417531,-100.0,,,,,
559000,train_step,,,0.07341479698528425,-100.0,100000,15.672444343566895,-72.51879119873047,1.6367950439453125,-0.9485570192337036
559031,episode_end,132.60479451283624,457,0.07333935181999482,-100.0,,,,,
559352,episode_end,196.0763100182956,321,0.07344580146100135,-100.0,,,,,
559551,episode_end,263.21699597308844,199,0.07364878870674017,-100.0,,,,,
559741,episode_end,289.6895985294843,190,0.07358899363292826,-100.0,,,,,
560000,train_step,,,0.07608700897940972,-100.0,100000,6.836319923400879,-71.15653991699219,2.0626659393310547,0.16141994297504425
560210,episode_end,287.3964356305655,469,0.07878610987392118,-100.0,,,,,
560436,episode_end,295.02820619067285,226,0.07784765176479638,-100.0,,,,,
560719,episode_end,272.07214221930525,283,0.07515560393578112,-100.0,,,,,
560905,episode_end,300.4421831469183,186,0.07527009266535736,-100.0,,,,,
561000,train_step,,,0.07531420513355966,-100.0,100000,22.218021392822266,-75.04290771484375,2.2562999725341797,0.6628140807151794
561114,episode_end,299.50823420389185,209,0.07609707286577674,-100.0,,,,,
561266,episode_end,263.72055693991877,152,0.07625651817889376,-100.0,,,,,
561435,episode_end,267.90326477937134,169,0.07609972124577996,-100.0,,,,,
561610,episode_end,301.78218084470785,175,0.07644756231000165,-100.0,,,,,
561764,episode_end,299.94464683193894,154,0.07606115396285436,-100.0,,,,,
561960,episode_end,292.2550027670812,196,0.07666319489193454,-100.0,,,,,
562000,train_step,,,0.07661434810158024,-100.0,100000,8.773838996887207,-68.4742431640625,2.109658718109131,0.28171035647392273
562241,episode_end,251.8388127275487,281,0.07711695997570546,-100.0,,,,,
562452,episode_end,291.0517875855601,211,0.07817555749560826,-100.0,,,,,
562682,episode_end,280.46381344356513,230,0.07842887223739639,-100.0,,,,,
562858,episode_end,268.3781008516382,176,0.07780700486354733,-100.0,,,,,
563000,train_step,,,0.07696202412838483,-100.0,100000,22.385398864746094,-72.74156188964844,1.988447904586792,-0.029624730348587036
563074,episode_end,229.7848494789056,216,0.07756322024955246,-100.0,,,,,
563231,episode_end,176.36275505660706,157,0.07917905473837966,-100.0,,,,,
563474,episode_end,257.22984765614865,243,0.08315161874088554,-100.0,,,,,
563684,episode_end,290.20949441696956,210,0.08366591301702761,-100.0,,,,,
563933,episode_end,266.88557694860367,249,0.08649914296384596,-100.0,,,,,
564000,train_step,,,0.08714121315876137,-100.0,100000,10.27288818359375,-68.2155990600586,2.0503244400024414,0.12280306220054626
564087,episode_end,155.4243490804709,154,0.08814268179298655,-100.0,,,,,
564261,episode_end,171.52390988161008,174,0.09112003825559388,-100.0,,,,,
564531,episode_end,292.54214191233706,270,0.09051099397198689,-100.0,,,,,
564741,episode_end,285.7185663729915,210,0.0903751262128582,-100.0,,,,,
564933,episode_end,295.63199516408497,192,0.0898611585578546,-100.0,,,,,
565000,train_step,,,0.08881303191249863,-100.0,100000,19.101408004760742,-71.64714050292969,1.7755889892578125,-0.5433488488197327
565095,episode_end,242.3935956791491,162,0.08915903574593967,-100.0,,,,,
565322,episode_end,190.89760866930362,227,0.09243103734885896,-100.0,,,,,
565515,episode_end,269.88408360722866,193,0.09268147435012397,-100.0,,,,,
565685,episode_end,288.8389491452973,170,0.09399525472638329,-100.0,,,,,
565890,episode_end,297.5282492366334,205,0.09324582704332562,-100.0,,,,,
566000,train_step,,,0.09189744416772498,-100.0,100000,15.160118103027344,-72.81291961669922,1.8488245010375977,-0.36086851358413696
566085,episode_end,310.3245327502024,195,0.0924907584063191,-100.0,,,,,
566286,episode_end,287.7626923064193,201,0.09301400107912872,-100.0,,,,,
566482,episode_end,176.50427206261355,196,0.09434504488758083,-100.0,,,,,
566658,episode_end,287.7989417931991,176,0.09400855352146201,-100.0,,,,,
566861,episode_end,297.8012664659602,203,0.09212686855981722,-100.0,,,,,
567000,train_step,,,0.0927236358222696,-100.0,100000,27.212366104125977,-71.185546875,1.9871463775634766,-0.030567780137062073
567081,episode_end,268.44959060741337,220,0.09232066448653463,-100.0,,,,,
567320,episode_end,265.0757227050891,239,0.09198911527696943,-100.0,,,,,
567476,episode_end,245.23040116067742,156,0.09305785880324795,-100.0,,,,,
567678,episode_end,158.81101959517298,202,0.09683671695510682,-100.0,,,,,
567841,episode_end,286.9155631844505,163,0.09748850332785412,-100.0,,,,,
568000,train_step,,,0.09770939873728102,-100.0,100000,49.52656555175781,-74.85171508789062,1.8983478546142578,-0.2364179641008377
568035,episode_end,286.0088845613173,194,0.09728434159345253,-100.0,,,,,
568233,episode_end,287.675288502435,198,0.09571056690308752,-100.0,,,,,
568400,episode_end,281.7456266123289,167,0.09531887428015906,-100.0,,,,,
568636,episode_end,159.65393827226762,236,0.09690818356122594,-100.0,,,,,
568855,episode_end,277.8573028023353,219,0.09672430563371927,-100.0,,,,,
569000,train_step,,,0.0971075298077989,-100.0,100000,14.615233421325684,-74.17149353027344,2.0538878440856934,0.12566334009170532
569077,episode_end,313.06440363451077,222,0.09782649748953134,-100.0,,,,,
569355,episode_end,301.4641435722759,278,0.09875802861415084,-100.0,,,,,
569547,episode_end,157.6847138083672,192,0.09839321071111037,-100.0,,,,,
569765,episode_end,274.225767572768,218,0.09997959823371896,-100.0,,,,,
569960,episode_end,262.88863031274946,195,0.09961895202521143,-100.0,,,,,
570000,train_step,,,0.10007351676456074,-100.0,100000,11.679204940795898,-75.77951049804688,2.1499574184417725,0.3451797068119049
570111,episode_end,260.0956602471091,151,0.10016711049278544,-100.0,,,,,
570273,episode_end,162.3011152134226,162,0.09907481295388797,-100.0,,,,,
570450,episode_end,261.60297731713786,177,0.09782285932355034,-100.0,,,,,
570614,episode_end,284.65899269787803,164,0.09600371202889237,-100.0,,,,,
570906,episode_end,284.7653021940981,292,0.09692104931773435,-100.0,,,,,
571000,train_step,,,0.09745126003809358,-100.0,100000,28.01385498046875,-79.0982666015625,1.9657344818115234,-0.07978377491235733
571097,episode_end,258.4422301709268,191,0.09750173725989326,-100.0,,,,,
571419,episode_end,292.96431282663235,322,0.09708396978994019,-100.0,,,,,
571614,episode_end,264.83005433964945,195,0.09849965407642186,-100.0,,,,,
571824,episode_end,293.2024539557076,210,0.09854688120795747,-100.0,,,,,
572000,train_step,,,0.0993362198297196,-100.0,100000,32.20603561401367,-77.38782501220703,2.090548038482666,0.20909768342971802
572046,episode_end,306.7379309891968,222,0.09879468189483494,-100.0,,,,,
572330,episode_end,307.41923355260695,284,0.09835564926874868,-100.0,,,,,
572523,episode_end,272.0617167227798,193,0.09771344614826946,-100.0,,,,,
572731,episode_end,280.69193129666337,208,0.09529146513143281,-100.0,,,,,
573000,train_step,,,0.09213164261584506,-100.0,100000,80.97482299804688,-74.83551025390625,2.126600503921509,0.3018837571144104
573620,episode_end,246.28602378593592,889,0.09282346805042162,-100.0,,,,,
573798,episode_end,245.15213454470256,178,0.09354109270992436,-100.0,,,,,
574000,train_step,,,0.0938437656059144,-100.0,100000,6.336117744445801,-74.67204284667969,2.0728542804718018,0.172382190823555
574181,episode_end,273.38712867647047,383,0.09311861969778322,-100.0,,,,,
574461,episode_end,175.32659537672393,280,0.08882120823896358,-100.0,,,,,
574640,episode_end,254.50792739838246,179,0.0862314925804358,-100.0,,,,,
574785,episode_end,63.27587538221448,145,0.08694971264463716,-100.0,,,,,
574934,episode_end,290.5276999960705,149,0.08652611706695885,-100.0,,,,,
575000,train_step,,,0.08635030305168448,-100.0,100000,50.075592041015625,-74.4031753540039,1.8836195468902588,-0.2850554585456848
575179,episode_end,279.58270816281527,245,0.08614684167600603,-100.0,,,,,
575348,episode_end,301.7950248548682,169,0.08501832070868803,-100.0,,,,,
575511,episode_end,257.79346519518873,163,0.08554686073923962,-100.0,,,,,
576000,train_step,,,0.08606567434454684,-100.0,100000,8.089421272277832,-75.48490905761719,2.0435638427734375,0.10684634000062943
576154,episode_end,271.04698253730834,643,0.08564065567561867,-100.0,,,,,
577000,train_step,,,0.08465185551457753,-100.0,100000,44.656822204589844,-73.84042358398438,1.9589327573776245,-0.1014036238193512
577154,episode_end,-124.07665836010142,1000,0.08451055122432997,-100.0,,,,,
577954,episode_end,-332.7740605491616,800,0.07989330287955931,-100.0,,,,,
578000,train_step,,,0.08037244052900577,-100.0,100000,33.91603088378906,-76.47142028808594,2.026945114135742,0.06793106347322464
578138,episode_end,148.5943611827613,184,0.0810010322395413,-100.0,,,,,
578336,episode_end,292.42789453668536,198,0.08061739890407191,-100.0,,,,,
578506,episode_end,262.14602827357146,170,0.07902818482300036,-100.0,,,,,
579000,train_step,,,0.07977630924553028,-100.0,100000,24.833385467529297,-77.39230346679688,1.8575694561004639,-0.3601396381855011
579506,episode_end,-118.28763260403417,1000,0.08099467371147918,-100.0,,,,,
579677,episode_end,270.2694059754997,171,0.07945721692022865,-100.0,,,,,
580000,train_step,,,0.0773662202864746,-100.0,100000,40.170711517333984,-75.20330810546875,2.0720014572143555,0.18426603078842163
580004,episode_end,236.36743928728106,327,0.07735395460035357,-100.0,,,,,
581000,train_step,,,0.07438011713585997,-100.0,100000,6.72855281829834,-72.48526000976562,1.9490556716918945,-0.13238197565078735
581004,episode_end,-94.08403152795611,1000,0.07442256728683694,-100.0,,,,,
581274,episode_end,287.7449795474819,270,0.07595310209691906,-100.0,,,,,
582000,train_step,,,0.0749725406697686,-100.0,100000,60.15202331542969,-76.63052368164062,2.0111842155456543,0.02897419035434723
582274,episode_end,-129.34922182645508,1000,0.07676528844793398,-100.0,,,,,
582449,episode_end,264.56572709823524,175,0.07699783575239859,-100.0,,,,,
582629,episode_end,268.67566010230803,180,0.07662493118805588,-100.0,,,,,
582923,episode_end,-110.28747260642521,294,0.07754400338513602,-100.0,,,,,
583000,train_step,,,0.07807179091588938,-100.0,100000,8.37063217163086,-72.7503662109375,2.1337385177612305,0.341050386428833
583103,episode_end,154.579075776682,180,0.07846191038995926,-100.0,,,,,
583278,episode_end,286.6609092390062,175,0.07760318270467045,-100.0,,,,,
583456,episode_end,293.3618035794019,178,0.07650274116829534,-100.0,,,,,
584000,train_step,,,0.07651640395727582,-100.0,100000,25.64190673828125,-73.97946166992188,2.039053201675415,0.10037623345851898
584456,episode_end,-89.54259031589173,1000,0.0748836351368245,-100.0,,,,,
584785,episode_end,260.76921910439864,329,0.07429780351791691,-100.0,,,,,
584970,episode_end,254.93076417970664,185,0.0736666966466985,-100.0,,,,,
585000,train_step,,,0.07414022588287054,-100.0,100000,6.880659103393555,-71.32125854492188,2.1367411613464355,0.355772465467453
585148,episode_end,322.406165040346,178,0.07415844030668776,-100.0,,,,,
585372,episode_end,5.312763147561739,224,0.0737637214595252,-100.0,,,,,
585585,episode_end,246.37166660082528,213,0.07251595100143124,-100.0,,,,,
585765,episode_end,306.81288240248074,180,0.07295462186350388,-100.0,,,,,
585929,episode_end,14.291481159665466,164,0.07177135914244875,-100.0,,,,,
586000,train_step,,,0.07127577294824254,-100.0,100000,15.395000457763672,-73.91517639160156,1.9187967777252197,-0.21447376906871796
586245,episode_end,253.94754543740362,316,0.07065123207573379,-100.0,,,,,
586531,episode_end,295.6073130446082,286,0.0728812830284838,-100.0,,,,,
586781,episode_end,274.91511039078364,250,0.07266161729270172,-100.0,,,,,
586990,episode_end,294.8009818667426,209,0.07189294858077261,-100.0,,,,,
587000,train_step,,,0.07183640526235016,-100.0,100000,35.005619049072266,-72.89765930175781,1.8091142177581787,-0.5026718378067017
587235,episode_end,277.68825528873106,245,0.07110580508629948,-100.0,,,,,
587440,episode_end,253.41197991458966,205,0.07061037993105043,-100.0,,,,,
587652,episode_end,266.22706992131396,212,0.07100048193382608,-100.0,,,,,
587848,episode_end,274.2369226414815,196,0.07036375649590716,-100.0,,,,,
588000,train_step,,,0.0703642822445954,-100.0,100000,19.35736846923828,-77.62454223632812,2.166353702545166,0.44151386618614197
588083,episode_end,232.61251792707344,235,0.07126261443523572,-100.0,,,,,
588280,episode_end,257.4549528688482,197,0.07123463484601944,-100.0,,,,,
588498,episode_end,258.68331647117463,218,0.06926703116841605,-100.0,,,,,
588681,episode_end,258.16724452992185,183,0.06877080836345409,-100.0,,,,,
588849,episode_end,274.4470155043318,168,0.06924942235729334,-100.0,,,,,
589000,train_step,,,0.0689005848488497,-100.0,100000,17.859508514404297,-76.4308090209961,2.1057050228118896,0.2827705144882202
589032,episode_end,245.44254052098546,183,0.0690326783256771,-100.0,,,,,
589212,episode_end,261.428434922345,180,0.06840516719603967,-100.0,,,,,
589450,episode_end,286.3005360414627,238,0.06866121117401239,-100.0,,,,,
589705,episode_end,286.503986213917,255,0.06788708625167468,-100.0,,,,,
589937,episode_end,221.80628208520085,232,0.06858375555472992,-100.0,,,,,
590000,train_step,,,0.06889681039277233,-100.0,100000,76.52751922607422,-74.78302001953125,2.1559653282165527,0.4172302484512329
590118,episode_end,291.9052148883152,181,0.06961801557759441,-100.0,,,,,
590305,episode_end,259.77486061105293,187,0.0691282456893364,-100.0,,,,,
590480,episode_end,282.04696054399153,175,0.06766408089244295,-100.0,,,,,
590765,episode_end,297.7604669833011,285,0.06692936701207408,-100.0,,,,,
590986,episode_end,275.0726664604111,221,0.06742793987311096,-100.0,,,,,
591000,train_step,,,0.06758285663007477,-100.0,100000,12.785791397094727,-74.19591522216797,1.9980576038360596,-0.005233705043792725
591827,episode_end,157.77090478114948,841,0.06784855607703869,-100.0,,,,,
592000,train_step,,,0.06798587086379886,-100.0,100000,7.498599529266357,-77.40790557861328,1.9198585748672485,-0.2154565155506134
592006,episode_end,266.65883049940976,179,0.06798882590308163,-100.0,,,,,
592198,episode_end,280.013449775873,192,0.06886829461090767,-100.0,,,,,
592375,episode_end,278.8697188066103,177,0.06896851499568114,-100.0,,,,,
592612,episode_end,294.05425012526683,237,0.07097367542776493,-100.0,,,,,
592762,episode_end,251.510000274064,150,0.07039624450513109,-100.0,,,,,
592893,episode_end,17.87173188966851,131,0.06980363957132736,-100.0,,,,,
593000,train_step,,,0.07004428311155171,-100.0,100000,42.29625701904297,-77.56011962890625,2.0683727264404297,0.18177750706672668
593063,episode_end,31.811724233844444,170,0.07027192190434395,-100.0,,,,,
593218,episode_end,272.31755681758943,155,0.07022363890047631,-100.0,,,,,
593437,episode_end,262.2377989666138,219,0.0708524274975025,-100.0,,,,,
593611,episode_end,302.94200861723516,174,0.07019831807608655,-100.0,,,,,
593785,episode_end,267.08873021642717,174,0.07017356631798183,-100.0,,,,,
593978,episode_end,273.04559401895506,193,0.07048897648537375,-100.0,,,,,
594000,train_step,,,0.07045692129938726,-100.0,100000,15.797412872314453,-75.8411865234375,1.856101155281067,-0.3817281723022461
594136,episode_end,182.6414875194151,158,0.07011848752348307,-100.0,,,,,
594317,episode_end,273.89546757303674,181,0.06984591700301249,-100.0,,,,,
594503,episode_end,274.8345549581143,186,0.0689359190434489,-100.0,,,,,
594691,episode_end,246.88674208704754,188,0.06840635870370108,-100.0,,,,,
594878,episode_end,280.6873797454746,187,0.06775784760695097,-100.0,,,,,
595000,train_step,,,0.06791096703424794,-100.0,100000,10.93203353881836,-78.67294311523438,1.9854645729064941,-0.039093807339668274
595096,episode_end,264.4733471861316,218,0.0684734505826178,-100.0,,,,,
595287,episode_end,289.8305796017173,191,0.06824940503501814,-100.0,,,,,
595471,episode_end,286.2956736512549,184,0.06800589381275565,-100.0,,,,,
595651,episode_end,292.53241081617983,180,0.06757414693574763,-100.0,,,,,
595828,episode_end,293.73541061101605,177,0.0665723624533263,-100.0,,,,,
596000,train_step,,,0.06622629072423948,-100.0,100000,12.783032417297363,-80.42716217041016,1.8618268966674805,-0.3750953674316406
596024,episode_end,260.9845409727153,196,0.06594820825530032,-100.0,,,,,
596206,episode_end,294.58440145306594,182,0.06512211135130326,-100.0,,,,,
596371,episode_end,306.8032050522187,165,0.06385373750743875,-100.0,,,,,
596554,episode_end,272.85570215233804,183,0.06555184823031523,-100.0,,,,,
596714,episode_end,291.83724967628535,160,0.0650292638682199,-100.0,,,,,
596900,episode_end,297.7173965739236,186,0.0638917932956595,-100.0,,,,,
597000,train_step,,,0.06466483904591065,-100.0,100000,6.212397575378418,-78.55236053466797,1.83861243724823,-0.44196587800979614
597100,episode_end,292.09933448908413,200,0.06473584701858147,-100.0,,,,,
597324,episode_end,295.57719320574176,224,0.0646847130155354,-100.0,,,,,
597518,episode_end,254.44064842593437,194,0.06562873496149854,-100.0,,,,,
597673,episode_end,282.67025796950986,155,0.06453527436348178,-100.0,,,,,
597831,episode_end,276.2066046208551,158,0.06373864759950476,-100.0,,,,,
598000,train_step,,,0.06358180672364916,-100.0,100000,9.136446952819824,-77.35637664794922,1.7561326026916504,-0.6719592809677124
598003,episode_end,275.0532381892555,172,0.06355262188652773,-100.0,,,,,
599000,train_step,,,0.06386534408567242,-100.0,100000,100.06318664550781,-76.68171691894531,2.1654748916625977,0.45521801710128784
599003,episode_end,169.82658394703577,1000,0.06389980832733151,-100.0,,,,,
599186,episode_end,256.03279952432024,183,0.06359267101016752,-100.0,,,,,
599399,episode_end,280.0445897097469,213,0.06388809843418869,-100.0,,,,,
599577,episode_end,281.77518686888396,178,0.0637880569288666,-100.0,,,,,
599750,episode_end,253.95175672786826,173,0.0637684594597616,-100.0,,,,,
599926,episode_end,267.49663396810047,176,0.06264043404468063,-100.0,,,,,
600000,train_step,,,0.0620330749392796,-100.0,100000,42.02446746826172,-74.24406433105469,1.930690884590149,-0.19268526136875153
